timeframe,box_bars,box_max_atr,adx_min,min_rr,target_mode,allow_range,score,dev_start_utc,dev_end_utc,dev_span_days,dev_trades,dev_trades_per_day,dev_win_rate,dev_win_ci_low,dev_win_ci_high,dev_expectancy_r,dev_profit_factor,dev_max_drawdown_pct,dev_start_equity,dev_end_equity,dev_net_pnl,dev_profit_per_day,dev_halt_reason,dev_ambiguous_exits,dev_skipped_entries,dev_per_symbol_pnl,val_start_utc,val_end_utc,val_span_days,val_trades,val_trades_per_day,val_win_rate,val_win_ci_low,val_win_ci_high,val_expectancy_r,val_profit_factor,val_max_drawdown_pct,val_start_equity,val_end_equity,val_net_pnl,val_profit_per_day,val_halt_reason,val_ambiguous_exits,val_skipped_entries,val_per_symbol_pnl
5m,3,1.5,12,0.1,opposite,False,-179.35207669525747,2026-05-18 23:00:00+00:00,2026-07-07 08:15:00+00:00,49.385416666666664,85,1.721155874288125,44.70588235294118,34.59348184416415,55.27612878869254,-0.5976959038662113,0.38094459696124483,24.459487567288534,100.0,75.5899029558049,-24.410097044195098,-0.49427743434775984,none,0,"{""gross_leverage"": 6, ""max_positions"": 14, ""sized_down"": 85}","{""AUDUSD=X"": -6.564019, ""EURUSD=X"": -4.309585, ""GBPUSD=X"": -4.874445, ""NZDUSD=X"": -8.662047}",2026-07-07 08:15:00+00:00,2026-07-23 02:50:00+00:00,15.774305555555555,19,1.204490424829408,26.31578947368421,11.806238339540162,48.791968441070644,-1.216808238748157,0.20253380081022548,11.947698489494705,100.0,88.45457344480903,-11.545426555190957,-0.7319134598051938,none,1,"{""gross_leverage"": 2, ""sized_down"": 20}","{""AUDUSD=X"": -5.877652, ""EURUSD=X"": -1.078241, ""GBPUSD=X"": -5.988883, ""NZDUSD=X"": 1.399348}"
5m,3,1.5,12,0.1,opposite,True,-173.732153466878,2026-05-18 23:00:00+00:00,2026-07-07 08:15:00+00:00,49.385416666666664,98,1.9843914785910146,42.857142857142854,33.51141839487037,52.74174337792189,-0.6075420487292471,0.32603158901983326,30.063842461277783,100.0,69.93615753872221,-30.063842461277833,-0.6087595183047189,max_drawdown 30.06%,0,"{""gross_leverage"": 7, ""max_drawdown"": 8800, ""max_positions"": 10, ""sized_down"": 98}","{""AUDUSD=X"": -10.054187, ""EURUSD=X"": -3.277567, ""GBPUSD=X"": -6.328804, ""NZDUSD=X"": -10.403284}",2026-07-07 08:15:00+00:00,2026-07-23 02:50:00+00:00,15.774305555555555,24,1.5214615892581995,29.166666666666668,14.914460334164279,49.168063658709706,-1.1409718199883851,0.20520259115032943,13.46730849638958,100.0,86.92802101339629,-13.071978986603732,-0.8286880801544959,none,1,"{""gross_leverage"": 2, ""max_positions"": 2, ""sized_down"": 25}","{""AUDUSD=X"": -5.296837, ""EURUSD=X"": -1.078241, ""GBPUSD=X"": -8.270244, ""NZDUSD=X"": 1.573343}"
5m,3,1.5,12,0.1,extension,False,-165.25547302248455,2026-05-18 23:00:00+00:00,2026-07-07 08:15:00+00:00,49.385416666666664,88,1.7819025522041765,39.77272727272727,30.18157656690707,50.219461742530044,-0.6270972834974381,0.3277227596685468,30.472081516829597,100.0,70.10782927802721,-29.89217072197281,-0.6052833556864353,max_drawdown 30.47%,0,"{""gross_leverage"": 14, ""max_drawdown"": 22412, ""max_positions"": 14, ""sized_down"": 96}","{""AUDUSD=X"": -7.607956, ""EURUSD=X"": -4.64489, ""GBPUSD=X"": -6.481011, ""NZDUSD=X"": -11.158314}",2026-07-07 08:15:00+00:00,2026-07-23 02:50:00+00:00,15.774305555555555,49,3.106317411402157,28.57142857142857,17.84943493972417,42.409149206100324,-0.9705471353330521,0.18832860229600565,24.050617564406238,100.0,75.94938243559376,-24.050617564406213,-1.5246704509242768,none,1,"{""gross_leverage"": 8, ""max_positions"": 2, ""sized_down"": 55}","{""AUDUSD=X"": -9.085074, ""EURUSD=X"": -2.096035, ""GBPUSD=X"": -7.92732, ""NZDUSD=X"": -4.942188}"
5m,3,1.5,12,0.1,extension,True,-154.6451356991709,2026-05-18 23:00:00+00:00,2026-07-07 08:15:00+00:00,49.385416666666664,90,1.822400337481544,43.333333333333336,33.576405263265094,53.63608898235731,-0.615528251213154,0.33997658123552127,30.090323063751594,100.0,70.93109603984067,-29.06890396015937,-0.5886131154134782,max_drawdown 30.09%,0,"{""gross_leverage"": 22, ""max_drawdown"": 25888, ""max_positions"": 14, ""sized_down"": 103}","{""AUDUSD=X"": -12.595565, ""EURUSD=X"": -5.44493, ""GBPUSD=X"": -5.948169, ""NZDUSD=X"": -5.080239}",2026-07-07 08:15:00+00:00,2026-07-23 02:50:00+00:00,15.774305555555555,69,4.374202069117324,36.231884057971016,25.895556253460107,48.020447788186424,-0.8088122564985504,0.2136777711531182,30.84593697394601,100.0,69.15406302605399,-30.845936973945967,-1.9554545121057536,max_drawdown 30.85%,0,"{""gross_leverage"": 8, ""max_drawdown"": 2976, ""max_positions"": 6, ""sized_down"": 75}","{""AUDUSD=X"": -13.309526, ""EURUSD=X"": -4.167587, ""GBPUSD=X"": -9.713452, ""NZDUSD=X"": -3.655371}"
5m,3,1.5,12,0.3,opposite,False,-179.35207669525747,2026-05-18 23:00:00+00:00,2026-07-07 08:15:00+00:00,49.385416666666664,85,1.721155874288125,44.70588235294118,34.59348184416415,55.27612878869254,-0.5976959038662113,0.38094459696124483,24.459487567288534,100.0,75.5899029558049,-24.410097044195098,-0.49427743434775984,none,0,"{""gross_leverage"": 6, ""max_positions"": 14, ""sized_down"": 85}","{""AUDUSD=X"": -6.564019, ""EURUSD=X"": -4.309585, ""GBPUSD=X"": -4.874445, ""NZDUSD=X"": -8.662047}",2026-07-07 08:15:00+00:00,2026-07-23 02:50:00+00:00,15.774305555555555,19,1.204490424829408,26.31578947368421,11.806238339540162,48.791968441070644,-1.216808238748157,0.20253380081022548,11.947698489494705,100.0,88.45457344480903,-11.545426555190957,-0.7319134598051938,none,1,"{""gross_leverage"": 2, ""sized_down"": 20}","{""AUDUSD=X"": -5.877652, ""EURUSD=X"": -1.078241, ""GBPUSD=X"": -5.988883, ""NZDUSD=X"": 1.399348}"
5m,3,1.5,12,0.3,opposite,True,-173.732153466878,2026-05-18 23:00:00+00:00,2026-07-07 08:15:00+00:00,49.385416666666664,98,1.9843914785910146,42.857142857142854,33.51141839487037,52.74174337792189,-0.6075420487292471,0.32603158901983326,30.063842461277783,100.0,69.93615753872221,-30.063842461277833,-0.6087595183047189,max_drawdown 30.06%,0,"{""gross_leverage"": 7, ""max_drawdown"": 8800, ""max_positions"": 10, ""sized_down"": 98}","{""AUDUSD=X"": -10.054187, ""EURUSD=X"": -3.277567, ""GBPUSD=X"": -6.328804, ""NZDUSD=X"": -10.403284}",2026-07-07 08:15:00+00:00,2026-07-23 02:50:00+00:00,15.774305555555555,24,1.5214615892581995,29.166666666666668,14.914460334164279,49.168063658709706,-1.1409718199883851,0.20520259115032943,13.46730849638958,100.0,86.92802101339629,-13.071978986603732,-0.8286880801544959,none,1,"{""gross_leverage"": 2, ""max_positions"": 2, ""sized_down"": 25}","{""AUDUSD=X"": -5.296837, ""EURUSD=X"": -1.078241, ""GBPUSD=X"": -8.270244, ""NZDUSD=X"": 1.573343}"
5m,3,1.5,12,0.3,extension,False,-165.25547302248455,2026-05-18 23:00:00+00:00,2026-07-07 08:15:00+00:00,49.385416666666664,88,1.7819025522041765,39.77272727272727,30.18157656690707,50.219461742530044,-0.6270972834974381,0.3277227596685468,30.472081516829597,100.0,70.10782927802721,-29.89217072197281,-0.6052833556864353,max_drawdown 30.47%,0,"{""gross_leverage"": 14, ""max_drawdown"": 22412, ""max_positions"": 14, ""sized_down"": 96}","{""AUDUSD=X"": -7.607956, ""EURUSD=X"": -4.64489, ""GBPUSD=X"": -6.481011, ""NZDUSD=X"": -11.158314}",2026-07-07 08:15:00+00:00,2026-07-23 02:50:00+00:00,15.774305555555555,49,3.106317411402157,28.57142857142857,17.84943493972417,42.409149206100324,-0.9705471353330521,0.18832860229600565,24.050617564406238,100.0,75.94938243559376,-24.050617564406213,-1.5246704509242768,none,1,"{""gross_leverage"": 8, ""max_positions"": 2, ""sized_down"": 55}","{""AUDUSD=X"": -9.085074, ""EURUSD=X"": -2.096035, ""GBPUSD=X"": -7.92732, ""NZDUSD=X"": -4.942188}"
5m,3,1.5,12,0.3,extension,True,-154.6451356991709,2026-05-18 23:00:00+00:00,2026-07-07 08:15:00+00:00,49.385416666666664,90,1.822400337481544,43.333333333333336,33.576405263265094,53.63608898235731,-0.615528251213154,0.33997658123552127,30.090323063751594,100.0,70.93109603984067,-29.06890396015937,-0.5886131154134782,max_drawdown 30.09%,0,"{""gross_leverage"": 22, ""max_drawdown"": 25888, ""max_positions"": 14, ""sized_down"": 103}","{""AUDUSD=X"": -12.595565, ""EURUSD=X"": -5.44493, ""GBPUSD=X"": -5.948169, ""NZDUSD=X"": -5.080239}",2026-07-07 08:15:00+00:00,2026-07-23 02:50:00+00:00,15.774305555555555,69,4.374202069117324,36.231884057971016,25.895556253460107,48.020447788186424,-0.8088122564985504,0.2136777711531182,30.84593697394601,100.0,69.15406302605399,-30.845936973945967,-1.9554545121057536,max_drawdown 30.85%,0,"{""gross_leverage"": 8, ""max_drawdown"": 2976, ""max_positions"": 6, ""sized_down"": 75}","{""AUDUSD=X"": -13.309526, ""EURUSD=X"": -4.167587, ""GBPUSD=X"": -9.713452, ""NZDUSD=X"": -3.655371}"
5m,3,1.5,20,0.1,opposite,False,-174.94532715097884,2026-05-18 23:00:00+00:00,2026-07-07 08:15:00+00:00,49.385416666666664,75,1.5186669479012866,44.0,33.33127597678485,55.25343057407155,-0.642287840110493,0.3671147182908933,22.70133954933658,100.0,77.34805097375686,-22.65194902624314,-0.4586768838893359,none,0,"{""gross_leverage"": 6, ""max_positions"": 14, ""sized_down"": 76}","{""AUDUSD=X"": -6.319779, ""EURUSD=X"": -3.640593, ""GBPUSD=X"": -3.999689, ""NZDUSD=X"": -8.691887}",2026-07-07 08:15:00+00:00,2026-07-23 02:50:00+00:00,15.774305555555555,17,1.0777019590578913,29.411764705882355,13.279793865556403,53.13353332621391,-1.1826444327632786,0.24080258609865732,9.657349573975948,100.0,90.75538594927062,-9.244614050729348,-0.5860552160708898,none,1,"{""gross_leverage"": 1, ""sized_down"": 17}","{""AUDUSD=X"": -3.202533, ""EURUSD=X"": -1.078241, ""GBPUSD=X"": -6.363189, ""NZDUSD=X"": 1.399348}"
5m,3,1.5,20,0.1,opposite,True,-174.10654698265515,2026-05-18 23:00:00+00:00,2026-07-07 08:15:00+00:00,49.385416666666664,100,2.024889263868382,43.0,33.733139000528375,52.784788304135645,-0.5933705752830063,0.3343985510205745,30.698596953833103,100.0,69.3014030461669,-30.69859695383312,-0.6216125938763931,max_drawdown 30.70%,0,"{""gross_leverage"": 9, ""max_drawdown"": 11084, ""max_positions"": 10, ""sized_down"": 102}","{""AUDUSD=X"": -11.542752, ""EURUSD=X"": -2.667958, ""GBPUSD=X"": -8.00209, ""NZDUSD=X"": -8.485797}",2026-07-07 08:15:00+00:00,2026-07-23 02:50:00+00:00,15.774305555555555,29,1.838432753686991,27.586206896551722,14.69858133850274,45.71747634443597,-1.1277119170813699,0.20010794724012038,16.130080593056107,100.0,84.25308389135779,-15.746916108642228,-0.9982636670237645,none,1,"{""gross_leverage"": 3, ""sized_down"": 31}","{""AUDUSD=X"": -4.889375, ""EURUSD=X"": -1.078241, ""GBPUSD=X"": -8.260175, ""NZDUSD=X"": -1.519125}"
5m,3,1.5,20,0.1,extension,False,-155.13042545176563,2026-05-18 23:00:00+00:00,2026-07-07 08:15:00+00:00,49.385416666666664,76,1.5389158405399705,36.84210526315789,26.8752586837069,48.0751431118483,-0.6646828189143246,0.26451317565226173,30.067122899485593,100.0,70.28605721746263,-29.71394278253739,-0.6016744372755937,max_drawdown 30.07%,0,"{""gross_leverage"": 13, ""max_drawdown"": 22412, ""max_positions"": 14, ""sized_down"": 85}","{""AUDUSD=X"": -7.829988, ""EURUSD=X"": -5.70247, ""GBPUSD=X"": -6.837875, ""NZDUSD=X"": -9.34361}",2026-07-07 08:15:00+00:00,2026-07-23 02:50:00+00:00,15.774305555555555,40,2.5357693154303322,32.5,20.084316962661724,47.98254191110201,-0.8942036653241464,0.23658981769081036,17.188009260892926,100.0,82.86873115658709,-17.131268843412865,-1.0860236466878506,none,1,"{""gross_leverage"": 6, ""max_positions"": 2, ""sized_down"": 44}","{""AUDUSD=X"": -5.620798, ""EURUSD=X"": -2.096035, ""GBPUSD=X"": -8.065023, ""NZDUSD=X"": -1.349412}"
5m,3,1.5,20,0.1,extension,True,-149.94127111728213,2026-05-18 23:00:00+00:00,2026-07-07 08:15:00+00:00,49.385416666666664,85,1.721155874288125,41.17647058823529,31.316838623868794,51.799179097559,-0.6600557288388943,0.3310536917904601,30.081262788394408,100.0,70.94028869083938,-29.059711309160644,-0.58842697441034,max_drawdown 30.08%,0,"{""gross_leverage"": 22, ""max_drawdown"": 28100, ""max_positions"": 14, ""sized_down"": 96}","{""AUDUSD=X"": -12.038132, ""EURUSD=X"": -5.592193, ""GBPUSD=X"": -7.465668, ""NZDUSD=X"": -3.963719}",2026-07-07 08:15:00+00:00,2026-07-23 02:50:00+00:00,15.774305555555555,65,4.12062513757429,36.92307692307693,26.229222189067254,49.07640696539748,-0.7512026213448157,0.19862105087878676,30.424001996176344,100.0,69.57599800382366,-30.424001996176298,-1.9287062678623759,max_drawdown 30.42%,0,"{""daily_loss"": 343, ""gross_leverage"": 6, ""max_drawdown"": 5068, ""max_positions"": 8, ""sized_down"": 67}","{""AUDUSD=X"": -11.045378, ""EURUSD=X"": -4.167587, ""GBPUSD=X"": -9.565898, ""NZDUSD=X"": -5.645139}"
5m,3,1.5,20,0.3,opposite,False,-174.94532715097884,2026-05-18 23:00:00+00:00,2026-07-07 08:15:00+00:00,49.385416666666664,75,1.5186669479012866,44.0,33.33127597678485,55.25343057407155,-0.642287840110493,0.3671147182908933,22.70133954933658,100.0,77.34805097375686,-22.65194902624314,-0.4586768838893359,none,0,"{""gross_leverage"": 6, ""max_positions"": 14, ""sized_down"": 76}","{""AUDUSD=X"": -6.319779, ""EURUSD=X"": -3.640593, ""GBPUSD=X"": -3.999689, ""NZDUSD=X"": -8.691887}",2026-07-07 08:15:00+00:00,2026-07-23 02:50:00+00:00,15.774305555555555,17,1.0777019590578913,29.411764705882355,13.279793865556403,53.13353332621391,-1.1826444327632786,0.24080258609865732,9.657349573975948,100.0,90.75538594927062,-9.244614050729348,-0.5860552160708898,none,1,"{""gross_leverage"": 1, ""sized_down"": 17}","{""AUDUSD=X"": -3.202533, ""EURUSD=X"": -1.078241, ""GBPUSD=X"": -6.363189, ""NZDUSD=X"": 1.399348}"
5m,3,1.5,20,0.3,opposite,True,-174.10654698265515,2026-05-18 23:00:00+00:00,2026-07-07 08:15:00+00:00,49.385416666666664,100,2.024889263868382,43.0,33.733139000528375,52.784788304135645,-0.5933705752830063,0.3343985510205745,30.698596953833103,100.0,69.3014030461669,-30.69859695383312,-0.6216125938763931,max_drawdown 30.70%,0,"{""gross_leverage"": 9, ""max_drawdown"": 11084, ""max_positions"": 10, ""sized_down"": 102}","{""AUDUSD=X"": -11.542752, ""EURUSD=X"": -2.667958, ""GBPUSD=X"": -8.00209, ""NZDUSD=X"": -8.485797}",2026-07-07 08:15:00+00:00,2026-07-23 02:50:00+00:00,15.774305555555555,29,1.838432753686991,27.586206896551722,14.69858133850274,45.71747634443597,-1.1277119170813699,0.20010794724012038,16.130080593056107,100.0,84.25308389135779,-15.746916108642228,-0.9982636670237645,none,1,"{""gross_leverage"": 3, ""sized_down"": 31}","{""AUDUSD=X"": -4.889375, ""EURUSD=X"": -1.078241, ""GBPUSD=X"": -8.260175, ""NZDUSD=X"": -1.519125}"
5m,3,1.5,20,0.3,extension,False,-155.13042545176563,2026-05-18 23:00:00+00:00,2026-07-07 08:15:00+00:00,49.385416666666664,76,1.5389158405399705,36.84210526315789,26.8752586837069,48.0751431118483,-0.6646828189143246,0.26451317565226173,30.067122899485593,100.0,70.28605721746263,-29.71394278253739,-0.6016744372755937,max_drawdown 30.07%,0,"{""gross_leverage"": 13, ""max_drawdown"": 22412, ""max_positions"": 14, ""sized_down"": 85}","{""AUDUSD=X"": -7.829988, ""EURUSD=X"": -5.70247, ""GBPUSD=X"": -6.837875, ""NZDUSD=X"": -9.34361}",2026-07-07 08:15:00+00:00,2026-07-23 02:50:00+00:00,15.774305555555555,40,2.5357693154303322,32.5,20.084316962661724,47.98254191110201,-0.8942036653241464,0.23658981769081036,17.188009260892926,100.0,82.86873115658709,-17.131268843412865,-1.0860236466878506,none,1,"{""gross_leverage"": 6, ""max_positions"": 2, ""sized_down"": 44}","{""AUDUSD=X"": -5.620798, ""EURUSD=X"": -2.096035, ""GBPUSD=X"": -8.065023, ""NZDUSD=X"": -1.349412}"
5m,3,1.5,20,0.3,extension,True,-149.94127111728213,2026-05-18 23:00:00+00:00,2026-07-07 08:15:00+00:00,49.385416666666664,85,1.721155874288125,41.17647058823529,31.316838623868794,51.799179097559,-0.6600557288388943,0.3310536917904601,30.081262788394408,100.0,70.94028869083938,-29.059711309160644,-0.58842697441034,max_drawdown 30.08%,0,"{""gross_leverage"": 22, ""max_drawdown"": 28100, ""max_positions"": 14, ""sized_down"": 96}","{""AUDUSD=X"": -12.038132, ""EURUSD=X"": -5.592193, ""GBPUSD=X"": -7.465668, ""NZDUSD=X"": -3.963719}",2026-07-07 08:15:00+00:00,2026-07-23 02:50:00+00:00,15.774305555555555,65,4.12062513757429,36.92307692307693,26.229222189067254,49.07640696539748,-0.7512026213448157,0.19862105087878676,30.424001996176344,100.0,69.57599800382366,-30.424001996176298,-1.9287062678623759,max_drawdown 30.42%,0,"{""daily_loss"": 343, ""gross_leverage"": 6, ""max_drawdown"": 5068, ""max_positions"": 8, ""sized_down"": 67}","{""AUDUSD=X"": -11.045378, ""EURUSD=X"": -4.167587, ""GBPUSD=X"": -9.565898, ""NZDUSD=X"": -5.645139}"
5m,3,2.5,12,0.1,opposite,False,-170.87222826150705,2026-05-18 23:00:00+00:00,2026-07-07 08:15:00+00:00,49.385416666666664,77,1.5591647331786544,32.467532467532465,23.05922805932014,43.54212569914086,-0.8991207452508904,0.2605311746882909,30.273713182721195,100.0,69.7262868172788,-30.27371318272114,-0.6130091680112275,max_drawdown 30.27%,0,"{""gross_leverage"": 20, ""max_drawdown"": 29528, ""max_positions"": 10, ""sized_down"": 92}","{""AUDUSD=X"": -12.089117, ""EURUSD=X"": -5.214889, ""GBPUSD=X"": -4.209532, ""NZDUSD=X"": -8.760174}",2026-07-07 08:15:00+00:00,2026-07-23 02:50:00+00:00,15.774305555555555,70,4.437596302003081,30.0,20.53645673851015,41.54453825618119,-1.0069567394516368,0.2161121464526422,30.664211074795674,100.0,69.33578892520433,-30.6642110747957,-1.9439341381336477,max_drawdown 30.66%,1,"{""daily_loss"": 375, ""gross_leverage"": 13, ""max_drawdown"": 3904, ""max_positions"": 10, ""sized_down"": 81}","{""AUDUSD=X"": -10.75108, ""EURUSD=X"": -2.092371, ""GBPUSD=X"": -14.28897, ""NZDUSD=X"": -3.531791}"
5m,3,2.5,12,0.1,opposite,True,-154.40155146163661,2026-05-18 23:00:00+00:00,2026-07-07 08:15:00+00:00,49.385416666666664,99,2.0046403712296983,37.37373737373738,28.483033657505374,47.20773739234217,-0.8240109386304274,0.35064146812998914,30.636055677450276,100.0,69.36394432254973,-30.636055677450255,-0.6203462022854302,max_drawdown 30.33%,0,"{""daily_loss"": 612, ""gross_leverage"": 24, ""max_drawdown"": 31826, ""max_positions"": 21, ""sized_down"": 119}","{""AUDUSD=X"": -14.273048, ""EURUSD=X"": -4.77237, ""GBPUSD=X"": -4.584265, ""NZDUSD=X"": -7.006372}",2026-07-07 08:15:00+00:00,2026-07-23 02:50:00+00:00,15.774305555555555,93,5.895663658375523,35.483870967741936,26.512726316736558,45.606693436757816,-0.8230796509745933,0.33477898847918425,30.502507401194123,100.0,69.49749259880588,-30.5025074011941,-1.9336830577908655,max_drawdown 30.50%,1,"{""daily_loss"": 409, ""gross_leverage"": 22, ""max_drawdown"": 6316, ""max_positions"": 15, ""sized_down"": 113}","{""AUDUSD=X"": -8.407237, ""EURUSD=X"": -0.522615, ""GBPUSD=X"": -21.013693, ""NZDUSD=X"": -0.558962}"
5m,3,2.5,12,0.1,extension,False,-163.22044417938005,2026-05-18 23:00:00+00:00,2026-07-07 08:15:00+00:00,49.385416666666664,79,1.599662518456022,30.37974683544304,21.34431893931135,41.23486832892104,-0.9392283523064372,0.2775575758894579,30.226972800663475,100.0,69.77302719933652,-30.226972800663443,-0.6120627270330501,max_drawdown 30.23%,0,"{""daily_loss"": 1129, ""gross_leverage"": 24, ""max_drawdown"": 31676, ""max_positions"": 16, ""sized_down"": 98}","{""AUDUSD=X"": -9.746643, ""EURUSD=X"": -4.842306, ""GBPUSD=X"": -6.702208, ""NZDUSD=X"": -8.935816}",2026-07-07 08:15:00+00:00,2026-07-23 02:50:00+00:00,15.774305555555555,71,4.50099053488884,29.577464788732392,20.23273873376572,41.01875776016279,-0.915014956555873,0.23741176955859056,30.369874202910612,100.0,69.87176697117918,-30.1282330288208,-1.9099562210654613,max_drawdown 30.37%,0,"{""daily_loss"": 730, ""gross_leverage"": 15, ""max_drawdown"": 7436, ""max_positions"": 34, ""sized_down"": 81}","{""AUDUSD=X"": -5.745692, ""EURUSD=X"": -1.988552, ""GBPUSD=X"": -17.271878, ""NZDUSD=X"": -5.122112}"
5m,3,2.5,12,0.1,extension,True,-153.0502158029282,2026-05-18 23:00:00+00:00,2026-07-07 08:15:00+00:00,49.385416666666664,127,2.5716093651128453,39.37007874015748,31.304739392858366,48.059621788906455,-0.66178965118608,0.45970784471460907,30.6829118571601,100.0,69.65023306914719,-30.34976693085285,-0.6145491721919161,max_drawdown 30.68%,0,"{""daily_loss"": 605, ""gross_leverage"": 38, ""max_drawdown"": 32892, ""max_positions"": 54, ""sized_down"": 158}","{""AUDUSD=X"": -15.034311, ""EURUSD=X"": -2.750406, ""GBPUSD=X"": -6.573418, ""NZDUSD=X"": -5.991632}",2026-07-07 08:15:00+00:00,2026-07-23 02:50:00+00:00,15.774305555555555,88,5.578692493946732,32.95454545454545,24.027691667974597,43.307372181087274,-0.8019490754820382,0.31518642591353374,30.33576661365278,100.0,69.66423338634722,-30.335766613652815,-1.9231126534739182,max_drawdown 30.34%,0,"{""daily_loss"": 646, ""gross_leverage"": 27, ""max_drawdown"": 8628, ""max_positions"": 23, ""sized_down"": 112}","{""AUDUSD=X"": -10.450985, ""EURUSD=X"": -0.086174, ""GBPUSD=X"": -17.796435, ""NZDUSD=X"": -2.002173}"
5m,3,2.5,12,0.3,opposite,False,-170.87222826150705,2026-05-18 23:00:00+00:00,2026-07-07 08:15:00+00:00,49.385416666666664,77,1.5591647331786544,32.467532467532465,23.05922805932014,43.54212569914086,-0.8991207452508904,0.2605311746882909,30.273713182721195,100.0,69.7262868172788,-30.27371318272114,-0.6130091680112275,max_drawdown 30.27%,0,"{""gross_leverage"": 20, ""max_drawdown"": 29528, ""max_positions"": 10, ""sized_down"": 92}","{""AUDUSD=X"": -12.089117, ""EURUSD=X"": -5.214889, ""GBPUSD=X"": -4.209532, ""NZDUSD=X"": -8.760174}",2026-07-07 08:15:00+00:00,2026-07-23 02:50:00+00:00,15.774305555555555,70,4.437596302003081,30.0,20.53645673851015,41.54453825618119,-1.0069567394516368,0.2161121464526422,30.664211074795674,100.0,69.33578892520433,-30.6642110747957,-1.9439341381336477,max_drawdown 30.66%,1,"{""daily_loss"": 375, ""gross_leverage"": 13, ""max_drawdown"": 3904, ""max_positions"": 10, ""sized_down"": 81}","{""AUDUSD=X"": -10.75108, ""EURUSD=X"": -2.092371, ""GBPUSD=X"": -14.28897, ""NZDUSD=X"": -3.531791}"
5m,3,2.5,12,0.3,opposite,True,-154.40155146163661,2026-05-18 23:00:00+00:00,2026-07-07 08:15:00+00:00,49.385416666666664,99,2.0046403712296983,37.37373737373738,28.483033657505374,47.20773739234217,-0.8240109386304274,0.35064146812998914,30.636055677450276,100.0,69.36394432254973,-30.636055677450255,-0.6203462022854302,max_drawdown 30.33%,0,"{""daily_loss"": 612, ""gross_leverage"": 24, ""max_drawdown"": 31826, ""max_positions"": 21, ""sized_down"": 119}","{""AUDUSD=X"": -14.273048, ""EURUSD=X"": -4.77237, ""GBPUSD=X"": -4.584265, ""NZDUSD=X"": -7.006372}",2026-07-07 08:15:00+00:00,2026-07-23 02:50:00+00:00,15.774305555555555,93,5.895663658375523,35.483870967741936,26.512726316736558,45.606693436757816,-0.8230796509745933,0.33477898847918425,30.502507401194123,100.0,69.49749259880588,-30.5025074011941,-1.9336830577908655,max_drawdown 30.50%,1,"{""daily_loss"": 409, ""gross_leverage"": 22, ""max_drawdown"": 6316, ""max_positions"": 15, ""sized_down"": 113}","{""AUDUSD=X"": -8.407237, ""EURUSD=X"": -0.522615, ""GBPUSD=X"": -21.013693, ""NZDUSD=X"": -0.558962}"
5m,3,2.5,12,0.3,extension,False,-163.22044417938005,2026-05-18 23:00:00+00:00,2026-07-07 08:15:00+00:00,49.385416666666664,79,1.599662518456022,30.37974683544304,21.34431893931135,41.23486832892104,-0.9392283523064372,0.2775575758894579,30.226972800663475,100.0,69.77302719933652,-30.226972800663443,-0.6120627270330501,max_drawdown 30.23%,0,"{""daily_loss"": 1129, ""gross_leverage"": 24, ""max_drawdown"": 31676, ""max_positions"": 16, ""sized_down"": 98}","{""AUDUSD=X"": -9.746643, ""EURUSD=X"": -4.842306, ""GBPUSD=X"": -6.702208, ""NZDUSD=X"": -8.935816}",2026-07-07 08:15:00+00:00,2026-07-23 02:50:00+00:00,15.774305555555555,71,4.50099053488884,29.577464788732392,20.23273873376572,41.01875776016279,-0.915014956555873,0.23741176955859056,30.369874202910612,100.0,69.87176697117918,-30.1282330288208,-1.9099562210654613,max_drawdown 30.37%,0,"{""daily_loss"": 730, ""gross_leverage"": 15, ""max_drawdown"": 7436, ""max_positions"": 34, ""sized_down"": 81}","{""AUDUSD=X"": -5.745692, ""EURUSD=X"": -1.988552, ""GBPUSD=X"": -17.271878, ""NZDUSD=X"": -5.122112}"
5m,3,2.5,12,0.3,extension,True,-153.0502158029282,2026-05-18 23:00:00+00:00,2026-07-07 08:15:00+00:00,49.385416666666664,127,2.5716093651128453,39.37007874015748,31.304739392858366,48.059621788906455,-0.66178965118608,0.45970784471460907,30.6829118571601,100.0,69.65023306914719,-30.34976693085285,-0.6145491721919161,max_drawdown 30.68%,0,"{""daily_loss"": 605, ""gross_leverage"": 38, ""max_drawdown"": 32892, ""max_positions"": 54, ""sized_down"": 158}","{""AUDUSD=X"": -15.034311, ""EURUSD=X"": -2.750406, ""GBPUSD=X"": -6.573418, ""NZDUSD=X"": -5.991632}",2026-07-07 08:15:00+00:00,2026-07-23 02:50:00+00:00,15.774305555555555,88,5.578692493946732,32.95454545454545,24.027691667974597,43.307372181087274,-0.8019490754820382,0.31518642591353374,30.33576661365278,100.0,69.66423338634722,-30.335766613652815,-1.9231126534739182,max_drawdown 30.34%,0,"{""daily_loss"": 646, ""gross_leverage"": 27, ""max_drawdown"": 8628, ""max_positions"": 23, ""sized_down"": 112}","{""AUDUSD=X"": -10.450985, ""EURUSD=X"": -0.086174, ""GBPUSD=X"": -17.796435, ""NZDUSD=X"": -2.002173}"
5m,3,2.5,20,0.1,opposite,False,-178.53193361083956,2026-05-18 23:00:00+00:00,2026-07-07 08:15:00+00:00,49.385416666666664,85,1.721155874288125,34.11764705882353,24.921771761762066,44.687060136807965,-0.8923702626368185,0.28990593854470426,30.25986003671248,100.0,69.74013996328752,-30.25986003671244,-0.6127286571449893,max_drawdown 30.26%,0,"{""gross_leverage"": 19, ""max_drawdown"": 24740, ""max_positions"": 28, ""sized_down"": 96}","{""AUDUSD=X"": -11.578251, ""EURUSD=X"": -7.053758, ""GBPUSD=X"": -4.397852, ""NZDUSD=X"": -7.229999}",2026-07-07 08:15:00+00:00,2026-07-23 02:50:00+00:00,15.774305555555555,65,4.12062513757429,27.692307692307693,18.293439815390553,39.58086874222576,-1.1013482323803234,0.19369235126586834,30.026246946880182,100.0,69.97375305311982,-30.026246946880196,-1.9034908916358126,max_drawdown 30.03%,0,"{""daily_loss"": 375, ""gross_leverage"": 12, ""max_drawdown"": 2820, ""sized_down"": 75}","{""AUDUSD=X"": -9.242989, ""EURUSD=X"": -2.092371, ""GBPUSD=X"": -15.272938, ""NZDUSD=X"": -3.417949}"
5m,3,2.5,20,0.1,opposite,True,-146.17741151780416,2026-05-18 23:00:00+00:00,2026-07-07 08:15:00+00:00,49.385416666666664,92,1.8628981227589116,38.04347826086957,28.79100189490532,48.254456444688344,-0.773848797516851,0.35168035773617873,30.051356605122866,100.0,69.94864339487714,-30.051356605122887,-0.6085066935439353,max_drawdown 30.05%,0,"{""daily_loss"": 1212, ""gross_leverage"": 26, ""max_drawdown"": 32516, ""max_positions"": 13, ""sized_down"": 112}","{""AUDUSD=X"": -9.971295, ""EURUSD=X"": -5.616681, ""GBPUSD=X"": -4.072593, ""NZDUSD=X"": -10.390788}",2026-07-07 08:15:00+00:00,2026-07-23 02:50:00+00:00,15.774305555555555,101,6.402817521461589,37.62376237623762,28.79296294235288,47.36154061348755,-0.7241091337513642,0.3713533484516673,31.019944199399376,100.0,69.26344408597276,-30.736555914027207,-1.9485203837199727,max_drawdown 31.02%,2,"{""daily_loss"": 435, ""gross_leverage"": 25, ""max_drawdown"": 6172, ""max_positions"": 19, ""sized_down"": 124}","{""AUDUSD=X"": -5.992098, ""EURUSD=X"": -0.522615, ""GBPUSD=X"": -19.578262, ""NZDUSD=X"": -4.64358}"
5m,3,2.5,20,0.1,extension,False,-170.60913359838787,2026-05-18 23:00:00+00:00,2026-07-07 08:15:00+00:00,49.385416666666664,60,1.2149335583210294,23.333333333333332,14.43943161843107,35.436511340392016,-1.0172810068462264,0.22842420534058772,30.088530762877113,100.0,69.91146923712289,-30.088530762877078,-0.6092594290732334,max_drawdown 30.09%,0,"{""daily_loss"": 737, ""gross_leverage"": 17, ""max_drawdown"": 32812, ""sized_down"": 73}","{""AUDUSD=X"": -13.192976, ""EURUSD=X"": -5.317951, ""GBPUSD=X"": -4.385514, ""NZDUSD=X"": -7.19209}",2026-07-07 08:15:00+00:00,2026-07-23 02:50:00+00:00,15.774305555555555,71,4.50099053488884,26.76056338028169,17.852666541700806,38.05420877897647,-1.0013780939304266,0.21675993920731343,30.54801755002509,100.0,69.4519824499749,-30.548017550025104,-1.9365681387645235,max_drawdown 30.55%,0,"{""daily_loss"": 423, ""gross_leverage"": 14, ""max_drawdown"": 6556, ""max_positions"": 24, ""sized_down"": 81}","{""AUDUSD=X"": -5.697571, ""EURUSD=X"": -1.523336, ""GBPUSD=X"": -18.495748, ""NZDUSD=X"": -4.831363}"
5m,3,2.5,20,0.1,extension,True,-147.25987156899117,2026-05-18 23:00:00+00:00,2026-07-07 08:15:00+00:00,49.385416666666664,118,2.389369331364691,38.983050847457626,30.663375206175598,47.997443430480516,-0.6610529850641382,0.4603547826845678,30.115242572849475,100.0,70.1189062958085,-29.88109370419154,-0.6050590583426255,max_drawdown 30.12%,0,"{""daily_loss"": 509, ""gross_leverage"": 41, ""max_drawdown"": 34076, ""max_positions"": 45, ""sized_down"": 149}","{""AUDUSD=X"": -11.072945, ""EURUSD=X"": -3.953111, ""GBPUSD=X"": -7.517078, ""NZDUSD=X"": -7.337959}",2026-07-07 08:15:00+00:00,2026-07-23 02:50:00+00:00,15.774305555555555,91,5.768875192604006,36.26373626373626,27.128360429893434,46.511898696903245,-0.737194527802829,0.3438221430246256,30.179520857163038,100.0,69.82047914283696,-30.179520857163062,-1.9132075735995955,max_drawdown 30.18%,0,"{""daily_loss"": 860, ""gross_leverage"": 26, ""max_drawdown"": 8628, ""max_positions"": 31, ""sized_down"": 114}","{""AUDUSD=X"": -9.408481, ""EURUSD=X"": -0.086174, ""GBPUSD=X"": -18.470849, ""NZDUSD=X"": -2.214016}"
5m,3,2.5,20,0.3,opposite,False,-178.53193361083956,2026-05-18 23:00:00+00:00,2026-07-07 08:15:00+00:00,49.385416666666664,85,1.721155874288125,34.11764705882353,24.921771761762066,44.687060136807965,-0.8923702626368185,0.28990593854470426,30.25986003671248,100.0,69.74013996328752,-30.25986003671244,-0.6127286571449893,max_drawdown 30.26%,0,"{""gross_leverage"": 19, ""max_drawdown"": 24740, ""max_positions"": 28, ""sized_down"": 96}","{""AUDUSD=X"": -11.578251, ""EURUSD=X"": -7.053758, ""GBPUSD=X"": -4.397852, ""NZDUSD=X"": -7.229999}",2026-07-07 08:15:00+00:00,2026-07-23 02:50:00+00:00,15.774305555555555,65,4.12062513757429,27.692307692307693,18.293439815390553,39.58086874222576,-1.1013482323803234,0.19369235126586834,30.026246946880182,100.0,69.97375305311982,-30.026246946880196,-1.9034908916358126,max_drawdown 30.03%,0,"{""daily_loss"": 375, ""gross_leverage"": 12, ""max_drawdown"": 2820, ""sized_down"": 75}","{""AUDUSD=X"": -9.242989, ""EURUSD=X"": -2.092371, ""GBPUSD=X"": -15.272938, ""NZDUSD=X"": -3.417949}"
5m,3,2.5,20,0.3,opposite,True,-146.17741151780416,2026-05-18 23:00:00+00:00,2026-07-07 08:15:00+00:00,49.385416666666664,92,1.8628981227589116,38.04347826086957,28.79100189490532,48.254456444688344,-0.773848797516851,0.35168035773617873,30.051356605122866,100.0,69.94864339487714,-30.051356605122887,-0.6085066935439353,max_drawdown 30.05%,0,"{""daily_loss"": 1212, ""gross_leverage"": 26, ""max_drawdown"": 32516, ""max_positions"": 13, ""sized_down"": 112}","{""AUDUSD=X"": -9.971295, ""EURUSD=X"": -5.616681, ""GBPUSD=X"": -4.072593, ""NZDUSD=X"": -10.390788}",2026-07-07 08:15:00+00:00,2026-07-23 02:50:00+00:00,15.774305555555555,101,6.402817521461589,37.62376237623762,28.79296294235288,47.36154061348755,-0.7241091337513642,0.3713533484516673,31.019944199399376,100.0,69.26344408597276,-30.736555914027207,-1.9485203837199727,max_drawdown 31.02%,2,"{""daily_loss"": 435, ""gross_leverage"": 25, ""max_drawdown"": 6172, ""max_positions"": 19, ""sized_down"": 124}","{""AUDUSD=X"": -5.992098, ""EURUSD=X"": -0.522615, ""GBPUSD=X"": -19.578262, ""NZDUSD=X"": -4.64358}"
5m,3,2.5,20,0.3,extension,False,-170.60913359838787,2026-05-18 23:00:00+00:00,2026-07-07 08:15:00+00:00,49.385416666666664,60,1.2149335583210294,23.333333333333332,14.43943161843107,35.436511340392016,-1.0172810068462264,0.22842420534058772,30.088530762877113,100.0,69.91146923712289,-30.088530762877078,-0.6092594290732334,max_drawdown 30.09%,0,"{""daily_loss"": 737, ""gross_leverage"": 17, ""max_drawdown"": 32812, ""sized_down"": 73}","{""AUDUSD=X"": -13.192976, ""EURUSD=X"": -5.317951, ""GBPUSD=X"": -4.385514, ""NZDUSD=X"": -7.19209}",2026-07-07 08:15:00+00:00,2026-07-23 02:50:00+00:00,15.774305555555555,71,4.50099053488884,26.76056338028169,17.852666541700806,38.05420877897647,-1.0013780939304266,0.21675993920731343,30.54801755002509,100.0,69.4519824499749,-30.548017550025104,-1.9365681387645235,max_drawdown 30.55%,0,"{""daily_loss"": 423, ""gross_leverage"": 14, ""max_drawdown"": 6556, ""max_positions"": 24, ""sized_down"": 81}","{""AUDUSD=X"": -5.697571, ""EURUSD=X"": -1.523336, ""GBPUSD=X"": -18.495748, ""NZDUSD=X"": -4.831363}"
5m,3,2.5,20,0.3,extension,True,-147.25987156899117,2026-05-18 23:00:00+00:00,2026-07-07 08:15:00+00:00,49.385416666666664,118,2.389369331364691,38.983050847457626,30.663375206175598,47.997443430480516,-0.6610529850641382,0.4603547826845678,30.115242572849475,100.0,70.1189062958085,-29.88109370419154,-0.6050590583426255,max_drawdown 30.12%,0,"{""daily_loss"": 509, ""gross_leverage"": 41, ""max_drawdown"": 34076, ""max_positions"": 45, ""sized_down"": 149}","{""AUDUSD=X"": -11.072945, ""EURUSD=X"": -3.953111, ""GBPUSD=X"": -7.517078, ""NZDUSD=X"": -7.337959}",2026-07-07 08:15:00+00:00,2026-07-23 02:50:00+00:00,15.774305555555555,91,5.768875192604006,36.26373626373626,27.128360429893434,46.511898696903245,-0.737194527802829,0.3438221430246256,30.179520857163038,100.0,69.82047914283696,-30.179520857163062,-1.9132075735995955,max_drawdown 30.18%,0,"{""daily_loss"": 860, ""gross_leverage"": 26, ""max_drawdown"": 8628, ""max_positions"": 31, ""sized_down"": 114}","{""AUDUSD=X"": -9.408481, ""EURUSD=X"": -0.086174, ""GBPUSD=X"": -18.470849, ""NZDUSD=X"": -2.214016}"
5m,3,4.0,12,0.1,opposite,False,-174.38106663841273,2026-05-18 23:00:00+00:00,2026-07-07 08:15:00+00:00,49.385416666666664,87,1.7616536595654926,33.33333333333333,24.31846311443509,43.75783673056985,-0.8506333865186689,0.2923266655488084,30.02034616981211,100.0,69.97965383018789,-30.020346169812107,-0.6078787665686485,max_drawdown 30.02%,0,"{""daily_loss"": 407, ""gross_leverage"": 18, ""max_drawdown"": 30732, ""max_positions"": 12, ""sized_down"": 99}","{""AUDUSD=X"": -6.108526, ""EURUSD=X"": -3.931064, ""GBPUSD=X"": -8.640268, ""NZDUSD=X"": -11.340487}",2026-07-07 08:15:00+00:00,2026-07-23 02:50:00+00:00,15.774305555555555,66,4.184019370460049,27.27272727272727,18.0032031620791,39.04245444026678,-1.0468707655129608,0.20330607466621883,30.552952101231657,100.0,69.44704789876835,-30.55295210123166,-1.9368809608528985,max_drawdown 30.55%,1,"{""daily_loss"": 455, ""gross_leverage"": 19, ""max_drawdown"": 6040, ""max_positions"": 13, ""sized_down"": 81}","{""AUDUSD=X"": -9.767702, ""EURUSD=X"": -1.06294, ""GBPUSD=X"": -15.120433, ""NZDUSD=X"": -4.601878}"
5m,3,4.0,12,0.1,opposite,True,-151.6595809209331,2026-05-18 23:00:00+00:00,2026-07-07 08:15:00+00:00,49.385416666666664,103,2.085635941784434,36.89320388349515,28.20284819781343,46.52609633315579,-0.7215367550037901,0.39698999748699454,30.340719105517493,100.0,69.6592808944825,-30.340719105517522,-0.6143659637480874,max_drawdown 30.34%,0,"{""daily_loss"": 878, ""gross_leverage"": 26, ""max_drawdown"": 33060, ""max_positions"": 4, ""sized_down"": 125}","{""AUDUSD=X"": -7.275049, ""EURUSD=X"": -4.51123, ""GBPUSD=X"": -9.576499, ""NZDUSD=X"": -8.977942}",2026-07-07 08:15:00+00:00,2026-07-23 02:50:00+00:00,15.774305555555555,101,6.402817521461589,35.64356435643564,26.986507179349307,45.35271694542558,-0.7959655369525033,0.38250550730921473,30.348861352027534,100.0,69.97467001898006,-30.025329981020004,-1.9034327612885233,max_drawdown 30.35%,1,"{""daily_loss"": 832, ""gross_leverage"": 27, ""max_drawdown"": 7436, ""max_positions"": 17, ""sized_down"": 125}","{""AUDUSD=X"": -7.995141, ""EURUSD=X"": -0.087576, ""GBPUSD=X"": -20.752388, ""NZDUSD=X"": -1.190225}"
5m,3,4.0,12,0.1,extension,False,-170.26032676040654,2026-05-18 23:00:00+00:00,2026-07-07 08:15:00+00:00,49.385416666666664,74,1.498418055262603,25.675675675675674,17.097575848977574,36.65465945964917,-0.9140956049245866,0.28947668164200946,30.794614286081785,100.0,69.20538571391822,-30.794614286081735,-0.6235568385285482,max_drawdown 30.21%,0,"{""daily_loss"": 605, ""gross_leverage"": 26, ""max_drawdown"": 34137, ""max_positions"": 10, ""sized_down"": 97}","{""AUDUSD=X"": -9.417238, ""EURUSD=X"": -3.335812, ""GBPUSD=X"": -6.510895, ""NZDUSD=X"": -11.530669}",2026-07-07 08:15:00+00:00,2026-07-23 02:50:00+00:00,15.774305555555555,69,4.374202069117324,26.08695652173913,17.185419574593983,37.51079797142367,-0.9958462710894999,0.22221229967416856,30.664240812404987,100.0,69.33575918759502,-30.664240812405,-1.9439360233265772,max_drawdown 30.66%,0,"{""daily_loss"": 862, ""gross_leverage"": 20, ""max_drawdown"": 7604, ""max_positions"": 37, ""sized_down"": 85}","{""AUDUSD=X"": -10.108563, ""EURUSD=X"": -0.160392, ""GBPUSD=X"": -16.520664, ""NZDUSD=X"": -3.874622}"
5m,3,4.0,12,0.1,extension,True,-144.87279901954128,2026-05-18 23:00:00+00:00,2026-07-07 08:15:00+00:00,49.385416666666664,121,2.4501160092807424,38.84297520661157,30.629609055868844,47.742984694932154,-0.5873650071452087,0.48819160786840976,30.384428017864153,100.0,71.07637725846998,-28.923622741530053,-0.5856713316150359,max_drawdown 30.38%,0,"{""daily_loss"": 701, ""gross_leverage"": 45, ""max_drawdown"": 34848, ""max_positions"": 39, ""sized_down"": 158}","{""AUDUSD=X"": -10.670286, ""EURUSD=X"": -2.480934, ""GBPUSD=X"": -7.496091, ""NZDUSD=X"": -8.276313}",2026-07-07 08:15:00+00:00,2026-07-23 02:50:00+00:00,15.774305555555555,103,6.529605987233106,34.95145631067961,26.434932218518693,44.550152242964494,-0.7090090420319719,0.3820877041758371,30.62162998538244,100.0,69.70063436814877,-30.299365631851288,-1.920805041156322,max_drawdown 30.62%,0,"{""daily_loss"": 447, ""gross_leverage"": 49, ""max_drawdown"": 8596, ""max_positions"": 46, ""sized_down"": 150}","{""AUDUSD=X"": -13.377029, ""EURUSD=X"": 0.663003, ""GBPUSD=X"": -17.014687, ""NZDUSD=X"": -0.570652}"
5m,3,4.0,12,0.3,opposite,False,-174.38106663841273,2026-05-18 23:00:00+00:00,2026-07-07 08:15:00+00:00,49.385416666666664,87,1.7616536595654926,33.33333333333333,24.31846311443509,43.75783673056985,-0.8506333865186689,0.2923266655488084,30.02034616981211,100.0,69.97965383018789,-30.020346169812107,-0.6078787665686485,max_drawdown 30.02%,0,"{""daily_loss"": 407, ""gross_leverage"": 18, ""max_drawdown"": 30732, ""max_positions"": 12, ""sized_down"": 99}","{""AUDUSD=X"": -6.108526, ""EURUSD=X"": -3.931064, ""GBPUSD=X"": -8.640268, ""NZDUSD=X"": -11.340487}",2026-07-07 08:15:00+00:00,2026-07-23 02:50:00+00:00,15.774305555555555,66,4.184019370460049,27.27272727272727,18.0032031620791,39.04245444026678,-1.0468707655129608,0.20330607466621883,30.552952101231657,100.0,69.44704789876835,-30.55295210123166,-1.9368809608528985,max_drawdown 30.55%,1,"{""daily_loss"": 455, ""gross_leverage"": 19, ""max_drawdown"": 6040, ""max_positions"": 13, ""sized_down"": 81}","{""AUDUSD=X"": -9.767702, ""EURUSD=X"": -1.06294, ""GBPUSD=X"": -15.120433, ""NZDUSD=X"": -4.601878}"
5m,3,4.0,12,0.3,opposite,True,-151.6595809209331,2026-05-18 23:00:00+00:00,2026-07-07 08:15:00+00:00,49.385416666666664,103,2.085635941784434,36.89320388349515,28.20284819781343,46.52609633315579,-0.7215367550037901,0.39698999748699454,30.340719105517493,100.0,69.6592808944825,-30.340719105517522,-0.6143659637480874,max_drawdown 30.34%,0,"{""daily_loss"": 878, ""gross_leverage"": 26, ""max_drawdown"": 33060, ""max_positions"": 4, ""sized_down"": 125}","{""AUDUSD=X"": -7.275049, ""EURUSD=X"": -4.51123, ""GBPUSD=X"": -9.576499, ""NZDUSD=X"": -8.977942}",2026-07-07 08:15:00+00:00,2026-07-23 02:50:00+00:00,15.774305555555555,101,6.402817521461589,35.64356435643564,26.986507179349307,45.35271694542558,-0.7959655369525033,0.38250550730921473,30.348861352027534,100.0,69.97467001898006,-30.025329981020004,-1.9034327612885233,max_drawdown 30.35%,1,"{""daily_loss"": 832, ""gross_leverage"": 27, ""max_drawdown"": 7436, ""max_positions"": 17, ""sized_down"": 125}","{""AUDUSD=X"": -7.995141, ""EURUSD=X"": -0.087576, ""GBPUSD=X"": -20.752388, ""NZDUSD=X"": -1.190225}"
5m,3,4.0,12,0.3,extension,False,-170.26032676040654,2026-05-18 23:00:00+00:00,2026-07-07 08:15:00+00:00,49.385416666666664,74,1.498418055262603,25.675675675675674,17.097575848977574,36.65465945964917,-0.9140956049245866,0.28947668164200946,30.794614286081785,100.0,69.20538571391822,-30.794614286081735,-0.6235568385285482,max_drawdown 30.21%,0,"{""daily_loss"": 605, ""gross_leverage"": 26, ""max_drawdown"": 34137, ""max_positions"": 10, ""sized_down"": 97}","{""AUDUSD=X"": -9.417238, ""EURUSD=X"": -3.335812, ""GBPUSD=X"": -6.510895, ""NZDUSD=X"": -11.530669}",2026-07-07 08:15:00+00:00,2026-07-23 02:50:00+00:00,15.774305555555555,69,4.374202069117324,26.08695652173913,17.185419574593983,37.51079797142367,-0.9958462710894999,0.22221229967416856,30.664240812404987,100.0,69.33575918759502,-30.664240812405,-1.9439360233265772,max_drawdown 30.66%,0,"{""daily_loss"": 862, ""gross_leverage"": 20, ""max_drawdown"": 7604, ""max_positions"": 37, ""sized_down"": 85}","{""AUDUSD=X"": -10.108563, ""EURUSD=X"": -0.160392, ""GBPUSD=X"": -16.520664, ""NZDUSD=X"": -3.874622}"
5m,3,4.0,12,0.3,extension,True,-144.87279901954128,2026-05-18 23:00:00+00:00,2026-07-07 08:15:00+00:00,49.385416666666664,121,2.4501160092807424,38.84297520661157,30.629609055868844,47.742984694932154,-0.5873650071452087,0.48819160786840976,30.384428017864153,100.0,71.07637725846998,-28.923622741530053,-0.5856713316150359,max_drawdown 30.38%,0,"{""daily_loss"": 701, ""gross_leverage"": 45, ""max_drawdown"": 34848, ""max_positions"": 39, ""sized_down"": 158}","{""AUDUSD=X"": -10.670286, ""EURUSD=X"": -2.480934, ""GBPUSD=X"": -7.496091, ""NZDUSD=X"": -8.276313}",2026-07-07 08:15:00+00:00,2026-07-23 02:50:00+00:00,15.774305555555555,103,6.529605987233106,34.95145631067961,26.434932218518693,44.550152242964494,-0.7090090420319719,0.3820877041758371,30.62162998538244,100.0,69.70063436814877,-30.299365631851288,-1.920805041156322,max_drawdown 30.62%,0,"{""daily_loss"": 447, ""gross_leverage"": 49, ""max_drawdown"": 8596, ""max_positions"": 46, ""sized_down"": 150}","{""AUDUSD=X"": -13.377029, ""EURUSD=X"": 0.663003, ""GBPUSD=X"": -17.014687, ""NZDUSD=X"": -0.570652}"
5m,3,4.0,20,0.1,opposite,False,-182.59685221911042,2026-05-18 23:00:00+00:00,2026-07-07 08:15:00+00:00,49.385416666666664,94,1.9033959080362794,34.04255319148936,25.258828830057922,44.07936678407758,-0.858851982589563,0.34063990565122904,30.44152285269213,100.0,69.55847714730787,-30.44152285269214,-0.6164071280022033,max_drawdown 30.44%,0,"{""daily_loss"": 247, ""gross_leverage"": 22, ""max_drawdown"": 28236, ""max_positions"": 20, ""sized_down"": 105}","{""AUDUSD=X"": -7.148502, ""EURUSD=X"": -5.935304, ""GBPUSD=X"": -6.601785, ""NZDUSD=X"": -10.755932}",2026-07-07 08:15:00+00:00,2026-07-23 02:50:00+00:00,15.774305555555555,63,3.9938366718027734,25.396825396825395,16.280274583098155,37.34142208484516,-1.146089428911555,0.18356238140997327,30.417420647144766,100.0,69.58257935285523,-30.417420647144787,-1.92828904828917,max_drawdown 30.42%,0,"{""daily_loss"": 455, ""gross_leverage"": 18, ""max_drawdown"": 4308, ""sized_down"": 78}","{""AUDUSD=X"": -9.22386, ""EURUSD=X"": -2.729278, ""GBPUSD=X"": -15.307461, ""NZDUSD=X"": -3.156821}"
5m,3,4.0,20,0.1,opposite,True,-144.03672301972742,2026-05-18 23:00:00+00:00,2026-07-07 08:15:00+00:00,49.385416666666664,116,2.3488715460873233,37.93103448275862,29.621961695590254,47.01386426133956,-0.6545512503364953,0.4409333645387865,30.08055426699964,100.0,69.91944573300036,-30.08055426699966,-0.6090979138645787,max_drawdown 30.08%,0,"{""daily_loss"": 1212, ""gross_leverage"": 36, ""max_drawdown"": 32840, ""max_positions"": 26, ""sized_down"": 145}","{""AUDUSD=X"": -1.837088, ""EURUSD=X"": -8.16458, ""GBPUSD=X"": -8.140675, ""NZDUSD=X"": -11.938211}",2026-07-07 08:15:00+00:00,2026-07-23 02:50:00+00:00,15.774305555555555,94,5.959057891261281,38.297872340425535,29.11404875065257,48.40062803304679,-0.7077940555828065,0.42115658474663686,30.07618523312459,100.0,72.37249614034424,-27.627503859655736,-1.7514244137312023,max_drawdown 30.08%,1,"{""daily_loss"": 842, ""gross_leverage"": 34, ""max_drawdown"": 7724, ""max_positions"": 18, ""sized_down"": 125}","{""AUDUSD=X"": -6.391021, ""EURUSD=X"": 0.412583, ""GBPUSD=X"": -17.199222, ""NZDUSD=X"": -4.449843}"
5m,3,4.0,20,0.1,extension,False,-172.38324108421762,2026-05-18 23:00:00+00:00,2026-07-07 08:15:00+00:00,49.385416666666664,65,1.3161780215144485,23.076923076923077,14.513708450988846,34.64493980820327,-0.9848980534675787,0.2672131882483266,30.175966569525624,100.0,69.82403343047437,-30.175966569525603,-0.6110299073348361,max_drawdown 30.18%,0,"{""daily_loss"": 407, ""gross_leverage"": 20, ""max_drawdown"": 33860, ""sized_down"": 82}","{""AUDUSD=X"": -10.888955, ""EURUSD=X"": -4.365965, ""GBPUSD=X"": -6.065967, ""NZDUSD=X"": -8.855079}",2026-07-07 08:15:00+00:00,2026-07-23 02:50:00+00:00,15.774305555555555,68,4.310807836231565,26.47058823529412,17.4496029752542,38.00795921712458,-1.0245919861469344,0.20636088924514862,30.093155864987782,100.0,69.90684413501222,-30.093155864987796,-1.90773253117246,max_drawdown 30.09%,0,"{""daily_loss"": 455, ""gross_leverage"": 16, ""max_drawdown"": 7436, ""max_positions"": 16, ""sized_down"": 80}","{""AUDUSD=X"": -10.377538, ""EURUSD=X"": -0.520095, ""GBPUSD=X"": -15.991039, ""NZDUSD=X"": -3.204484}"
5m,3,4.0,20,0.1,extension,True,-141.14939740480813,2026-05-18 23:00:00+00:00,2026-07-07 08:15:00+00:00,49.385416666666664,136,2.753849398861,38.970588235294116,31.184838603050956,47.362317607976365,-0.5556632330118648,0.527657209673468,30.10582046198669,100.0,71.36083108373896,-28.6391689162611,-0.5799114566465019,max_drawdown 30.11%,0,"{""daily_loss"": 621, ""gross_leverage"": 61, ""max_drawdown"": 35212, ""max_positions"": 41, ""sized_down"": 184}","{""AUDUSD=X"": -5.980167, ""EURUSD=X"": -3.939709, ""GBPUSD=X"": -7.779769, ""NZDUSD=X"": -10.939524}",2026-07-07 08:15:00+00:00,2026-07-23 02:50:00+00:00,15.774305555555555,90,5.705480959718248,34.44444444444444,25.44576592146297,44.71672065165598,-0.6670860181091565,0.43665138217372224,30.34475752192923,100.0,73.03165913020032,-26.968340869799704,-1.7096372816425962,max_drawdown 30.34%,0,"{""daily_loss"": 1296, ""gross_leverage"": 47, ""max_drawdown"": 8644, ""max_positions"": 32, ""sized_down"": 135}","{""AUDUSD=X"": -8.657239, ""EURUSD=X"": 0.24355, ""GBPUSD=X"": -17.604958, ""NZDUSD=X"": -0.949694}"
5m,3,4.0,20,0.3,opposite,False,-182.59685221911042,2026-05-18 23:00:00+00:00,2026-07-07 08:15:00+00:00,49.385416666666664,94,1.9033959080362794,34.04255319148936,25.258828830057922,44.07936678407758,-0.858851982589563,0.34063990565122904,30.44152285269213,100.0,69.55847714730787,-30.44152285269214,-0.6164071280022033,max_drawdown 30.44%,0,"{""daily_loss"": 247, ""gross_leverage"": 22, ""max_drawdown"": 28236, ""max_positions"": 20, ""sized_down"": 105}","{""AUDUSD=X"": -7.148502, ""EURUSD=X"": -5.935304, ""GBPUSD=X"": -6.601785, ""NZDUSD=X"": -10.755932}",2026-07-07 08:15:00+00:00,2026-07-23 02:50:00+00:00,15.774305555555555,63,3.9938366718027734,25.396825396825395,16.280274583098155,37.34142208484516,-1.146089428911555,0.18356238140997327,30.417420647144766,100.0,69.58257935285523,-30.417420647144787,-1.92828904828917,max_drawdown 30.42%,0,"{""daily_loss"": 455, ""gross_leverage"": 18, ""max_drawdown"": 4308, ""sized_down"": 78}","{""AUDUSD=X"": -9.22386, ""EURUSD=X"": -2.729278, ""GBPUSD=X"": -15.307461, ""NZDUSD=X"": -3.156821}"
5m,3,4.0,20,0.3,opposite,True,-144.03672301972742,2026-05-18 23:00:00+00:00,2026-07-07 08:15:00+00:00,49.385416666666664,116,2.3488715460873233,37.93103448275862,29.621961695590254,47.01386426133956,-0.6545512503364953,0.4409333645387865,30.08055426699964,100.0,69.91944573300036,-30.08055426699966,-0.6090979138645787,max_drawdown 30.08%,0,"{""daily_loss"": 1212, ""gross_leverage"": 36, ""max_drawdown"": 32840, ""max_positions"": 26, ""sized_down"": 145}","{""AUDUSD=X"": -1.837088, ""EURUSD=X"": -8.16458, ""GBPUSD=X"": -8.140675, ""NZDUSD=X"": -11.938211}",2026-07-07 08:15:00+00:00,2026-07-23 02:50:00+00:00,15.774305555555555,94,5.959057891261281,38.297872340425535,29.11404875065257,48.40062803304679,-0.7077940555828065,0.42115658474663686,30.07618523312459,100.0,72.37249614034424,-27.627503859655736,-1.7514244137312023,max_drawdown 30.08%,1,"{""daily_loss"": 842, ""gross_leverage"": 34, ""max_drawdown"": 7724, ""max_positions"": 18, ""sized_down"": 125}","{""AUDUSD=X"": -6.391021, ""EURUSD=X"": 0.412583, ""GBPUSD=X"": -17.199222, ""NZDUSD=X"": -4.449843}"
5m,3,4.0,20,0.3,extension,False,-172.38324108421762,2026-05-18 23:00:00+00:00,2026-07-07 08:15:00+00:00,49.385416666666664,65,1.3161780215144485,23.076923076923077,14.513708450988846,34.64493980820327,-0.9848980534675787,0.2672131882483266,30.175966569525624,100.0,69.82403343047437,-30.175966569525603,-0.6110299073348361,max_drawdown 30.18%,0,"{""daily_loss"": 407, ""gross_leverage"": 20, ""max_drawdown"": 33860, ""sized_down"": 82}","{""AUDUSD=X"": -10.888955, ""EURUSD=X"": -4.365965, ""GBPUSD=X"": -6.065967, ""NZDUSD=X"": -8.855079}",2026-07-07 08:15:00+00:00,2026-07-23 02:50:00+00:00,15.774305555555555,68,4.310807836231565,26.47058823529412,17.4496029752542,38.00795921712458,-1.0245919861469344,0.20636088924514862,30.093155864987782,100.0,69.90684413501222,-30.093155864987796,-1.90773253117246,max_drawdown 30.09%,0,"{""daily_loss"": 455, ""gross_leverage"": 16, ""max_drawdown"": 7436, ""max_positions"": 16, ""sized_down"": 80}","{""AUDUSD=X"": -10.377538, ""EURUSD=X"": -0.520095, ""GBPUSD=X"": -15.991039, ""NZDUSD=X"": -3.204484}"
5m,3,4.0,20,0.3,extension,True,-141.14939740480813,2026-05-18 23:00:00+00:00,2026-07-07 08:15:00+00:00,49.385416666666664,136,2.753849398861,38.970588235294116,31.184838603050956,47.362317607976365,-0.5556632330118648,0.527657209673468,30.10582046198669,100.0,71.36083108373896,-28.6391689162611,-0.5799114566465019,max_drawdown 30.11%,0,"{""daily_loss"": 621, ""gross_leverage"": 61, ""max_drawdown"": 35212, ""max_positions"": 41, ""sized_down"": 184}","{""AUDUSD=X"": -5.980167, ""EURUSD=X"": -3.939709, ""GBPUSD=X"": -7.779769, ""NZDUSD=X"": -10.939524}",2026-07-07 08:15:00+00:00,2026-07-23 02:50:00+00:00,15.774305555555555,90,5.705480959718248,34.44444444444444,25.44576592146297,44.71672065165598,-0.6670860181091565,0.43665138217372224,30.34475752192923,100.0,73.03165913020032,-26.968340869799704,-1.7096372816425962,max_drawdown 30.34%,0,"{""daily_loss"": 1296, ""gross_leverage"": 47, ""max_drawdown"": 8644, ""max_positions"": 32, ""sized_down"": 135}","{""AUDUSD=X"": -8.657239, ""EURUSD=X"": 0.24355, ""GBPUSD=X"": -17.604958, ""NZDUSD=X"": -0.949694}"
5m,5,1.5,12,0.1,opposite,False,101.55001240960844,2026-05-18 23:00:00+00:00,2026-07-07 08:15:00+00:00,49.385416666666664,25,0.5062223159670955,48.0,30.031003928960015,66.50178204685268,-0.6524088504426033,0.4326642987636305,9.335303132363634,100.0,91.75553864734523,-8.244461352654756,-0.16694121279368418,none,0,"{""sized_down"": 23}","{""AUDUSD=X"": -2.735546, ""EURUSD=X"": 0.3932, ""GBPUSD=X"": -0.61758, ""NZDUSD=X"": -5.284535}",2026-07-07 08:15:00+00:00,2026-07-23 02:50:00+00:00,15.774305555555555,6,0.3803653973145499,66.66666666666666,29.998832134152863,90.3230667440783,0.5298715925227141,1.8565869878617445,2.203634615797762,100.0,101.90536870888293,1.905368708882937,0.12078938766416153,none,0,"{""sized_down"": 6}","{""GBPUSD=X"": 0.964283, ""NZDUSD=X"": 0.941085}"
5m,5,1.5,12,0.1,opposite,True,100.43411578657704,2026-05-18 23:00:00+00:00,2026-07-07 08:15:00+00:00,49.385416666666664,33,0.6682134570765662,51.515151515151516,35.218104586210245,67.49621835307578,-0.5024427839304472,0.5964961879881447,7.773139012881046,100.0,93.31770276682782,-6.682297233172162,-0.13530911925427708,none,0,"{""gross_leverage"": 3, ""sized_down"": 34}","{""AUDUSD=X"": -1.738815, ""EURUSD=X"": 0.3932, ""GBPUSD=X"": -2.078581, ""NZDUSD=X"": -3.258101}",2026-07-07 08:15:00+00:00,2026-07-23 02:50:00+00:00,15.774305555555555,9,0.5705480959718248,66.66666666666666,35.419734749908976,87.9418401317257,0.5597541892661463,1.4332681661697797,2.51961527320119,100.0,101.5999856008801,1.5999856008801,0.101429859796053,none,0,"{""gross_leverage"": 2, ""sized_down"": 11}","{""AUDUSD=X"": -1.007783, ""GBPUSD=X"": 1.666683, ""NZDUSD=X"": 0.941085}"
5m,5,1.5,12,0.1,extension,False,-114.09173768144079,2026-05-18 23:00:00+00:00,2026-07-07 08:15:00+00:00,49.385416666666664,47,0.9516979540181397,38.297872340425535,25.79048266351308,52.573691556023675,-0.6738800132420846,0.34584994297037325,20.53472421507806,100.0,80.01654917938299,-19.983450820617,-0.4046427502170918,none,0,"{""gross_leverage"": 5, ""max_positions"": 2, ""sized_down"": 50}","{""AUDUSD=X"": -4.636027, ""EURUSD=X"": -2.263322, ""GBPUSD=X"": -5.10082, ""NZDUSD=X"": -7.983282}",2026-07-07 08:15:00+00:00,2026-07-23 02:50:00+00:00,15.774305555555555,20,1.2678846577151661,45.0,25.819502085709296,65.79179916924002,-0.49800164037341077,0.60646748219714,5.913846481376127,100.0,95.71737271581296,-4.282627284187055,-0.2714938714166568,none,0,"{""sized_down"": 20}","{""AUDUSD=X"": -0.038122, ""EURUSD=X"": -1.017794, ""GBPUSD=X"": -3.085197, ""NZDUSD=X"": -0.141515}"
5m,5,1.5,12,0.1,extension,True,-110.88099834754782,2026-05-18 23:00:00+00:00,2026-07-07 08:15:00+00:00,49.385416666666664,73,1.478169162623919,41.0958904109589,30.531095731906,52.55098480780166,-0.6276424137652427,0.42628904059597167,24.339938089559706,100.0,76.30227797372025,-23.697722026279724,-0.479852629091511,none,0,"{""gross_leverage"": 11, ""max_positions"": 4, ""sized_down"": 82}","{""AUDUSD=X"": -8.322457, ""EURUSD=X"": -4.349643, ""GBPUSD=X"": -7.915662, ""NZDUSD=X"": -3.10996}",2026-07-07 08:15:00+00:00,2026-07-23 02:50:00+00:00,15.774305555555555,29,1.838432753686991,48.275862068965516,31.385819330795222,65.56926202943086,-0.4401917341151849,0.5682749829994744,8.883229997166925,100.0,93.28855868611954,-6.71144131388048,-0.42546667365123886,none,0,"{""gross_leverage"": 2, ""sized_down"": 31}","{""AUDUSD=X"": -0.573809, ""EURUSD=X"": -1.017794, ""GBPUSD=X"": -5.541453, ""NZDUSD=X"": 0.421615}"
5m,5,1.5,12,0.3,opposite,False,101.55001240960844,2026-05-18 23:00:00+00:00,2026-07-07 08:15:00+00:00,49.385416666666664,25,0.5062223159670955,48.0,30.031003928960015,66.50178204685268,-0.6524088504426033,0.4326642987636305,9.335303132363634,100.0,91.75553864734523,-8.244461352654756,-0.16694121279368418,none,0,"{""sized_down"": 23}","{""AUDUSD=X"": -2.735546, ""EURUSD=X"": 0.3932, ""GBPUSD=X"": -0.61758, ""NZDUSD=X"": -5.284535}",2026-07-07 08:15:00+00:00,2026-07-23 02:50:00+00:00,15.774305555555555,6,0.3803653973145499,66.66666666666666,29.998832134152863,90.3230667440783,0.5298715925227141,1.8565869878617445,2.203634615797762,100.0,101.90536870888293,1.905368708882937,0.12078938766416153,none,0,"{""sized_down"": 6}","{""GBPUSD=X"": 0.964283, ""NZDUSD=X"": 0.941085}"
5m,5,1.5,12,0.3,opposite,True,100.43411578657704,2026-05-18 23:00:00+00:00,2026-07-07 08:15:00+00:00,49.385416666666664,33,0.6682134570765662,51.515151515151516,35.218104586210245,67.49621835307578,-0.5024427839304472,0.5964961879881447,7.773139012881046,100.0,93.31770276682782,-6.682297233172162,-0.13530911925427708,none,0,"{""gross_leverage"": 3, ""sized_down"": 34}","{""AUDUSD=X"": -1.738815, ""EURUSD=X"": 0.3932, ""GBPUSD=X"": -2.078581, ""NZDUSD=X"": -3.258101}",2026-07-07 08:15:00+00:00,2026-07-23 02:50:00+00:00,15.774305555555555,9,0.5705480959718248,66.66666666666666,35.419734749908976,87.9418401317257,0.5597541892661463,1.4332681661697797,2.51961527320119,100.0,101.5999856008801,1.5999856008801,0.101429859796053,none,0,"{""gross_leverage"": 2, ""sized_down"": 11}","{""AUDUSD=X"": -1.007783, ""GBPUSD=X"": 1.666683, ""NZDUSD=X"": 0.941085}"
5m,5,1.5,12,0.3,extension,False,-114.09173768144079,2026-05-18 23:00:00+00:00,2026-07-07 08:15:00+00:00,49.385416666666664,47,0.9516979540181397,38.297872340425535,25.79048266351308,52.573691556023675,-0.6738800132420846,0.34584994297037325,20.53472421507806,100.0,80.01654917938299,-19.983450820617,-0.4046427502170918,none,0,"{""gross_leverage"": 5, ""max_positions"": 2, ""sized_down"": 50}","{""AUDUSD=X"": -4.636027, ""EURUSD=X"": -2.263322, ""GBPUSD=X"": -5.10082, ""NZDUSD=X"": -7.983282}",2026-07-07 08:15:00+00:00,2026-07-23 02:50:00+00:00,15.774305555555555,20,1.2678846577151661,45.0,25.819502085709296,65.79179916924002,-0.49800164037341077,0.60646748219714,5.913846481376127,100.0,95.71737271581296,-4.282627284187055,-0.2714938714166568,none,0,"{""sized_down"": 20}","{""AUDUSD=X"": -0.038122, ""EURUSD=X"": -1.017794, ""GBPUSD=X"": -3.085197, ""NZDUSD=X"": -0.141515}"
5m,5,1.5,12,0.3,extension,True,-110.88099834754782,2026-05-18 23:00:00+00:00,2026-07-07 08:15:00+00:00,49.385416666666664,73,1.478169162623919,41.0958904109589,30.531095731906,52.55098480780166,-0.6276424137652427,0.42628904059597167,24.339938089559706,100.0,76.30227797372025,-23.697722026279724,-0.479852629091511,none,0,"{""gross_leverage"": 11, ""max_positions"": 4, ""sized_down"": 82}","{""AUDUSD=X"": -8.322457, ""EURUSD=X"": -4.349643, ""GBPUSD=X"": -7.915662, ""NZDUSD=X"": -3.10996}",2026-07-07 08:15:00+00:00,2026-07-23 02:50:00+00:00,15.774305555555555,29,1.838432753686991,48.275862068965516,31.385819330795222,65.56926202943086,-0.4401917341151849,0.5682749829994744,8.883229997166925,100.0,93.28855868611954,-6.71144131388048,-0.42546667365123886,none,0,"{""gross_leverage"": 2, ""sized_down"": 31}","{""AUDUSD=X"": -0.573809, ""EURUSD=X"": -1.017794, ""GBPUSD=X"": -5.541453, ""NZDUSD=X"": 0.421615}"
5m,5,1.5,20,0.1,opposite,False,101.55001240960844,2026-05-18 23:00:00+00:00,2026-07-07 08:15:00+00:00,49.385416666666664,20,0.4049778527736765,40.0,21.880396741419272,61.342205768479396,-0.8746315429262037,0.337585408378969,9.482836929218877,100.0,91.60800485048999,-8.39199514951001,-0.16992860880678357,none,0,"{""sized_down"": 18}","{""AUDUSD=X"": -3.469405, ""GBPUSD=X"": -1.107549, ""NZDUSD=X"": -3.815041}",2026-07-07 08:15:00+00:00,2026-07-23 02:50:00+00:00,15.774305555555555,6,0.3803653973145499,66.66666666666666,29.998832134152863,90.3230667440783,0.5298715925227141,1.8565869878617445,2.203634615797762,100.0,101.90536870888293,1.905368708882937,0.12078938766416153,none,0,"{""sized_down"": 6}","{""GBPUSD=X"": 0.964283, ""NZDUSD=X"": 0.941085}"
5m,5,1.5,20,0.1,opposite,True,100.43411578657704,2026-05-18 23:00:00+00:00,2026-07-07 08:15:00+00:00,49.385416666666664,34,0.68846234971525,50.0,34.06906262804898,65.93093737195102,-0.546578214925886,0.570447747197391,8.529351789099252,100.0,92.56148999060962,-7.43851000939036,-0.1506215905719204,none,0,"{""gross_leverage"": 3, ""sized_down"": 35}","{""AUDUSD=X"": -2.495028, ""EURUSD=X"": 0.3932, ""GBPUSD=X"": -2.078581, ""NZDUSD=X"": -3.258101}",2026-07-07 08:15:00+00:00,2026-07-23 02:50:00+00:00,15.774305555555555,9,0.5705480959718248,66.66666666666666,35.419734749908976,87.9418401317257,0.5597541892661463,1.4332681661697797,2.51961527320119,100.0,101.5999856008801,1.5999856008801,0.101429859796053,none,0,"{""gross_leverage"": 2, ""sized_down"": 11}","{""AUDUSD=X"": -1.007783, ""GBPUSD=X"": 1.666683, ""NZDUSD=X"": 0.941085}"
5m,5,1.5,20,0.1,extension,False,-116.1270393133145,2026-05-18 23:00:00+00:00,2026-07-07 08:15:00+00:00,49.385416666666664,37,0.7492090276313015,35.13513513513514,21.82540663110087,51.24127048243044,-0.7832166832451294,0.3049958126130695,16.932510047631013,100.0,83.63695551156971,-16.363044488430287,-0.33133353108823194,none,0,"{""gross_leverage"": 4, ""sized_down"": 39}","{""AUDUSD=X"": -5.628539, ""EURUSD=X"": -2.560331, ""GBPUSD=X"": -6.030008, ""NZDUSD=X"": -2.144167}",2026-07-07 08:15:00+00:00,2026-07-23 02:50:00+00:00,15.774305555555555,17,1.0777019590578913,41.17647058823529,21.610786039131384,63.994925614484465,-0.5152663973692643,0.5797505718529954,6.106780274935417,100.0,95.80443669523413,-4.1955633047658765,-0.26597451722926974,none,0,"{""sized_down"": 17}","{""AUDUSD=X"": -0.038122, ""EURUSD=X"": -1.017794, ""GBPUSD=X"": -2.600648, ""NZDUSD=X"": -0.539}"
5m,5,1.5,20,0.1,extension,True,-118.7320493983554,2026-05-18 23:00:00+00:00,2026-07-07 08:15:00+00:00,49.385416666666664,78,1.5794136258173381,41.02564102564102,30.781733134445222,52.11205193329539,-0.6333634949573294,0.4094501501003989,26.685944356307132,100.0,74.21755775315472,-25.782442246845257,-0.5220659050194357,none,0,"{""gross_leverage"": 12, ""max_positions"": 4, ""sized_down"": 87}","{""AUDUSD=X"": -9.07867, ""EURUSD=X"": -4.687119, ""GBPUSD=X"": -7.643824, ""NZDUSD=X"": -4.372829}",2026-07-07 08:15:00+00:00,2026-07-23 02:50:00+00:00,15.774305555555555,32,2.028615452344266,46.875,30.869129901682335,63.55076206742619,-0.5167055612186726,0.5019859791582936,11.134430849193592,100.0,91.1644460931838,-8.83555390681622,-0.5601231620433791,none,0,"{""gross_leverage"": 2, ""sized_down"": 34}","{""AUDUSD=X"": -1.876811, ""EURUSD=X"": -1.017794, ""GBPUSD=X"": -6.362563, ""NZDUSD=X"": 0.421615}"
5m,5,1.5,20,0.3,opposite,False,101.55001240960844,2026-05-18 23:00:00+00:00,2026-07-07 08:15:00+00:00,49.385416666666664,20,0.4049778527736765,40.0,21.880396741419272,61.342205768479396,-0.8746315429262037,0.337585408378969,9.482836929218877,100.0,91.60800485048999,-8.39199514951001,-0.16992860880678357,none,0,"{""sized_down"": 18}","{""AUDUSD=X"": -3.469405, ""GBPUSD=X"": -1.107549, ""NZDUSD=X"": -3.815041}",2026-07-07 08:15:00+00:00,2026-07-23 02:50:00+00:00,15.774305555555555,6,0.3803653973145499,66.66666666666666,29.998832134152863,90.3230667440783,0.5298715925227141,1.8565869878617445,2.203634615797762,100.0,101.90536870888293,1.905368708882937,0.12078938766416153,none,0,"{""sized_down"": 6}","{""GBPUSD=X"": 0.964283, ""NZDUSD=X"": 0.941085}"
5m,5,1.5,20,0.3,opposite,True,100.43411578657704,2026-05-18 23:00:00+00:00,2026-07-07 08:15:00+00:00,49.385416666666664,34,0.68846234971525,50.0,34.06906262804898,65.93093737195102,-0.546578214925886,0.570447747197391,8.529351789099252,100.0,92.56148999060962,-7.43851000939036,-0.1506215905719204,none,0,"{""gross_leverage"": 3, ""sized_down"": 35}","{""AUDUSD=X"": -2.495028, ""EURUSD=X"": 0.3932, ""GBPUSD=X"": -2.078581, ""NZDUSD=X"": -3.258101}",2026-07-07 08:15:00+00:00,2026-07-23 02:50:00+00:00,15.774305555555555,9,0.5705480959718248,66.66666666666666,35.419734749908976,87.9418401317257,0.5597541892661463,1.4332681661697797,2.51961527320119,100.0,101.5999856008801,1.5999856008801,0.101429859796053,none,0,"{""gross_leverage"": 2, ""sized_down"": 11}","{""AUDUSD=X"": -1.007783, ""GBPUSD=X"": 1.666683, ""NZDUSD=X"": 0.941085}"
5m,5,1.5,20,0.3,extension,False,-116.1270393133145,2026-05-18 23:00:00+00:00,2026-07-07 08:15:00+00:00,49.385416666666664,37,0.7492090276313015,35.13513513513514,21.82540663110087,51.24127048243044,-0.7832166832451294,0.3049958126130695,16.932510047631013,100.0,83.63695551156971,-16.363044488430287,-0.33133353108823194,none,0,"{""gross_leverage"": 4, ""sized_down"": 39}","{""AUDUSD=X"": -5.628539, ""EURUSD=X"": -2.560331, ""GBPUSD=X"": -6.030008, ""NZDUSD=X"": -2.144167}",2026-07-07 08:15:00+00:00,2026-07-23 02:50:00+00:00,15.774305555555555,17,1.0777019590578913,41.17647058823529,21.610786039131384,63.994925614484465,-0.5152663973692643,0.5797505718529954,6.106780274935417,100.0,95.80443669523413,-4.1955633047658765,-0.26597451722926974,none,0,"{""sized_down"": 17}","{""AUDUSD=X"": -0.038122, ""EURUSD=X"": -1.017794, ""GBPUSD=X"": -2.600648, ""NZDUSD=X"": -0.539}"
5m,5,1.5,20,0.3,extension,True,-118.7320493983554,2026-05-18 23:00:00+00:00,2026-07-07 08:15:00+00:00,49.385416666666664,78,1.5794136258173381,41.02564102564102,30.781733134445222,52.11205193329539,-0.6333634949573294,0.4094501501003989,26.685944356307132,100.0,74.21755775315472,-25.782442246845257,-0.5220659050194357,none,0,"{""gross_leverage"": 12, ""max_positions"": 4, ""sized_down"": 87}","{""AUDUSD=X"": -9.07867, ""EURUSD=X"": -4.687119, ""GBPUSD=X"": -7.643824, ""NZDUSD=X"": -4.372829}",2026-07-07 08:15:00+00:00,2026-07-23 02:50:00+00:00,15.774305555555555,32,2.028615452344266,46.875,30.869129901682335,63.55076206742619,-0.5167055612186726,0.5019859791582936,11.134430849193592,100.0,91.1644460931838,-8.83555390681622,-0.5601231620433791,none,0,"{""gross_leverage"": 2, ""sized_down"": 34}","{""AUDUSD=X"": -1.876811, ""EURUSD=X"": -1.017794, ""GBPUSD=X"": -6.362563, ""NZDUSD=X"": 0.421615}"
5m,5,2.5,12,0.1,opposite,False,-160.9833818819377,2026-05-18 23:00:00+00:00,2026-07-07 08:15:00+00:00,49.385416666666664,124,2.510862687196794,39.516129032258064,31.350561318429698,48.31177081758861,-0.6917439983413914,0.4595169264191028,30.372441821609996,100.0,69.62755817839,-30.37244182160999,-0.6150083136204512,max_drawdown 30.37%,0,"{""gross_leverage"": 24, ""max_drawdown"": 16816, ""max_positions"": 14, ""sized_down"": 140}","{""AUDUSD=X"": -5.561231, ""EURUSD=X"": -7.732494, ""GBPUSD=X"": -9.341605, ""NZDUSD=X"": -7.737112}",2026-07-07 08:15:00+00:00,2026-07-23 02:50:00+00:00,15.774305555555555,68,4.310807836231565,35.294117647058826,25.001810580154483,47.15916579008227,-0.9164798064285848,0.24150571688553849,26.565468163492483,100.0,73.43453183650752,-26.565468163492444,-1.6840974754756382,none,0,"{""gross_leverage"": 5, ""max_positions"": 12, ""sized_down"": 71}","{""AUDUSD=X"": -2.217794, ""EURUSD=X"": -0.374609, ""GBPUSD=X"": -10.203007, ""NZDUSD=X"": -13.770058}"
5m,5,2.5,12,0.1,opposite,True,-145.07636100012314,2026-05-18 23:00:00+00:00,2026-07-07 08:15:00+00:00,49.385416666666664,126,2.551360472474162,41.269841269841265,33.05590263103976,50.00037517206803,-0.6905164265335003,0.5040143921640327,30.087865169395005,100.0,70.90255776303081,-29.097442236969187,-0.5891909839166931,max_drawdown 30.09%,0,"{""gross_leverage"": 28, ""max_drawdown"": 26168, ""max_positions"": 16, ""sized_down"": 147}","{""AUDUSD=X"": -8.571418, ""EURUSD=X"": -4.41467, ""GBPUSD=X"": -7.610093, ""NZDUSD=X"": -8.501262}",2026-07-07 08:15:00+00:00,2026-07-23 02:50:00+00:00,15.774305555555555,96,6.085846357032798,37.5,28.47245670539583,47.48946698172457,-0.7105215898630339,0.36816341790727475,30.79422085149035,100.0,69.20577914850965,-30.794220851490362,-1.9521760081948545,max_drawdown 30.79%,0,"{""gross_leverage"": 12, ""max_drawdown"": 3160, ""max_positions"": 14, ""sized_down"": 107}","{""AUDUSD=X"": -12.072613, ""EURUSD=X"": 2.438432, ""GBPUSD=X"": -10.400535, ""NZDUSD=X"": -10.759504}"
5m,5,2.5,12,0.1,extension,False,-155.46129000319405,2026-05-18 23:00:00+00:00,2026-07-07 08:15:00+00:00,49.385416666666664,96,1.943893693313647,32.29166666666667,23.775702086652156,42.17035647010175,-0.7144022440677151,0.4091593162653121,30.315623297794623,100.0,71.26166257722068,-28.738337422779352,-0.5819195090881286,max_drawdown 30.32%,0,"{""gross_leverage"": 24, ""max_drawdown"": 29100, ""max_positions"": 30, ""sized_down"": 111}","{""AUDUSD=X"": -9.249905, ""EURUSD=X"": -5.396155, ""GBPUSD=X"": -5.08623, ""NZDUSD=X"": -9.006047}",2026-07-07 08:15:00+00:00,2026-07-23 02:50:00+00:00,15.774305555555555,60,3.8036539731454986,31.666666666666664,21.305705841174333,44.234004943016544,-0.8149107141593385,0.19212739813561885,30.19903236698873,100.0,69.90007723944397,-30.09992276055601,-1.9081615133260248,max_drawdown 30.20%,0,"{""daily_loss"": 818, ""gross_leverage"": 6, ""max_drawdown"": 5508, ""max_positions"": 12, ""sized_down"": 62}","{""AUDUSD=X"": -2.979663, ""EURUSD=X"": -0.751119, ""GBPUSD=X"": -11.507351, ""NZDUSD=X"": -14.86179}"
5m,5,2.5,12,0.1,extension,True,-135.4096109278903,2026-05-18 23:00:00+00:00,2026-07-07 08:15:00+00:00,49.385416666666664,130,2.632356043028897,38.46153846153847,30.54379513321147,47.041649153168855,-0.6192072485552191,0.5273919267610341,30.50129630867501,100.0,70.67860791427782,-29.321392085722174,-0.5937257203605418,max_drawdown 30.50%,0,"{""gross_leverage"": 44, ""max_drawdown"": 30580, ""max_positions"": 44, ""sized_down"": 163}","{""AUDUSD=X"": -13.617811, ""EURUSD=X"": -5.355264, ""GBPUSD=X"": -2.596518, ""NZDUSD=X"": -7.751799}",2026-07-07 08:15:00+00:00,2026-07-23 02:50:00+00:00,15.774305555555555,95,6.02245212414704,37.89473684210527,28.789651358466834,47.940794121978655,-0.593005046620251,0.3634539083525876,30.22581567457748,100.0,69.77418432542252,-30.225815674577493,-1.9161423980361696,max_drawdown 30.23%,0,"{""daily_loss"": 507, ""gross_leverage"": 20, ""max_drawdown"": 5440, ""max_positions"": 14, ""sized_down"": 111}","{""AUDUSD=X"": -5.803865, ""EURUSD=X"": 2.078063, ""GBPUSD=X"": -15.224921, ""NZDUSD=X"": -11.275092}"
5m,5,2.5,12,0.3,opposite,False,-160.9833818819377,2026-05-18 23:00:00+00:00,2026-07-07 08:15:00+00:00,49.385416666666664,124,2.510862687196794,39.516129032258064,31.350561318429698,48.31177081758861,-0.6917439983413914,0.4595169264191028,30.372441821609996,100.0,69.62755817839,-30.37244182160999,-0.6150083136204512,max_drawdown 30.37%,0,"{""gross_leverage"": 24, ""max_drawdown"": 16816, ""max_positions"": 14, ""sized_down"": 140}","{""AUDUSD=X"": -5.561231, ""EURUSD=X"": -7.732494, ""GBPUSD=X"": -9.341605, ""NZDUSD=X"": -7.737112}",2026-07-07 08:15:00+00:00,2026-07-23 02:50:00+00:00,15.774305555555555,68,4.310807836231565,35.294117647058826,25.001810580154483,47.15916579008227,-0.9164798064285848,0.24150571688553849,26.565468163492483,100.0,73.43453183650752,-26.565468163492444,-1.6840974754756382,none,0,"{""gross_leverage"": 5, ""max_positions"": 12, ""sized_down"": 71}","{""AUDUSD=X"": -2.217794, ""EURUSD=X"": -0.374609, ""GBPUSD=X"": -10.203007, ""NZDUSD=X"": -13.770058}"
5m,5,2.5,12,0.3,opposite,True,-145.07636100012314,2026-05-18 23:00:00+00:00,2026-07-07 08:15:00+00:00,49.385416666666664,126,2.551360472474162,41.269841269841265,33.05590263103976,50.00037517206803,-0.6905164265335003,0.5040143921640327,30.087865169395005,100.0,70.90255776303081,-29.097442236969187,-0.5891909839166931,max_drawdown 30.09%,0,"{""gross_leverage"": 28, ""max_drawdown"": 26168, ""max_positions"": 16, ""sized_down"": 147}","{""AUDUSD=X"": -8.571418, ""EURUSD=X"": -4.41467, ""GBPUSD=X"": -7.610093, ""NZDUSD=X"": -8.501262}",2026-07-07 08:15:00+00:00,2026-07-23 02:50:00+00:00,15.774305555555555,96,6.085846357032798,37.5,28.47245670539583,47.48946698172457,-0.7105215898630339,0.36816341790727475,30.79422085149035,100.0,69.20577914850965,-30.794220851490362,-1.9521760081948545,max_drawdown 30.79%,0,"{""gross_leverage"": 12, ""max_drawdown"": 3160, ""max_positions"": 14, ""sized_down"": 107}","{""AUDUSD=X"": -12.072613, ""EURUSD=X"": 2.438432, ""GBPUSD=X"": -10.400535, ""NZDUSD=X"": -10.759504}"
5m,5,2.5,12,0.3,extension,False,-155.46129000319405,2026-05-18 23:00:00+00:00,2026-07-07 08:15:00+00:00,49.385416666666664,96,1.943893693313647,32.29166666666667,23.775702086652156,42.17035647010175,-0.7144022440677151,0.4091593162653121,30.315623297794623,100.0,71.26166257722068,-28.738337422779352,-0.5819195090881286,max_drawdown 30.32%,0,"{""gross_leverage"": 24, ""max_drawdown"": 29100, ""max_positions"": 30, ""sized_down"": 111}","{""AUDUSD=X"": -9.249905, ""EURUSD=X"": -5.396155, ""GBPUSD=X"": -5.08623, ""NZDUSD=X"": -9.006047}",2026-07-07 08:15:00+00:00,2026-07-23 02:50:00+00:00,15.774305555555555,60,3.8036539731454986,31.666666666666664,21.305705841174333,44.234004943016544,-0.8149107141593385,0.19212739813561885,30.19903236698873,100.0,69.90007723944397,-30.09992276055601,-1.9081615133260248,max_drawdown 30.20%,0,"{""daily_loss"": 818, ""gross_leverage"": 6, ""max_drawdown"": 5508, ""max_positions"": 12, ""sized_down"": 62}","{""AUDUSD=X"": -2.979663, ""EURUSD=X"": -0.751119, ""GBPUSD=X"": -11.507351, ""NZDUSD=X"": -14.86179}"
5m,5,2.5,12,0.3,extension,True,-135.4096109278903,2026-05-18 23:00:00+00:00,2026-07-07 08:15:00+00:00,49.385416666666664,130,2.632356043028897,38.46153846153847,30.54379513321147,47.041649153168855,-0.6192072485552191,0.5273919267610341,30.50129630867501,100.0,70.67860791427782,-29.321392085722174,-0.5937257203605418,max_drawdown 30.50%,0,"{""gross_leverage"": 44, ""max_drawdown"": 30580, ""max_positions"": 44, ""sized_down"": 163}","{""AUDUSD=X"": -13.617811, ""EURUSD=X"": -5.355264, ""GBPUSD=X"": -2.596518, ""NZDUSD=X"": -7.751799}",2026-07-07 08:15:00+00:00,2026-07-23 02:50:00+00:00,15.774305555555555,95,6.02245212414704,37.89473684210527,28.789651358466834,47.940794121978655,-0.593005046620251,0.3634539083525876,30.22581567457748,100.0,69.77418432542252,-30.225815674577493,-1.9161423980361696,max_drawdown 30.23%,0,"{""daily_loss"": 507, ""gross_leverage"": 20, ""max_drawdown"": 5440, ""max_positions"": 14, ""sized_down"": 111}","{""AUDUSD=X"": -5.803865, ""EURUSD=X"": 2.078063, ""GBPUSD=X"": -15.224921, ""NZDUSD=X"": -11.275092}"
5m,5,2.5,20,0.1,opposite,False,-170.35540528798916,2026-05-18 23:00:00+00:00,2026-07-07 08:15:00+00:00,49.385416666666664,110,2.2273781902552203,35.45454545454545,27.14400375949107,44.74676376310173,-0.759182770083708,0.43874927902814287,30.272980034757076,100.0,70.21499797531438,-29.785002024685642,-0.6031133082408399,max_drawdown 30.27%,0,"{""gross_leverage"": 18, ""max_drawdown"": 15544, ""max_positions"": 14, ""sized_down"": 120}","{""AUDUSD=X"": -6.646628, ""EURUSD=X"": -7.096012, ""GBPUSD=X"": -10.847858, ""NZDUSD=X"": -5.194504}",2026-07-07 08:15:00+00:00,2026-07-23 02:50:00+00:00,15.774305555555555,50,3.1697116442879154,32.0,20.758044093999402,45.810557136276074,-1.0609745098243608,0.2178311720058156,20.828072413888847,100.0,79.17192758611115,-20.828072413888812,-1.3203796731675055,none,0,"{""gross_leverage"": 4, ""max_positions"": 6, ""sized_down"": 52}","{""AUDUSD=X"": -1.734118, ""EURUSD=X"": -0.374609, ""GBPUSD=X"": -10.657576, ""NZDUSD=X"": -8.06177}"
5m,5,2.5,20,0.1,opposite,True,-135.0111264435946,2026-05-18 23:00:00+00:00,2026-07-07 08:15:00+00:00,49.385416666666664,126,2.551360472474162,42.06349206349206,33.80368812599529,50.79292805864816,-0.6060468365162739,0.4888298097857169,30.06062887881055,100.0,70.93017990146349,-29.06982009853651,-0.588631666201119,max_drawdown 30.06%,0,"{""daily_loss"": 183, ""gross_leverage"": 33, ""max_drawdown"": 29180, ""max_positions"": 28, ""sized_down"": 149}","{""AUDUSD=X"": -7.313168, ""EURUSD=X"": -5.325675, ""GBPUSD=X"": -7.036219, ""NZDUSD=X"": -9.394758}",2026-07-07 08:15:00+00:00,2026-07-23 02:50:00+00:00,15.774305555555555,92,5.8322694254897645,40.21739130434783,30.78479905397603,50.43421231478242,-0.5912256956216246,0.37722456077285366,30.229424938986472,100.0,69.77057506101353,-30.229424938986455,-1.9163712045846575,max_drawdown 30.23%,0,"{""daily_loss"": 682, ""gross_leverage"": 16, ""max_drawdown"": 3284, ""max_positions"": 14, ""sized_down"": 107}","{""AUDUSD=X"": -12.22846, ""EURUSD=X"": 2.944189, ""GBPUSD=X"": -10.990576, ""NZDUSD=X"": -9.954579}"
5m,5,2.5,20,0.1,extension,False,-157.4572361931253,2026-05-18 23:00:00+00:00,2026-07-07 08:15:00+00:00,49.385416666666664,83,1.6806580890107572,26.506024096385545,18.20428444321653,36.886363356916135,-0.8559808271974801,0.3544734967387381,30.237781271090462,100.0,70.90846867442183,-29.091531325578206,-0.5890712945065404,max_drawdown 30.24%,0,"{""gross_leverage"": 19, ""max_drawdown"": 29076, ""max_positions"": 22, ""sized_down"": 93}","{""AUDUSD=X"": -10.510475, ""EURUSD=X"": -6.454163, ""GBPUSD=X"": -4.781054, ""NZDUSD=X"": -7.345839}",2026-07-07 08:15:00+00:00,2026-07-23 02:50:00+00:00,15.774305555555555,75,4.754567466431873,34.66666666666667,24.882118363617924,45.94546504412621,-0.8569451993746308,0.24101424553752962,29.107962068149618,100.0,70.9069076754362,-29.09309232456377,-1.8443342701902632,daily_loss 8.58%,0,"{""daily_loss"": 335, ""gross_leverage"": 7, ""max_positions"": 6, ""sized_down"": 77}","{""AUDUSD=X"": -2.043077, ""EURUSD=X"": -1.372595, ""GBPUSD=X"": -11.563848, ""NZDUSD=X"": -14.113573}"
5m,5,2.5,20,0.1,extension,True,-132.49899244037255,2026-05-18 23:00:00+00:00,2026-07-07 08:15:00+00:00,49.385416666666664,139,2.8145960767770513,39.568345323741006,31.824718315098842,47.87307280457497,-0.5800347217578647,0.5498603596493997,30.160825117600094,100.0,71.19086067829893,-28.809139321701075,-0.5833531691380096,max_drawdown 30.16%,0,"{""gross_leverage"": 51, ""max_drawdown"": 30720, ""max_positions"": 40, ""sized_down"": 176}","{""AUDUSD=X"": -9.24309, ""EURUSD=X"": -6.512959, ""GBPUSD=X"": -3.326395, ""NZDUSD=X"": -9.726696}",2026-07-07 08:15:00+00:00,2026-07-23 02:50:00+00:00,15.774305555555555,104,6.593000220118864,38.46153846153847,29.681114368929627,48.06402294357316,-0.5602001045123518,0.39392841669854256,30.45986906783916,100.0,69.54013093216084,-30.459869067839186,-1.9309800333563032,max_drawdown 30.46%,0,"{""gross_leverage"": 22, ""max_drawdown"": 6332, ""max_positions"": 20, ""sized_down"": 122}","{""AUDUSD=X"": -6.838215, ""EURUSD=X"": 2.546271, ""GBPUSD=X"": -17.11962, ""NZDUSD=X"": -9.048306}"
5m,5,2.5,20,0.3,opposite,False,-170.35540528798916,2026-05-18 23:00:00+00:00,2026-07-07 08:15:00+00:00,49.385416666666664,110,2.2273781902552203,35.45454545454545,27.14400375949107,44.74676376310173,-0.759182770083708,0.43874927902814287,30.272980034757076,100.0,70.21499797531438,-29.785002024685642,-0.6031133082408399,max_drawdown 30.27%,0,"{""gross_leverage"": 18, ""max_drawdown"": 15544, ""max_positions"": 14, ""sized_down"": 120}","{""AUDUSD=X"": -6.646628, ""EURUSD=X"": -7.096012, ""GBPUSD=X"": -10.847858, ""NZDUSD=X"": -5.194504}",2026-07-07 08:15:00+00:00,2026-07-23 02:50:00+00:00,15.774305555555555,50,3.1697116442879154,32.0,20.758044093999402,45.810557136276074,-1.0609745098243608,0.2178311720058156,20.828072413888847,100.0,79.17192758611115,-20.828072413888812,-1.3203796731675055,none,0,"{""gross_leverage"": 4, ""max_positions"": 6, ""sized_down"": 52}","{""AUDUSD=X"": -1.734118, ""EURUSD=X"": -0.374609, ""GBPUSD=X"": -10.657576, ""NZDUSD=X"": -8.06177}"
5m,5,2.5,20,0.3,opposite,True,-135.0111264435946,2026-05-18 23:00:00+00:00,2026-07-07 08:15:00+00:00,49.385416666666664,126,2.551360472474162,42.06349206349206,33.80368812599529,50.79292805864816,-0.6060468365162739,0.4888298097857169,30.06062887881055,100.0,70.93017990146349,-29.06982009853651,-0.588631666201119,max_drawdown 30.06%,0,"{""daily_loss"": 183, ""gross_leverage"": 33, ""max_drawdown"": 29180, ""max_positions"": 28, ""sized_down"": 149}","{""AUDUSD=X"": -7.313168, ""EURUSD=X"": -5.325675, ""GBPUSD=X"": -7.036219, ""NZDUSD=X"": -9.394758}",2026-07-07 08:15:00+00:00,2026-07-23 02:50:00+00:00,15.774305555555555,92,5.8322694254897645,40.21739130434783,30.78479905397603,50.43421231478242,-0.5912256956216246,0.37722456077285366,30.229424938986472,100.0,69.77057506101353,-30.229424938986455,-1.9163712045846575,max_drawdown 30.23%,0,"{""daily_loss"": 682, ""gross_leverage"": 16, ""max_drawdown"": 3284, ""max_positions"": 14, ""sized_down"": 107}","{""AUDUSD=X"": -12.22846, ""EURUSD=X"": 2.944189, ""GBPUSD=X"": -10.990576, ""NZDUSD=X"": -9.954579}"
5m,5,2.5,20,0.3,extension,False,-157.4572361931253,2026-05-18 23:00:00+00:00,2026-07-07 08:15:00+00:00,49.385416666666664,83,1.6806580890107572,26.506024096385545,18.20428444321653,36.886363356916135,-0.8559808271974801,0.3544734967387381,30.237781271090462,100.0,70.90846867442183,-29.091531325578206,-0.5890712945065404,max_drawdown 30.24%,0,"{""gross_leverage"": 19, ""max_drawdown"": 29076, ""max_positions"": 22, ""sized_down"": 93}","{""AUDUSD=X"": -10.510475, ""EURUSD=X"": -6.454163, ""GBPUSD=X"": -4.781054, ""NZDUSD=X"": -7.345839}",2026-07-07 08:15:00+00:00,2026-07-23 02:50:00+00:00,15.774305555555555,75,4.754567466431873,34.66666666666667,24.882118363617924,45.94546504412621,-0.8569451993746308,0.24101424553752962,29.107962068149618,100.0,70.9069076754362,-29.09309232456377,-1.8443342701902632,daily_loss 8.58%,0,"{""daily_loss"": 335, ""gross_leverage"": 7, ""max_positions"": 6, ""sized_down"": 77}","{""AUDUSD=X"": -2.043077, ""EURUSD=X"": -1.372595, ""GBPUSD=X"": -11.563848, ""NZDUSD=X"": -14.113573}"
5m,5,2.5,20,0.3,extension,True,-132.49899244037255,2026-05-18 23:00:00+00:00,2026-07-07 08:15:00+00:00,49.385416666666664,139,2.8145960767770513,39.568345323741006,31.824718315098842,47.87307280457497,-0.5800347217578647,0.5498603596493997,30.160825117600094,100.0,71.19086067829893,-28.809139321701075,-0.5833531691380096,max_drawdown 30.16%,0,"{""gross_leverage"": 51, ""max_drawdown"": 30720, ""max_positions"": 40, ""sized_down"": 176}","{""AUDUSD=X"": -9.24309, ""EURUSD=X"": -6.512959, ""GBPUSD=X"": -3.326395, ""NZDUSD=X"": -9.726696}",2026-07-07 08:15:00+00:00,2026-07-23 02:50:00+00:00,15.774305555555555,104,6.593000220118864,38.46153846153847,29.681114368929627,48.06402294357316,-0.5602001045123518,0.39392841669854256,30.45986906783916,100.0,69.54013093216084,-30.459869067839186,-1.9309800333563032,max_drawdown 30.46%,0,"{""gross_leverage"": 22, ""max_drawdown"": 6332, ""max_positions"": 20, ""sized_down"": 122}","{""AUDUSD=X"": -6.838215, ""EURUSD=X"": 2.546271, ""GBPUSD=X"": -17.11962, ""NZDUSD=X"": -9.048306}"
5m,5,4.0,12,0.1,opposite,False,-156.253990816811,2026-05-18 23:00:00+00:00,2026-07-07 08:15:00+00:00,49.385416666666664,92,1.8628981227589116,33.69565217391305,24.86345952356762,43.834892757696466,-0.7923471242085406,0.3480804593904015,30.154538122415573,100.0,69.84546187758443,-30.154538122415605,-0.6105960050098921,max_drawdown 30.15%,0,"{""daily_loss"": 307, ""gross_leverage"": 19, ""max_drawdown"": 30596, ""max_positions"": 16, ""sized_down"": 104}","{""AUDUSD=X"": -4.491645, ""EURUSD=X"": -3.049371, ""GBPUSD=X"": -12.158402, ""NZDUSD=X"": -10.45512}",2026-07-07 08:15:00+00:00,2026-07-23 02:50:00+00:00,15.774305555555555,80,5.0715386308606645,30.0,21.064429162615706,40.7683602879673,-0.8358279045763923,0.294276092084818,30.31254982710061,100.0,69.68745017289939,-30.312549827100597,-1.921640843100368,max_drawdown 30.31%,0,"{""daily_loss"": 423, ""gross_leverage"": 16, ""max_drawdown"": 4024, ""max_positions"": 42, ""sized_down"": 93}","{""AUDUSD=X"": -5.531035, ""EURUSD=X"": 1.19381, ""GBPUSD=X"": -15.583077, ""NZDUSD=X"": -10.392248}"
5m,5,4.0,12,0.1,opposite,True,-149.6135700729462,2026-05-18 23:00:00+00:00,2026-07-07 08:15:00+00:00,49.385416666666664,120,2.429867116642059,40.833333333333336,32.455990283507155,49.77938135251822,-0.524980995948386,0.5315739641779302,30.009409213988143,100.0,70.68369330865633,-29.316306691343765,-0.5936227467557481,max_drawdown 30.01%,0,"{""daily_loss"": 1184, ""gross_leverage"": 43, ""max_drawdown"": 32221, ""max_positions"": 12, ""sized_down"": 154}","{""AUDUSD=X"": -6.983877, ""EURUSD=X"": -6.902269, ""GBPUSD=X"": -12.018209, ""NZDUSD=X"": -3.411952}",2026-07-07 08:15:00+00:00,2026-07-23 02:50:00+00:00,15.774305555555555,90,5.705480959718248,32.22222222222222,23.466628727198596,42.433355927794494,-0.7557022712610373,0.30928048160941835,30.701012389320013,100.0,69.29898761067999,-30.701012389320045,-1.946267129237106,max_drawdown 30.70%,0,"{""daily_loss"": 826, ""gross_leverage"": 25, ""max_drawdown"": 7808, ""max_positions"": 51, ""sized_down"": 114}","{""AUDUSD=X"": -11.454215, ""EURUSD=X"": 2.091199, ""GBPUSD=X"": -16.342853, ""NZDUSD=X"": -4.995144}"
5m,5,4.0,12,0.1,extension,False,-144.2527062281332,2026-05-18 23:00:00+00:00,2026-07-07 08:15:00+00:00,49.385416666666664,88,1.7819025522041765,29.545454545454547,21.030723719315763,39.77135289955849,-0.7803255052881035,0.3622557152159798,30.405571258919707,100.0,69.59442874108029,-30.405571258919714,-0.6156791480397158,max_drawdown 30.10%,0,"{""gross_leverage"": 28, ""max_drawdown"": 31826, ""max_positions"": 16, ""sized_down"": 109}","{""AUDUSD=X"": -6.721026, ""EURUSD=X"": -4.327022, ""GBPUSD=X"": -7.999984, ""NZDUSD=X"": -11.35754}",2026-07-07 08:15:00+00:00,2026-07-23 02:50:00+00:00,15.774305555555555,79,5.008144397974906,34.177215189873415,24.670818573119845,45.15110664319659,-0.692626545168534,0.3264788451770042,30.380438941702764,100.0,71.1059790032236,-28.894020996776398,-1.8317142960756334,max_drawdown 30.38%,0,"{""daily_loss"": 1137, ""gross_leverage"": 19, ""max_drawdown"": 5508, ""max_positions"": 58, ""sized_down"": 90}","{""AUDUSD=X"": -6.462239, ""EURUSD=X"": 1.715737, ""GBPUSD=X"": -12.997232, ""NZDUSD=X"": -11.150287}"
5m,5,4.0,12,0.1,extension,True,-144.81555233463848,2026-05-18 23:00:00+00:00,2026-07-07 08:15:00+00:00,49.385416666666664,126,2.551360472474162,34.92063492063492,27.1546946719581,43.57887607886445,-0.6033369387643405,0.5166659472595743,30.33261621168836,100.0,69.66738378831164,-30.3326162116884,-0.6142018891208788,max_drawdown 30.33%,0,"{""daily_loss"": 870, ""gross_leverage"": 57, ""max_drawdown"": 32701, ""max_positions"": 18, ""sized_down"": 174}","{""AUDUSD=X"": -7.879359, ""EURUSD=X"": -7.395155, ""GBPUSD=X"": -11.85046, ""NZDUSD=X"": -3.207642}",2026-07-07 08:15:00+00:00,2026-07-23 02:50:00+00:00,15.774305555555555,102,6.466211754347348,34.31372549019608,25.820365661589832,43.94577543982965,-0.7015583744134524,0.3595466243748611,31.21119153329269,100.0,68.78880846670731,-31.211191533292766,-1.9786095447035696,max_drawdown 31.21%,0,"{""daily_loss"": 826, ""gross_leverage"": 41, ""max_drawdown"": 7796, ""max_positions"": 69, ""sized_down"": 140}","{""AUDUSD=X"": -13.488137, ""EURUSD=X"": 2.129621, ""GBPUSD=X"": -16.787576, ""NZDUSD=X"": -3.065099}"
5m,5,4.0,12,0.3,opposite,False,-156.253990816811,2026-05-18 23:00:00+00:00,2026-07-07 08:15:00+00:00,49.385416666666664,92,1.8628981227589116,33.69565217391305,24.86345952356762,43.834892757696466,-0.7923471242085406,0.3480804593904015,30.154538122415573,100.0,69.84546187758443,-30.154538122415605,-0.6105960050098921,max_drawdown 30.15%,0,"{""daily_loss"": 307, ""gross_leverage"": 19, ""max_drawdown"": 30596, ""max_positions"": 16, ""sized_down"": 104}","{""AUDUSD=X"": -4.491645, ""EURUSD=X"": -3.049371, ""GBPUSD=X"": -12.158402, ""NZDUSD=X"": -10.45512}",2026-07-07 08:15:00+00:00,2026-07-23 02:50:00+00:00,15.774305555555555,80,5.0715386308606645,30.0,21.064429162615706,40.7683602879673,-0.8358279045763923,0.294276092084818,30.31254982710061,100.0,69.68745017289939,-30.312549827100597,-1.921640843100368,max_drawdown 30.31%,0,"{""daily_loss"": 423, ""gross_leverage"": 16, ""max_drawdown"": 4024, ""max_positions"": 42, ""sized_down"": 93}","{""AUDUSD=X"": -5.531035, ""EURUSD=X"": 1.19381, ""GBPUSD=X"": -15.583077, ""NZDUSD=X"": -10.392248}"
5m,5,4.0,12,0.3,opposite,True,-149.6135700729462,2026-05-18 23:00:00+00:00,2026-07-07 08:15:00+00:00,49.385416666666664,120,2.429867116642059,40.833333333333336,32.455990283507155,49.77938135251822,-0.524980995948386,0.5315739641779302,30.009409213988143,100.0,70.68369330865633,-29.316306691343765,-0.5936227467557481,max_drawdown 30.01%,0,"{""daily_loss"": 1184, ""gross_leverage"": 43, ""max_drawdown"": 32221, ""max_positions"": 12, ""sized_down"": 154}","{""AUDUSD=X"": -6.983877, ""EURUSD=X"": -6.902269, ""GBPUSD=X"": -12.018209, ""NZDUSD=X"": -3.411952}",2026-07-07 08:15:00+00:00,2026-07-23 02:50:00+00:00,15.774305555555555,90,5.705480959718248,32.22222222222222,23.466628727198596,42.433355927794494,-0.7557022712610373,0.30928048160941835,30.701012389320013,100.0,69.29898761067999,-30.701012389320045,-1.946267129237106,max_drawdown 30.70%,0,"{""daily_loss"": 826, ""gross_leverage"": 25, ""max_drawdown"": 7808, ""max_positions"": 51, ""sized_down"": 114}","{""AUDUSD=X"": -11.454215, ""EURUSD=X"": 2.091199, ""GBPUSD=X"": -16.342853, ""NZDUSD=X"": -4.995144}"
5m,5,4.0,12,0.3,extension,False,-144.2527062281332,2026-05-18 23:00:00+00:00,2026-07-07 08:15:00+00:00,49.385416666666664,88,1.7819025522041765,29.545454545454547,21.030723719315763,39.77135289955849,-0.7803255052881035,0.3622557152159798,30.405571258919707,100.0,69.59442874108029,-30.405571258919714,-0.6156791480397158,max_drawdown 30.10%,0,"{""gross_leverage"": 28, ""max_drawdown"": 31826, ""max_positions"": 16, ""sized_down"": 109}","{""AUDUSD=X"": -6.721026, ""EURUSD=X"": -4.327022, ""GBPUSD=X"": -7.999984, ""NZDUSD=X"": -11.35754}",2026-07-07 08:15:00+00:00,2026-07-23 02:50:00+00:00,15.774305555555555,79,5.008144397974906,34.177215189873415,24.670818573119845,45.15110664319659,-0.692626545168534,0.3264788451770042,30.380438941702764,100.0,71.1059790032236,-28.894020996776398,-1.8317142960756334,max_drawdown 30.38%,0,"{""daily_loss"": 1137, ""gross_leverage"": 19, ""max_drawdown"": 5508, ""max_positions"": 58, ""sized_down"": 90}","{""AUDUSD=X"": -6.462239, ""EURUSD=X"": 1.715737, ""GBPUSD=X"": -12.997232, ""NZDUSD=X"": -11.150287}"
5m,5,4.0,12,0.3,extension,True,-144.81555233463848,2026-05-18 23:00:00+00:00,2026-07-07 08:15:00+00:00,49.385416666666664,126,2.551360472474162,34.92063492063492,27.1546946719581,43.57887607886445,-0.6033369387643405,0.5166659472595743,30.33261621168836,100.0,69.66738378831164,-30.3326162116884,-0.6142018891208788,max_drawdown 30.33%,0,"{""daily_loss"": 870, ""gross_leverage"": 57, ""max_drawdown"": 32701, ""max_positions"": 18, ""sized_down"": 174}","{""AUDUSD=X"": -7.879359, ""EURUSD=X"": -7.395155, ""GBPUSD=X"": -11.85046, ""NZDUSD=X"": -3.207642}",2026-07-07 08:15:00+00:00,2026-07-23 02:50:00+00:00,15.774305555555555,102,6.466211754347348,34.31372549019608,25.820365661589832,43.94577543982965,-0.7015583744134524,0.3595466243748611,31.21119153329269,100.0,68.78880846670731,-31.211191533292766,-1.9786095447035696,max_drawdown 31.21%,0,"{""daily_loss"": 826, ""gross_leverage"": 41, ""max_drawdown"": 7796, ""max_positions"": 69, ""sized_down"": 140}","{""AUDUSD=X"": -13.488137, ""EURUSD=X"": 2.129621, ""GBPUSD=X"": -16.787576, ""NZDUSD=X"": -3.065099}"
5m,5,4.0,20,0.1,opposite,False,-168.4116737416637,2026-05-18 23:00:00+00:00,2026-07-07 08:15:00+00:00,49.385416666666664,94,1.9033959080362794,31.914893617021278,23.361018709048174,41.88893632030539,-0.8306401866766039,0.35832372784805044,30.074532708440245,100.0,69.92546729155976,-30.0745327084403,-0.6089759839717926,max_drawdown 30.07%,0,"{""daily_loss"": 315, ""gross_leverage"": 20, ""max_drawdown"": 28312, ""max_positions"": 24, ""sized_down"": 104}","{""AUDUSD=X"": -7.086976, ""EURUSD=X"": -6.181788, ""GBPUSD=X"": -11.004204, ""NZDUSD=X"": -5.801565}",2026-07-07 08:15:00+00:00,2026-07-23 02:50:00+00:00,15.774305555555555,76,4.817961699317632,26.31578947368421,17.72926637089946,37.181456861099896,-0.9791490108376071,0.26035875855425344,30.462956881694854,100.0,69.53704311830515,-30.46295688169485,-1.9311757829469771,max_drawdown 30.46%,0,"{""daily_loss"": 423, ""gross_leverage"": 12, ""max_drawdown"": 2760, ""max_positions"": 32, ""sized_down"": 84}","{""AUDUSD=X"": -4.746081, ""EURUSD=X"": 0.688052, ""GBPUSD=X"": -16.390013, ""NZDUSD=X"": -10.014915}"
5m,5,4.0,20,0.1,opposite,True,-143.00876640488724,2026-05-18 23:00:00+00:00,2026-07-07 08:15:00+00:00,49.385416666666664,138,2.7943471841383674,39.85507246376812,32.067739659359916,48.19193028232151,-0.5489442549082633,0.5345259187882245,30.55845253489978,100.0,70.1292129238981,-29.870787076101994,-0.6048503605369735,max_drawdown 30.56%,0,"{""daily_loss"": 1285, ""gross_leverage"": 51, ""max_drawdown"": 32221, ""max_positions"": 33, ""sized_down"": 180}","{""AUDUSD=X"": -5.296127, ""EURUSD=X"": -5.979435, ""GBPUSD=X"": -14.769013, ""NZDUSD=X"": -3.826212}",2026-07-07 08:15:00+00:00,2026-07-23 02:50:00+00:00,15.774305555555555,97,6.1492405899185565,34.02061855670103,25.362119291999512,43.8965993320604,-0.680763082451162,0.3578649594592403,30.724274173975985,100.0,69.27572582602401,-30.72427417397599,-1.9477417922309233,max_drawdown 30.72%,0,"{""daily_loss"": 758, ""gross_leverage"": 29, ""max_drawdown"": 7808, ""max_positions"": 49, ""sized_down"": 124}","{""AUDUSD=X"": -11.06341, ""EURUSD=X"": 1.906151, ""GBPUSD=X"": -16.496412, ""NZDUSD=X"": -5.070604}"
5m,5,4.0,20,0.1,extension,False,-157.8061186337814,2026-05-18 23:00:00+00:00,2026-07-07 08:15:00+00:00,49.385416666666664,90,1.822400337481544,26.666666666666668,18.623692042961366,36.62003781671706,-0.8558478815411148,0.3785116490080279,30.266880559727266,100.0,70.24162301523441,-29.758376984765636,-0.602574180665999,max_drawdown 30.27%,0,"{""daily_loss"": 143, ""gross_leverage"": 24, ""max_drawdown"": 30580, ""max_positions"": 18, ""sized_down"": 106}","{""AUDUSD=X"": -8.537405, ""EURUSD=X"": -4.620734, ""GBPUSD=X"": -7.464109, ""NZDUSD=X"": -9.136129}",2026-07-07 08:15:00+00:00,2026-07-23 02:50:00+00:00,15.774305555555555,74,4.691173233546115,29.72972972972973,20.527071065162364,40.93312502535993,-0.8526576918397971,0.2847505864834637,30.376242007105958,100.0,70.63008634379824,-29.369913656201756,-1.8618831461558676,max_drawdown 30.38%,0,"{""daily_loss"": 981, ""gross_leverage"": 12, ""max_drawdown"": 5368, ""max_positions"": 32, ""sized_down"": 77}","{""AUDUSD=X"": -5.857759, ""EURUSD=X"": 2.140264, ""GBPUSD=X"": -12.957887, ""NZDUSD=X"": -12.694532}"
5m,5,4.0,20,0.1,extension,True,-147.6970976531249,2026-05-18 23:00:00+00:00,2026-07-07 08:15:00+00:00,49.385416666666664,145,2.9360894326091542,37.93103448275862,30.441090723778697,46.043977966694925,-0.5783671487786916,0.5385695021096045,30.21739945701323,100.0,69.78260054298677,-30.217399457013308,-0.6118688774252853,max_drawdown 30.22%,0,"{""daily_loss"": 710, ""gross_leverage"": 69, ""max_drawdown"": 32896, ""max_positions"": 55, ""sized_down"": 202}","{""AUDUSD=X"": -3.687523, ""EURUSD=X"": -6.546385, ""GBPUSD=X"": -15.519267, ""NZDUSD=X"": -4.464224}",2026-07-07 08:15:00+00:00,2026-07-23 02:50:00+00:00,15.774305555555555,95,6.02245212414704,31.57894736842105,23.10308812871305,41.48672021109529,-0.7391533486074553,0.3752521849746722,30.595306917257858,100.0,69.40469308274214,-30.595306917257933,-1.9395660119239015,max_drawdown 30.60%,0,"{""daily_loss"": 918, ""gross_leverage"": 43, ""max_drawdown"": 8547, ""max_positions"": 49, ""sized_down"": 135}","{""AUDUSD=X"": -11.585608, ""EURUSD=X"": 1.814396, ""GBPUSD=X"": -17.665478, ""NZDUSD=X"": -3.158617}"
5m,5,4.0,20,0.3,opposite,False,-168.4116737416637,2026-05-18 23:00:00+00:00,2026-07-07 08:15:00+00:00,49.385416666666664,94,1.9033959080362794,31.914893617021278,23.361018709048174,41.88893632030539,-0.8306401866766039,0.35832372784805044,30.074532708440245,100.0,69.92546729155976,-30.0745327084403,-0.6089759839717926,max_drawdown 30.07%,0,"{""daily_loss"": 315, ""gross_leverage"": 20, ""max_drawdown"": 28312, ""max_positions"": 24, ""sized_down"": 104}","{""AUDUSD=X"": -7.086976, ""EURUSD=X"": -6.181788, ""GBPUSD=X"": -11.004204, ""NZDUSD=X"": -5.801565}",2026-07-07 08:15:00+00:00,2026-07-23 02:50:00+00:00,15.774305555555555,76,4.817961699317632,26.31578947368421,17.72926637089946,37.181456861099896,-0.9791490108376071,0.26035875855425344,30.462956881694854,100.0,69.53704311830515,-30.46295688169485,-1.9311757829469771,max_drawdown 30.46%,0,"{""daily_loss"": 423, ""gross_leverage"": 12, ""max_drawdown"": 2760, ""max_positions"": 32, ""sized_down"": 84}","{""AUDUSD=X"": -4.746081, ""EURUSD=X"": 0.688052, ""GBPUSD=X"": -16.390013, ""NZDUSD=X"": -10.014915}"
5m,5,4.0,20,0.3,opposite,True,-143.00876640488724,2026-05-18 23:00:00+00:00,2026-07-07 08:15:00+00:00,49.385416666666664,138,2.7943471841383674,39.85507246376812,32.067739659359916,48.19193028232151,-0.5489442549082633,0.5345259187882245,30.55845253489978,100.0,70.1292129238981,-29.870787076101994,-0.6048503605369735,max_drawdown 30.56%,0,"{""daily_loss"": 1285, ""gross_leverage"": 51, ""max_drawdown"": 32221, ""max_positions"": 33, ""sized_down"": 180}","{""AUDUSD=X"": -5.296127, ""EURUSD=X"": -5.979435, ""GBPUSD=X"": -14.769013, ""NZDUSD=X"": -3.826212}",2026-07-07 08:15:00+00:00,2026-07-23 02:50:00+00:00,15.774305555555555,97,6.1492405899185565,34.02061855670103,25.362119291999512,43.8965993320604,-0.680763082451162,0.3578649594592403,30.724274173975985,100.0,69.27572582602401,-30.72427417397599,-1.9477417922309233,max_drawdown 30.72%,0,"{""daily_loss"": 758, ""gross_leverage"": 29, ""max_drawdown"": 7808, ""max_positions"": 49, ""sized_down"": 124}","{""AUDUSD=X"": -11.06341, ""EURUSD=X"": 1.906151, ""GBPUSD=X"": -16.496412, ""NZDUSD=X"": -5.070604}"
5m,5,4.0,20,0.3,extension,False,-157.8061186337814,2026-05-18 23:00:00+00:00,2026-07-07 08:15:00+00:00,49.385416666666664,90,1.822400337481544,26.666666666666668,18.623692042961366,36.62003781671706,-0.8558478815411148,0.3785116490080279,30.266880559727266,100.0,70.24162301523441,-29.758376984765636,-0.602574180665999,max_drawdown 30.27%,0,"{""daily_loss"": 143, ""gross_leverage"": 24, ""max_drawdown"": 30580, ""max_positions"": 18, ""sized_down"": 106}","{""AUDUSD=X"": -8.537405, ""EURUSD=X"": -4.620734, ""GBPUSD=X"": -7.464109, ""NZDUSD=X"": -9.136129}",2026-07-07 08:15:00+00:00,2026-07-23 02:50:00+00:00,15.774305555555555,74,4.691173233546115,29.72972972972973,20.527071065162364,40.93312502535993,-0.8526576918397971,0.2847505864834637,30.376242007105958,100.0,70.63008634379824,-29.369913656201756,-1.8618831461558676,max_drawdown 30.38%,0,"{""daily_loss"": 981, ""gross_leverage"": 12, ""max_drawdown"": 5368, ""max_positions"": 32, ""sized_down"": 77}","{""AUDUSD=X"": -5.857759, ""EURUSD=X"": 2.140264, ""GBPUSD=X"": -12.957887, ""NZDUSD=X"": -12.694532}"
5m,5,4.0,20,0.3,extension,True,-147.6970976531249,2026-05-18 23:00:00+00:00,2026-07-07 08:15:00+00:00,49.385416666666664,145,2.9360894326091542,37.93103448275862,30.441090723778697,46.043977966694925,-0.5783671487786916,0.5385695021096045,30.21739945701323,100.0,69.78260054298677,-30.217399457013308,-0.6118688774252853,max_drawdown 30.22%,0,"{""daily_loss"": 710, ""gross_leverage"": 69, ""max_drawdown"": 32896, ""max_positions"": 55, ""sized_down"": 202}","{""AUDUSD=X"": -3.687523, ""EURUSD=X"": -6.546385, ""GBPUSD=X"": -15.519267, ""NZDUSD=X"": -4.464224}",2026-07-07 08:15:00+00:00,2026-07-23 02:50:00+00:00,15.774305555555555,95,6.02245212414704,31.57894736842105,23.10308812871305,41.48672021109529,-0.7391533486074553,0.3752521849746722,30.595306917257858,100.0,69.40469308274214,-30.595306917257933,-1.9395660119239015,max_drawdown 30.60%,0,"{""daily_loss"": 918, ""gross_leverage"": 43, ""max_drawdown"": 8547, ""max_positions"": 49, ""sized_down"": 135}","{""AUDUSD=X"": -11.585608, ""EURUSD=X"": 1.814396, ""GBPUSD=X"": -17.665478, ""NZDUSD=X"": -3.158617}"
5m,8,1.5,12,0.1,opposite,False,-1000000000.0,2026-05-18 23:00:00+00:00,2026-07-07 08:15:00+00:00,49.385416666666664,4,0.08099557055473529,75.0,30.06360524426366,95.44139373553637,0.09637910250410187,1.5609846637297742,0.9273523985063186,100.0,100.52787185600846,0.5278718560084479,0.010688820539297827,none,0,"{""sized_down"": 4}","{""AUDUSD=X"": 0.485483, ""GBPUSD=X"": 0.042389}",2026-07-07 08:15:00+00:00,2026-07-23 02:50:00+00:00,15.774305555555555,1,0.06339423288575831,0.0,0.0,79.34567085261071,-2.629254215560622,0.0,0.7795713717595021,100.0,99.2204286282405,-0.7795713717594969,-0.049420329092391614,none,0,"{""sized_down"": 1}","{""GBPUSD=X"": -0.779571}"
5m,8,1.5,12,0.1,opposite,True,-1000000000.0,2026-05-18 23:00:00+00:00,2026-07-07 08:15:00+00:00,49.385416666666664,4,0.08099557055473529,75.0,30.06360524426366,95.44139373553637,0.09637910250410187,1.5609846637297742,0.9273523985063186,100.0,100.52787185600846,0.5278718560084479,0.010688820539297827,none,0,"{""sized_down"": 4}","{""AUDUSD=X"": 0.485483, ""GBPUSD=X"": 0.042389}",2026-07-07 08:15:00+00:00,2026-07-23 02:50:00+00:00,15.774305555555555,1,0.06339423288575831,0.0,0.0,79.34567085261071,-2.629254215560622,0.0,0.7795713717595021,100.0,99.2204286282405,-0.7795713717594969,-0.049420329092391614,none,0,"{""sized_down"": 1}","{""GBPUSD=X"": -0.779571}"
5m,8,1.5,12,0.1,extension,False,-1000000000.0,2026-05-18 23:00:00+00:00,2026-07-07 08:15:00+00:00,49.385416666666664,4,0.08099557055473529,75.0,30.06360524426366,95.44139373553637,0.487488072046807,2.86510222891106,0.9162712291087091,100.0,101.7550122826442,1.75501228264419,0.03553705529083363,none,0,"{""gross_leverage"": 1, ""sized_down"": 5}","{""AUDUSD=X"": 1.279417, ""GBPUSD=X"": 0.475596}",2026-07-07 08:15:00+00:00,2026-07-23 02:50:00+00:00,15.774305555555555,3,0.19018269865727494,33.33333333333333,6.14903152761605,79.23450448735122,-0.8811541043386706,0.3813826476285262,1.0822655923453346,100.0,99.32771682671157,-0.6722831732884273,-0.04261887605262318,none,0,"{""sized_down"": 3}","{""AUDUSD=X"": -0.30718, ""GBPUSD=X"": -0.365103}"
5m,8,1.5,12,0.1,extension,True,-1000000000.0,2026-05-18 23:00:00+00:00,2026-07-07 08:15:00+00:00,49.385416666666664,9,0.1822400337481544,66.66666666666666,35.419734749908976,87.9418401317257,0.019512562169505636,1.4455333972787814,3.0214951070167397,100.0,101.40765890496125,1.4076589049612414,0.028503534038447412,none,0,"{""gross_leverage"": 1, ""sized_down"": 10}","{""AUDUSD=X"": 0.081113, ""EURUSD=X"": -0.625302, ""GBPUSD=X"": 0.92739, ""NZDUSD=X"": 1.024458}",2026-07-07 08:15:00+00:00,2026-07-23 02:50:00+00:00,15.774305555555555,3,0.19018269865727494,33.33333333333333,6.14903152761605,79.23450448735122,-0.8811541043386706,0.3813826476285262,1.0822655923453346,100.0,99.32771682671157,-0.6722831732884273,-0.04261887605262318,none,0,"{""sized_down"": 3}","{""AUDUSD=X"": -0.30718, ""GBPUSD=X"": -0.365103}"
5m,8,1.5,12,0.3,opposite,False,-1000000000.0,2026-05-18 23:00:00+00:00,2026-07-07 08:15:00+00:00,49.385416666666664,4,0.08099557055473529,75.0,30.06360524426366,95.44139373553637,0.09637910250410187,1.5609846637297742,0.9273523985063186,100.0,100.52787185600846,0.5278718560084479,0.010688820539297827,none,0,"{""sized_down"": 4}","{""AUDUSD=X"": 0.485483, ""GBPUSD=X"": 0.042389}",2026-07-07 08:15:00+00:00,2026-07-23 02:50:00+00:00,15.774305555555555,1,0.06339423288575831,0.0,0.0,79.34567085261071,-2.629254215560622,0.0,0.7795713717595021,100.0,99.2204286282405,-0.7795713717594969,-0.049420329092391614,none,0,"{""sized_down"": 1}","{""GBPUSD=X"": -0.779571}"
5m,8,1.5,12,0.3,opposite,True,-1000000000.0,2026-05-18 23:00:00+00:00,2026-07-07 08:15:00+00:00,49.385416666666664,4,0.08099557055473529,75.0,30.06360524426366,95.44139373553637,0.09637910250410187,1.5609846637297742,0.9273523985063186,100.0,100.52787185600846,0.5278718560084479,0.010688820539297827,none,0,"{""sized_down"": 4}","{""AUDUSD=X"": 0.485483, ""GBPUSD=X"": 0.042389}",2026-07-07 08:15:00+00:00,2026-07-23 02:50:00+00:00,15.774305555555555,1,0.06339423288575831,0.0,0.0,79.34567085261071,-2.629254215560622,0.0,0.7795713717595021,100.0,99.2204286282405,-0.7795713717594969,-0.049420329092391614,none,0,"{""sized_down"": 1}","{""GBPUSD=X"": -0.779571}"
5m,8,1.5,12,0.3,extension,False,-1000000000.0,2026-05-18 23:00:00+00:00,2026-07-07 08:15:00+00:00,49.385416666666664,4,0.08099557055473529,75.0,30.06360524426366,95.44139373553637,0.487488072046807,2.86510222891106,0.9162712291087091,100.0,101.7550122826442,1.75501228264419,0.03553705529083363,none,0,"{""gross_leverage"": 1, ""sized_down"": 5}","{""AUDUSD=X"": 1.279417, ""GBPUSD=X"": 0.475596}",2026-07-07 08:15:00+00:00,2026-07-23 02:50:00+00:00,15.774305555555555,3,0.19018269865727494,33.33333333333333,6.14903152761605,79.23450448735122,-0.8811541043386706,0.3813826476285262,1.0822655923453346,100.0,99.32771682671157,-0.6722831732884273,-0.04261887605262318,none,0,"{""sized_down"": 3}","{""AUDUSD=X"": -0.30718, ""GBPUSD=X"": -0.365103}"
5m,8,1.5,12,0.3,extension,True,-1000000000.0,2026-05-18 23:00:00+00:00,2026-07-07 08:15:00+00:00,49.385416666666664,9,0.1822400337481544,66.66666666666666,35.419734749908976,87.9418401317257,0.019512562169505636,1.4455333972787814,3.0214951070167397,100.0,101.40765890496125,1.4076589049612414,0.028503534038447412,none,0,"{""gross_leverage"": 1, ""sized_down"": 10}","{""AUDUSD=X"": 0.081113, ""EURUSD=X"": -0.625302, ""GBPUSD=X"": 0.92739, ""NZDUSD=X"": 1.024458}",2026-07-07 08:15:00+00:00,2026-07-23 02:50:00+00:00,15.774305555555555,3,0.19018269865727494,33.33333333333333,6.14903152761605,79.23450448735122,-0.8811541043386706,0.3813826476285262,1.0822655923453346,100.0,99.32771682671157,-0.6722831732884273,-0.04261887605262318,none,0,"{""sized_down"": 3}","{""AUDUSD=X"": -0.30718, ""GBPUSD=X"": -0.365103}"
5m,8,1.5,20,0.1,opposite,False,-1000000000.0,2026-05-18 23:00:00+00:00,2026-07-07 08:15:00+00:00,49.385416666666664,3,0.06074667791605147,66.66666666666666,20.76549551264879,93.85096847238394,-0.00485408197076979,1.0450482486291406,0.9318106921609691,100.0,100.04238922051042,0.04238922051040084,0.0008583347751526008,none,0,"{""sized_down"": 3}","{""GBPUSD=X"": 0.042389}",2026-07-07 08:15:00+00:00,2026-07-23 02:50:00+00:00,15.774305555555555,1,0.06339423288575831,0.0,0.0,79.34567085261071,-2.629254215560622,0.0,0.7795713717595021,100.0,99.2204286282405,-0.7795713717594969,-0.049420329092391614,none,0,"{""sized_down"": 1}","{""GBPUSD=X"": -0.779571}"
5m,8,1.5,20,0.1,opposite,True,-1000000000.0,2026-05-18 23:00:00+00:00,2026-07-07 08:15:00+00:00,49.385416666666664,4,0.08099557055473529,75.0,30.06360524426366,95.44139373553637,0.09637910250410187,1.5609846637297742,0.9273523985063186,100.0,100.52787185600846,0.5278718560084479,0.010688820539297827,none,0,"{""sized_down"": 4}","{""AUDUSD=X"": 0.485483, ""GBPUSD=X"": 0.042389}",2026-07-07 08:15:00+00:00,2026-07-23 02:50:00+00:00,15.774305555555555,1,0.06339423288575831,0.0,0.0,79.34567085261071,-2.629254215560622,0.0,0.7795713717595021,100.0,99.2204286282405,-0.7795713717594969,-0.049420329092391614,none,0,"{""sized_down"": 1}","{""GBPUSD=X"": -0.779571}"
5m,8,1.5,20,0.1,extension,False,-1000000000.0,2026-05-18 23:00:00+00:00,2026-07-07 08:15:00+00:00,49.385416666666664,3,0.06074667791605147,66.66666666666666,20.76549551264879,93.85096847238394,0.29853504459035135,1.505429366937747,0.9278304105891101,100.0,100.47559577873795,0.4755957787379399,0.009630287863075772,none,0,"{""gross_leverage"": 1, ""sized_down"": 4}","{""GBPUSD=X"": 0.475596}",2026-07-07 08:15:00+00:00,2026-07-23 02:50:00+00:00,15.774305555555555,2,0.12678846577151662,0.0,0.0,65.76280471103807,-1.4942759741736664,0.0,1.0867512375966015,100.0,98.9132487624034,-1.086751237596594,-0.06889376104508455,none,0,"{""sized_down"": 2}","{""AUDUSD=X"": -0.30718, ""GBPUSD=X"": -0.779571}"
5m,8,1.5,20,0.1,extension,True,-1000000000.0,2026-05-18 23:00:00+00:00,2026-07-07 08:15:00+00:00,49.385416666666664,9,0.1822400337481544,66.66666666666666,35.419734749908976,87.9418401317257,0.019512562169505636,1.4455333972787814,3.0214951070167397,100.0,101.40765890496125,1.4076589049612414,0.028503534038447412,none,0,"{""gross_leverage"": 1, ""sized_down"": 10}","{""AUDUSD=X"": 0.081113, ""EURUSD=X"": -0.625302, ""GBPUSD=X"": 0.92739, ""NZDUSD=X"": 1.024458}",2026-07-07 08:15:00+00:00,2026-07-23 02:50:00+00:00,15.774305555555555,3,0.19018269865727494,33.33333333333333,6.14903152761605,79.23450448735122,-0.8811541043386706,0.3813826476285262,1.0822655923453346,100.0,99.32771682671157,-0.6722831732884273,-0.04261887605262318,none,0,"{""sized_down"": 3}","{""AUDUSD=X"": -0.30718, ""GBPUSD=X"": -0.365103}"
5m,8,1.5,20,0.3,opposite,False,-1000000000.0,2026-05-18 23:00:00+00:00,2026-07-07 08:15:00+00:00,49.385416666666664,3,0.06074667791605147,66.66666666666666,20.76549551264879,93.85096847238394,-0.00485408197076979,1.0450482486291406,0.9318106921609691,100.0,100.04238922051042,0.04238922051040084,0.0008583347751526008,none,0,"{""sized_down"": 3}","{""GBPUSD=X"": 0.042389}",2026-07-07 08:15:00+00:00,2026-07-23 02:50:00+00:00,15.774305555555555,1,0.06339423288575831,0.0,0.0,79.34567085261071,-2.629254215560622,0.0,0.7795713717595021,100.0,99.2204286282405,-0.7795713717594969,-0.049420329092391614,none,0,"{""sized_down"": 1}","{""GBPUSD=X"": -0.779571}"
5m,8,1.5,20,0.3,opposite,True,-1000000000.0,2026-05-18 23:00:00+00:00,2026-07-07 08:15:00+00:00,49.385416666666664,4,0.08099557055473529,75.0,30.06360524426366,95.44139373553637,0.09637910250410187,1.5609846637297742,0.9273523985063186,100.0,100.52787185600846,0.5278718560084479,0.010688820539297827,none,0,"{""sized_down"": 4}","{""AUDUSD=X"": 0.485483, ""GBPUSD=X"": 0.042389}",2026-07-07 08:15:00+00:00,2026-07-23 02:50:00+00:00,15.774305555555555,1,0.06339423288575831,0.0,0.0,79.34567085261071,-2.629254215560622,0.0,0.7795713717595021,100.0,99.2204286282405,-0.7795713717594969,-0.049420329092391614,none,0,"{""sized_down"": 1}","{""GBPUSD=X"": -0.779571}"
5m,8,1.5,20,0.3,extension,False,-1000000000.0,2026-05-18 23:00:00+00:00,2026-07-07 08:15:00+00:00,49.385416666666664,3,0.06074667791605147,66.66666666666666,20.76549551264879,93.85096847238394,0.29853504459035135,1.505429366937747,0.9278304105891101,100.0,100.47559577873795,0.4755957787379399,0.009630287863075772,none,0,"{""gross_leverage"": 1, ""sized_down"": 4}","{""GBPUSD=X"": 0.475596}",2026-07-07 08:15:00+00:00,2026-07-23 02:50:00+00:00,15.774305555555555,2,0.12678846577151662,0.0,0.0,65.76280471103807,-1.4942759741736664,0.0,1.0867512375966015,100.0,98.9132487624034,-1.086751237596594,-0.06889376104508455,none,0,"{""sized_down"": 2}","{""AUDUSD=X"": -0.30718, ""GBPUSD=X"": -0.779571}"
5m,8,1.5,20,0.3,extension,True,-1000000000.0,2026-05-18 23:00:00+00:00,2026-07-07 08:15:00+00:00,49.385416666666664,9,0.1822400337481544,66.66666666666666,35.419734749908976,87.9418401317257,0.019512562169505636,1.4455333972787814,3.0214951070167397,100.0,101.40765890496125,1.4076589049612414,0.028503534038447412,none,0,"{""gross_leverage"": 1, ""sized_down"": 10}","{""AUDUSD=X"": 0.081113, ""EURUSD=X"": -0.625302, ""GBPUSD=X"": 0.92739, ""NZDUSD=X"": 1.024458}",2026-07-07 08:15:00+00:00,2026-07-23 02:50:00+00:00,15.774305555555555,3,0.19018269865727494,33.33333333333333,6.14903152761605,79.23450448735122,-0.8811541043386706,0.3813826476285262,1.0822655923453346,100.0,99.32771682671157,-0.6722831732884273,-0.04261887605262318,none,0,"{""sized_down"": 3}","{""AUDUSD=X"": -0.30718, ""GBPUSD=X"": -0.365103}"
5m,8,2.5,12,0.1,opposite,False,-151.96291994044475,2026-05-18 23:00:00+00:00,2026-07-07 08:15:00+00:00,49.385416666666664,70,1.4174224847078676,42.857142857142854,31.935124886212545,54.52237332617722,-0.44216191471536925,0.531412210544868,17.661222381004514,100.0,83.92906243443419,-16.070937565565867,-0.325418689368134,none,0,"{""gross_leverage"": 7, ""max_positions"": 3, ""sized_down"": 75}","{""AUDUSD=X"": -4.046976, ""EURUSD=X"": -2.792351, ""GBPUSD=X"": -5.166718, ""NZDUSD=X"": -4.064892}",2026-07-07 08:15:00+00:00,2026-07-23 02:50:00+00:00,15.774305555555555,22,1.394673123486683,31.818181818181817,16.36038735469248,52.68177721716065,-0.8780131859852165,0.20584801105272826,12.386076640402266,100.0,87.61392335959773,-12.386076640402267,-0.7852058270825122,none,0,"{""gross_leverage"": 1, ""sized_down"": 23}","{""AUDUSD=X"": -0.408131, ""EURUSD=X"": -0.642185, ""GBPUSD=X"": -3.859743, ""NZDUSD=X"": -7.476017}"
5m,8,2.5,12,0.1,opposite,True,-160.71892659350863,2026-05-18 23:00:00+00:00,2026-07-07 08:15:00+00:00,49.385416666666664,119,2.409618224003375,41.17647058823529,32.744744181799824,50.16006982257654,-0.5675589658656416,0.5005098341414581,29.946132443342393,100.0,71.3598201884509,-28.640179811549153,-0.5799319261566587,none,0,"{""gross_leverage"": 11, ""sized_down"": 125}","{""AUDUSD=X"": -7.010065, ""EURUSD=X"": -6.146578, ""GBPUSD=X"": -8.236553, ""NZDUSD=X"": -7.246984}",2026-07-07 08:15:00+00:00,2026-07-23 02:50:00+00:00,15.774305555555555,47,2.9795289456306406,29.78723404255319,18.651084151016263,43.9779440463654,-0.9372155975300684,0.2572172667223186,21.556602874824122,100.0,78.44339712517588,-21.556602874824158,-1.3665643028724097,none,0,"{""gross_leverage"": 4, ""sized_down"": 49}","{""AUDUSD=X"": -2.88133, ""EURUSD=X"": -1.053097, ""GBPUSD=X"": -8.518897, ""NZDUSD=X"": -9.103279}"
5m,8,2.5,12,0.1,extension,False,-120.5466051817169,2026-05-18 23:00:00+00:00,2026-07-07 08:15:00+00:00,49.385416666666664,90,1.822400337481544,36.666666666666664,27.447101383714212,46.97788710753059,-0.4954490101709896,0.471775890874857,28.983213362720345,100.0,75.10500356316507,-24.894996436834933,-0.5040961100898869,none,0,"{""gross_leverage"": 10, ""max_positions"": 4, ""sized_down"": 96}","{""AUDUSD=X"": -11.163642, ""EURUSD=X"": -5.186868, ""GBPUSD=X"": -6.640683, ""NZDUSD=X"": -1.903805}",2026-07-07 08:15:00+00:00,2026-07-23 02:50:00+00:00,15.774305555555555,30,1.9018269865727493,36.666666666666664,21.87370220401768,54.486753566395066,-0.52254980728002,0.4239394840211241,10.89567040426435,100.0,89.10432959573565,-10.89567040426435,-0.6907226670543987,none,0,"{""gross_leverage"": 2, ""max_positions"": 6, ""sized_down"": 30}","{""AUDUSD=X"": -2.167452, ""EURUSD=X"": 0.250915, ""GBPUSD=X"": -2.760041, ""NZDUSD=X"": -6.219092}"
5m,8,2.5,12,0.1,extension,True,-120.05665666636848,2026-05-18 23:00:00+00:00,2026-07-07 08:15:00+00:00,49.385416666666664,112,2.267875975532588,35.714285714285715,27.449449776286315,44.92662237741322,-0.5826788154184221,0.4932458444300611,30.333629374522168,100.0,71.72788209165513,-28.27211790834491,-0.5724790801942863,max_drawdown 30.33%,0,"{""gross_leverage"": 14, ""max_drawdown"": 12500, ""max_positions"": 6, ""sized_down"": 121}","{""AUDUSD=X"": -13.49489, ""EURUSD=X"": -6.941718, ""GBPUSD=X"": -9.076455, ""NZDUSD=X"": 1.240945}",2026-07-07 08:15:00+00:00,2026-07-23 02:50:00+00:00,15.774305555555555,59,3.74025974025974,40.67796610169492,29.088843022555857,53.4068286344357,-0.48613934329040265,0.46128497572137345,17.716156490189604,100.0,83.6831196602752,-16.316880339724822,-1.0343961122255665,none,0,"{""gross_leverage"": 9, ""max_positions"": 10, ""sized_down"": 65}","{""AUDUSD=X"": -4.905272, ""EURUSD=X"": 0.250915, ""GBPUSD=X"": -5.394372, ""NZDUSD=X"": -6.268151}"
5m,8,2.5,12,0.3,opposite,False,-151.96291994044475,2026-05-18 23:00:00+00:00,2026-07-07 08:15:00+00:00,49.385416666666664,70,1.4174224847078676,42.857142857142854,31.935124886212545,54.52237332617722,-0.44216191471536925,0.531412210544868,17.661222381004514,100.0,83.92906243443419,-16.070937565565867,-0.325418689368134,none,0,"{""gross_leverage"": 7, ""max_positions"": 3, ""sized_down"": 75}","{""AUDUSD=X"": -4.046976, ""EURUSD=X"": -2.792351, ""GBPUSD=X"": -5.166718, ""NZDUSD=X"": -4.064892}",2026-07-07 08:15:00+00:00,2026-07-23 02:50:00+00:00,15.774305555555555,22,1.394673123486683,31.818181818181817,16.36038735469248,52.68177721716065,-0.8780131859852165,0.20584801105272826,12.386076640402266,100.0,87.61392335959773,-12.386076640402267,-0.7852058270825122,none,0,"{""gross_leverage"": 1, ""sized_down"": 23}","{""AUDUSD=X"": -0.408131, ""EURUSD=X"": -0.642185, ""GBPUSD=X"": -3.859743, ""NZDUSD=X"": -7.476017}"
5m,8,2.5,12,0.3,opposite,True,-160.71892659350863,2026-05-18 23:00:00+00:00,2026-07-07 08:15:00+00:00,49.385416666666664,119,2.409618224003375,41.17647058823529,32.744744181799824,50.16006982257654,-0.5675589658656416,0.5005098341414581,29.946132443342393,100.0,71.3598201884509,-28.640179811549153,-0.5799319261566587,none,0,"{""gross_leverage"": 11, ""sized_down"": 125}","{""AUDUSD=X"": -7.010065, ""EURUSD=X"": -6.146578, ""GBPUSD=X"": -8.236553, ""NZDUSD=X"": -7.246984}",2026-07-07 08:15:00+00:00,2026-07-23 02:50:00+00:00,15.774305555555555,47,2.9795289456306406,29.78723404255319,18.651084151016263,43.9779440463654,-0.9372155975300684,0.2572172667223186,21.556602874824122,100.0,78.44339712517588,-21.556602874824158,-1.3665643028724097,none,0,"{""gross_leverage"": 4, ""sized_down"": 49}","{""AUDUSD=X"": -2.88133, ""EURUSD=X"": -1.053097, ""GBPUSD=X"": -8.518897, ""NZDUSD=X"": -9.103279}"
5m,8,2.5,12,0.3,extension,False,-120.5466051817169,2026-05-18 23:00:00+00:00,2026-07-07 08:15:00+00:00,49.385416666666664,90,1.822400337481544,36.666666666666664,27.447101383714212,46.97788710753059,-0.4954490101709896,0.471775890874857,28.983213362720345,100.0,75.10500356316507,-24.894996436834933,-0.5040961100898869,none,0,"{""gross_leverage"": 10, ""max_positions"": 4, ""sized_down"": 96}","{""AUDUSD=X"": -11.163642, ""EURUSD=X"": -5.186868, ""GBPUSD=X"": -6.640683, ""NZDUSD=X"": -1.903805}",2026-07-07 08:15:00+00:00,2026-07-23 02:50:00+00:00,15.774305555555555,30,1.9018269865727493,36.666666666666664,21.87370220401768,54.486753566395066,-0.52254980728002,0.4239394840211241,10.89567040426435,100.0,89.10432959573565,-10.89567040426435,-0.6907226670543987,none,0,"{""gross_leverage"": 2, ""max_positions"": 6, ""sized_down"": 30}","{""AUDUSD=X"": -2.167452, ""EURUSD=X"": 0.250915, ""GBPUSD=X"": -2.760041, ""NZDUSD=X"": -6.219092}"
5m,8,2.5,12,0.3,extension,True,-120.05665666636848,2026-05-18 23:00:00+00:00,2026-07-07 08:15:00+00:00,49.385416666666664,112,2.267875975532588,35.714285714285715,27.449449776286315,44.92662237741322,-0.5826788154184221,0.4932458444300611,30.333629374522168,100.0,71.72788209165513,-28.27211790834491,-0.5724790801942863,max_drawdown 30.33%,0,"{""gross_leverage"": 14, ""max_drawdown"": 12500, ""max_positions"": 6, ""sized_down"": 121}","{""AUDUSD=X"": -13.49489, ""EURUSD=X"": -6.941718, ""GBPUSD=X"": -9.076455, ""NZDUSD=X"": 1.240945}",2026-07-07 08:15:00+00:00,2026-07-23 02:50:00+00:00,15.774305555555555,59,3.74025974025974,40.67796610169492,29.088843022555857,53.4068286344357,-0.48613934329040265,0.46128497572137345,17.716156490189604,100.0,83.6831196602752,-16.316880339724822,-1.0343961122255665,none,0,"{""gross_leverage"": 9, ""max_positions"": 10, ""sized_down"": 65}","{""AUDUSD=X"": -4.905272, ""EURUSD=X"": 0.250915, ""GBPUSD=X"": -5.394372, ""NZDUSD=X"": -6.268151}"
5m,8,2.5,20,0.1,opposite,False,-143.12362741404218,2026-05-18 23:00:00+00:00,2026-07-07 08:15:00+00:00,49.385416666666664,62,1.255431343598397,40.32258064516129,29.024682911652487,52.74975756367011,-0.5047556029057753,0.4712419890424102,17.355414154528958,100.0,83.31371868848841,-16.68628131151166,-0.3378787188156759,none,0,"{""gross_leverage"": 4, ""max_positions"": 3, ""sized_down"": 64}","{""AUDUSD=X"": -4.791393, ""EURUSD=X"": -4.001322, ""GBPUSD=X"": -4.329636, ""NZDUSD=X"": -3.563929}",2026-07-07 08:15:00+00:00,2026-07-23 02:50:00+00:00,15.774305555555555,19,1.204490424829408,36.84210526315789,19.149272376273842,58.96084250184328,-0.7933448733613562,0.2589419412496108,9.831679162298173,100.0,90.16832083770183,-9.831679162298187,-0.6232717584727884,none,0,"{""sized_down"": 18}","{""AUDUSD=X"": -0.408131, ""EURUSD=X"": -0.642185, ""GBPUSD=X"": -4.48024, ""NZDUSD=X"": -4.301123}"
5m,8,2.5,20,0.1,opposite,True,-153.09632367090742,2026-05-18 23:00:00+00:00,2026-07-07 08:15:00+00:00,49.385416666666664,115,2.32862265344864,38.26086956521739,29.893754568342633,47.38692829018502,-0.6062760362503248,0.5007376692236855,30.46907463728582,100.0,71.34837554011773,-28.651624459882292,-0.580163667612044,max_drawdown 30.47%,0,"{""gross_leverage"": 11, ""max_drawdown"": 4164, ""sized_down"": 121}","{""AUDUSD=X"": -8.279354, ""EURUSD=X"": -6.621485, ""GBPUSD=X"": -9.382349, ""NZDUSD=X"": -4.368437}",2026-07-07 08:15:00+00:00,2026-07-23 02:50:00+00:00,15.774305555555555,53,3.3598943429451906,30.18867924528302,19.518140287607167,43.53708686996755,-0.8332484107927621,0.2646207136257931,23.280979449408946,100.0,76.71902055059105,-23.280979449408953,-1.4758798330243845,none,0,"{""gross_leverage"": 4, ""sized_down"": 53}","{""AUDUSD=X"": -2.88133, ""EURUSD=X"": -1.053097, ""GBPUSD=X"": -9.981217, ""NZDUSD=X"": -9.365335}"
5m,8,2.5,20,0.1,extension,False,-116.06480332140816,2026-05-18 23:00:00+00:00,2026-07-07 08:15:00+00:00,49.385416666666664,80,1.619911411094706,33.75,24.34545981222198,44.64368161637671,-0.55137584188797,0.42991769288042053,26.645267429181164,100.0,74.89451317565795,-25.105486824342048,-0.5083583073479934,none,0,"{""gross_leverage"": 7, ""sized_down"": 83}","{""AUDUSD=X"": -11.409465, ""EURUSD=X"": -5.382708, ""GBPUSD=X"": -6.140071, ""NZDUSD=X"": -2.173243}",2026-07-07 08:15:00+00:00,2026-07-23 02:50:00+00:00,15.774305555555555,25,1.5848558221439577,36.0,20.247656431735635,55.48184539895337,-0.48830185210821075,0.47865084911636513,8.053666220222013,100.0,91.94633377977799,-8.053666220222013,-0.5105559919489192,none,0,"{""max_positions"": 6, ""sized_down"": 23}","{""AUDUSD=X"": -2.377347, ""EURUSD=X"": 0.250915, ""GBPUSD=X"": -2.883037, ""NZDUSD=X"": -3.044197}"
5m,8,2.5,20,0.1,extension,True,-116.3540490340311,2026-05-18 23:00:00+00:00,2026-07-07 08:15:00+00:00,49.385416666666664,125,2.531111579835478,36.0,28.11855308589631,44.716307704407434,-0.6019372431829316,0.5495632729101722,30.643177365378442,100.0,71.62425226619914,-28.375747733800928,-0.5745774694041108,max_drawdown 30.64%,0,"{""gross_leverage"": 15, ""max_drawdown"": 12500, ""max_positions"": 4, ""sized_down"": 135}","{""AUDUSD=X"": -14.12679, ""EURUSD=X"": -5.406036, ""GBPUSD=X"": -11.483472, ""NZDUSD=X"": 2.64055}",2026-07-07 08:15:00+00:00,2026-07-23 02:50:00+00:00,15.774305555555555,67,4.247413603345807,40.298507462686565,29.39031193036935,52.25888853941111,-0.4361639001895197,0.48768613474005923,18.871578828948174,100.0,82.78510197077429,-17.214898029225726,-1.0913252547693175,none,0,"{""gross_leverage"": 9, ""max_positions"": 10, ""sized_down"": 71}","{""AUDUSD=X"": -4.430202, ""EURUSD=X"": 0.250915, ""GBPUSD=X"": -6.434986, ""NZDUSD=X"": -6.600626}"
5m,8,2.5,20,0.3,opposite,False,-143.12362741404218,2026-05-18 23:00:00+00:00,2026-07-07 08:15:00+00:00,49.385416666666664,62,1.255431343598397,40.32258064516129,29.024682911652487,52.74975756367011,-0.5047556029057753,0.4712419890424102,17.355414154528958,100.0,83.31371868848841,-16.68628131151166,-0.3378787188156759,none,0,"{""gross_leverage"": 4, ""max_positions"": 3, ""sized_down"": 64}","{""AUDUSD=X"": -4.791393, ""EURUSD=X"": -4.001322, ""GBPUSD=X"": -4.329636, ""NZDUSD=X"": -3.563929}",2026-07-07 08:15:00+00:00,2026-07-23 02:50:00+00:00,15.774305555555555,19,1.204490424829408,36.84210526315789,19.149272376273842,58.96084250184328,-0.7933448733613562,0.2589419412496108,9.831679162298173,100.0,90.16832083770183,-9.831679162298187,-0.6232717584727884,none,0,"{""sized_down"": 18}","{""AUDUSD=X"": -0.408131, ""EURUSD=X"": -0.642185, ""GBPUSD=X"": -4.48024, ""NZDUSD=X"": -4.301123}"
5m,8,2.5,20,0.3,opposite,True,-153.09632367090742,2026-05-18 23:00:00+00:00,2026-07-07 08:15:00+00:00,49.385416666666664,115,2.32862265344864,38.26086956521739,29.893754568342633,47.38692829018502,-0.6062760362503248,0.5007376692236855,30.46907463728582,100.0,71.34837554011773,-28.651624459882292,-0.580163667612044,max_drawdown 30.47%,0,"{""gross_leverage"": 11, ""max_drawdown"": 4164, ""sized_down"": 121}","{""AUDUSD=X"": -8.279354, ""EURUSD=X"": -6.621485, ""GBPUSD=X"": -9.382349, ""NZDUSD=X"": -4.368437}",2026-07-07 08:15:00+00:00,2026-07-23 02:50:00+00:00,15.774305555555555,53,3.3598943429451906,30.18867924528302,19.518140287607167,43.53708686996755,-0.8332484107927621,0.2646207136257931,23.280979449408946,100.0,76.71902055059105,-23.280979449408953,-1.4758798330243845,none,0,"{""gross_leverage"": 4, ""sized_down"": 53}","{""AUDUSD=X"": -2.88133, ""EURUSD=X"": -1.053097, ""GBPUSD=X"": -9.981217, ""NZDUSD=X"": -9.365335}"
5m,8,2.5,20,0.3,extension,False,-116.06480332140816,2026-05-18 23:00:00+00:00,2026-07-07 08:15:00+00:00,49.385416666666664,80,1.619911411094706,33.75,24.34545981222198,44.64368161637671,-0.55137584188797,0.42991769288042053,26.645267429181164,100.0,74.89451317565795,-25.105486824342048,-0.5083583073479934,none,0,"{""gross_leverage"": 7, ""sized_down"": 83}","{""AUDUSD=X"": -11.409465, ""EURUSD=X"": -5.382708, ""GBPUSD=X"": -6.140071, ""NZDUSD=X"": -2.173243}",2026-07-07 08:15:00+00:00,2026-07-23 02:50:00+00:00,15.774305555555555,25,1.5848558221439577,36.0,20.247656431735635,55.48184539895337,-0.48830185210821075,0.47865084911636513,8.053666220222013,100.0,91.94633377977799,-8.053666220222013,-0.5105559919489192,none,0,"{""max_positions"": 6, ""sized_down"": 23}","{""AUDUSD=X"": -2.377347, ""EURUSD=X"": 0.250915, ""GBPUSD=X"": -2.883037, ""NZDUSD=X"": -3.044197}"
5m,8,2.5,20,0.3,extension,True,-116.3540490340311,2026-05-18 23:00:00+00:00,2026-07-07 08:15:00+00:00,49.385416666666664,125,2.531111579835478,36.0,28.11855308589631,44.716307704407434,-0.6019372431829316,0.5495632729101722,30.643177365378442,100.0,71.62425226619914,-28.375747733800928,-0.5745774694041108,max_drawdown 30.64%,0,"{""gross_leverage"": 15, ""max_drawdown"": 12500, ""max_positions"": 4, ""sized_down"": 135}","{""AUDUSD=X"": -14.12679, ""EURUSD=X"": -5.406036, ""GBPUSD=X"": -11.483472, ""NZDUSD=X"": 2.64055}",2026-07-07 08:15:00+00:00,2026-07-23 02:50:00+00:00,15.774305555555555,67,4.247413603345807,40.298507462686565,29.39031193036935,52.25888853941111,-0.4361639001895197,0.48768613474005923,18.871578828948174,100.0,82.78510197077429,-17.214898029225726,-1.0913252547693175,none,0,"{""gross_leverage"": 9, ""max_positions"": 10, ""sized_down"": 71}","{""AUDUSD=X"": -4.430202, ""EURUSD=X"": 0.250915, ""GBPUSD=X"": -6.434986, ""NZDUSD=X"": -6.600626}"
5m,8,4.0,12,0.1,opposite,False,-125.23185664556017,2026-05-18 23:00:00+00:00,2026-07-07 08:15:00+00:00,49.385416666666664,97,1.964142585952331,30.927835051546392,22.604022957947016,40.70477023851159,-0.7860315218043578,0.41127767718463476,30.020282197446736,100.0,71.0629854464503,-28.9370145535497,-0.5859425009788592,max_drawdown 30.02%,0,"{""gross_leverage"": 18, ""max_drawdown"": 26760, ""max_positions"": 31, ""sized_down"": 112}","{""AUDUSD=X"": -7.301319, ""EURUSD=X"": 0.041638, ""GBPUSD=X"": -12.43119, ""NZDUSD=X"": -9.246144}",2026-07-07 08:15:00+00:00,2026-07-23 02:50:00+00:00,15.774305555555555,77,4.88135593220339,37.66233766233766,27.669846411806525,48.8274025293327,-0.49305814709606477,0.4351708312422648,26.515659454481632,100.0,74.79056982381022,-25.209430176189784,-1.5981324875066383,none,0,"{""gross_leverage"": 11, ""max_positions"": 20, ""sized_down"": 82}","{""AUDUSD=X"": -2.170711, ""EURUSD=X"": -0.276226, ""GBPUSD=X"": -8.17131, ""NZDUSD=X"": -14.591183}"
5m,8,4.0,12,0.1,opposite,True,-160.70694557407276,2026-05-18 23:00:00+00:00,2026-07-07 08:15:00+00:00,49.385416666666664,122,2.4703649019194263,31.967213114754102,24.351046547889815,40.6843630463938,-0.6713176035819668,0.5575678312612027,30.664519902098693,100.0,71.1826827517567,-28.817317248243352,-0.5835187630945712,max_drawdown 30.66%,0,"{""gross_leverage"": 39, ""max_drawdown"": 31692, ""max_positions"": 24, ""sized_down"": 155}","{""AUDUSD=X"": -9.279217, ""EURUSD=X"": -2.774483, ""GBPUSD=X"": -10.430782, ""NZDUSD=X"": -6.332835}",2026-07-07 08:15:00+00:00,2026-07-23 02:50:00+00:00,15.774305555555555,78,4.9447501650891486,28.205128205128204,19.42519701528857,39.03113814922434,-0.8869490841244192,0.2775974729444801,30.434317834206254,100.0,69.56568216579375,-30.43431783420628,-1.9293602325008603,max_drawdown 30.43%,0,"{""daily_loss"": 722, ""gross_leverage"": 17, ""max_drawdown"": 7415, ""max_positions"": 20, ""sized_down"": 90}","{""AUDUSD=X"": -10.421722, ""EURUSD=X"": 0.092913, ""GBPUSD=X"": -14.070846, ""NZDUSD=X"": -6.034663}"
5m,8,4.0,12,0.1,extension,False,-118.27125983794369,2026-05-18 23:00:00+00:00,2026-07-07 08:15:00+00:00,49.385416666666664,95,1.9236448006749631,29.47368421052631,21.247799848789718,39.295129444139576,-0.7083293048833706,0.411067060826066,30.66293389320387,100.0,70.67530971612022,-29.32469028387979,-0.5937925052209365,max_drawdown 30.66%,0,"{""daily_loss"": 211, ""gross_leverage"": 18, ""max_drawdown"": 28228, ""max_positions"": 40, ""sized_down"": 110}","{""AUDUSD=X"": -10.237222, ""EURUSD=X"": -0.900596, ""GBPUSD=X"": -11.67398, ""NZDUSD=X"": -6.512893}",2026-07-07 08:15:00+00:00,2026-07-23 02:50:00+00:00,15.774305555555555,85,5.3885097952894565,36.470588235294116,27.029162752319603,47.08206442053636,-0.42527011459756403,0.5316475505485788,24.99636018481724,100.0,76.66733975853141,-23.332660241468556,-1.4791560971919313,none,0,"{""gross_leverage"": 18, ""max_positions"": 10, ""sized_down"": 97}","{""AUDUSD=X"": -3.408429, ""EURUSD=X"": -0.574808, ""GBPUSD=X"": -6.504031, ""NZDUSD=X"": -12.845393}"
5m,8,4.0,12,0.1,extension,True,-149.32700710870404,2026-05-18 23:00:00+00:00,2026-07-07 08:15:00+00:00,49.385416666666664,115,2.32862265344864,29.565217391304348,21.994658625708915,38.45690042432069,-0.6842938133965873,0.5080409870561028,30.28849512962188,100.0,69.90253636956173,-30.09746363043829,-0.609440309749436,max_drawdown 30.29%,0,"{""gross_leverage"": 50, ""max_drawdown"": 32412, ""max_positions"": 26, ""sized_down"": 158}","{""AUDUSD=X"": -12.781269, ""EURUSD=X"": -1.412416, ""GBPUSD=X"": -9.153765, ""NZDUSD=X"": -6.750014}",2026-07-07 08:15:00+00:00,2026-07-23 02:50:00+00:00,15.774305555555555,86,5.451904028175215,27.906976744186046,19.5285453305378,38.17479031798136,-0.7536137390391359,0.34554130741508304,30.25035478012751,100.0,69.74964521987249,-30.250354780127534,-1.917698035808217,max_drawdown 30.25%,0,"{""daily_loss"": 423, ""gross_leverage"": 23, ""max_drawdown"": 7415, ""max_positions"": 20, ""sized_down"": 102}","{""AUDUSD=X"": -11.736072, ""EURUSD=X"": -0.477161, ""GBPUSD=X"": -13.834437, ""NZDUSD=X"": -4.202685}"
5m,8,4.0,12,0.3,opposite,False,-125.23185664556017,2026-05-18 23:00:00+00:00,2026-07-07 08:15:00+00:00,49.385416666666664,97,1.964142585952331,30.927835051546392,22.604022957947016,40.70477023851159,-0.7860315218043578,0.41127767718463476,30.020282197446736,100.0,71.0629854464503,-28.9370145535497,-0.5859425009788592,max_drawdown 30.02%,0,"{""gross_leverage"": 18, ""max_drawdown"": 26760, ""max_positions"": 31, ""sized_down"": 112}","{""AUDUSD=X"": -7.301319, ""EURUSD=X"": 0.041638, ""GBPUSD=X"": -12.43119, ""NZDUSD=X"": -9.246144}",2026-07-07 08:15:00+00:00,2026-07-23 02:50:00+00:00,15.774305555555555,77,4.88135593220339,37.66233766233766,27.669846411806525,48.8274025293327,-0.49305814709606477,0.4351708312422648,26.515659454481632,100.0,74.79056982381022,-25.209430176189784,-1.5981324875066383,none,0,"{""gross_leverage"": 11, ""max_positions"": 20, ""sized_down"": 82}","{""AUDUSD=X"": -2.170711, ""EURUSD=X"": -0.276226, ""GBPUSD=X"": -8.17131, ""NZDUSD=X"": -14.591183}"
5m,8,4.0,12,0.3,opposite,True,-160.70694557407276,2026-05-18 23:00:00+00:00,2026-07-07 08:15:00+00:00,49.385416666666664,122,2.4703649019194263,31.967213114754102,24.351046547889815,40.6843630463938,-0.6713176035819668,0.5575678312612027,30.664519902098693,100.0,71.1826827517567,-28.817317248243352,-0.5835187630945712,max_drawdown 30.66%,0,"{""gross_leverage"": 39, ""max_drawdown"": 31692, ""max_positions"": 24, ""sized_down"": 155}","{""AUDUSD=X"": -9.279217, ""EURUSD=X"": -2.774483, ""GBPUSD=X"": -10.430782, ""NZDUSD=X"": -6.332835}",2026-07-07 08:15:00+00:00,2026-07-23 02:50:00+00:00,15.774305555555555,78,4.9447501650891486,28.205128205128204,19.42519701528857,39.03113814922434,-0.8869490841244192,0.2775974729444801,30.434317834206254,100.0,69.56568216579375,-30.43431783420628,-1.9293602325008603,max_drawdown 30.43%,0,"{""daily_loss"": 722, ""gross_leverage"": 17, ""max_drawdown"": 7415, ""max_positions"": 20, ""sized_down"": 90}","{""AUDUSD=X"": -10.421722, ""EURUSD=X"": 0.092913, ""GBPUSD=X"": -14.070846, ""NZDUSD=X"": -6.034663}"
5m,8,4.0,12,0.3,extension,False,-118.27125983794369,2026-05-18 23:00:00+00:00,2026-07-07 08:15:00+00:00,49.385416666666664,95,1.9236448006749631,29.47368421052631,21.247799848789718,39.295129444139576,-0.7083293048833706,0.411067060826066,30.66293389320387,100.0,70.67530971612022,-29.32469028387979,-0.5937925052209365,max_drawdown 30.66%,0,"{""daily_loss"": 211, ""gross_leverage"": 18, ""max_drawdown"": 28228, ""max_positions"": 40, ""sized_down"": 110}","{""AUDUSD=X"": -10.237222, ""EURUSD=X"": -0.900596, ""GBPUSD=X"": -11.67398, ""NZDUSD=X"": -6.512893}",2026-07-07 08:15:00+00:00,2026-07-23 02:50:00+00:00,15.774305555555555,85,5.3885097952894565,36.470588235294116,27.029162752319603,47.08206442053636,-0.42527011459756403,0.5316475505485788,24.99636018481724,100.0,76.66733975853141,-23.332660241468556,-1.4791560971919313,none,0,"{""gross_leverage"": 18, ""max_positions"": 10, ""sized_down"": 97}","{""AUDUSD=X"": -3.408429, ""EURUSD=X"": -0.574808, ""GBPUSD=X"": -6.504031, ""NZDUSD=X"": -12.845393}"
5m,8,4.0,12,0.3,extension,True,-149.32700710870404,2026-05-18 23:00:00+00:00,2026-07-07 08:15:00+00:00,49.385416666666664,115,2.32862265344864,29.565217391304348,21.994658625708915,38.45690042432069,-0.6842938133965873,0.5080409870561028,30.28849512962188,100.0,69.90253636956173,-30.09746363043829,-0.609440309749436,max_drawdown 30.29%,0,"{""gross_leverage"": 50, ""max_drawdown"": 32412, ""max_positions"": 26, ""sized_down"": 158}","{""AUDUSD=X"": -12.781269, ""EURUSD=X"": -1.412416, ""GBPUSD=X"": -9.153765, ""NZDUSD=X"": -6.750014}",2026-07-07 08:15:00+00:00,2026-07-23 02:50:00+00:00,15.774305555555555,86,5.451904028175215,27.906976744186046,19.5285453305378,38.17479031798136,-0.7536137390391359,0.34554130741508304,30.25035478012751,100.0,69.74964521987249,-30.250354780127534,-1.917698035808217,max_drawdown 30.25%,0,"{""daily_loss"": 423, ""gross_leverage"": 23, ""max_drawdown"": 7415, ""max_positions"": 20, ""sized_down"": 102}","{""AUDUSD=X"": -11.736072, ""EURUSD=X"": -0.477161, ""GBPUSD=X"": -13.834437, ""NZDUSD=X"": -4.202685}"
5m,8,4.0,20,0.1,opposite,False,-130.79209265946,2026-05-18 23:00:00+00:00,2026-07-07 08:15:00+00:00,49.385416666666664,83,1.6806580890107572,27.710843373493976,19.231794359413655,38.1618971432763,-0.9210971112825098,0.3365934049452992,30.19291535135633,100.0,70.99982626829693,-29.000173731703093,-0.5872214043964348,max_drawdown 30.19%,0,"{""gross_leverage"": 12, ""max_drawdown"": 26760, ""max_positions"": 28, ""sized_down"": 92}","{""AUDUSD=X"": -8.90716, ""EURUSD=X"": -2.918519, ""GBPUSD=X"": -9.811148, ""NZDUSD=X"": -7.363347}",2026-07-07 08:15:00+00:00,2026-07-23 02:50:00+00:00,15.774305555555555,62,3.9304424389170154,35.483870967741936,24.74256057638604,47.91910013659786,-0.5763430554118768,0.3700132286981379,22.539104442595445,100.0,77.46089555740456,-22.539104442595434,-1.4288492360703247,none,0,"{""gross_leverage"": 9, ""max_positions"": 10, ""sized_down"": 68}","{""AUDUSD=X"": -0.899947, ""EURUSD=X"": -0.911458, ""GBPUSD=X"": -10.329011, ""NZDUSD=X"": -10.398689}"
5m,8,4.0,20,0.1,opposite,True,-167.13077025181414,2026-05-18 23:00:00+00:00,2026-07-07 08:15:00+00:00,49.385416666666664,139,2.8145960767770513,33.81294964028777,26.4779568704783,42.01861555660176,-0.6338213610255512,0.5746292727526264,30.84706205266144,100.0,71.08238863774655,-28.917611362253485,-0.5855496078414543,max_drawdown 30.17%,0,"{""daily_loss"": 283, ""gross_leverage"": 49, ""max_drawdown"": 31557, ""max_positions"": 52, ""sized_down"": 179}","{""AUDUSD=X"": -6.138187, ""EURUSD=X"": -5.256772, ""GBPUSD=X"": -13.726624, ""NZDUSD=X"": -3.796028}",2026-07-07 08:15:00+00:00,2026-07-23 02:50:00+00:00,15.774305555555555,72,4.564384767774598,26.38888888888889,17.59364159655273,37.57608056120766,-0.9644682104666877,0.2570986029513873,30.108180605512548,100.0,69.89181939448746,-30.10818060551257,-1.9086850130723354,max_drawdown 30.11%,0,"{""daily_loss"": 952, ""gross_leverage"": 17, ""max_drawdown"": 7752, ""max_positions"": 20, ""sized_down"": 86}","{""AUDUSD=X"": -11.635422, ""EURUSD=X"": 1.156274, ""GBPUSD=X"": -15.089404, ""NZDUSD=X"": -4.539629}"
5m,8,4.0,20,0.1,extension,False,-123.52057882269878,2026-05-18 23:00:00+00:00,2026-07-07 08:15:00+00:00,49.385416666666664,81,1.6401603037333896,24.691358024691358,16.590187380267345,35.08446279134657,-0.911991710652624,0.36286759361473875,30.330382268078175,100.0,71.16293796641425,-28.837062033585777,-0.5839185731331438,max_drawdown 30.33%,0,"{""gross_leverage"": 13, ""max_drawdown"": 28044, ""max_positions"": 32, ""sized_down"": 91}","{""AUDUSD=X"": -8.575403, ""EURUSD=X"": -4.051854, ""GBPUSD=X"": -9.086574, ""NZDUSD=X"": -7.123231}",2026-07-07 08:15:00+00:00,2026-07-23 02:50:00+00:00,15.774305555555555,70,4.437596302003081,32.857142857142854,22.998711826717816,44.49928388301762,-0.5055650433841495,0.4939977491024876,21.086896067517515,100.0,78.91310393248249,-21.08689606751748,-1.336787600141984,none,0,"{""gross_leverage"": 13, ""sized_down"": 77}","{""AUDUSD=X"": -3.295502, ""EURUSD=X"": -1.471585, ""GBPUSD=X"": -7.70937, ""NZDUSD=X"": -8.610439}"
5m,8,4.0,20,0.1,extension,True,-161.1274936704103,2026-05-18 23:00:00+00:00,2026-07-07 08:15:00+00:00,49.385416666666664,126,2.551360472474162,32.53968253968254,24.98075909223637,41.13179651397921,-0.5958470514567669,0.5942310925865252,30.189300582878943,100.0,73.26711372375358,-26.732886276246404,-0.5413113441298576,max_drawdown 30.19%,0,"{""daily_loss"": 191, ""gross_leverage"": 63, ""max_drawdown"": 31856, ""max_positions"": 26, ""sized_down"": 179}","{""AUDUSD=X"": -10.2021, ""EURUSD=X"": -2.41231, ""GBPUSD=X"": -8.385964, ""NZDUSD=X"": -5.732513}",2026-07-07 08:15:00+00:00,2026-07-23 02:50:00+00:00,15.774305555555555,75,4.754567466431873,25.333333333333336,16.859919647948146,36.21054061668372,-0.8939873127527372,0.3041407221652381,30.038429174932574,100.0,69.96157082506743,-30.038429174932595,-1.9042631746380339,max_drawdown 30.04%,0,"{""daily_loss"": 949, ""gross_leverage"": 22, ""max_drawdown"": 7796, ""max_positions"": 23, ""sized_down"": 93}","{""AUDUSD=X"": -14.047163, ""EURUSD=X"": 1.072648, ""GBPUSD=X"": -14.17273, ""NZDUSD=X"": -2.891185}"
5m,8,4.0,20,0.3,opposite,False,-130.79209265946,2026-05-18 23:00:00+00:00,2026-07-07 08:15:00+00:00,49.385416666666664,83,1.6806580890107572,27.710843373493976,19.231794359413655,38.1618971432763,-0.9210971112825098,0.3365934049452992,30.19291535135633,100.0,70.99982626829693,-29.000173731703093,-0.5872214043964348,max_drawdown 30.19%,0,"{""gross_leverage"": 12, ""max_drawdown"": 26760, ""max_positions"": 28, ""sized_down"": 92}","{""AUDUSD=X"": -8.90716, ""EURUSD=X"": -2.918519, ""GBPUSD=X"": -9.811148, ""NZDUSD=X"": -7.363347}",2026-07-07 08:15:00+00:00,2026-07-23 02:50:00+00:00,15.774305555555555,62,3.9304424389170154,35.483870967741936,24.74256057638604,47.91910013659786,-0.5763430554118768,0.3700132286981379,22.539104442595445,100.0,77.46089555740456,-22.539104442595434,-1.4288492360703247,none,0,"{""gross_leverage"": 9, ""max_positions"": 10, ""sized_down"": 68}","{""AUDUSD=X"": -0.899947, ""EURUSD=X"": -0.911458, ""GBPUSD=X"": -10.329011, ""NZDUSD=X"": -10.398689}"
5m,8,4.0,20,0.3,opposite,True,-167.13077025181414,2026-05-18 23:00:00+00:00,2026-07-07 08:15:00+00:00,49.385416666666664,139,2.8145960767770513,33.81294964028777,26.4779568704783,42.01861555660176,-0.6338213610255512,0.5746292727526264,30.84706205266144,100.0,71.08238863774655,-28.917611362253485,-0.5855496078414543,max_drawdown 30.17%,0,"{""daily_loss"": 283, ""gross_leverage"": 49, ""max_drawdown"": 31557, ""max_positions"": 52, ""sized_down"": 179}","{""AUDUSD=X"": -6.138187, ""EURUSD=X"": -5.256772, ""GBPUSD=X"": -13.726624, ""NZDUSD=X"": -3.796028}",2026-07-07 08:15:00+00:00,2026-07-23 02:50:00+00:00,15.774305555555555,72,4.564384767774598,26.38888888888889,17.59364159655273,37.57608056120766,-0.9644682104666877,0.2570986029513873,30.108180605512548,100.0,69.89181939448746,-30.10818060551257,-1.9086850130723354,max_drawdown 30.11%,0,"{""daily_loss"": 952, ""gross_leverage"": 17, ""max_drawdown"": 7752, ""max_positions"": 20, ""sized_down"": 86}","{""AUDUSD=X"": -11.635422, ""EURUSD=X"": 1.156274, ""GBPUSD=X"": -15.089404, ""NZDUSD=X"": -4.539629}"
5m,8,4.0,20,0.3,extension,False,-123.52057882269878,2026-05-18 23:00:00+00:00,2026-07-07 08:15:00+00:00,49.385416666666664,81,1.6401603037333896,24.691358024691358,16.590187380267345,35.08446279134657,-0.911991710652624,0.36286759361473875,30.330382268078175,100.0,71.16293796641425,-28.837062033585777,-0.5839185731331438,max_drawdown 30.33%,0,"{""gross_leverage"": 13, ""max_drawdown"": 28044, ""max_positions"": 32, ""sized_down"": 91}","{""AUDUSD=X"": -8.575403, ""EURUSD=X"": -4.051854, ""GBPUSD=X"": -9.086574, ""NZDUSD=X"": -7.123231}",2026-07-07 08:15:00+00:00,2026-07-23 02:50:00+00:00,15.774305555555555,70,4.437596302003081,32.857142857142854,22.998711826717816,44.49928388301762,-0.5055650433841495,0.4939977491024876,21.086896067517515,100.0,78.91310393248249,-21.08689606751748,-1.336787600141984,none,0,"{""gross_leverage"": 13, ""sized_down"": 77}","{""AUDUSD=X"": -3.295502, ""EURUSD=X"": -1.471585, ""GBPUSD=X"": -7.70937, ""NZDUSD=X"": -8.610439}"
5m,8,4.0,20,0.3,extension,True,-161.1274936704103,2026-05-18 23:00:00+00:00,2026-07-07 08:15:00+00:00,49.385416666666664,126,2.551360472474162,32.53968253968254,24.98075909223637,41.13179651397921,-0.5958470514567669,0.5942310925865252,30.189300582878943,100.0,73.26711372375358,-26.732886276246404,-0.5413113441298576,max_drawdown 30.19%,0,"{""daily_loss"": 191, ""gross_leverage"": 63, ""max_drawdown"": 31856, ""max_positions"": 26, ""sized_down"": 179}","{""AUDUSD=X"": -10.2021, ""EURUSD=X"": -2.41231, ""GBPUSD=X"": -8.385964, ""NZDUSD=X"": -5.732513}",2026-07-07 08:15:00+00:00,2026-07-23 02:50:00+00:00,15.774305555555555,75,4.754567466431873,25.333333333333336,16.859919647948146,36.21054061668372,-0.8939873127527372,0.3041407221652381,30.038429174932574,100.0,69.96157082506743,-30.038429174932595,-1.9042631746380339,max_drawdown 30.04%,0,"{""daily_loss"": 949, ""gross_leverage"": 22, ""max_drawdown"": 7796, ""max_positions"": 23, ""sized_down"": 93}","{""AUDUSD=X"": -14.047163, ""EURUSD=X"": 1.072648, ""GBPUSD=X"": -14.17273, ""NZDUSD=X"": -2.891185}"
1m,3,1.5,12,0.1,opposite,False,-1000000000.0,2026-07-29 23:00:00+00:00,2026-08-05 03:27:00+00:00,6.185416666666667,0,0.0,0.0,0.0,0.0,0.0,0.0,0.0,100.0,100.0,0.0,0.0,none,0,{},{},2026-08-05 03:25:00+00:00,2026-08-06 12:29:00+00:00,1.3777777777777778,1,0.7258064516129032,0.0,0.0,79.34567085261071,-0.5222574050832611,0.0,0.7028748452663365,100.0,99.29712515473366,-0.7028748452663421,-0.5101510973707322,none,0,"{""sized_down"": 1}","{""NZDUSD=X"": -0.702875}"
1m,3,1.5,12,0.1,opposite,True,-1000000000.0,2026-07-29 23:00:00+00:00,2026-08-05 03:27:00+00:00,6.185416666666667,1,0.16167059616032334,0.0,0.0,79.34567085261071,-1.716622359132076,0.0,1.2099854625973308,100.0,98.79001453740267,-1.2099854625973239,-0.19561907108343396,none,0,"{""sized_down"": 1}","{""AUDUSD=X"": -1.209985}",2026-08-05 03:25:00+00:00,2026-08-06 12:29:00+00:00,1.3777777777777778,1,0.7258064516129032,0.0,0.0,79.34567085261071,-0.5222574050832611,0.0,0.7028748452663365,100.0,99.29712515473366,-0.7028748452663421,-0.5101510973707322,none,0,"{""sized_down"": 1}","{""NZDUSD=X"": -0.702875}"
1m,3,1.5,12,0.1,extension,False,-1000000000.0,2026-07-29 23:00:00+00:00,2026-08-05 03:27:00+00:00,6.185416666666667,0,0.0,0.0,0.0,0.0,0.0,0.0,0.0,100.0,100.0,0.0,0.0,none,0,{},{},2026-08-05 03:25:00+00:00,2026-08-06 12:29:00+00:00,1.3777777777777778,1,0.7258064516129032,0.0,0.0,79.34567085261071,-0.5222574050832611,0.0,0.7028748452663365,100.0,99.29712515473366,-0.7028748452663421,-0.5101510973707322,none,0,"{""sized_down"": 1}","{""NZDUSD=X"": -0.702875}"
1m,3,1.5,12,0.1,extension,True,-1000000000.0,2026-07-29 23:00:00+00:00,2026-08-05 03:27:00+00:00,6.185416666666667,3,0.48501178848097004,0.0,0.0,56.15060804490177,-1.8738544479923576,0.0,3.3371903414384008,100.0,96.6628096585616,-3.3371903414383977,-0.5395255520008188,none,0,"{""sized_down"": 3}","{""AUDUSD=X"": -2.208526, ""NZDUSD=X"": -1.128664}",2026-08-05 03:25:00+00:00,2026-08-06 12:29:00+00:00,1.3777777777777778,1,0.7258064516129032,0.0,0.0,79.34567085261071,-0.5222574050832611,0.0,0.7028748452663365,100.0,99.29712515473366,-0.7028748452663421,-0.5101510973707322,none,0,"{""sized_down"": 1}","{""NZDUSD=X"": -0.702875}"
1m,3,1.5,12,0.3,opposite,False,-1000000000.0,2026-07-29 23:00:00+00:00,2026-08-05 03:27:00+00:00,6.185416666666667,0,0.0,0.0,0.0,0.0,0.0,0.0,0.0,100.0,100.0,0.0,0.0,none,0,{},{},2026-08-05 03:25:00+00:00,2026-08-06 12:29:00+00:00,1.3777777777777778,1,0.7258064516129032,0.0,0.0,79.34567085261071,-0.5222574050832611,0.0,0.7028748452663365,100.0,99.29712515473366,-0.7028748452663421,-0.5101510973707322,none,0,"{""sized_down"": 1}","{""NZDUSD=X"": -0.702875}"
1m,3,1.5,12,0.3,opposite,True,-1000000000.0,2026-07-29 23:00:00+00:00,2026-08-05 03:27:00+00:00,6.185416666666667,1,0.16167059616032334,0.0,0.0,79.34567085261071,-1.716622359132076,0.0,1.2099854625973308,100.0,98.79001453740267,-1.2099854625973239,-0.19561907108343396,none,0,"{""sized_down"": 1}","{""AUDUSD=X"": -1.209985}",2026-08-05 03:25:00+00:00,2026-08-06 12:29:00+00:00,1.3777777777777778,1,0.7258064516129032,0.0,0.0,79.34567085261071,-0.5222574050832611,0.0,0.7028748452663365,100.0,99.29712515473366,-0.7028748452663421,-0.5101510973707322,none,0,"{""sized_down"": 1}","{""NZDUSD=X"": -0.702875}"
1m,3,1.5,12,0.3,extension,False,-1000000000.0,2026-07-29 23:00:00+00:00,2026-08-05 03:27:00+00:00,6.185416666666667,0,0.0,0.0,0.0,0.0,0.0,0.0,0.0,100.0,100.0,0.0,0.0,none,0,{},{},2026-08-05 03:25:00+00:00,2026-08-06 12:29:00+00:00,1.3777777777777778,1,0.7258064516129032,0.0,0.0,79.34567085261071,-0.5222574050832611,0.0,0.7028748452663365,100.0,99.29712515473366,-0.7028748452663421,-0.5101510973707322,none,0,"{""sized_down"": 1}","{""NZDUSD=X"": -0.702875}"
1m,3,1.5,12,0.3,extension,True,-1000000000.0,2026-07-29 23:00:00+00:00,2026-08-05 03:27:00+00:00,6.185416666666667,3,0.48501178848097004,0.0,0.0,56.15060804490177,-1.8738544479923576,0.0,3.3371903414384008,100.0,96.6628096585616,-3.3371903414383977,-0.5395255520008188,none,0,"{""sized_down"": 3}","{""AUDUSD=X"": -2.208526, ""NZDUSD=X"": -1.128664}",2026-08-05 03:25:00+00:00,2026-08-06 12:29:00+00:00,1.3777777777777778,1,0.7258064516129032,0.0,0.0,79.34567085261071,-0.5222574050832611,0.0,0.7028748452663365,100.0,99.29712515473366,-0.7028748452663421,-0.5101510973707322,none,0,"{""sized_down"": 1}","{""NZDUSD=X"": -0.702875}"
1m,3,1.5,20,0.1,opposite,False,-1000000000.0,2026-07-29 23:00:00+00:00,2026-08-05 03:27:00+00:00,6.185416666666667,0,0.0,0.0,0.0,0.0,0.0,0.0,0.0,100.0,100.0,0.0,0.0,none,0,{},{},2026-08-05 03:25:00+00:00,2026-08-06 12:29:00+00:00,1.3777777777777778,0,0.0,0.0,0.0,0.0,0.0,0.0,0.0,100.0,100.0,0.0,0.0,none,0,{},{}
1m,3,1.5,20,0.1,opposite,True,-1000000000.0,2026-07-29 23:00:00+00:00,2026-08-05 03:27:00+00:00,6.185416666666667,2,0.3233411923206467,50.0,9.452865480086615,90.54713451991339,-0.692083489351689,0.41437835071188345,1.2099854625973308,100.0,99.2914063177791,-0.7085936822208895,-0.11455876304008991,none,0,"{""sized_down"": 2}","{""AUDUSD=X"": -1.209985, ""NZDUSD=X"": 0.501392}",2026-08-05 03:25:00+00:00,2026-08-06 12:29:00+00:00,1.3777777777777778,1,0.7258064516129032,0.0,0.0,79.34567085261071,-0.5222574050832611,0.0,0.7028748452663365,100.0,99.29712515473366,-0.7028748452663421,-0.5101510973707322,none,0,"{""sized_down"": 1}","{""NZDUSD=X"": -0.702875}"
1m,3,1.5,20,0.1,extension,False,-1000000000.0,2026-07-29 23:00:00+00:00,2026-08-05 03:27:00+00:00,6.185416666666667,0,0.0,0.0,0.0,0.0,0.0,0.0,0.0,100.0,100.0,0.0,0.0,none,0,{},{},2026-08-05 03:25:00+00:00,2026-08-06 12:29:00+00:00,1.3777777777777778,0,0.0,0.0,0.0,0.0,0.0,0.0,0.0,100.0,100.0,0.0,0.0,none,0,{},{}
1m,3,1.5,20,0.1,extension,True,-1000000000.0,2026-07-29 23:00:00+00:00,2026-08-05 03:27:00+00:00,6.185416666666667,7,1.1316941731222634,14.285714285714285,2.567895594897479,51.313450331903,-1.5036021908230832,0.10318897149862932,5.846886687449043,100.0,94.15311331255096,-5.846886687449044,-0.9452696564417451,none,0,"{""sized_down"": 7}","{""AUDUSD=X"": -2.208526, ""NZDUSD=X"": -3.63836}",2026-08-05 03:25:00+00:00,2026-08-06 12:29:00+00:00,1.3777777777777778,1,0.7258064516129032,0.0,0.0,79.34567085261071,-0.5222574050832611,0.0,0.7028748452663365,100.0,99.29712515473366,-0.7028748452663421,-0.5101510973707322,none,0,"{""sized_down"": 1}","{""NZDUSD=X"": -0.702875}"
1m,3,1.5,20,0.3,opposite,False,-1000000000.0,2026-07-29 23:00:00+00:00,2026-08-05 03:27:00+00:00,6.185416666666667,0,0.0,0.0,0.0,0.0,0.0,0.0,0.0,100.0,100.0,0.0,0.0,none,0,{},{},2026-08-05 03:25:00+00:00,2026-08-06 12:29:00+00:00,1.3777777777777778,0,0.0,0.0,0.0,0.0,0.0,0.0,0.0,100.0,100.0,0.0,0.0,none,0,{},{}
1m,3,1.5,20,0.3,opposite,True,-1000000000.0,2026-07-29 23:00:00+00:00,2026-08-05 03:27:00+00:00,6.185416666666667,2,0.3233411923206467,50.0,9.452865480086615,90.54713451991339,-0.692083489351689,0.41437835071188345,1.2099854625973308,100.0,99.2914063177791,-0.7085936822208895,-0.11455876304008991,none,0,"{""sized_down"": 2}","{""AUDUSD=X"": -1.209985, ""NZDUSD=X"": 0.501392}",2026-08-05 03:25:00+00:00,2026-08-06 12:29:00+00:00,1.3777777777777778,1,0.7258064516129032,0.0,0.0,79.34567085261071,-0.5222574050832611,0.0,0.7028748452663365,100.0,99.29712515473366,-0.7028748452663421,-0.5101510973707322,none,0,"{""sized_down"": 1}","{""NZDUSD=X"": -0.702875}"
1m,3,1.5,20,0.3,extension,False,-1000000000.0,2026-07-29 23:00:00+00:00,2026-08-05 03:27:00+00:00,6.185416666666667,0,0.0,0.0,0.0,0.0,0.0,0.0,0.0,100.0,100.0,0.0,0.0,none,0,{},{},2026-08-05 03:25:00+00:00,2026-08-06 12:29:00+00:00,1.3777777777777778,0,0.0,0.0,0.0,0.0,0.0,0.0,0.0,100.0,100.0,0.0,0.0,none,0,{},{}
1m,3,1.5,20,0.3,extension,True,-1000000000.0,2026-07-29 23:00:00+00:00,2026-08-05 03:27:00+00:00,6.185416666666667,7,1.1316941731222634,14.285714285714285,2.567895594897479,51.313450331903,-1.5036021908230832,0.10318897149862932,5.846886687449043,100.0,94.15311331255096,-5.846886687449044,-0.9452696564417451,none,0,"{""sized_down"": 7}","{""AUDUSD=X"": -2.208526, ""NZDUSD=X"": -3.63836}",2026-08-05 03:25:00+00:00,2026-08-06 12:29:00+00:00,1.3777777777777778,1,0.7258064516129032,0.0,0.0,79.34567085261071,-0.5222574050832611,0.0,0.7028748452663365,100.0,99.29712515473366,-0.7028748452663421,-0.5101510973707322,none,0,"{""sized_down"": 1}","{""NZDUSD=X"": -0.702875}"
1m,3,2.5,12,0.1,opposite,False,-1000000000.0,2026-07-29 23:00:00+00:00,2026-08-05 03:27:00+00:00,6.185416666666667,5,0.8083529808016167,20.0,3.6223160969787447,62.44717358814613,-1.3447309361812905,0.1802876661915951,4.810746837330672,100.0,96.02207016842664,-3.977929831573366,-0.6431142873544007,none,0,"{""sized_down"": 5}","{""AUDUSD=X"": -0.532447, ""GBPUSD=X"": -1.939452, ""NZDUSD=X"": -1.506031}",2026-08-05 03:25:00+00:00,2026-08-06 12:29:00+00:00,1.3777777777777778,1,0.7258064516129032,0.0,0.0,79.34567085261071,-0.5222574050832611,0.0,0.7028748452663365,100.0,99.29712515473366,-0.7028748452663421,-0.5101510973707322,none,0,"{""sized_down"": 1}","{""NZDUSD=X"": -0.702875}"
1m,3,2.5,12,0.1,opposite,True,-1000000000.0,2026-07-29 23:00:00+00:00,2026-08-05 03:27:00+00:00,6.185416666666667,7,1.1316941731222634,14.285714285714285,2.567895594897479,51.313450331903,-1.5275066769809253,0.13043917078098868,5.832484643459779,100.0,94.16751535654022,-5.832484643459786,-0.9429412694040745,none,0,"{""gross_leverage"": 1, ""sized_down"": 8}","{""AUDUSD=X"": -1.742432, ""GBPUSD=X"": -1.939452, ""NZDUSD=X"": -2.150601}",2026-08-05 03:25:00+00:00,2026-08-06 12:29:00+00:00,1.3777777777777778,1,0.7258064516129032,0.0,0.0,79.34567085261071,-0.5222574050832611,0.0,0.7028748452663365,100.0,99.29712515473366,-0.7028748452663421,-0.5101510973707322,none,0,"{""sized_down"": 1}","{""NZDUSD=X"": -0.702875}"
1m,3,2.5,12,0.1,extension,False,-1000000000.0,2026-07-29 23:00:00+00:00,2026-08-05 03:27:00+00:00,6.185416666666667,8,1.2933647692825867,37.5,13.684175946152106,69.42621454161981,-0.5928447587779297,0.38787297541512283,4.836373025800246,100.0,96.29004516891085,-3.7099548310891457,-0.5997906092700539,none,0,"{""gross_leverage"": 2, ""sized_down"": 9}","{""AUDUSD=X"": 1.466185, ""EURUSD=X"": -0.29882, ""GBPUSD=X"": -2.307622, ""NZDUSD=X"": -2.569698}",2026-08-05 03:25:00+00:00,2026-08-06 12:29:00+00:00,1.3777777777777778,1,0.7258064516129032,0.0,0.0,79.34567085261071,-0.5222574050832611,0.0,0.7028748452663365,100.0,99.29712515473366,-0.7028748452663421,-0.5101510973707322,none,0,"{""sized_down"": 1}","{""NZDUSD=X"": -0.702875}"
1m,3,2.5,12,0.1,extension,True,-1000000000.0,2026-07-29 23:00:00+00:00,2026-08-05 03:27:00+00:00,6.185416666666667,18,2.91007073088582,44.44444444444444,24.559231101389127,66.28393057174837,-0.4175538563298228,0.5148598337689956,5.800423731621926,100.0,95.68939156532262,-4.310608434677368,-0.6968986354480083,none,0,"{""gross_leverage"": 6, ""sized_down"": 22}","{""AUDUSD=X"": 2.073247, ""EURUSD=X"": -0.29882, ""GBPUSD=X"": -2.386674, ""NZDUSD=X"": -3.698361}",2026-08-05 03:25:00+00:00,2026-08-06 12:29:00+00:00,1.3777777777777778,1,0.7258064516129032,0.0,0.0,79.34567085261071,-0.5222574050832611,0.0,0.7028748452663365,100.0,99.29712515473366,-0.7028748452663421,-0.5101510973707322,none,0,"{""sized_down"": 1}","{""NZDUSD=X"": -0.702875}"
1m,3,2.5,12,0.3,opposite,False,-1000000000.0,2026-07-29 23:00:00+00:00,2026-08-05 03:27:00+00:00,6.185416666666667,5,0.8083529808016167,20.0,3.6223160969787447,62.44717358814613,-1.3447309361812905,0.1802876661915951,4.810746837330672,100.0,96.02207016842664,-3.977929831573366,-0.6431142873544007,none,0,"{""sized_down"": 5}","{""AUDUSD=X"": -0.532447, ""GBPUSD=X"": -1.939452, ""NZDUSD=X"": -1.506031}",2026-08-05 03:25:00+00:00,2026-08-06 12:29:00+00:00,1.3777777777777778,1,0.7258064516129032,0.0,0.0,79.34567085261071,-0.5222574050832611,0.0,0.7028748452663365,100.0,99.29712515473366,-0.7028748452663421,-0.5101510973707322,none,0,"{""sized_down"": 1}","{""NZDUSD=X"": -0.702875}"
1m,3,2.5,12,0.3,opposite,True,-1000000000.0,2026-07-29 23:00:00+00:00,2026-08-05 03:27:00+00:00,6.185416666666667,7,1.1316941731222634,14.285714285714285,2.567895594897479,51.313450331903,-1.5275066769809253,0.13043917078098868,5.832484643459779,100.0,94.16751535654022,-5.832484643459786,-0.9429412694040745,none,0,"{""gross_leverage"": 1, ""sized_down"": 8}","{""AUDUSD=X"": -1.742432, ""GBPUSD=X"": -1.939452, ""NZDUSD=X"": -2.150601}",2026-08-05 03:25:00+00:00,2026-08-06 12:29:00+00:00,1.3777777777777778,1,0.7258064516129032,0.0,0.0,79.34567085261071,-0.5222574050832611,0.0,0.7028748452663365,100.0,99.29712515473366,-0.7028748452663421,-0.5101510973707322,none,0,"{""sized_down"": 1}","{""NZDUSD=X"": -0.702875}"
1m,3,2.5,12,0.3,extension,False,-1000000000.0,2026-07-29 23:00:00+00:00,2026-08-05 03:27:00+00:00,6.185416666666667,8,1.2933647692825867,37.5,13.684175946152106,69.42621454161981,-0.5928447587779297,0.38787297541512283,4.836373025800246,100.0,96.29004516891085,-3.7099548310891457,-0.5997906092700539,none,0,"{""gross_leverage"": 2, ""sized_down"": 9}","{""AUDUSD=X"": 1.466185, ""EURUSD=X"": -0.29882, ""GBPUSD=X"": -2.307622, ""NZDUSD=X"": -2.569698}",2026-08-05 03:25:00+00:00,2026-08-06 12:29:00+00:00,1.3777777777777778,1,0.7258064516129032,0.0,0.0,79.34567085261071,-0.5222574050832611,0.0,0.7028748452663365,100.0,99.29712515473366,-0.7028748452663421,-0.5101510973707322,none,0,"{""sized_down"": 1}","{""NZDUSD=X"": -0.702875}"
1m,3,2.5,12,0.3,extension,True,-1000000000.0,2026-07-29 23:00:00+00:00,2026-08-05 03:27:00+00:00,6.185416666666667,18,2.91007073088582,44.44444444444444,24.559231101389127,66.28393057174837,-0.4175538563298228,0.5148598337689956,5.800423731621926,100.0,95.68939156532262,-4.310608434677368,-0.6968986354480083,none,0,"{""gross_leverage"": 6, ""sized_down"": 22}","{""AUDUSD=X"": 2.073247, ""EURUSD=X"": -0.29882, ""GBPUSD=X"": -2.386674, ""NZDUSD=X"": -3.698361}",2026-08-05 03:25:00+00:00,2026-08-06 12:29:00+00:00,1.3777777777777778,1,0.7258064516129032,0.0,0.0,79.34567085261071,-0.5222574050832611,0.0,0.7028748452663365,100.0,99.29712515473366,-0.7028748452663421,-0.5101510973707322,none,0,"{""sized_down"": 1}","{""NZDUSD=X"": -0.702875}"
1m,3,2.5,20,0.1,opposite,False,-1000000000.0,2026-07-29 23:00:00+00:00,2026-08-05 03:27:00+00:00,6.185416666666667,4,0.6466823846412934,25.0,4.558606264463622,69.93639475573634,-1.0456447819942212,0.21582029750991397,4.018705978760422,100.0,96.8210406443051,-3.1789593556949,-0.5139442542046319,none,0,"{""sized_down"": 4}","{""AUDUSD=X"": -0.532447, ""GBPUSD=X"": -1.140481, ""NZDUSD=X"": -1.506031}",2026-08-05 03:25:00+00:00,2026-08-06 12:29:00+00:00,1.3777777777777778,0,0.0,0.0,0.0,0.0,0.0,0.0,0.0,100.0,100.0,0.0,0.0,none,0,{},{}
1m,3,2.5,20,0.1,opposite,True,-1000000000.0,2026-07-29 23:00:00+00:00,2026-08-05 03:27:00+00:00,6.185416666666667,8,1.2933647692825867,37.5,13.684175946152106,69.42621454161981,-0.8443979477629979,0.28365684443936234,4.448223765577637,100.0,95.55177623442236,-4.448223765577642,-0.7191469880354557,none,0,"{""gross_leverage"": 1, ""sized_down"": 9}","{""AUDUSD=X"": -1.742432, ""GBPUSD=X"": -0.755376, ""NZDUSD=X"": -1.950415}",2026-08-05 03:25:00+00:00,2026-08-06 12:29:00+00:00,1.3777777777777778,1,0.7258064516129032,0.0,0.0,79.34567085261071,-0.5222574050832611,0.0,0.7028748452663365,100.0,99.29712515473366,-0.7028748452663421,-0.5101510973707322,none,0,"{""sized_down"": 1}","{""NZDUSD=X"": -0.702875}"
1m,3,2.5,20,0.1,extension,False,-1000000000.0,2026-07-29 23:00:00+00:00,2026-08-05 03:27:00+00:00,6.185416666666667,8,1.2933647692825867,37.5,13.684175946152106,69.42621454161981,-0.5928447587779297,0.38787297541512283,4.836373025800246,100.0,96.29004516891085,-3.7099548310891457,-0.5997906092700539,none,0,"{""gross_leverage"": 1, ""sized_down"": 8}","{""AUDUSD=X"": 1.466185, ""EURUSD=X"": -0.29882, ""GBPUSD=X"": -2.307622, ""NZDUSD=X"": -2.569698}",2026-08-05 03:25:00+00:00,2026-08-06 12:29:00+00:00,1.3777777777777778,0,0.0,0.0,0.0,0.0,0.0,0.0,0.0,100.0,100.0,0.0,0.0,none,0,{},{}
1m,3,2.5,20,0.1,extension,True,-1000000000.0,2026-07-29 23:00:00+00:00,2026-08-05 03:27:00+00:00,6.185416666666667,24,3.8800943078477603,45.83333333333333,27.89105835168143,64.92544644689336,-0.4500559803954332,0.5391533308985502,6.554108306834286,100.0,94.80267708778395,-5.197322912216053,-0.840254293655677,none,0,"{""gross_leverage"": 6, ""sized_down"": 28}","{""AUDUSD=X"": 1.377816, ""EURUSD=X"": -0.29882, ""GBPUSD=X"": -3.178595, ""NZDUSD=X"": -3.097724}",2026-08-05 03:25:00+00:00,2026-08-06 12:29:00+00:00,1.3777777777777778,1,0.7258064516129032,0.0,0.0,79.34567085261071,-0.5222574050832611,0.0,0.7028748452663365,100.0,99.29712515473366,-0.7028748452663421,-0.5101510973707322,none,0,"{""sized_down"": 1}","{""NZDUSD=X"": -0.702875}"
1m,3,2.5,20,0.3,opposite,False,-1000000000.0,2026-07-29 23:00:00+00:00,2026-08-05 03:27:00+00:00,6.185416666666667,4,0.6466823846412934,25.0,4.558606264463622,69.93639475573634,-1.0456447819942212,0.21582029750991397,4.018705978760422,100.0,96.8210406443051,-3.1789593556949,-0.5139442542046319,none,0,"{""sized_down"": 4}","{""AUDUSD=X"": -0.532447, ""GBPUSD=X"": -1.140481, ""NZDUSD=X"": -1.506031}",2026-08-05 03:25:00+00:00,2026-08-06 12:29:00+00:00,1.3777777777777778,0,0.0,0.0,0.0,0.0,0.0,0.0,0.0,100.0,100.0,0.0,0.0,none,0,{},{}
1m,3,2.5,20,0.3,opposite,True,-1000000000.0,2026-07-29 23:00:00+00:00,2026-08-05 03:27:00+00:00,6.185416666666667,8,1.2933647692825867,37.5,13.684175946152106,69.42621454161981,-0.8443979477629979,0.28365684443936234,4.448223765577637,100.0,95.55177623442236,-4.448223765577642,-0.7191469880354557,none,0,"{""gross_leverage"": 1, ""sized_down"": 9}","{""AUDUSD=X"": -1.742432, ""GBPUSD=X"": -0.755376, ""NZDUSD=X"": -1.950415}",2026-08-05 03:25:00+00:00,2026-08-06 12:29:00+00:00,1.3777777777777778,1,0.7258064516129032,0.0,0.0,79.34567085261071,-0.5222574050832611,0.0,0.7028748452663365,100.0,99.29712515473366,-0.7028748452663421,-0.5101510973707322,none,0,"{""sized_down"": 1}","{""NZDUSD=X"": -0.702875}"
1m,3,2.5,20,0.3,extension,False,-1000000000.0,2026-07-29 23:00:00+00:00,2026-08-05 03:27:00+00:00,6.185416666666667,8,1.2933647692825867,37.5,13.684175946152106,69.42621454161981,-0.5928447587779297,0.38787297541512283,4.836373025800246,100.0,96.29004516891085,-3.7099548310891457,-0.5997906092700539,none,0,"{""gross_leverage"": 1, ""sized_down"": 8}","{""AUDUSD=X"": 1.466185, ""EURUSD=X"": -0.29882, ""GBPUSD=X"": -2.307622, ""NZDUSD=X"": -2.569698}",2026-08-05 03:25:00+00:00,2026-08-06 12:29:00+00:00,1.3777777777777778,0,0.0,0.0,0.0,0.0,0.0,0.0,0.0,100.0,100.0,0.0,0.0,none,0,{},{}
1m,3,2.5,20,0.3,extension,True,-1000000000.0,2026-07-29 23:00:00+00:00,2026-08-05 03:27:00+00:00,6.185416666666667,24,3.8800943078477603,45.83333333333333,27.89105835168143,64.92544644689336,-0.4500559803954332,0.5391533308985502,6.554108306834286,100.0,94.80267708778395,-5.197322912216053,-0.840254293655677,none,0,"{""gross_leverage"": 6, ""sized_down"": 28}","{""AUDUSD=X"": 1.377816, ""EURUSD=X"": -0.29882, ""GBPUSD=X"": -3.178595, ""NZDUSD=X"": -3.097724}",2026-08-05 03:25:00+00:00,2026-08-06 12:29:00+00:00,1.3777777777777778,1,0.7258064516129032,0.0,0.0,79.34567085261071,-0.5222574050832611,0.0,0.7028748452663365,100.0,99.29712515473366,-0.7028748452663421,-0.5101510973707322,none,0,"{""sized_down"": 1}","{""NZDUSD=X"": -0.702875}"
1m,3,4.0,12,0.1,opposite,False,-1000000000.0,2026-07-29 23:00:00+00:00,2026-08-05 03:27:00+00:00,6.185416666666667,16,2.5867295385651734,25.0,10.181901984237346,49.49876892939864,-1.2790484722694375,0.1982432254022407,9.746798943560242,100.0,90.99336559976823,-9.006634400231778,-1.4561079528835479,none,0,"{""gross_leverage"": 1, ""max_positions"": 6, ""sized_down"": 16}","{""AUDUSD=X"": -3.726413, ""GBPUSD=X"": -4.082425, ""NZDUSD=X"": -1.197797}",2026-08-05 03:25:00+00:00,2026-08-06 12:29:00+00:00,1.3777777777777778,1,0.7258064516129032,0.0,0.0,79.34567085261071,-0.5222574050832611,0.0,0.7028748452663365,100.0,99.29712515473366,-0.7028748452663421,-0.5101510973707322,none,0,"{""sized_down"": 1}","{""NZDUSD=X"": -0.702875}"
1m,3,4.0,12,0.1,opposite,True,-1000000000.0,2026-07-29 23:00:00+00:00,2026-08-05 03:27:00+00:00,6.185416666666667,22,3.5567531155271133,31.818181818181817,16.36038735469248,52.68177721716065,-0.9907092234636962,0.2800380769953143,10.88887052502774,100.0,89.56624468377625,-10.433755316223758,-1.6868314421648378,daily_loss 8.59%,0,"{""daily_loss"": 1109, ""gross_leverage"": 2, ""max_positions"": 6, ""sized_down"": 23}","{""AUDUSD=X"": -4.936398, ""GBPUSD=X"": -3.596438, ""NZDUSD=X"": -1.900919}",2026-08-05 03:25:00+00:00,2026-08-06 12:29:00+00:00,1.3777777777777778,2,1.4516129032258065,0.0,0.0,65.76280471103807,-0.5714378439145322,0.0,1.0586818039417238,100.0,98.94131819605828,-1.0586818039417265,-0.7683980835060918,none,0,"{""sized_down"": 2}","{""NZDUSD=X"": -1.058682}"
1m,3,4.0,12,0.1,extension,False,-1000000000.0,2026-07-29 23:00:00+00:00,2026-08-05 03:27:00+00:00,6.185416666666667,23,3.7184237116874366,26.08695652173913,12.548445889248969,46.47039054375056,-1.0510929519890644,0.2241378290750786,12.011524991307269,100.0,87.98847500869273,-12.011524991307263,-1.9419104061392678,none,0,"{""gross_leverage"": 6, ""max_positions"": 6, ""sized_down"": 28}","{""AUDUSD=X"": -2.42148, ""EURUSD=X"": -1.533482, ""GBPUSD=X"": -6.246316, ""NZDUSD=X"": -1.810247}",2026-08-05 03:25:00+00:00,2026-08-06 12:29:00+00:00,1.3777777777777778,2,1.4516129032258065,0.0,0.0,65.76280471103807,-1.3379583482435509,0.0,1.6511611531462194,100.0,98.34883884685378,-1.6511611531462242,-1.1984234176061306,none,0,"{""sized_down"": 2}","{""AUDUSD=X"": -0.948286, ""NZDUSD=X"": -0.702875}"
1m,3,4.0,12,0.1,extension,True,-187.771860409142,2026-07-29 23:00:00+00:00,2026-08-05 03:27:00+00:00,6.185416666666667,41,6.628494442573257,39.02439024390244,25.65593521532712,54.27341610130745,-0.7120044461291628,0.3636616313704717,14.606522976329444,100.0,85.39347702367056,-14.60652297632941,-2.361445277412636,none,0,"{""gross_leverage"": 11, ""sized_down"": 50}","{""AUDUSD=X"": -4.885023, ""EURUSD=X"": -1.533482, ""GBPUSD=X"": -5.747834, ""NZDUSD=X"": -2.440185}",2026-08-05 03:25:00+00:00,2026-08-06 12:29:00+00:00,1.3777777777777778,5,3.629032258064516,0.0,0.0,43.4491494752081,-1.3300622192442952,0.0,4.185378642422592,100.0,95.81462135757741,-4.185378642422584,-3.0377748211131657,none,0,"{""sized_down"": 5}","{""AUDUSD=X"": -2.106356, ""NZDUSD=X"": -2.079023}"
1m,3,4.0,12,0.3,opposite,False,-1000000000.0,2026-07-29 23:00:00+00:00,2026-08-05 03:27:00+00:00,6.185416666666667,16,2.5867295385651734,25.0,10.181901984237346,49.49876892939864,-1.2790484722694375,0.1982432254022407,9.746798943560242,100.0,90.99336559976823,-9.006634400231778,-1.4561079528835479,none,0,"{""gross_leverage"": 1, ""max_positions"": 6, ""sized_down"": 16}","{""AUDUSD=X"": -3.726413, ""GBPUSD=X"": -4.082425, ""NZDUSD=X"": -1.197797}",2026-08-05 03:25:00+00:00,2026-08-06 12:29:00+00:00,1.3777777777777778,1,0.7258064516129032,0.0,0.0,79.34567085261071,-0.5222574050832611,0.0,0.7028748452663365,100.0,99.29712515473366,-0.7028748452663421,-0.5101510973707322,none,0,"{""sized_down"": 1}","{""NZDUSD=X"": -0.702875}"
1m,3,4.0,12,0.3,opposite,True,-1000000000.0,2026-07-29 23:00:00+00:00,2026-08-05 03:27:00+00:00,6.185416666666667,22,3.5567531155271133,31.818181818181817,16.36038735469248,52.68177721716065,-0.9907092234636962,0.2800380769953143,10.88887052502774,100.0,89.56624468377625,-10.433755316223758,-1.6868314421648378,daily_loss 8.59%,0,"{""daily_loss"": 1109, ""gross_leverage"": 2, ""max_positions"": 6, ""sized_down"": 23}","{""AUDUSD=X"": -4.936398, ""GBPUSD=X"": -3.596438, ""NZDUSD=X"": -1.900919}",2026-08-05 03:25:00+00:00,2026-08-06 12:29:00+00:00,1.3777777777777778,2,1.4516129032258065,0.0,0.0,65.76280471103807,-0.5714378439145322,0.0,1.0586818039417238,100.0,98.94131819605828,-1.0586818039417265,-0.7683980835060918,none,0,"{""sized_down"": 2}","{""NZDUSD=X"": -1.058682}"
1m,3,4.0,12,0.3,extension,False,-1000000000.0,2026-07-29 23:00:00+00:00,2026-08-05 03:27:00+00:00,6.185416666666667,23,3.7184237116874366,26.08695652173913,12.548445889248969,46.47039054375056,-1.0510929519890644,0.2241378290750786,12.011524991307269,100.0,87.98847500869273,-12.011524991307263,-1.9419104061392678,none,0,"{""gross_leverage"": 6, ""max_positions"": 6, ""sized_down"": 28}","{""AUDUSD=X"": -2.42148, ""EURUSD=X"": -1.533482, ""GBPUSD=X"": -6.246316, ""NZDUSD=X"": -1.810247}",2026-08-05 03:25:00+00:00,2026-08-06 12:29:00+00:00,1.3777777777777778,2,1.4516129032258065,0.0,0.0,65.76280471103807,-1.3379583482435509,0.0,1.6511611531462194,100.0,98.34883884685378,-1.6511611531462242,-1.1984234176061306,none,0,"{""sized_down"": 2}","{""AUDUSD=X"": -0.948286, ""NZDUSD=X"": -0.702875}"
1m,3,4.0,12,0.3,extension,True,-187.771860409142,2026-07-29 23:00:00+00:00,2026-08-05 03:27:00+00:00,6.185416666666667,41,6.628494442573257,39.02439024390244,25.65593521532712,54.27341610130745,-0.7120044461291628,0.3636616313704717,14.606522976329444,100.0,85.39347702367056,-14.60652297632941,-2.361445277412636,none,0,"{""gross_leverage"": 11, ""sized_down"": 50}","{""AUDUSD=X"": -4.885023, ""EURUSD=X"": -1.533482, ""GBPUSD=X"": -5.747834, ""NZDUSD=X"": -2.440185}",2026-08-05 03:25:00+00:00,2026-08-06 12:29:00+00:00,1.3777777777777778,5,3.629032258064516,0.0,0.0,43.4491494752081,-1.3300622192442952,0.0,4.185378642422592,100.0,95.81462135757741,-4.185378642422584,-3.0377748211131657,none,0,"{""sized_down"": 5}","{""AUDUSD=X"": -2.106356, ""NZDUSD=X"": -2.079023}"
1m,3,4.0,20,0.1,opposite,False,-1000000000.0,2026-07-29 23:00:00+00:00,2026-08-05 03:27:00+00:00,6.185416666666667,9,1.45503536544291,44.44444444444444,18.8775429471914,73.33526542559703,-0.6041218471142934,0.373794079995252,4.936883257881513,100.0,96.1580531907081,-3.841946809291883,-0.6211298310744708,none,0,"{""gross_leverage"": 2, ""sized_down"": 10}","{""AUDUSD=X"": -1.839559, ""GBPUSD=X"": -0.828058, ""NZDUSD=X"": -1.17433}",2026-08-05 03:25:00+00:00,2026-08-06 12:29:00+00:00,1.3777777777777778,0,0.0,0.0,0.0,0.0,0.0,0.0,0.0,100.0,100.0,0.0,0.0,none,0,{},{}
1m,3,4.0,20,0.1,opposite,True,-1000000000.0,2026-07-29 23:00:00+00:00,2026-08-05 03:27:00+00:00,6.185416666666667,23,3.7184237116874366,39.130434782608695,22.157377982382144,59.21482039625402,-0.7478055533101824,0.32797999558286567,10.775558355306817,100.0,90.04883855530142,-9.951161444698606,-1.6088102032520482,daily_loss 8.49%,0,"{""daily_loss"": 1317, ""gross_leverage"": 1, ""max_positions"": 6, ""sized_down"": 23}","{""AUDUSD=X"": -4.936398, ""GBPUSD=X"": -1.504108, ""NZDUSD=X"": -3.510655}",2026-08-05 03:25:00+00:00,2026-08-06 12:29:00+00:00,1.3777777777777778,3,2.1774193548387095,0.0,0.0,56.15060804490177,-0.8691060477117359,0.0,2.5858356617176526,100.0,97.41416433828235,-2.585835661717649,-1.8768162060853903,none,0,"{""sized_down"": 3}","{""NZDUSD=X"": -2.585836}"
1m,3,4.0,20,0.1,extension,False,-1000000000.0,2026-07-29 23:00:00+00:00,2026-08-05 03:27:00+00:00,6.185416666666667,19,3.0717413270461433,31.57894736842105,15.364171004428599,53.98998982493537,-0.7861512320885012,0.2695752255517677,9.40208668555492,100.0,90.59791331444508,-9.402086685554906,-1.5200409596047002,none,0,"{""gross_leverage"": 4, ""max_positions"": 6, ""sized_down"": 22}","{""AUDUSD=X"": -1.566924, ""EURUSD=X"": -1.533482, ""GBPUSD=X"": -4.177786, ""NZDUSD=X"": -2.123895}",2026-08-05 03:25:00+00:00,2026-08-06 12:29:00+00:00,1.3777777777777778,1,0.7258064516129032,0.0,0.0,79.34567085261071,-2.1536592914038404,0.0,0.948286307879883,100.0,99.05171369212012,-0.948286307879882,-0.6882723202353982,none,0,"{""sized_down"": 1}","{""AUDUSD=X"": -0.948286}"
1m,3,4.0,20,0.1,extension,True,-190.08552713037574,2026-07-29 23:00:00+00:00,2026-08-05 03:27:00+00:00,6.185416666666667,44,7.1135062310542265,25.0,14.574066080685743,39.440849808414946,-1.0209303348226582,0.16405145737885304,21.786272496836204,100.0,78.2137275031638,-21.78627249683615,-3.5221996626747565,daily_loss 8.95%,0,"{""daily_loss"": 3002, ""gross_leverage"": 3, ""max_positions"": 39, ""sized_down"": 47}","{""AUDUSD=X"": -7.208615, ""EURUSD=X"": -0.750677, ""GBPUSD=X"": -7.233328, ""NZDUSD=X"": -6.593652}",2026-08-05 03:25:00+00:00,2026-08-06 12:29:00+00:00,1.3777777777777778,6,4.354838709677419,0.0,0.0,39.03430336530645,-1.3524589252546033,0.0,5.519561703885941,100.0,94.48043829611406,-5.519561703885937,-4.006133494755922,none,0,"{""sized_down"": 6}","{""AUDUSD=X"": -2.106356, ""NZDUSD=X"": -3.413206}"
1m,3,4.0,20,0.3,opposite,False,-1000000000.0,2026-07-29 23:00:00+00:00,2026-08-05 03:27:00+00:00,6.185416666666667,9,1.45503536544291,44.44444444444444,18.8775429471914,73.33526542559703,-0.6041218471142934,0.373794079995252,4.936883257881513,100.0,96.1580531907081,-3.841946809291883,-0.6211298310744708,none,0,"{""gross_leverage"": 2, ""sized_down"": 10}","{""AUDUSD=X"": -1.839559, ""GBPUSD=X"": -0.828058, ""NZDUSD=X"": -1.17433}",2026-08-05 03:25:00+00:00,2026-08-06 12:29:00+00:00,1.3777777777777778,0,0.0,0.0,0.0,0.0,0.0,0.0,0.0,100.0,100.0,0.0,0.0,none,0,{},{}
1m,3,4.0,20,0.3,opposite,True,-1000000000.0,2026-07-29 23:00:00+00:00,2026-08-05 03:27:00+00:00,6.185416666666667,23,3.7184237116874366,39.130434782608695,22.157377982382144,59.21482039625402,-0.7478055533101824,0.32797999558286567,10.775558355306817,100.0,90.04883855530142,-9.951161444698606,-1.6088102032520482,daily_loss 8.49%,0,"{""daily_loss"": 1317, ""gross_leverage"": 1, ""max_positions"": 6, ""sized_down"": 23}","{""AUDUSD=X"": -4.936398, ""GBPUSD=X"": -1.504108, ""NZDUSD=X"": -3.510655}",2026-08-05 03:25:00+00:00,2026-08-06 12:29:00+00:00,1.3777777777777778,3,2.1774193548387095,0.0,0.0,56.15060804490177,-0.8691060477117359,0.0,2.5858356617176526,100.0,97.41416433828235,-2.585835661717649,-1.8768162060853903,none,0,"{""sized_down"": 3}","{""NZDUSD=X"": -2.585836}"
1m,3,4.0,20,0.3,extension,False,-1000000000.0,2026-07-29 23:00:00+00:00,2026-08-05 03:27:00+00:00,6.185416666666667,19,3.0717413270461433,31.57894736842105,15.364171004428599,53.98998982493537,-0.7861512320885012,0.2695752255517677,9.40208668555492,100.0,90.59791331444508,-9.402086685554906,-1.5200409596047002,none,0,"{""gross_leverage"": 4, ""max_positions"": 6, ""sized_down"": 22}","{""AUDUSD=X"": -1.566924, ""EURUSD=X"": -1.533482, ""GBPUSD=X"": -4.177786, ""NZDUSD=X"": -2.123895}",2026-08-05 03:25:00+00:00,2026-08-06 12:29:00+00:00,1.3777777777777778,1,0.7258064516129032,0.0,0.0,79.34567085261071,-2.1536592914038404,0.0,0.948286307879883,100.0,99.05171369212012,-0.948286307879882,-0.6882723202353982,none,0,"{""sized_down"": 1}","{""AUDUSD=X"": -0.948286}"
1m,3,4.0,20,0.3,extension,True,-190.08552713037574,2026-07-29 23:00:00+00:00,2026-08-05 03:27:00+00:00,6.185416666666667,44,7.1135062310542265,25.0,14.574066080685743,39.440849808414946,-1.0209303348226582,0.16405145737885304,21.786272496836204,100.0,78.2137275031638,-21.78627249683615,-3.5221996626747565,daily_loss 8.95%,0,"{""daily_loss"": 3002, ""gross_leverage"": 3, ""max_positions"": 39, ""sized_down"": 47}","{""AUDUSD=X"": -7.208615, ""EURUSD=X"": -0.750677, ""GBPUSD=X"": -7.233328, ""NZDUSD=X"": -6.593652}",2026-08-05 03:25:00+00:00,2026-08-06 12:29:00+00:00,1.3777777777777778,6,4.354838709677419,0.0,0.0,39.03430336530645,-1.3524589252546033,0.0,5.519561703885941,100.0,94.48043829611406,-5.519561703885937,-4.006133494755922,none,0,"{""sized_down"": 6}","{""AUDUSD=X"": -2.106356, ""NZDUSD=X"": -3.413206}"
1m,5,1.5,12,0.1,opposite,False,-1000000000.0,2026-07-29 23:00:00+00:00,2026-08-05 03:27:00+00:00,6.185416666666667,0,0.0,0.0,0.0,0.0,0.0,0.0,0.0,100.0,100.0,0.0,0.0,none,0,{},{},2026-08-05 03:25:00+00:00,2026-08-06 12:29:00+00:00,1.3777777777777778,0,0.0,0.0,0.0,0.0,0.0,0.0,0.0,100.0,100.0,0.0,0.0,none,0,{},{}
1m,5,1.5,12,0.1,opposite,True,-1000000000.0,2026-07-29 23:00:00+00:00,2026-08-05 03:27:00+00:00,6.185416666666667,0,0.0,0.0,0.0,0.0,0.0,0.0,0.0,100.0,100.0,0.0,0.0,none,0,{},{},2026-08-05 03:25:00+00:00,2026-08-06 12:29:00+00:00,1.3777777777777778,0,0.0,0.0,0.0,0.0,0.0,0.0,0.0,100.0,100.0,0.0,0.0,none,0,{},{}
1m,5,1.5,12,0.1,extension,False,-1000000000.0,2026-07-29 23:00:00+00:00,2026-08-05 03:27:00+00:00,6.185416666666667,0,0.0,0.0,0.0,0.0,0.0,0.0,0.0,100.0,100.0,0.0,0.0,none,0,{},{},2026-08-05 03:25:00+00:00,2026-08-06 12:29:00+00:00,1.3777777777777778,0,0.0,0.0,0.0,0.0,0.0,0.0,0.0,100.0,100.0,0.0,0.0,none,0,{},{}
1m,5,1.5,12,0.1,extension,True,-1000000000.0,2026-07-29 23:00:00+00:00,2026-08-05 03:27:00+00:00,6.185416666666667,0,0.0,0.0,0.0,0.0,0.0,0.0,0.0,100.0,100.0,0.0,0.0,none,0,{},{},2026-08-05 03:25:00+00:00,2026-08-06 12:29:00+00:00,1.3777777777777778,0,0.0,0.0,0.0,0.0,0.0,0.0,0.0,100.0,100.0,0.0,0.0,none,0,{},{}
1m,5,1.5,12,0.3,opposite,False,-1000000000.0,2026-07-29 23:00:00+00:00,2026-08-05 03:27:00+00:00,6.185416666666667,0,0.0,0.0,0.0,0.0,0.0,0.0,0.0,100.0,100.0,0.0,0.0,none,0,{},{},2026-08-05 03:25:00+00:00,2026-08-06 12:29:00+00:00,1.3777777777777778,0,0.0,0.0,0.0,0.0,0.0,0.0,0.0,100.0,100.0,0.0,0.0,none,0,{},{}
1m,5,1.5,12,0.3,opposite,True,-1000000000.0,2026-07-29 23:00:00+00:00,2026-08-05 03:27:00+00:00,6.185416666666667,0,0.0,0.0,0.0,0.0,0.0,0.0,0.0,100.0,100.0,0.0,0.0,none,0,{},{},2026-08-05 03:25:00+00:00,2026-08-06 12:29:00+00:00,1.3777777777777778,0,0.0,0.0,0.0,0.0,0.0,0.0,0.0,100.0,100.0,0.0,0.0,none,0,{},{}
1m,5,1.5,12,0.3,extension,False,-1000000000.0,2026-07-29 23:00:00+00:00,2026-08-05 03:27:00+00:00,6.185416666666667,0,0.0,0.0,0.0,0.0,0.0,0.0,0.0,100.0,100.0,0.0,0.0,none,0,{},{},2026-08-05 03:25:00+00:00,2026-08-06 12:29:00+00:00,1.3777777777777778,0,0.0,0.0,0.0,0.0,0.0,0.0,0.0,100.0,100.0,0.0,0.0,none,0,{},{}
1m,5,1.5,12,0.3,extension,True,-1000000000.0,2026-07-29 23:00:00+00:00,2026-08-05 03:27:00+00:00,6.185416666666667,0,0.0,0.0,0.0,0.0,0.0,0.0,0.0,100.0,100.0,0.0,0.0,none,0,{},{},2026-08-05 03:25:00+00:00,2026-08-06 12:29:00+00:00,1.3777777777777778,0,0.0,0.0,0.0,0.0,0.0,0.0,0.0,100.0,100.0,0.0,0.0,none,0,{},{}
1m,5,1.5,20,0.1,opposite,False,-1000000000.0,2026-07-29 23:00:00+00:00,2026-08-05 03:27:00+00:00,6.185416666666667,0,0.0,0.0,0.0,0.0,0.0,0.0,0.0,100.0,100.0,0.0,0.0,none,0,{},{},2026-08-05 03:25:00+00:00,2026-08-06 12:29:00+00:00,1.3777777777777778,0,0.0,0.0,0.0,0.0,0.0,0.0,0.0,100.0,100.0,0.0,0.0,none,0,{},{}
1m,5,1.5,20,0.1,opposite,True,-1000000000.0,2026-07-29 23:00:00+00:00,2026-08-05 03:27:00+00:00,6.185416666666667,0,0.0,0.0,0.0,0.0,0.0,0.0,0.0,100.0,100.0,0.0,0.0,none,0,{},{},2026-08-05 03:25:00+00:00,2026-08-06 12:29:00+00:00,1.3777777777777778,0,0.0,0.0,0.0,0.0,0.0,0.0,0.0,100.0,100.0,0.0,0.0,none,0,{},{}
1m,5,1.5,20,0.1,extension,False,-1000000000.0,2026-07-29 23:00:00+00:00,2026-08-05 03:27:00+00:00,6.185416666666667,0,0.0,0.0,0.0,0.0,0.0,0.0,0.0,100.0,100.0,0.0,0.0,none,0,{},{},2026-08-05 03:25:00+00:00,2026-08-06 12:29:00+00:00,1.3777777777777778,0,0.0,0.0,0.0,0.0,0.0,0.0,0.0,100.0,100.0,0.0,0.0,none,0,{},{}
1m,5,1.5,20,0.1,extension,True,-1000000000.0,2026-07-29 23:00:00+00:00,2026-08-05 03:27:00+00:00,6.185416666666667,1,0.16167059616032334,0.0,0.0,79.34567085261071,-1.843197492954984,0.0,1.1556424362318012,100.0,98.8443575637682,-1.1556424362318063,-0.18683340161376458,none,0,"{""sized_down"": 1}","{""NZDUSD=X"": -1.155642}",2026-08-05 03:25:00+00:00,2026-08-06 12:29:00+00:00,1.3777777777777778,0,0.0,0.0,0.0,0.0,0.0,0.0,0.0,100.0,100.0,0.0,0.0,none,0,{},{}
1m,5,1.5,20,0.3,opposite,False,-1000000000.0,2026-07-29 23:00:00+00:00,2026-08-05 03:27:00+00:00,6.185416666666667,0,0.0,0.0,0.0,0.0,0.0,0.0,0.0,100.0,100.0,0.0,0.0,none,0,{},{},2026-08-05 03:25:00+00:00,2026-08-06 12:29:00+00:00,1.3777777777777778,0,0.0,0.0,0.0,0.0,0.0,0.0,0.0,100.0,100.0,0.0,0.0,none,0,{},{}
1m,5,1.5,20,0.3,opposite,True,-1000000000.0,2026-07-29 23:00:00+00:00,2026-08-05 03:27:00+00:00,6.185416666666667,0,0.0,0.0,0.0,0.0,0.0,0.0,0.0,100.0,100.0,0.0,0.0,none,0,{},{},2026-08-05 03:25:00+00:00,2026-08-06 12:29:00+00:00,1.3777777777777778,0,0.0,0.0,0.0,0.0,0.0,0.0,0.0,100.0,100.0,0.0,0.0,none,0,{},{}
1m,5,1.5,20,0.3,extension,False,-1000000000.0,2026-07-29 23:00:00+00:00,2026-08-05 03:27:00+00:00,6.185416666666667,0,0.0,0.0,0.0,0.0,0.0,0.0,0.0,100.0,100.0,0.0,0.0,none,0,{},{},2026-08-05 03:25:00+00:00,2026-08-06 12:29:00+00:00,1.3777777777777778,0,0.0,0.0,0.0,0.0,0.0,0.0,0.0,100.0,100.0,0.0,0.0,none,0,{},{}
1m,5,1.5,20,0.3,extension,True,-1000000000.0,2026-07-29 23:00:00+00:00,2026-08-05 03:27:00+00:00,6.185416666666667,1,0.16167059616032334,0.0,0.0,79.34567085261071,-1.843197492954984,0.0,1.1556424362318012,100.0,98.8443575637682,-1.1556424362318063,-0.18683340161376458,none,0,"{""sized_down"": 1}","{""NZDUSD=X"": -1.155642}",2026-08-05 03:25:00+00:00,2026-08-06 12:29:00+00:00,1.3777777777777778,0,0.0,0.0,0.0,0.0,0.0,0.0,0.0,100.0,100.0,0.0,0.0,none,0,{},{}
1m,5,2.5,12,0.1,opposite,False,-1000000000.0,2026-07-29 23:00:00+00:00,2026-08-05 03:27:00+00:00,6.185416666666667,2,0.3233411923206467,50.0,9.452865480086615,90.54713451991339,-0.6520679721640046,0.1147723700421331,1.4073534522738953,100.0,98.75417183893056,-1.245828161069439,-0.20141378151341555,none,0,"{""sized_down"": 2}","{""AUDUSD=X"": -1.407353, ""NZDUSD=X"": 0.161525}",2026-08-05 03:25:00+00:00,2026-08-06 12:29:00+00:00,1.3777777777777778,0,0.0,0.0,0.0,0.0,0.0,0.0,0.0,100.0,100.0,0.0,0.0,none,0,{},{}
1m,5,2.5,12,0.1,opposite,True,-1000000000.0,2026-07-29 23:00:00+00:00,2026-08-05 03:27:00+00:00,6.185416666666667,4,0.6466823846412934,25.0,4.558606264463622,69.93639475573634,-0.8429441917969072,0.04417378143538286,2.79604966163636,100.0,97.20395033836364,-2.796049661636352,-0.4520390156906194,none,0,"{""gross_leverage"": 1, ""sized_down"": 5}","{""AUDUSD=X"": -2.92527, ""NZDUSD=X"": 0.12922}",2026-08-05 03:25:00+00:00,2026-08-06 12:29:00+00:00,1.3777777777777778,0,0.0,0.0,0.0,0.0,0.0,0.0,0.0,100.0,100.0,0.0,0.0,none,0,{},{}
1m,5,2.5,12,0.1,extension,False,-1000000000.0,2026-07-29 23:00:00+00:00,2026-08-05 03:27:00+00:00,6.185416666666667,8,1.2933647692825867,37.5,13.684175946152106,69.42621454161981,-0.6790702502607063,0.2387019684293902,4.230657533445741,100.0,96.65117691738267,-3.348823082617325,-0.5414062242021946,none,0,"{""sized_down"": 7}","{""AUDUSD=X"": -1.131254, ""EURUSD=X"": 0.64469, ""GBPUSD=X"": -0.922516, ""NZDUSD=X"": -1.939744}",2026-08-05 03:25:00+00:00,2026-08-06 12:29:00+00:00,1.3777777777777778,0,0.0,0.0,0.0,0.0,0.0,0.0,0.0,100.0,100.0,0.0,0.0,none,0,{},{}
1m,5,2.5,12,0.1,extension,True,-1000000000.0,2026-07-29 23:00:00+00:00,2026-08-05 03:27:00+00:00,6.185416666666667,12,1.9400471539238802,25.0,8.894003962896138,53.231033912065996,-0.8048735089060243,0.14945198554666714,6.833592447202337,100.0,94.02427444134469,-5.975725558655299,-0.9660991135582834,none,0,"{""gross_leverage"": 1, ""sized_down"": 12}","{""AUDUSD=X"": -3.758157, ""EURUSD=X"": 0.64469, ""GBPUSD=X"": -0.922516, ""NZDUSD=X"": -1.939744}",2026-08-05 03:25:00+00:00,2026-08-06 12:29:00+00:00,1.3777777777777778,0,0.0,0.0,0.0,0.0,0.0,0.0,0.0,100.0,100.0,0.0,0.0,none,0,{},{}
1m,5,2.5,12,0.3,opposite,False,-1000000000.0,2026-07-29 23:00:00+00:00,2026-08-05 03:27:00+00:00,6.185416666666667,2,0.3233411923206467,50.0,9.452865480086615,90.54713451991339,-0.6520679721640046,0.1147723700421331,1.4073534522738953,100.0,98.75417183893056,-1.245828161069439,-0.20141378151341555,none,0,"{""sized_down"": 2}","{""AUDUSD=X"": -1.407353, ""NZDUSD=X"": 0.161525}",2026-08-05 03:25:00+00:00,2026-08-06 12:29:00+00:00,1.3777777777777778,0,0.0,0.0,0.0,0.0,0.0,0.0,0.0,100.0,100.0,0.0,0.0,none,0,{},{}
1m,5,2.5,12,0.3,opposite,True,-1000000000.0,2026-07-29 23:00:00+00:00,2026-08-05 03:27:00+00:00,6.185416666666667,4,0.6466823846412934,25.0,4.558606264463622,69.93639475573634,-0.8429441917969072,0.04417378143538286,2.79604966163636,100.0,97.20395033836364,-2.796049661636352,-0.4520390156906194,none,0,"{""gross_leverage"": 1, ""sized_down"": 5}","{""AUDUSD=X"": -2.92527, ""NZDUSD=X"": 0.12922}",2026-08-05 03:25:00+00:00,2026-08-06 12:29:00+00:00,1.3777777777777778,0,0.0,0.0,0.0,0.0,0.0,0.0,0.0,100.0,100.0,0.0,0.0,none,0,{},{}
1m,5,2.5,12,0.3,extension,False,-1000000000.0,2026-07-29 23:00:00+00:00,2026-08-05 03:27:00+00:00,6.185416666666667,8,1.2933647692825867,37.5,13.684175946152106,69.42621454161981,-0.6790702502607063,0.2387019684293902,4.230657533445741,100.0,96.65117691738267,-3.348823082617325,-0.5414062242021946,none,0,"{""sized_down"": 7}","{""AUDUSD=X"": -1.131254, ""EURUSD=X"": 0.64469, ""GBPUSD=X"": -0.922516, ""NZDUSD=X"": -1.939744}",2026-08-05 03:25:00+00:00,2026-08-06 12:29:00+00:00,1.3777777777777778,0,0.0,0.0,0.0,0.0,0.0,0.0,0.0,100.0,100.0,0.0,0.0,none,0,{},{}
1m,5,2.5,12,0.3,extension,True,-1000000000.0,2026-07-29 23:00:00+00:00,2026-08-05 03:27:00+00:00,6.185416666666667,12,1.9400471539238802,25.0,8.894003962896138,53.231033912065996,-0.8048735089060243,0.14945198554666714,6.833592447202337,100.0,94.02427444134469,-5.975725558655299,-0.9660991135582834,none,0,"{""gross_leverage"": 1, ""sized_down"": 12}","{""AUDUSD=X"": -3.758157, ""EURUSD=X"": 0.64469, ""GBPUSD=X"": -0.922516, ""NZDUSD=X"": -1.939744}",2026-08-05 03:25:00+00:00,2026-08-06 12:29:00+00:00,1.3777777777777778,0,0.0,0.0,0.0,0.0,0.0,0.0,0.0,100.0,100.0,0.0,0.0,none,0,{},{}
1m,5,2.5,20,0.1,opposite,False,-1000000000.0,2026-07-29 23:00:00+00:00,2026-08-05 03:27:00+00:00,6.185416666666667,2,0.3233411923206467,50.0,9.452865480086615,90.54713451991339,-0.6520679721640046,0.1147723700421331,1.4073534522738953,100.0,98.75417183893056,-1.245828161069439,-0.20141378151341555,none,0,"{""sized_down"": 2}","{""AUDUSD=X"": -1.407353, ""NZDUSD=X"": 0.161525}",2026-08-05 03:25:00+00:00,2026-08-06 12:29:00+00:00,1.3777777777777778,0,0.0,0.0,0.0,0.0,0.0,0.0,0.0,100.0,100.0,0.0,0.0,none,0,{},{}
1m,5,2.5,20,0.1,opposite,True,-1000000000.0,2026-07-29 23:00:00+00:00,2026-08-05 03:27:00+00:00,6.185416666666667,6,0.9700235769619401,16.666666666666664,3.005258587173032,56.350943656364606,-1.3647579932504945,0.028250178713727855,4.4449183688842595,100.0,95.55508163111574,-4.444918368884253,-0.7186126025814893,none,0,"{""gross_leverage"": 1, ""sized_down"": 7}","{""AUDUSD=X"": -2.92527, ""GBPUSD=X"": -0.72654, ""NZDUSD=X"": -0.793109}",2026-08-05 03:25:00+00:00,2026-08-06 12:29:00+00:00,1.3777777777777778,0,0.0,0.0,0.0,0.0,0.0,0.0,0.0,100.0,100.0,0.0,0.0,none,0,{},{}
1m,5,2.5,20,0.1,extension,False,-1000000000.0,2026-07-29 23:00:00+00:00,2026-08-05 03:27:00+00:00,6.185416666666667,7,1.1316941731222634,42.857142857142854,15.821692226262684,74.95457695909742,-0.6499989308136948,0.2552214911460834,3.9485354319144434,100.0,96.93589677078386,-3.0641032292161414,-0.49537539576414547,none,0,"{""sized_down"": 6}","{""AUDUSD=X"": -1.131254, ""EURUSD=X"": 0.64469, ""GBPUSD=X"": -0.922516, ""NZDUSD=X"": -1.655024}",2026-08-05 03:25:00+00:00,2026-08-06 12:29:00+00:00,1.3777777777777778,0,0.0,0.0,0.0,0.0,0.0,0.0,0.0,100.0,100.0,0.0,0.0,none,0,{},{}
1m,5,2.5,20,0.1,extension,True,-1000000000.0,2026-07-29 23:00:00+00:00,2026-08-05 03:27:00+00:00,6.185416666666667,18,2.91007073088582,22.22222222222222,9.000781913382,45.21502645230549,-0.9499457005076564,0.1459500097615422,9.043932440914073,100.0,91.20719673803904,-8.792803261960954,-1.421537745281663,none,0,"{""gross_leverage"": 1, ""sized_down"": 18}","{""AUDUSD=X"": -3.48091, ""EURUSD=X"": 0.64469, ""GBPUSD=X"": -2.400485, ""NZDUSD=X"": -3.556099}",2026-08-05 03:25:00+00:00,2026-08-06 12:29:00+00:00,1.3777777777777778,0,0.0,0.0,0.0,0.0,0.0,0.0,0.0,100.0,100.0,0.0,0.0,none,0,{},{}
1m,5,2.5,20,0.3,opposite,False,-1000000000.0,2026-07-29 23:00:00+00:00,2026-08-05 03:27:00+00:00,6.185416666666667,2,0.3233411923206467,50.0,9.452865480086615,90.54713451991339,-0.6520679721640046,0.1147723700421331,1.4073534522738953,100.0,98.75417183893056,-1.245828161069439,-0.20141378151341555,none,0,"{""sized_down"": 2}","{""AUDUSD=X"": -1.407353, ""NZDUSD=X"": 0.161525}",2026-08-05 03:25:00+00:00,2026-08-06 12:29:00+00:00,1.3777777777777778,0,0.0,0.0,0.0,0.0,0.0,0.0,0.0,100.0,100.0,0.0,0.0,none,0,{},{}
1m,5,2.5,20,0.3,opposite,True,-1000000000.0,2026-07-29 23:00:00+00:00,2026-08-05 03:27:00+00:00,6.185416666666667,6,0.9700235769619401,16.666666666666664,3.005258587173032,56.350943656364606,-1.3647579932504945,0.028250178713727855,4.4449183688842595,100.0,95.55508163111574,-4.444918368884253,-0.7186126025814893,none,0,"{""gross_leverage"": 1, ""sized_down"": 7}","{""AUDUSD=X"": -2.92527, ""GBPUSD=X"": -0.72654, ""NZDUSD=X"": -0.793109}",2026-08-05 03:25:00+00:00,2026-08-06 12:29:00+00:00,1.3777777777777778,0,0.0,0.0,0.0,0.0,0.0,0.0,0.0,100.0,100.0,0.0,0.0,none,0,{},{}
1m,5,2.5,20,0.3,extension,False,-1000000000.0,2026-07-29 23:00:00+00:00,2026-08-05 03:27:00+00:00,6.185416666666667,7,1.1316941731222634,42.857142857142854,15.821692226262684,74.95457695909742,-0.6499989308136948,0.2552214911460834,3.9485354319144434,100.0,96.93589677078386,-3.0641032292161414,-0.49537539576414547,none,0,"{""sized_down"": 6}","{""AUDUSD=X"": -1.131254, ""EURUSD=X"": 0.64469, ""GBPUSD=X"": -0.922516, ""NZDUSD=X"": -1.655024}",2026-08-05 03:25:00+00:00,2026-08-06 12:29:00+00:00,1.3777777777777778,0,0.0,0.0,0.0,0.0,0.0,0.0,0.0,100.0,100.0,0.0,0.0,none,0,{},{}
1m,5,2.5,20,0.3,extension,True,-1000000000.0,2026-07-29 23:00:00+00:00,2026-08-05 03:27:00+00:00,6.185416666666667,18,2.91007073088582,22.22222222222222,9.000781913382,45.21502645230549,-0.9499457005076564,0.1459500097615422,9.043932440914073,100.0,91.20719673803904,-8.792803261960954,-1.421537745281663,none,0,"{""gross_leverage"": 1, ""sized_down"": 18}","{""AUDUSD=X"": -3.48091, ""EURUSD=X"": 0.64469, ""GBPUSD=X"": -2.400485, ""NZDUSD=X"": -3.556099}",2026-08-05 03:25:00+00:00,2026-08-06 12:29:00+00:00,1.3777777777777778,0,0.0,0.0,0.0,0.0,0.0,0.0,0.0,100.0,100.0,0.0,0.0,none,0,{},{}
1m,5,4.0,12,0.1,opposite,False,-1000000000.0,2026-07-29 23:00:00+00:00,2026-08-05 03:27:00+00:00,6.185416666666667,17,2.7484001347254967,35.294117647058826,17.309486143904902,58.700033278788176,-0.8578842969963261,0.23170844042013714,9.523535475337537,100.0,91.34376363328482,-8.656236366715202,-1.399458893911518,none,0,"{""gross_leverage"": 1, ""max_positions"": 22, ""sized_down"": 17}","{""AUDUSD=X"": -3.408704, ""GBPUSD=X"": -3.305036, ""NZDUSD=X"": -1.942497}",2026-08-05 03:25:00+00:00,2026-08-06 12:29:00+00:00,1.3777777777777778,0,0.0,0.0,0.0,0.0,0.0,0.0,0.0,100.0,100.0,0.0,0.0,none,0,{},{}
1m,5,4.0,12,0.1,opposite,True,-1000000000.0,2026-07-29 23:00:00+00:00,2026-08-05 03:27:00+00:00,6.185416666666667,33,5.335129673290671,27.27272727272727,15.067272656322814,44.21788325438681,-1.0162176436151371,0.2341444854766775,15.719957205738721,100.0,84.28004279426128,-15.719957205738725,-2.54145485306655,none,0,"{""gross_leverage"": 5, ""sized_down"": 37}","{""AUDUSD=X"": -4.089219, ""GBPUSD=X"": -4.92769, ""NZDUSD=X"": -6.703048}",2026-08-05 03:25:00+00:00,2026-08-06 12:29:00+00:00,1.3777777777777778,0,0.0,0.0,0.0,0.0,0.0,0.0,0.0,100.0,100.0,0.0,0.0,none,0,{},{}
1m,5,4.0,12,0.1,extension,False,-1000000000.0,2026-07-29 23:00:00+00:00,2026-08-05 03:27:00+00:00,6.185416666666667,28,4.526776692489054,21.428571428571427,10.212321701189422,39.53894707927388,-1.0742721790854985,0.17932749779355572,16.12255215870643,100.0,84.71509314962825,-15.284906850371764,-2.471120002754613,daily_loss 9.05%,0,"{""daily_loss"": 1137, ""gross_leverage"": 2, ""sized_down"": 29}","{""AUDUSD=X"": -3.466042, ""EURUSD=X"": -0.557891, ""GBPUSD=X"": -7.354776, ""NZDUSD=X"": -3.906198}",2026-08-05 03:25:00+00:00,2026-08-06 12:29:00+00:00,1.3777777777777778,0,0.0,0.0,0.0,0.0,0.0,0.0,0.0,100.0,100.0,0.0,0.0,none,0,{},{}
1m,5,4.0,12,0.1,extension,True,-1000000000.0,2026-07-29 23:00:00+00:00,2026-08-05 03:27:00+00:00,6.185416666666667,53,8.568541596497138,24.528301886792452,14.932762711854577,37.56681506217008,-0.9913080356528827,0.2105859170712113,25.578355610370224,100.0,74.42164438962978,-25.57835561037019,-4.135268000329299,daily_loss 8.33%,0,"{""daily_loss"": 3799, ""gross_leverage"": 9, ""sized_down"": 61}","{""AUDUSD=X"": -8.741147, ""EURUSD=X"": -1.910669, ""GBPUSD=X"": -5.243006, ""NZDUSD=X"": -9.683534}",2026-08-05 03:25:00+00:00,2026-08-06 12:29:00+00:00,1.3777777777777778,2,1.4516129032258065,0.0,0.0,65.76280471103807,-1.6370694741625922,0.0,2.741617528881264,100.0,97.25838247111874,-2.741617528881266,-1.989883690317048,none,0,"{""sized_down"": 2}","{""NZDUSD=X"": -2.741618}"
1m,5,4.0,12,0.3,opposite,False,-1000000000.0,2026-07-29 23:00:00+00:00,2026-08-05 03:27:00+00:00,6.185416666666667,17,2.7484001347254967,35.294117647058826,17.309486143904902,58.700033278788176,-0.8578842969963261,0.23170844042013714,9.523535475337537,100.0,91.34376363328482,-8.656236366715202,-1.399458893911518,none,0,"{""gross_leverage"": 1, ""max_positions"": 22, ""sized_down"": 17}","{""AUDUSD=X"": -3.408704, ""GBPUSD=X"": -3.305036, ""NZDUSD=X"": -1.942497}",2026-08-05 03:25:00+00:00,2026-08-06 12:29:00+00:00,1.3777777777777778,0,0.0,0.0,0.0,0.0,0.0,0.0,0.0,100.0,100.0,0.0,0.0,none,0,{},{}
1m,5,4.0,12,0.3,opposite,True,-1000000000.0,2026-07-29 23:00:00+00:00,2026-08-05 03:27:00+00:00,6.185416666666667,33,5.335129673290671,27.27272727272727,15.067272656322814,44.21788325438681,-1.0162176436151371,0.2341444854766775,15.719957205738721,100.0,84.28004279426128,-15.719957205738725,-2.54145485306655,none,0,"{""gross_leverage"": 5, ""sized_down"": 37}","{""AUDUSD=X"": -4.089219, ""GBPUSD=X"": -4.92769, ""NZDUSD=X"": -6.703048}",2026-08-05 03:25:00+00:00,2026-08-06 12:29:00+00:00,1.3777777777777778,0,0.0,0.0,0.0,0.0,0.0,0.0,0.0,100.0,100.0,0.0,0.0,none,0,{},{}
1m,5,4.0,12,0.3,extension,False,-1000000000.0,2026-07-29 23:00:00+00:00,2026-08-05 03:27:00+00:00,6.185416666666667,28,4.526776692489054,21.428571428571427,10.212321701189422,39.53894707927388,-1.0742721790854985,0.17932749779355572,16.12255215870643,100.0,84.71509314962825,-15.284906850371764,-2.471120002754613,daily_loss 9.05%,0,"{""daily_loss"": 1137, ""gross_leverage"": 2, ""sized_down"": 29}","{""AUDUSD=X"": -3.466042, ""EURUSD=X"": -0.557891, ""GBPUSD=X"": -7.354776, ""NZDUSD=X"": -3.906198}",2026-08-05 03:25:00+00:00,2026-08-06 12:29:00+00:00,1.3777777777777778,0,0.0,0.0,0.0,0.0,0.0,0.0,0.0,100.0,100.0,0.0,0.0,none,0,{},{}
1m,5,4.0,12,0.3,extension,True,-1000000000.0,2026-07-29 23:00:00+00:00,2026-08-05 03:27:00+00:00,6.185416666666667,53,8.568541596497138,24.528301886792452,14.932762711854577,37.56681506217008,-0.9913080356528827,0.2105859170712113,25.578355610370224,100.0,74.42164438962978,-25.57835561037019,-4.135268000329299,daily_loss 8.33%,0,"{""daily_loss"": 3799, ""gross_leverage"": 9, ""sized_down"": 61}","{""AUDUSD=X"": -8.741147, ""EURUSD=X"": -1.910669, ""GBPUSD=X"": -5.243006, ""NZDUSD=X"": -9.683534}",2026-08-05 03:25:00+00:00,2026-08-06 12:29:00+00:00,1.3777777777777778,2,1.4516129032258065,0.0,0.0,65.76280471103807,-1.6370694741625922,0.0,2.741617528881264,100.0,97.25838247111874,-2.741617528881266,-1.989883690317048,none,0,"{""sized_down"": 2}","{""NZDUSD=X"": -2.741618}"
1m,5,4.0,20,0.1,opposite,False,-1000000000.0,2026-07-29 23:00:00+00:00,2026-08-05 03:27:00+00:00,6.185416666666667,13,2.1017177500842035,38.46153846153847,17.70944658123682,64.47751902773146,-0.7100606563455674,0.3265867509844412,6.8020406170416825,100.0,94.40048562628871,-5.599514373711284,-0.9052768270062029,none,0,"{""gross_leverage"": 2, ""sized_down"": 14}","{""AUDUSD=X"": -2.305461, ""GBPUSD=X"": -1.084386, ""NZDUSD=X"": -2.209668}",2026-08-05 03:25:00+00:00,2026-08-06 12:29:00+00:00,1.3777777777777778,0,0.0,0.0,0.0,0.0,0.0,0.0,0.0,100.0,100.0,0.0,0.0,none,0,{},{}
1m,5,4.0,20,0.1,opposite,True,-1000000000.0,2026-07-29 23:00:00+00:00,2026-08-05 03:27:00+00:00,6.185416666666667,42,6.79016503873358,30.952380952380953,19.070926519722732,46.0262777663406,-0.9751076389494697,0.291776744951678,17.398071622168146,100.0,82.60192837783185,-17.398071622168146,-2.812756611195928,none,0,"{""gross_leverage"": 5, ""max_positions"": 3, ""sized_down"": 45}","{""AUDUSD=X"": -4.353724, ""GBPUSD=X"": -5.574856, ""NZDUSD=X"": -7.469491}",2026-08-05 03:25:00+00:00,2026-08-06 12:29:00+00:00,1.3777777777777778,3,2.1774193548387095,0.0,0.0,56.15060804490177,-1.810346502693032,0.0,3.712808805704213,100.0,96.28719119429579,-3.7128088057042055,-2.6947805847853106,none,0,"{""sized_down"": 3}","{""NZDUSD=X"": -3.712809}"
1m,5,4.0,20,0.1,extension,False,-1000000000.0,2026-07-29 23:00:00+00:00,2026-08-05 03:27:00+00:00,6.185416666666667,26,4.203435500168407,26.923076923076923,13.704275525067386,46.083403419761304,-0.9163912953456452,0.25133439209847364,12.79713648066923,100.0,88.71182661141728,-11.288173388582713,-1.8249657212932644,none,0,"{""gross_leverage"": 4, ""sized_down"": 29}","{""AUDUSD=X"": -1.756725, ""EURUSD=X"": -1.236757, ""GBPUSD=X"": -4.773945, ""NZDUSD=X"": -3.520746}",2026-08-05 03:25:00+00:00,2026-08-06 12:29:00+00:00,1.3777777777777778,0,0.0,0.0,0.0,0.0,0.0,0.0,0.0,100.0,100.0,0.0,0.0,none,0,{},{}
1m,5,4.0,20,0.1,extension,True,-221.51010026526018,2026-07-29 23:00:00+00:00,2026-08-05 03:27:00+00:00,6.185416666666667,57,9.21522398113843,26.31578947368421,16.645642421847707,38.97682641526373,-1.0049953896413284,0.2129493954309878,25.230289476086863,100.0,74.76971052391313,-25.230289476086845,-4.078995940896492,daily_loss 9.32%,0,"{""daily_loss"": 4697, ""gross_leverage"": 9, ""max_positions"": 6, ""sized_down"": 65}","{""AUDUSD=X"": -9.326667, ""EURUSD=X"": -1.280157, ""GBPUSD=X"": -7.162366, ""NZDUSD=X"": -7.461099}",2026-08-05 03:25:00+00:00,2026-08-06 12:29:00+00:00,1.3777777777777778,5,3.629032258064516,0.0,0.0,43.4491494752081,-1.741035691280856,0.0,5.9061028288092245,100.0,94.09389717119078,-5.906102828809218,-4.286687537038949,none,0,"{""sized_down"": 5}","{""NZDUSD=X"": -5.906103}"
1m,5,4.0,20,0.3,opposite,False,-1000000000.0,2026-07-29 23:00:00+00:00,2026-08-05 03:27:00+00:00,6.185416666666667,13,2.1017177500842035,38.46153846153847,17.70944658123682,64.47751902773146,-0.7100606563455674,0.3265867509844412,6.8020406170416825,100.0,94.40048562628871,-5.599514373711284,-0.9052768270062029,none,0,"{""gross_leverage"": 2, ""sized_down"": 14}","{""AUDUSD=X"": -2.305461, ""GBPUSD=X"": -1.084386, ""NZDUSD=X"": -2.209668}",2026-08-05 03:25:00+00:00,2026-08-06 12:29:00+00:00,1.3777777777777778,0,0.0,0.0,0.0,0.0,0.0,0.0,0.0,100.0,100.0,0.0,0.0,none,0,{},{}
1m,5,4.0,20,0.3,opposite,True,-1000000000.0,2026-07-29 23:00:00+00:00,2026-08-05 03:27:00+00:00,6.185416666666667,42,6.79016503873358,30.952380952380953,19.070926519722732,46.0262777663406,-0.9751076389494697,0.291776744951678,17.398071622168146,100.0,82.60192837783185,-17.398071622168146,-2.812756611195928,none,0,"{""gross_leverage"": 5, ""max_positions"": 3, ""sized_down"": 45}","{""AUDUSD=X"": -4.353724, ""GBPUSD=X"": -5.574856, ""NZDUSD=X"": -7.469491}",2026-08-05 03:25:00+00:00,2026-08-06 12:29:00+00:00,1.3777777777777778,3,2.1774193548387095,0.0,0.0,56.15060804490177,-1.810346502693032,0.0,3.712808805704213,100.0,96.28719119429579,-3.7128088057042055,-2.6947805847853106,none,0,"{""sized_down"": 3}","{""NZDUSD=X"": -3.712809}"
1m,5,4.0,20,0.3,extension,False,-1000000000.0,2026-07-29 23:00:00+00:00,2026-08-05 03:27:00+00:00,6.185416666666667,26,4.203435500168407,26.923076923076923,13.704275525067386,46.083403419761304,-0.9163912953456452,0.25133439209847364,12.79713648066923,100.0,88.71182661141728,-11.288173388582713,-1.8249657212932644,none,0,"{""gross_leverage"": 4, ""sized_down"": 29}","{""AUDUSD=X"": -1.756725, ""EURUSD=X"": -1.236757, ""GBPUSD=X"": -4.773945, ""NZDUSD=X"": -3.520746}",2026-08-05 03:25:00+00:00,2026-08-06 12:29:00+00:00,1.3777777777777778,0,0.0,0.0,0.0,0.0,0.0,0.0,0.0,100.0,100.0,0.0,0.0,none,0,{},{}
1m,5,4.0,20,0.3,extension,True,-221.51010026526018,2026-07-29 23:00:00+00:00,2026-08-05 03:27:00+00:00,6.185416666666667,57,9.21522398113843,26.31578947368421,16.645642421847707,38.97682641526373,-1.0049953896413284,0.2129493954309878,25.230289476086863,100.0,74.76971052391313,-25.230289476086845,-4.078995940896492,daily_loss 9.32%,0,"{""daily_loss"": 4697, ""gross_leverage"": 9, ""max_positions"": 6, ""sized_down"": 65}","{""AUDUSD=X"": -9.326667, ""EURUSD=X"": -1.280157, ""GBPUSD=X"": -7.162366, ""NZDUSD=X"": -7.461099}",2026-08-05 03:25:00+00:00,2026-08-06 12:29:00+00:00,1.3777777777777778,5,3.629032258064516,0.0,0.0,43.4491494752081,-1.741035691280856,0.0,5.9061028288092245,100.0,94.09389717119078,-5.906102828809218,-4.286687537038949,none,0,"{""sized_down"": 5}","{""NZDUSD=X"": -5.906103}"
1m,8,1.5,12,0.1,opposite,False,-1000000000.0,2026-07-29 23:00:00+00:00,2026-08-05 03:27:00+00:00,6.185416666666667,0,0.0,0.0,0.0,0.0,0.0,0.0,0.0,100.0,100.0,0.0,0.0,none,0,{},{},2026-08-05 03:25:00+00:00,2026-08-06 12:29:00+00:00,1.3777777777777778,0,0.0,0.0,0.0,0.0,0.0,0.0,0.0,100.0,100.0,0.0,0.0,none,0,{},{}
1m,8,1.5,12,0.1,opposite,True,-1000000000.0,2026-07-29 23:00:00+00:00,2026-08-05 03:27:00+00:00,6.185416666666667,0,0.0,0.0,0.0,0.0,0.0,0.0,0.0,100.0,100.0,0.0,0.0,none,0,{},{},2026-08-05 03:25:00+00:00,2026-08-06 12:29:00+00:00,1.3777777777777778,0,0.0,0.0,0.0,0.0,0.0,0.0,0.0,100.0,100.0,0.0,0.0,none,0,{},{}
1m,8,1.5,12,0.1,extension,False,-1000000000.0,2026-07-29 23:00:00+00:00,2026-08-05 03:27:00+00:00,6.185416666666667,0,0.0,0.0,0.0,0.0,0.0,0.0,0.0,100.0,100.0,0.0,0.0,none,0,{},{},2026-08-05 03:25:00+00:00,2026-08-06 12:29:00+00:00,1.3777777777777778,0,0.0,0.0,0.0,0.0,0.0,0.0,0.0,100.0,100.0,0.0,0.0,none,0,{},{}
1m,8,1.5,12,0.1,extension,True,-1000000000.0,2026-07-29 23:00:00+00:00,2026-08-05 03:27:00+00:00,6.185416666666667,0,0.0,0.0,0.0,0.0,0.0,0.0,0.0,100.0,100.0,0.0,0.0,none,0,{},{},2026-08-05 03:25:00+00:00,2026-08-06 12:29:00+00:00,1.3777777777777778,0,0.0,0.0,0.0,0.0,0.0,0.0,0.0,100.0,100.0,0.0,0.0,none,0,{},{}
1m,8,1.5,12,0.3,opposite,False,-1000000000.0,2026-07-29 23:00:00+00:00,2026-08-05 03:27:00+00:00,6.185416666666667,0,0.0,0.0,0.0,0.0,0.0,0.0,0.0,100.0,100.0,0.0,0.0,none,0,{},{},2026-08-05 03:25:00+00:00,2026-08-06 12:29:00+00:00,1.3777777777777778,0,0.0,0.0,0.0,0.0,0.0,0.0,0.0,100.0,100.0,0.0,0.0,none,0,{},{}
1m,8,1.5,12,0.3,opposite,True,-1000000000.0,2026-07-29 23:00:00+00:00,2026-08-05 03:27:00+00:00,6.185416666666667,0,0.0,0.0,0.0,0.0,0.0,0.0,0.0,100.0,100.0,0.0,0.0,none,0,{},{},2026-08-05 03:25:00+00:00,2026-08-06 12:29:00+00:00,1.3777777777777778,0,0.0,0.0,0.0,0.0,0.0,0.0,0.0,100.0,100.0,0.0,0.0,none,0,{},{}
1m,8,1.5,12,0.3,extension,False,-1000000000.0,2026-07-29 23:00:00+00:00,2026-08-05 03:27:00+00:00,6.185416666666667,0,0.0,0.0,0.0,0.0,0.0,0.0,0.0,100.0,100.0,0.0,0.0,none,0,{},{},2026-08-05 03:25:00+00:00,2026-08-06 12:29:00+00:00,1.3777777777777778,0,0.0,0.0,0.0,0.0,0.0,0.0,0.0,100.0,100.0,0.0,0.0,none,0,{},{}
1m,8,1.5,12,0.3,extension,True,-1000000000.0,2026-07-29 23:00:00+00:00,2026-08-05 03:27:00+00:00,6.185416666666667,0,0.0,0.0,0.0,0.0,0.0,0.0,0.0,100.0,100.0,0.0,0.0,none,0,{},{},2026-08-05 03:25:00+00:00,2026-08-06 12:29:00+00:00,1.3777777777777778,0,0.0,0.0,0.0,0.0,0.0,0.0,0.0,100.0,100.0,0.0,0.0,none,0,{},{}
1m,8,1.5,20,0.1,opposite,False,-1000000000.0,2026-07-29 23:00:00+00:00,2026-08-05 03:27:00+00:00,6.185416666666667,0,0.0,0.0,0.0,0.0,0.0,0.0,0.0,100.0,100.0,0.0,0.0,none,0,{},{},2026-08-05 03:25:00+00:00,2026-08-06 12:29:00+00:00,1.3777777777777778,0,0.0,0.0,0.0,0.0,0.0,0.0,0.0,100.0,100.0,0.0,0.0,none,0,{},{}
1m,8,1.5,20,0.1,opposite,True,-1000000000.0,2026-07-29 23:00:00+00:00,2026-08-05 03:27:00+00:00,6.185416666666667,0,0.0,0.0,0.0,0.0,0.0,0.0,0.0,100.0,100.0,0.0,0.0,none,0,{},{},2026-08-05 03:25:00+00:00,2026-08-06 12:29:00+00:00,1.3777777777777778,0,0.0,0.0,0.0,0.0,0.0,0.0,0.0,100.0,100.0,0.0,0.0,none,0,{},{}
1m,8,1.5,20,0.1,extension,False,-1000000000.0,2026-07-29 23:00:00+00:00,2026-08-05 03:27:00+00:00,6.185416666666667,0,0.0,0.0,0.0,0.0,0.0,0.0,0.0,100.0,100.0,0.0,0.0,none,0,{},{},2026-08-05 03:25:00+00:00,2026-08-06 12:29:00+00:00,1.3777777777777778,0,0.0,0.0,0.0,0.0,0.0,0.0,0.0,100.0,100.0,0.0,0.0,none,0,{},{}
1m,8,1.5,20,0.1,extension,True,-1000000000.0,2026-07-29 23:00:00+00:00,2026-08-05 03:27:00+00:00,6.185416666666667,0,0.0,0.0,0.0,0.0,0.0,0.0,0.0,100.0,100.0,0.0,0.0,none,0,{},{},2026-08-05 03:25:00+00:00,2026-08-06 12:29:00+00:00,1.3777777777777778,0,0.0,0.0,0.0,0.0,0.0,0.0,0.0,100.0,100.0,0.0,0.0,none,0,{},{}
1m,8,1.5,20,0.3,opposite,False,-1000000000.0,2026-07-29 23:00:00+00:00,2026-08-05 03:27:00+00:00,6.185416666666667,0,0.0,0.0,0.0,0.0,0.0,0.0,0.0,100.0,100.0,0.0,0.0,none,0,{},{},2026-08-05 03:25:00+00:00,2026-08-06 12:29:00+00:00,1.3777777777777778,0,0.0,0.0,0.0,0.0,0.0,0.0,0.0,100.0,100.0,0.0,0.0,none,0,{},{}
1m,8,1.5,20,0.3,opposite,True,-1000000000.0,2026-07-29 23:00:00+00:00,2026-08-05 03:27:00+00:00,6.185416666666667,0,0.0,0.0,0.0,0.0,0.0,0.0,0.0,100.0,100.0,0.0,0.0,none,0,{},{},2026-08-05 03:25:00+00:00,2026-08-06 12:29:00+00:00,1.3777777777777778,0,0.0,0.0,0.0,0.0,0.0,0.0,0.0,100.0,100.0,0.0,0.0,none,0,{},{}
1m,8,1.5,20,0.3,extension,False,-1000000000.0,2026-07-29 23:00:00+00:00,2026-08-05 03:27:00+00:00,6.185416666666667,0,0.0,0.0,0.0,0.0,0.0,0.0,0.0,100.0,100.0,0.0,0.0,none,0,{},{},2026-08-05 03:25:00+00:00,2026-08-06 12:29:00+00:00,1.3777777777777778,0,0.0,0.0,0.0,0.0,0.0,0.0,0.0,100.0,100.0,0.0,0.0,none,0,{},{}
1m,8,1.5,20,0.3,extension,True,-1000000000.0,2026-07-29 23:00:00+00:00,2026-08-05 03:27:00+00:00,6.185416666666667,0,0.0,0.0,0.0,0.0,0.0,0.0,0.0,100.0,100.0,0.0,0.0,none,0,{},{},2026-08-05 03:25:00+00:00,2026-08-06 12:29:00+00:00,1.3777777777777778,0,0.0,0.0,0.0,0.0,0.0,0.0,0.0,100.0,100.0,0.0,0.0,none,0,{},{}
1m,8,2.5,12,0.1,opposite,False,-1000000000.0,2026-07-29 23:00:00+00:00,2026-08-05 03:27:00+00:00,6.185416666666667,0,0.0,0.0,0.0,0.0,0.0,0.0,0.0,100.0,100.0,0.0,0.0,none,0,{},{},2026-08-05 03:25:00+00:00,2026-08-06 12:29:00+00:00,1.3777777777777778,0,0.0,0.0,0.0,0.0,0.0,0.0,0.0,100.0,100.0,0.0,0.0,none,0,{},{}
1m,8,2.5,12,0.1,opposite,True,-1000000000.0,2026-07-29 23:00:00+00:00,2026-08-05 03:27:00+00:00,6.185416666666667,1,0.16167059616032334,0.0,0.0,79.34567085261071,-1.716622359132076,0.0,1.2099854625973308,100.0,98.79001453740267,-1.2099854625973239,-0.19561907108343396,none,0,"{""sized_down"": 1}","{""AUDUSD=X"": -1.209985}",2026-08-05 03:25:00+00:00,2026-08-06 12:29:00+00:00,1.3777777777777778,0,0.0,0.0,0.0,0.0,0.0,0.0,0.0,100.0,100.0,0.0,0.0,none,0,{},{}
1m,8,2.5,12,0.1,extension,False,-1000000000.0,2026-07-29 23:00:00+00:00,2026-08-05 03:27:00+00:00,6.185416666666667,1,0.16167059616032334,0.0,0.0,79.34567085261071,-2.0733817731334656,0.0,0.9377121257779351,100.0,99.06228787422206,-0.9377121257779317,-0.15160047840128232,none,0,"{""sized_down"": 1}","{""GBPUSD=X"": -0.937712}",2026-08-05 03:25:00+00:00,2026-08-06 12:29:00+00:00,1.3777777777777778,0,0.0,0.0,0.0,0.0,0.0,0.0,0.0,100.0,100.0,0.0,0.0,none,0,{},{}
1m,8,2.5,12,0.1,extension,True,-1000000000.0,2026-07-29 23:00:00+00:00,2026-08-05 03:27:00+00:00,6.185416666666667,3,0.48501178848097004,0.0,0.0,56.15060804490177,-1.732955023283606,0.0,3.9592738389967788,100.0,96.04072616100322,-3.9592738389967757,-0.6400981619125807,none,0,"{""sized_down"": 3}","{""AUDUSD=X"": -1.209985, ""GBPUSD=X"": -0.937712, ""NZDUSD=X"": -1.811576}",2026-08-05 03:25:00+00:00,2026-08-06 12:29:00+00:00,1.3777777777777778,0,0.0,0.0,0.0,0.0,0.0,0.0,0.0,100.0,100.0,0.0,0.0,none,0,{},{}
1m,8,2.5,12,0.3,opposite,False,-1000000000.0,2026-07-29 23:00:00+00:00,2026-08-05 03:27:00+00:00,6.185416666666667,0,0.0,0.0,0.0,0.0,0.0,0.0,0.0,100.0,100.0,0.0,0.0,none,0,{},{},2026-08-05 03:25:00+00:00,2026-08-06 12:29:00+00:00,1.3777777777777778,0,0.0,0.0,0.0,0.0,0.0,0.0,0.0,100.0,100.0,0.0,0.0,none,0,{},{}
1m,8,2.5,12,0.3,opposite,True,-1000000000.0,2026-07-29 23:00:00+00:00,2026-08-05 03:27:00+00:00,6.185416666666667,1,0.16167059616032334,0.0,0.0,79.34567085261071,-1.716622359132076,0.0,1.2099854625973308,100.0,98.79001453740267,-1.2099854625973239,-0.19561907108343396,none,0,"{""sized_down"": 1}","{""AUDUSD=X"": -1.209985}",2026-08-05 03:25:00+00:00,2026-08-06 12:29:00+00:00,1.3777777777777778,0,0.0,0.0,0.0,0.0,0.0,0.0,0.0,100.0,100.0,0.0,0.0,none,0,{},{}
1m,8,2.5,12,0.3,extension,False,-1000000000.0,2026-07-29 23:00:00+00:00,2026-08-05 03:27:00+00:00,6.185416666666667,1,0.16167059616032334,0.0,0.0,79.34567085261071,-2.0733817731334656,0.0,0.9377121257779351,100.0,99.06228787422206,-0.9377121257779317,-0.15160047840128232,none,0,"{""sized_down"": 1}","{""GBPUSD=X"": -0.937712}",2026-08-05 03:25:00+00:00,2026-08-06 12:29:00+00:00,1.3777777777777778,0,0.0,0.0,0.0,0.0,0.0,0.0,0.0,100.0,100.0,0.0,0.0,none,0,{},{}
1m,8,2.5,12,0.3,extension,True,-1000000000.0,2026-07-29 23:00:00+00:00,2026-08-05 03:27:00+00:00,6.185416666666667,3,0.48501178848097004,0.0,0.0,56.15060804490177,-1.732955023283606,0.0,3.9592738389967788,100.0,96.04072616100322,-3.9592738389967757,-0.6400981619125807,none,0,"{""sized_down"": 3}","{""AUDUSD=X"": -1.209985, ""GBPUSD=X"": -0.937712, ""NZDUSD=X"": -1.811576}",2026-08-05 03:25:00+00:00,2026-08-06 12:29:00+00:00,1.3777777777777778,0,0.0,0.0,0.0,0.0,0.0,0.0,0.0,100.0,100.0,0.0,0.0,none,0,{},{}
1m,8,2.5,20,0.1,opposite,False,-1000000000.0,2026-07-29 23:00:00+00:00,2026-08-05 03:27:00+00:00,6.185416666666667,0,0.0,0.0,0.0,0.0,0.0,0.0,0.0,100.0,100.0,0.0,0.0,none,0,{},{},2026-08-05 03:25:00+00:00,2026-08-06 12:29:00+00:00,1.3777777777777778,0,0.0,0.0,0.0,0.0,0.0,0.0,0.0,100.0,100.0,0.0,0.0,none,0,{},{}
1m,8,2.5,20,0.1,opposite,True,-1000000000.0,2026-07-29 23:00:00+00:00,2026-08-05 03:27:00+00:00,6.185416666666667,1,0.16167059616032334,0.0,0.0,79.34567085261071,-1.716622359132076,0.0,1.2099854625973308,100.0,98.79001453740267,-1.2099854625973239,-0.19561907108343396,none,0,"{""sized_down"": 1}","{""AUDUSD=X"": -1.209985}",2026-08-05 03:25:00+00:00,2026-08-06 12:29:00+00:00,1.3777777777777778,0,0.0,0.0,0.0,0.0,0.0,0.0,0.0,100.0,100.0,0.0,0.0,none,0,{},{}
1m,8,2.5,20,0.1,extension,False,-1000000000.0,2026-07-29 23:00:00+00:00,2026-08-05 03:27:00+00:00,6.185416666666667,1,0.16167059616032334,0.0,0.0,79.34567085261071,-2.0733817731334656,0.0,0.9377121257779351,100.0,99.06228787422206,-0.9377121257779317,-0.15160047840128232,none,0,"{""sized_down"": 1}","{""GBPUSD=X"": -0.937712}",2026-08-05 03:25:00+00:00,2026-08-06 12:29:00+00:00,1.3777777777777778,0,0.0,0.0,0.0,0.0,0.0,0.0,0.0,100.0,100.0,0.0,0.0,none,0,{},{}
1m,8,2.5,20,0.1,extension,True,-1000000000.0,2026-07-29 23:00:00+00:00,2026-08-05 03:27:00+00:00,6.185416666666667,3,0.48501178848097004,0.0,0.0,56.15060804490177,-1.732955023283606,0.0,3.9592738389967788,100.0,96.04072616100322,-3.9592738389967757,-0.6400981619125807,none,0,"{""sized_down"": 3}","{""AUDUSD=X"": -1.209985, ""GBPUSD=X"": -0.937712, ""NZDUSD=X"": -1.811576}",2026-08-05 03:25:00+00:00,2026-08-06 12:29:00+00:00,1.3777777777777778,0,0.0,0.0,0.0,0.0,0.0,0.0,0.0,100.0,100.0,0.0,0.0,none,0,{},{}
1m,8,2.5,20,0.3,opposite,False,-1000000000.0,2026-07-29 23:00:00+00:00,2026-08-05 03:27:00+00:00,6.185416666666667,0,0.0,0.0,0.0,0.0,0.0,0.0,0.0,100.0,100.0,0.0,0.0,none,0,{},{},2026-08-05 03:25:00+00:00,2026-08-06 12:29:00+00:00,1.3777777777777778,0,0.0,0.0,0.0,0.0,0.0,0.0,0.0,100.0,100.0,0.0,0.0,none,0,{},{}
1m,8,2.5,20,0.3,opposite,True,-1000000000.0,2026-07-29 23:00:00+00:00,2026-08-05 03:27:00+00:00,6.185416666666667,1,0.16167059616032334,0.0,0.0,79.34567085261071,-1.716622359132076,0.0,1.2099854625973308,100.0,98.79001453740267,-1.2099854625973239,-0.19561907108343396,none,0,"{""sized_down"": 1}","{""AUDUSD=X"": -1.209985}",2026-08-05 03:25:00+00:00,2026-08-06 12:29:00+00:00,1.3777777777777778,0,0.0,0.0,0.0,0.0,0.0,0.0,0.0,100.0,100.0,0.0,0.0,none,0,{},{}
1m,8,2.5,20,0.3,extension,False,-1000000000.0,2026-07-29 23:00:00+00:00,2026-08-05 03:27:00+00:00,6.185416666666667,1,0.16167059616032334,0.0,0.0,79.34567085261071,-2.0733817731334656,0.0,0.9377121257779351,100.0,99.06228787422206,-0.9377121257779317,-0.15160047840128232,none,0,"{""sized_down"": 1}","{""GBPUSD=X"": -0.937712}",2026-08-05 03:25:00+00:00,2026-08-06 12:29:00+00:00,1.3777777777777778,0,0.0,0.0,0.0,0.0,0.0,0.0,0.0,100.0,100.0,0.0,0.0,none,0,{},{}
1m,8,2.5,20,0.3,extension,True,-1000000000.0,2026-07-29 23:00:00+00:00,2026-08-05 03:27:00+00:00,6.185416666666667,3,0.48501178848097004,0.0,0.0,56.15060804490177,-1.732955023283606,0.0,3.9592738389967788,100.0,96.04072616100322,-3.9592738389967757,-0.6400981619125807,none,0,"{""sized_down"": 3}","{""AUDUSD=X"": -1.209985, ""GBPUSD=X"": -0.937712, ""NZDUSD=X"": -1.811576}",2026-08-05 03:25:00+00:00,2026-08-06 12:29:00+00:00,1.3777777777777778,0,0.0,0.0,0.0,0.0,0.0,0.0,0.0,100.0,100.0,0.0,0.0,none,0,{},{}
1m,8,4.0,12,0.1,opposite,False,-1000000000.0,2026-07-29 23:00:00+00:00,2026-08-05 03:27:00+00:00,6.185416666666667,17,2.7484001347254967,35.294117647058826,17.309486143904902,58.700033278788176,-0.832075544699195,0.32382363087653954,6.8638161952137855,100.0,93.13618380478621,-6.863816195213776,-1.1096772562150934,none,0,"{""max_positions"": 1, ""sized_down"": 16}","{""AUDUSD=X"": -1.910854, ""EURUSD=X"": -0.678771, ""GBPUSD=X"": -1.661168, ""NZDUSD=X"": -2.613024}",2026-08-05 03:25:00+00:00,2026-08-06 12:29:00+00:00,1.3777777777777778,0,0.0,0.0,0.0,0.0,0.0,0.0,0.0,100.0,100.0,0.0,0.0,none,0,{},{}
1m,8,4.0,12,0.1,opposite,True,-1000000000.0,2026-07-29 23:00:00+00:00,2026-08-05 03:27:00+00:00,6.185416666666667,27,4.36510609632873,37.03703703703704,21.532287067936856,55.77109537655369,-0.7046690383808625,0.2703647265431931,10.42705406720206,100.0,89.6126269592567,-10.387373040743286,-1.6793327920366377,none,0,"{""gross_leverage"": 3, ""max_positions"": 2, ""sized_down"": 29}","{""AUDUSD=X"": -3.058224, ""EURUSD=X"": -0.678771, ""GBPUSD=X"": -3.351418, ""NZDUSD=X"": -3.29896}",2026-08-05 03:25:00+00:00,2026-08-06 12:29:00+00:00,1.3777777777777778,1,0.7258064516129032,0.0,0.0,79.34567085261071,-1.5680494425587927,0.0,1.461823541777349,100.0,98.53817645822265,-1.4618235417773477,-1.0610009577416233,none,0,"{""sized_down"": 1}","{""NZDUSD=X"": -1.461824}"
1m,8,4.0,12,0.1,extension,False,-1000000000.0,2026-07-29 23:00:00+00:00,2026-08-05 03:27:00+00:00,6.185416666666667,32,5.173459077130347,31.25,17.952352116618737,48.56699969803239,-0.8108390054967647,0.2660938985242927,12.968942821194359,100.0,87.03105717880564,-12.968942821194366,-2.0966967174716387,none,0,"{""gross_leverage"": 1, ""sized_down"": 31}","{""AUDUSD=X"": -2.028908, ""EURUSD=X"": -2.617385, ""GBPUSD=X"": -6.334256, ""NZDUSD=X"": -1.988394}",2026-08-05 03:25:00+00:00,2026-08-06 12:29:00+00:00,1.3777777777777778,2,1.4516129032258065,50.0,9.452865480086615,90.54713451991339,0.04043099081127077,0.1503654271289057,0.8741416978398581,100.0,99.25632149577142,-0.7436785042285918,-0.5397666562949457,none,0,"{""sized_down"": 2}","{""GBPUSD=X"": 0.131614, ""NZDUSD=X"": -0.875292}"
1m,8,4.0,12,0.1,extension,True,-1000000000.0,2026-07-29 23:00:00+00:00,2026-08-05 03:27:00+00:00,6.185416666666667,39,6.30515325025261,33.33333333333333,20.632766106915156,49.02289567975947,-0.7100695682772065,0.2885520151573637,15.095549349102427,100.0,84.90445065089757,-15.095549349102466,-2.440506462636977,daily_loss 8.17%,0,"{""daily_loss"": 1997, ""gross_leverage"": 2, ""sized_down"": 41}","{""AUDUSD=X"": -1.530221, ""EURUSD=X"": -1.357637, ""GBPUSD=X"": -9.323043, ""NZDUSD=X"": -2.884648}",2026-08-05 03:25:00+00:00,2026-08-06 12:29:00+00:00,1.3777777777777778,4,2.903225806451613,25.0,4.558606264463622,69.93639475573634,-0.7983192416756607,0.03823921286053145,3.310237595524029,100.0,96.68976240447597,-3.3102375955240273,-2.402591803202923,none,0,"{""sized_down"": 4}","{""GBPUSD=X"": 0.131614, ""NZDUSD=X"": -3.441851}"
1m,8,4.0,12,0.3,opposite,False,-1000000000.0,2026-07-29 23:00:00+00:00,2026-08-05 03:27:00+00:00,6.185416666666667,17,2.7484001347254967,35.294117647058826,17.309486143904902,58.700033278788176,-0.832075544699195,0.32382363087653954,6.8638161952137855,100.0,93.13618380478621,-6.863816195213776,-1.1096772562150934,none,0,"{""max_positions"": 1, ""sized_down"": 16}","{""AUDUSD=X"": -1.910854, ""EURUSD=X"": -0.678771, ""GBPUSD=X"": -1.661168, ""NZDUSD=X"": -2.613024}",2026-08-05 03:25:00+00:00,2026-08-06 12:29:00+00:00,1.3777777777777778,0,0.0,0.0,0.0,0.0,0.0,0.0,0.0,100.0,100.0,0.0,0.0,none,0,{},{}
1m,8,4.0,12,0.3,opposite,True,-1000000000.0,2026-07-29 23:00:00+00:00,2026-08-05 03:27:00+00:00,6.185416666666667,27,4.36510609632873,37.03703703703704,21.532287067936856,55.77109537655369,-0.7046690383808625,0.2703647265431931,10.42705406720206,100.0,89.6126269592567,-10.387373040743286,-1.6793327920366377,none,0,"{""gross_leverage"": 3, ""max_positions"": 2, ""sized_down"": 29}","{""AUDUSD=X"": -3.058224, ""EURUSD=X"": -0.678771, ""GBPUSD=X"": -3.351418, ""NZDUSD=X"": -3.29896}",2026-08-05 03:25:00+00:00,2026-08-06 12:29:00+00:00,1.3777777777777778,1,0.7258064516129032,0.0,0.0,79.34567085261071,-1.5680494425587927,0.0,1.461823541777349,100.0,98.53817645822265,-1.4618235417773477,-1.0610009577416233,none,0,"{""sized_down"": 1}","{""NZDUSD=X"": -1.461824}"
1m,8,4.0,12,0.3,extension,False,-1000000000.0,2026-07-29 23:00:00+00:00,2026-08-05 03:27:00+00:00,6.185416666666667,32,5.173459077130347,31.25,17.952352116618737,48.56699969803239,-0.8108390054967647,0.2660938985242927,12.968942821194359,100.0,87.03105717880564,-12.968942821194366,-2.0966967174716387,none,0,"{""gross_leverage"": 1, ""sized_down"": 31}","{""AUDUSD=X"": -2.028908, ""EURUSD=X"": -2.617385, ""GBPUSD=X"": -6.334256, ""NZDUSD=X"": -1.988394}",2026-08-05 03:25:00+00:00,2026-08-06 12:29:00+00:00,1.3777777777777778,2,1.4516129032258065,50.0,9.452865480086615,90.54713451991339,0.04043099081127077,0.1503654271289057,0.8741416978398581,100.0,99.25632149577142,-0.7436785042285918,-0.5397666562949457,none,0,"{""sized_down"": 2}","{""GBPUSD=X"": 0.131614, ""NZDUSD=X"": -0.875292}"
1m,8,4.0,12,0.3,extension,True,-1000000000.0,2026-07-29 23:00:00+00:00,2026-08-05 03:27:00+00:00,6.185416666666667,39,6.30515325025261,33.33333333333333,20.632766106915156,49.02289567975947,-0.7100695682772065,0.2885520151573637,15.095549349102427,100.0,84.90445065089757,-15.095549349102466,-2.440506462636977,daily_loss 8.17%,0,"{""daily_loss"": 1997, ""gross_leverage"": 2, ""sized_down"": 41}","{""AUDUSD=X"": -1.530221, ""EURUSD=X"": -1.357637, ""GBPUSD=X"": -9.323043, ""NZDUSD=X"": -2.884648}",2026-08-05 03:25:00+00:00,2026-08-06 12:29:00+00:00,1.3777777777777778,4,2.903225806451613,25.0,4.558606264463622,69.93639475573634,-0.7983192416756607,0.03823921286053145,3.310237595524029,100.0,96.68976240447597,-3.3102375955240273,-2.402591803202923,none,0,"{""sized_down"": 4}","{""GBPUSD=X"": 0.131614, ""NZDUSD=X"": -3.441851}"
1m,8,4.0,20,0.1,opposite,False,-1000000000.0,2026-07-29 23:00:00+00:00,2026-08-05 03:27:00+00:00,6.185416666666667,15,2.42505894240485,40.0,19.824228082594665,64.2535572434923,-0.7981235712642277,0.4085358993917559,4.85500854900755,100.0,95.14499145099245,-4.855008549007531,-0.7849121264815139,none,0,"{""max_positions"": 1, ""sized_down"": 14}","{""AUDUSD=X"": -1.910854, ""EURUSD=X"": -0.678771, ""GBPUSD=X"": 0.281299, ""NZDUSD=X"": -2.546683}",2026-08-05 03:25:00+00:00,2026-08-06 12:29:00+00:00,1.3777777777777778,0,0.0,0.0,0.0,0.0,0.0,0.0,0.0,100.0,100.0,0.0,0.0,none,0,{},{}
1m,8,4.0,20,0.1,opposite,True,-1000000000.0,2026-07-29 23:00:00+00:00,2026-08-05 03:27:00+00:00,6.185416666666667,34,5.496800269450993,35.294117647058826,21.487714895296072,52.08634116998658,-0.7088952128611371,0.24041939765167383,14.129765280655505,100.0,85.8702347193445,-14.12976528065549,-2.2843675765290117,none,0,"{""gross_leverage"": 4, ""sized_down"": 36}","{""AUDUSD=X"": -3.058224, ""EURUSD=X"": -0.678771, ""GBPUSD=X"": -4.53543, ""NZDUSD=X"": -5.857341}",2026-08-05 03:25:00+00:00,2026-08-06 12:29:00+00:00,1.3777777777777778,2,1.4516129032258065,0.0,0.0,65.76280471103807,-1.516245948932468,0.0,3.129552368606539,100.0,96.87044763139346,-3.1295523686065385,-2.2714492997950684,none,0,"{""sized_down"": 2}","{""NZDUSD=X"": -3.129552}"
1m,8,4.0,20,0.1,extension,False,-1000000000.0,2026-07-29 23:00:00+00:00,2026-08-05 03:27:00+00:00,6.185416666666667,27,4.36510609632873,33.33333333333333,18.64305444359335,52.17558012789452,-0.8482243630960971,0.31254194334564833,9.879046266758039,100.0,90.12095373324196,-9.879046266758019,-1.5971512994421857,none,0,"{""gross_leverage"": 1, ""sized_down"": 26}","{""AUDUSD=X"": -1.957961, ""EURUSD=X"": -2.617385, ""GBPUSD=X"": -3.315306, ""NZDUSD=X"": -1.988394}",2026-08-05 03:25:00+00:00,2026-08-06 12:29:00+00:00,1.3777777777777778,2,1.4516129032258065,50.0,9.452865480086615,90.54713451991339,0.04043099081127077,0.1503654271289057,0.8741416978398581,100.0,99.25632149577142,-0.7436785042285918,-0.5397666562949457,none,0,"{""sized_down"": 2}","{""GBPUSD=X"": 0.131614, ""NZDUSD=X"": -0.875292}"
1m,8,4.0,20,0.1,extension,True,-134.21268374623762,2026-07-29 23:00:00+00:00,2026-08-05 03:27:00+00:00,6.185416666666667,46,7.436847423374873,32.608695652173914,20.865764564493357,47.03253725567292,-0.7288129918057207,0.26099946181893485,18.9175126712651,100.0,81.0824873287349,-18.917512671265143,-3.0584055514339066,daily_loss 8.88%,0,"{""daily_loss"": 1997, ""gross_leverage"": 2, ""sized_down"": 47}","{""AUDUSD=X"": -1.530221, ""EURUSD=X"": -1.357637, ""GBPUSD=X"": -10.039008, ""NZDUSD=X"": -5.990646}",2026-08-05 03:25:00+00:00,2026-08-06 12:29:00+00:00,1.3777777777777778,6,4.354838709677419,33.33333333333333,9.676933255921682,70.00116786584712,-0.7020446898397475,0.09580200607518662,4.7063180325228995,100.0,95.61136534946331,-4.388634650536682,-3.185299343131463,none,0,"{""sized_down"": 6}","{""GBPUSD=X"": 0.131614, ""NZDUSD=X"": -4.520248}"
1m,8,4.0,20,0.3,opposite,False,-1000000000.0,2026-07-29 23:00:00+00:00,2026-08-05 03:27:00+00:00,6.185416666666667,15,2.42505894240485,40.0,19.824228082594665,64.2535572434923,-0.7981235712642277,0.4085358993917559,4.85500854900755,100.0,95.14499145099245,-4.855008549007531,-0.7849121264815139,none,0,"{""max_positions"": 1, ""sized_down"": 14}","{""AUDUSD=X"": -1.910854, ""EURUSD=X"": -0.678771, ""GBPUSD=X"": 0.281299, ""NZDUSD=X"": -2.546683}",2026-08-05 03:25:00+00:00,2026-08-06 12:29:00+00:00,1.3777777777777778,0,0.0,0.0,0.0,0.0,0.0,0.0,0.0,100.0,100.0,0.0,0.0,none,0,{},{}
1m,8,4.0,20,0.3,opposite,True,-1000000000.0,2026-07-29 23:00:00+00:00,2026-08-05 03:27:00+00:00,6.185416666666667,34,5.496800269450993,35.294117647058826,21.487714895296072,52.08634116998658,-0.7088952128611371,0.24041939765167383,14.129765280655505,100.0,85.8702347193445,-14.12976528065549,-2.2843675765290117,none,0,"{""gross_leverage"": 4, ""sized_down"": 36}","{""AUDUSD=X"": -3.058224, ""EURUSD=X"": -0.678771, ""GBPUSD=X"": -4.53543, ""NZDUSD=X"": -5.857341}",2026-08-05 03:25:00+00:00,2026-08-06 12:29:00+00:00,1.3777777777777778,2,1.4516129032258065,0.0,0.0,65.76280471103807,-1.516245948932468,0.0,3.129552368606539,100.0,96.87044763139346,-3.1295523686065385,-2.2714492997950684,none,0,"{""sized_down"": 2}","{""NZDUSD=X"": -3.129552}"
1m,8,4.0,20,0.3,extension,False,-1000000000.0,2026-07-29 23:00:00+00:00,2026-08-05 03:27:00+00:00,6.185416666666667,27,4.36510609632873,33.33333333333333,18.64305444359335,52.17558012789452,-0.8482243630960971,0.31254194334564833,9.879046266758039,100.0,90.12095373324196,-9.879046266758019,-1.5971512994421857,none,0,"{""gross_leverage"": 1, ""sized_down"": 26}","{""AUDUSD=X"": -1.957961, ""EURUSD=X"": -2.617385, ""GBPUSD=X"": -3.315306, ""NZDUSD=X"": -1.988394}",2026-08-05 03:25:00+00:00,2026-08-06 12:29:00+00:00,1.3777777777777778,2,1.4516129032258065,50.0,9.452865480086615,90.54713451991339,0.04043099081127077,0.1503654271289057,0.8741416978398581,100.0,99.25632149577142,-0.7436785042285918,-0.5397666562949457,none,0,"{""sized_down"": 2}","{""GBPUSD=X"": 0.131614, ""NZDUSD=X"": -0.875292}"
1m,8,4.0,20,0.3,extension,True,-134.21268374623762,2026-07-29 23:00:00+00:00,2026-08-05 03:27:00+00:00,6.185416666666667,46,7.436847423374873,32.608695652173914,20.865764564493357,47.03253725567292,-0.7288129918057207,0.26099946181893485,18.9175126712651,100.0,81.0824873287349,-18.917512671265143,-3.0584055514339066,daily_loss 8.88%,0,"{""daily_loss"": 1997, ""gross_leverage"": 2, ""sized_down"": 47}","{""AUDUSD=X"": -1.530221, ""EURUSD=X"": -1.357637, ""GBPUSD=X"": -10.039008, ""NZDUSD=X"": -5.990646}",2026-08-05 03:25:00+00:00,2026-08-06 12:29:00+00:00,1.3777777777777778,6,4.354838709677419,33.33333333333333,9.676933255921682,70.00116786584712,-0.7020446898397475,0.09580200607518662,4.7063180325228995,100.0,95.61136534946331,-4.388634650536682,-3.185299343131463,none,0,"{""sized_down"": 6}","{""GBPUSD=X"": 0.131614, ""NZDUSD=X"": -4.520248}"
