family,timeframe,max_hold_bars,cafb_htf_adx_min,hale_round_grid,hale_impulse_bars,hale_impulse_atr,hale_contraction_ratio,hale_level_atr,hale_stop_buffer_atr,hale_target_r,hale_pullback_bars,hale_pullback_near_atr,score,dev_start_utc,dev_end_utc,dev_span_days,dev_trades,dev_trades_per_day,dev_win_rate,dev_win_ci_low,dev_win_ci_high,dev_expectancy_r,dev_profit_factor,dev_max_drawdown_pct,dev_start_equity,dev_end_equity,dev_net_pnl,dev_profit_per_day,dev_halt_reason,dev_ambiguous_exits,dev_skipped_entries,dev_per_symbol_pnl,val_start_utc,val_end_utc,val_span_days,val_trades,val_trades_per_day,val_win_rate,val_win_ci_low,val_win_ci_high,val_expectancy_r,val_profit_factor,val_max_drawdown_pct,val_start_equity,val_end_equity,val_net_pnl,val_profit_per_day,val_halt_reason,val_ambiguous_exits,val_skipped_entries,val_per_symbol_pnl
fade,5m,6,15,0.005,3,0.75,0.5,0.2,0.1,0.5,2,0.75,-1000000000.0,2026-05-18 23:00:00+00:00,2026-07-07 08:15:00+00:00,49.385416666666664,2,0.040497785277367644,100.0,34.23719528896193,100.0,0.26494857517614234,inf,0.0,100.0,100.93481535077095,0.9348153507709505,0.018928975674754534,none,0,{},"{""GBPUSD=X"": 0.309575, ""NZDUSD=X"": 0.62524}",2026-07-07 08:15:00+00:00,2026-07-23 02:50:00+00:00,15.774305555555555,0,0.0,0.0,0.0,0.0,0.0,0.0,0.0,100.0,100.0,0.0,0.0,none,0,{},{}
fade,5m,6,15,0.005,3,0.75,0.5,0.2,0.1,0.8,2,0.75,-1000000000.0,2026-05-18 23:00:00+00:00,2026-07-07 08:15:00+00:00,49.385416666666664,5,0.10124446319341912,80.0,37.55282641185388,96.37768390302125,0.3330393421538969,11.094126218346824,0.26203284325451215,100.0,102.69102708203482,2.6910270820348208,0.05449031847191369,none,0,"{""sized_down"": 3}","{""GBPUSD=X"": 1.066618, ""NZDUSD=X"": 1.62441}",2026-07-07 08:15:00+00:00,2026-07-23 02:50:00+00:00,15.774305555555555,0,0.0,0.0,0.0,0.0,0.0,0.0,0.0,100.0,100.0,0.0,0.0,none,0,{},{}
fade,5m,6,15,0.005,3,0.75,0.5,0.2,0.1,1.2,2,0.75,-1000000000.0,2026-05-18 23:00:00+00:00,2026-07-07 08:15:00+00:00,49.385416666666664,6,0.12149335583210294,83.33333333333334,43.649056343635394,96.99474141282697,0.532719381991836,17.308777721735307,0.2614418528430603,100.0,104.34781194278186,4.347811942781863,0.08803837724257728,none,0,"{""sized_down"": 4}","{""GBPUSD=X"": 2.535798, ""NZDUSD=X"": 1.812014}",2026-07-07 08:15:00+00:00,2026-07-23 02:50:00+00:00,15.774305555555555,0,0.0,0.0,0.0,0.0,0.0,0.0,0.0,100.0,100.0,0.0,0.0,none,0,{},{}
fade,5m,6,15,0.005,3,0.75,0.5,0.2,0.25,0.5,2,0.75,-1000000000.0,2026-05-18 23:00:00+00:00,2026-07-07 08:15:00+00:00,49.385416666666664,2,0.040497785277367644,100.0,34.23719528896193,100.0,0.2817576556819181,inf,0.0,100.0,101.05321252703622,1.053212527036223,0.02132638738567336,none,0,{},"{""GBPUSD=X"": 0.38358, ""NZDUSD=X"": 0.669633}",2026-07-07 08:15:00+00:00,2026-07-23 02:50:00+00:00,15.774305555555555,0,0.0,0.0,0.0,0.0,0.0,0.0,0.0,100.0,100.0,0.0,0.0,none,0,{},{}
fade,5m,6,15,0.005,3,0.75,0.5,0.2,0.25,0.8,2,0.75,-1000000000.0,2026-05-18 23:00:00+00:00,2026-07-07 08:15:00+00:00,49.385416666666664,5,0.10124446319341912,80.0,37.55282641185388,96.37768390302125,0.3547243292081638,12.318255053931574,0.26163492174955405,100.0,103.0173717083256,3.017371708325596,0.061098435772887,none,0,"{""sized_down"": 2}","{""GBPUSD=X"": 1.268735, ""NZDUSD=X"": 1.748637}",2026-07-07 08:15:00+00:00,2026-07-23 02:50:00+00:00,15.774305555555555,0,0.0,0.0,0.0,0.0,0.0,0.0,0.0,100.0,100.0,0.0,0.0,none,0,{},{}
fade,5m,6,15,0.005,3,0.75,0.5,0.2,0.25,1.2,2,0.75,-1000000000.0,2026-05-18 23:00:00+00:00,2026-07-07 08:15:00+00:00,49.385416666666664,6,0.12149335583210294,83.33333333333334,43.649056343635394,96.99474141282697,0.5356049058206539,18.467695626246897,0.2611203149555548,100.0,104.65677176747946,4.65677176747945,0.09429447156254528,none,0,"{""sized_down"": 3}","{""GBPUSD=X"": 2.96394, ""NZDUSD=X"": 1.692832}",2026-07-07 08:15:00+00:00,2026-07-23 02:50:00+00:00,15.774305555555555,0,0.0,0.0,0.0,0.0,0.0,0.0,0.0,100.0,100.0,0.0,0.0,none,0,{},{}
fade,5m,6,15,0.005,3,0.75,0.5,0.5,0.1,0.5,2,0.75,-1000000000.0,2026-05-18 23:00:00+00:00,2026-07-07 08:15:00+00:00,49.385416666666664,9,0.1822400337481544,44.44444444444444,18.8775429471914,73.33526542559703,-0.3551983025585747,0.22590850293126677,6.091222110583869,100.0,94.8933101984427,-5.106689801557295,-0.10340481353079525,none,0,{},"{""AUDUSD=X"": -4.67378, ""EURUSD=X"": -1.772549, ""GBPUSD=X"": 0.714399, ""NZDUSD=X"": 0.62524}",2026-07-07 08:15:00+00:00,2026-07-23 02:50:00+00:00,15.774305555555555,2,0.12678846577151662,100.0,34.23719528896193,100.0,0.23250222962949507,inf,0.0,100.0,100.80873841762552,0.8087384176255161,0.051269351590611634,none,0,"{""sized_down"": 1}","{""AUDUSD=X"": 0.529783, ""NZDUSD=X"": 0.278956}"
fade,5m,6,15,0.005,3,0.75,0.5,0.5,0.1,0.8,2,0.75,-1000000000.0,2026-05-18 23:00:00+00:00,2026-07-07 08:15:00+00:00,49.385416666666664,17,0.344231174857625,41.17647058823529,21.610786039131384,63.994925614484465,-0.30651068612237303,0.340606070254048,8.029896878253389,100.0,92.6493725422449,-7.350627457755101,-0.14884206621904444,none,0,"{""sized_down"": 7}","{""AUDUSD=X"": -4.203565, ""EURUSD=X"": -1.772549, ""GBPUSD=X"": -0.537852, ""NZDUSD=X"": -0.836661}",2026-07-07 08:15:00+00:00,2026-07-23 02:50:00+00:00,15.774305555555555,2,0.12678846577151662,100.0,34.23719528896193,100.0,0.25363831517243146,inf,0.0,100.0,100.82496642078678,0.8249664207867722,0.05229811340228712,none,0,"{""sized_down"": 1}","{""AUDUSD=X"": 0.062219, ""NZDUSD=X"": 0.762748}"
fade,5m,6,15,0.005,3,0.75,0.5,0.5,0.1,1.2,2,0.75,-1000000000.0,2026-05-18 23:00:00+00:00,2026-07-07 08:15:00+00:00,49.385416666666664,20,0.4049778527736765,40.0,21.880396741419272,61.342205768479396,-0.30938581146187266,0.45623660508215236,8.53549393849717,100.0,92.56735358306274,-7.432646416937285,-0.1505028593178611,none,0,"{""sized_down"": 10}","{""AUDUSD=X"": -4.924259, ""EURUSD=X"": -1.772549, ""GBPUSD=X"": 0.008246, ""NZDUSD=X"": -0.744084}",2026-07-07 08:15:00+00:00,2026-07-23 02:50:00+00:00,15.774305555555555,3,0.19018269865727494,100.0,43.84939195509823,100.0,0.46833618938930166,inf,0.0,100.0,101.76165538821819,1.7616553882181838,0.11167879194515451,none,0,"{""sized_down"": 2}","{""AUDUSD=X"": 0.062219, ""EURUSD=X"": 0.291633, ""NZDUSD=X"": 1.407803}"
fade,5m,6,15,0.005,3,0.75,0.5,0.5,0.25,0.5,2,0.75,-1000000000.0,2026-05-18 23:00:00+00:00,2026-07-07 08:15:00+00:00,49.385416666666664,9,0.1822400337481544,44.44444444444444,18.8775429471914,73.33526542559703,-0.34330975849383927,0.2388769653371544,6.399868006934096,100.0,94.73356549296963,-5.266434507030381,-0.10663946692151795,none,0,{},"{""AUDUSD=X"": -4.904046, ""EURUSD=X"": -1.864567, ""GBPUSD=X"": 0.832546, ""NZDUSD=X"": 0.669633}",2026-07-07 08:15:00+00:00,2026-07-23 02:50:00+00:00,15.774305555555555,2,0.12678846577151662,100.0,34.23719528896193,100.0,0.24679030323215512,inf,0.0,100.0,100.9023229253291,0.9023229253290974,0.057202069666471504,none,0,{},"{""AUDUSD=X"": 0.573719, ""NZDUSD=X"": 0.328604}"
fade,5m,6,15,0.005,3,0.75,0.5,0.5,0.25,0.8,2,0.75,-1000000000.0,2026-05-18 23:00:00+00:00,2026-07-07 08:15:00+00:00,49.385416666666664,18,0.3644800674963088,38.88888888888889,20.304991926931162,61.381331419343844,-0.30524983580399145,0.3642808450640397,9.61149438737089,100.0,92.4993716372769,-7.500628362723118,-0.15187941843944724,none,0,"{""sized_down"": 7}","{""AUDUSD=X"": -4.350825, ""EURUSD=X"": -1.864567, ""GBPUSD=X"": -0.443881, ""NZDUSD=X"": -0.841355}",2026-07-07 08:15:00+00:00,2026-07-23 02:50:00+00:00,15.774305555555555,2,0.12678846577151662,100.0,34.23719528896193,100.0,0.26233001119320287,inf,0.0,100.0,100.90440323386863,0.9044032338686401,0.05733394923050151,none,0,{},"{""AUDUSD=X"": 0.062219, ""NZDUSD=X"": 0.842184}"
fade,5m,6,15,0.005,3,0.75,0.5,0.5,0.25,1.2,2,0.75,-1000000000.0,2026-05-18 23:00:00+00:00,2026-07-07 08:15:00+00:00,49.385416666666664,21,0.4252267454123603,42.857142857142854,24.469699486521044,63.453783702967534,-0.20989421617727616,0.5470751369291191,8.330910858174214,100.0,94.05663080521933,-5.94336919478069,-0.12034664473717491,none,0,"{""sized_down"": 10}","{""AUDUSD=X"": -4.818036, ""EURUSD=X"": -1.864567, ""GBPUSD=X"": 1.696946, ""NZDUSD=X"": -0.957712}",2026-07-07 08:15:00+00:00,2026-07-23 02:50:00+00:00,15.774305555555555,3,0.19018269865727494,100.0,43.84939195509823,100.0,0.5068854905508461,inf,0.0,100.0,101.99519839252717,1.9951983925271841,0.12648407154915894,none,0,"{""sized_down"": 1}","{""AUDUSD=X"": 0.062219, ""EURUSD=X"": 0.406021, ""NZDUSD=X"": 1.526959}"
fade,5m,6,15,0.005,3,0.75,0.8,0.2,0.1,0.5,2,0.75,-1000000000.0,2026-05-18 23:00:00+00:00,2026-07-07 08:15:00+00:00,49.385416666666664,2,0.040497785277367644,100.0,34.23719528896193,100.0,0.26494857517614234,inf,0.0,100.0,100.93481535077095,0.9348153507709505,0.018928975674754534,none,0,{},"{""GBPUSD=X"": 0.309575, ""NZDUSD=X"": 0.62524}",2026-07-07 08:15:00+00:00,2026-07-23 02:50:00+00:00,15.774305555555555,0,0.0,0.0,0.0,0.0,0.0,0.0,0.0,100.0,100.0,0.0,0.0,none,0,{},{}
fade,5m,6,15,0.005,3,0.75,0.8,0.2,0.1,0.8,2,0.75,-1000000000.0,2026-05-18 23:00:00+00:00,2026-07-07 08:15:00+00:00,49.385416666666664,6,0.12149335583210294,66.66666666666666,29.998832134152863,90.3230667440783,0.03059272231658412,1.6027676904921304,1.543910298407808,100.0,101.11229971579176,1.1122997157917627,0.022522837527105932,none,0,"{""sized_down"": 4}","{""GBPUSD=X"": 1.066618, ""NZDUSD=X"": 0.045682}",2026-07-07 08:15:00+00:00,2026-07-23 02:50:00+00:00,15.774305555555555,0,0.0,0.0,0.0,0.0,0.0,0.0,0.0,100.0,100.0,0.0,0.0,none,0,{},{}
fade,5m,6,15,0.005,3,0.75,0.8,0.2,0.1,1.2,2,0.75,-1000000000.0,2026-05-18 23:00:00+00:00,2026-07-07 08:15:00+00:00,49.385416666666664,7,0.14174224847078676,71.42857142857143,35.892909014821264,91.77828342909844,0.24495370215443368,2.500597987467396,1.5262729067925898,100.0,102.7690845765388,2.7690845765388055,0.056070896297769526,none,0,"{""sized_down"": 5}","{""GBPUSD=X"": 2.535798, ""NZDUSD=X"": 0.233287}",2026-07-07 08:15:00+00:00,2026-07-23 02:50:00+00:00,15.774305555555555,0,0.0,0.0,0.0,0.0,0.0,0.0,0.0,100.0,100.0,0.0,0.0,none,0,{},{}
fade,5m,6,15,0.005,3,0.75,0.8,0.2,0.25,0.5,2,0.75,-1000000000.0,2026-05-18 23:00:00+00:00,2026-07-07 08:15:00+00:00,49.385416666666664,2,0.040497785277367644,100.0,34.23719528896193,100.0,0.2817576556819181,inf,0.0,100.0,101.05321252703622,1.053212527036223,0.02132638738567336,none,0,{},"{""GBPUSD=X"": 0.38358, ""NZDUSD=X"": 0.669633}",2026-07-07 08:15:00+00:00,2026-07-23 02:50:00+00:00,15.774305555555555,0,0.0,0.0,0.0,0.0,0.0,0.0,0.0,100.0,100.0,0.0,0.0,none,0,{},{}
fade,5m,6,15,0.005,3,0.75,0.8,0.2,0.25,0.8,2,0.75,-1000000000.0,2026-05-18 23:00:00+00:00,2026-07-07 08:15:00+00:00,49.385416666666664,6,0.12149335583210294,66.66666666666666,29.998832134152863,90.3230667440783,0.057751952433851415,1.6574299342617098,1.6724816450901139,100.0,101.30260525533201,1.3026052553320102,0.026376313965803203,none,0,"{""sized_down"": 3}","{""GBPUSD=X"": 1.268735, ""NZDUSD=X"": 0.033871}",2026-07-07 08:15:00+00:00,2026-07-23 02:50:00+00:00,15.774305555555555,0,0.0,0.0,0.0,0.0,0.0,0.0,0.0,100.0,100.0,0.0,0.0,none,0,{},{}
fade,5m,6,15,0.005,3,0.75,0.8,0.2,0.25,1.2,2,0.75,-1000000000.0,2026-05-18 23:00:00+00:00,2026-07-07 08:15:00+00:00,49.385416666666664,7,0.14174224847078676,71.42857142857143,35.892909014821264,91.77828342909844,0.25521707192660176,2.4848415147895744,1.6509583983206264,100.0,102.94200531448587,2.942005314485863,0.05957234975546148,none,0,"{""sized_down"": 4}","{""GBPUSD=X"": 2.96394, ""NZDUSD=X"": -0.021935}",2026-07-07 08:15:00+00:00,2026-07-23 02:50:00+00:00,15.774305555555555,0,0.0,0.0,0.0,0.0,0.0,0.0,0.0,100.0,100.0,0.0,0.0,none,0,{},{}
fade,5m,6,15,0.005,3,0.75,0.8,0.5,0.1,0.5,2,0.75,-1000000000.0,2026-05-18 23:00:00+00:00,2026-07-07 08:15:00+00:00,49.385416666666664,10,0.20248892638683824,40.0,16.817758120350966,68.73304525498135,-0.40157261883375045,0.19922127806357104,6.354785731535706,100.0,94.00958981122233,-5.990410188777677,-0.12129917277423687,none,0,{},"{""AUDUSD=X"": -4.67378, ""EURUSD=X"": -1.772549, ""GBPUSD=X"": 0.714399, ""NZDUSD=X"": -0.25848}",2026-07-07 08:15:00+00:00,2026-07-23 02:50:00+00:00,15.774305555555555,3,0.19018269865727494,100.0,43.84939195509823,100.0,0.22227740465953272,inf,0.0,100.0,101.165347206082,1.1653472060820056,0.07387629217513045,none,0,"{""sized_down"": 1}","{""AUDUSD=X"": 0.529783, ""NZDUSD=X"": 0.635564}"
fade,5m,6,15,0.005,3,0.75,0.8,0.5,0.1,0.8,2,0.75,-1000000000.0,2026-05-18 23:00:00+00:00,2026-07-07 08:15:00+00:00,49.385416666666664,20,0.4049778527736765,40.0,21.880396741419272,61.342205768479396,-0.35327631218043737,0.332643807070892,9.220725954771112,100.0,91.12799774629723,-8.87200225370278,-0.1796482211253885,none,0,"{""sized_down"": 9}","{""AUDUSD=X"": -3.578238, ""EURUSD=X"": -1.772549, ""GBPUSD=X"": -0.537852, ""NZDUSD=X"": -2.983363}",2026-07-07 08:15:00+00:00,2026-07-23 02:50:00+00:00,15.774305555555555,3,0.19018269865727494,100.0,43.84939195509823,100.0,0.26372868107974773,inf,0.0,100.0,101.32660501803676,1.326605018036757,0.08409910746083778,none,0,"{""sized_down"": 1}","{""AUDUSD=X"": 0.062219, ""NZDUSD=X"": 1.264386}"
fade,5m,6,15,0.005,3,0.75,0.8,0.5,0.1,1.2,2,0.75,-1000000000.0,2026-05-18 23:00:00+00:00,2026-07-07 08:15:00+00:00,49.385416666666664,23,0.4657245306897279,39.130434782608695,22.157377982382144,59.21482039625402,-0.3322852525550374,0.46933036838822095,9.121693932158962,100.0,91.60714119076673,-8.392858809233292,-0.16994609695979668,none,0,"{""sized_down"": 12}","{""AUDUSD=X"": -3.737769, ""EURUSD=X"": -1.772549, ""GBPUSD=X"": 0.008246, ""NZDUSD=X"": -2.890786}",2026-07-07 08:15:00+00:00,2026-07-23 02:50:00+00:00,15.774305555555555,5,0.31697116442879153,80.0,37.55282641185388,96.37768390302125,-0.02156349049331201,1.9916356601164902,1.1112487821703076,100.0,101.12689437644741,1.1268943764474155,0.07143860453815885,none,0,"{""sized_down"": 3}","{""AUDUSD=X"": -1.074181, ""EURUSD=X"": 0.291633, ""NZDUSD=X"": 1.909442}"
fade,5m,6,15,0.005,3,0.75,0.8,0.5,0.25,0.5,2,0.75,-1000000000.0,2026-05-18 23:00:00+00:00,2026-07-07 08:15:00+00:00,49.385416666666664,11,0.22273781902552206,45.45454545454545,21.270957543988047,71.99122443100117,-0.337003851255475,0.2446988700024214,6.2998113228164305,100.0,94.10637395943792,-5.893626040562095,-0.1193394009478931,none,0,"{""sized_down"": 1}","{""AUDUSD=X"": -4.647517, ""EURUSD=X"": -1.864567, ""GBPUSD=X"": 0.832546, ""NZDUSD=X"": -0.214088}",2026-07-07 08:15:00+00:00,2026-07-23 02:50:00+00:00,15.774305555555555,3,0.19018269865727494,100.0,43.84939195509823,100.0,0.23624047208260116,inf,0.0,100.0,101.30022017053193,1.3002201705319225,0.08242646029346108,none,0,{},"{""AUDUSD=X"": 0.573719, ""NZDUSD=X"": 0.726501}"
fade,5m,6,15,0.005,3,0.75,0.8,0.5,0.25,0.8,2,0.75,-1000000000.0,2026-05-18 23:00:00+00:00,2026-07-07 08:15:00+00:00,49.385416666666664,21,0.4252267454123603,38.095238095238095,20.750767797982505,59.12170418449848,-0.3447076911083428,0.3562403139027974,10.693637863522094,100.0,90.95248264738541,-9.047517352614607,-0.18320220751972208,none,0,"{""sized_down"": 9}","{""AUDUSD=X"": -3.642181, ""EURUSD=X"": -1.864567, ""GBPUSD=X"": -0.443881, ""NZDUSD=X"": -3.096889}",2026-07-07 08:15:00+00:00,2026-07-23 02:50:00+00:00,15.774305555555555,3,0.19018269865727494,100.0,43.84939195509823,100.0,0.2652977332084767,inf,0.0,100.0,101.40604183111861,1.406041831118625,0.08913494328905217,none,0,{},"{""AUDUSD=X"": 0.062219, ""NZDUSD=X"": 1.343823}"
fade,5m,6,15,0.005,3,0.75,0.8,0.5,0.25,1.2,2,0.75,-1000000000.0,2026-05-18 23:00:00+00:00,2026-07-07 08:15:00+00:00,49.385416666666664,24,0.48597342332841176,41.66666666666667,24.467347246538232,61.16566235061137,-0.2396726253552465,0.5521161393248919,8.572846728933099,100.0,93.11256275670826,-6.887437243291757,-0.13946297729508725,none,0,"{""sized_down"": 12}","{""AUDUSD=X"": -3.50657, ""EURUSD=X"": -1.864567, ""GBPUSD=X"": 1.696946, ""NZDUSD=X"": -3.213246}",2026-07-07 08:15:00+00:00,2026-07-23 02:50:00+00:00,15.774305555555555,5,0.31697116442879153,80.0,37.55282641185388,96.37768390302125,0.014328489199965055,2.0745305488272434,1.1742481690856585,100.0,101.29326975805398,1.2932697580539916,0.08198584422618305,none,0,"{""sized_down"": 2}","{""AUDUSD=X"": -1.141348, ""EURUSD=X"": 0.406021, ""NZDUSD=X"": 2.028597}"
fade,5m,6,15,0.005,3,1.5,0.5,0.2,0.1,0.5,2,0.75,-1000000000.0,2026-05-18 23:00:00+00:00,2026-07-07 08:15:00+00:00,49.385416666666664,1,0.020248892638683822,100.0,20.654329147389294,100.0,0.33300875862752577,inf,0.0,100.0,100.625240216766,0.6252402167660088,0.012660422022682314,none,0,{},"{""NZDUSD=X"": 0.62524}",2026-07-07 08:15:00+00:00,2026-07-23 02:50:00+00:00,15.774305555555555,0,0.0,0.0,0.0,0.0,0.0,0.0,0.0,100.0,100.0,0.0,0.0,none,0,{},{}
fade,5m,6,15,0.005,3,1.5,0.5,0.2,0.1,0.8,2,0.75,-1000000000.0,2026-05-18 23:00:00+00:00,2026-07-07 08:15:00+00:00,49.385416666666664,1,0.020248892638683822,100.0,20.654329147389294,100.0,0.6330087586274902,inf,0.0,100.0,101.18850487623877,1.1885048762387707,0.02406590763951107,none,0,{},"{""NZDUSD=X"": 1.188505}",2026-07-07 08:15:00+00:00,2026-07-23 02:50:00+00:00,15.774305555555555,0,0.0,0.0,0.0,0.0,0.0,0.0,0.0,100.0,100.0,0.0,0.0,none,0,{},{}
fade,5m,6,15,0.005,3,1.5,0.5,0.2,0.1,1.2,2,0.75,-1000000000.0,2026-05-18 23:00:00+00:00,2026-07-07 08:15:00+00:00,49.385416666666664,1,0.020248892638683822,100.0,20.654329147389294,100.0,0.47986502140817305,inf,0.0,100.0,100.90097002625465,0.9009700262546539,0.018243645332302633,none,0,{},"{""NZDUSD=X"": 0.90097}",2026-07-07 08:15:00+00:00,2026-07-23 02:50:00+00:00,15.774305555555555,0,0.0,0.0,0.0,0.0,0.0,0.0,0.0,100.0,100.0,0.0,0.0,none,0,{},{}
fade,5m,6,15,0.005,3,1.5,0.5,0.2,0.25,0.5,2,0.75,-1000000000.0,2026-05-18 23:00:00+00:00,2026-07-07 08:15:00+00:00,49.385416666666664,1,0.020248892638683822,100.0,20.654329147389294,100.0,0.3405488359644847,inf,0.0,100.0,100.66963269182595,0.6696326918259489,0.01355932048413649,none,0,{},"{""NZDUSD=X"": 0.669633}",2026-07-07 08:15:00+00:00,2026-07-23 02:50:00+00:00,15.774305555555555,0,0.0,0.0,0.0,0.0,0.0,0.0,0.0,100.0,100.0,0.0,0.0,none,0,{},{}
fade,5m,6,15,0.005,3,1.5,0.5,0.2,0.25,0.8,2,0.75,-1000000000.0,2026-05-18 23:00:00+00:00,2026-07-07 08:15:00+00:00,49.385416666666664,1,0.020248892638683822,100.0,20.654329147389294,100.0,0.6405488359645355,inf,0.0,100.0,101.25953283633494,1.2595328363349412,0.025504145177843145,none,0,{},"{""NZDUSD=X"": 1.259533}",2026-07-07 08:15:00+00:00,2026-07-23 02:50:00+00:00,15.774305555555555,0,0.0,0.0,0.0,0.0,0.0,0.0,0.0,100.0,100.0,0.0,0.0,none,0,{},{}
fade,5m,6,15,0.005,3,1.5,0.5,0.2,0.25,1.2,2,0.75,-1000000000.0,2026-05-18 23:00:00+00:00,2026-07-07 08:15:00+00:00,49.385416666666664,1,0.020248892638683822,100.0,20.654329147389294,100.0,0.4581979007674606,inf,0.0,100.0,100.90097002625465,0.9009700262546539,0.018243645332302633,none,0,{},"{""NZDUSD=X"": 0.90097}",2026-07-07 08:15:00+00:00,2026-07-23 02:50:00+00:00,15.774305555555555,0,0.0,0.0,0.0,0.0,0.0,0.0,0.0,100.0,100.0,0.0,0.0,none,0,{},{}
fade,5m,6,15,0.005,3,1.5,0.5,0.5,0.1,0.5,2,0.75,-1000000000.0,2026-05-18 23:00:00+00:00,2026-07-07 08:15:00+00:00,49.385416666666664,2,0.040497785277367644,50.0,9.452865480086615,90.54713451991339,0.15088456872933212,11.345499508932466,0.0547666723127444,100.0,100.57013112119257,0.5701311211925836,0.01154452386300106,none,0,{},"{""AUDUSD=X"": -0.055109, ""NZDUSD=X"": 0.62524}",2026-07-07 08:15:00+00:00,2026-07-23 02:50:00+00:00,15.774305555555555,2,0.12678846577151662,100.0,34.23719528896193,100.0,0.23250222962949507,inf,0.0,100.0,100.80873841762552,0.8087384176255161,0.051269351590611634,none,0,"{""sized_down"": 1}","{""AUDUSD=X"": 0.529783, ""NZDUSD=X"": 0.278956}"
fade,5m,6,15,0.005,3,1.5,0.5,0.5,0.1,0.8,2,0.75,-1000000000.0,2026-05-18 23:00:00+00:00,2026-07-07 08:15:00+00:00,49.385416666666664,2,0.040497785277367644,50.0,9.452865480086615,90.54713451991339,0.30088456872931435,21.56640140564912,0.05446181425531561,100.0,101.13339578066534,1.1333957806653454,0.02295000947982982,none,0,{},"{""AUDUSD=X"": -0.055109, ""NZDUSD=X"": 1.188505}",2026-07-07 08:15:00+00:00,2026-07-23 02:50:00+00:00,15.774305555555555,2,0.12678846577151662,100.0,34.23719528896193,100.0,0.25363831517243146,inf,0.0,100.0,100.82496642078678,0.8249664207867722,0.05229811340228712,none,0,"{""sized_down"": 1}","{""AUDUSD=X"": 0.062219, ""NZDUSD=X"": 0.762748}"
fade,5m,6,15,0.005,3,1.5,0.5,0.5,0.1,1.2,2,0.75,-1000000000.0,2026-05-18 23:00:00+00:00,2026-07-07 08:15:00+00:00,49.385416666666664,2,0.040497785277367644,50.0,9.452865480086615,90.54713451991339,0.22431270011965576,16.348844358264518,0.0546170126601247,100.0,100.84586093068123,0.8458609306812287,0.017127747172621378,none,0,{},"{""AUDUSD=X"": -0.055109, ""NZDUSD=X"": 0.90097}",2026-07-07 08:15:00+00:00,2026-07-23 02:50:00+00:00,15.774305555555555,2,0.12678846577151662,100.0,34.23719528896193,100.0,0.45363831517243147,inf,0.0,100.0,101.4700223619598,1.4700223619598063,0.09319093996135246,none,0,"{""sized_down"": 1}","{""AUDUSD=X"": 0.062219, ""NZDUSD=X"": 1.407803}"
fade,5m,6,15,0.005,3,1.5,0.5,0.5,0.25,0.5,2,0.75,-1000000000.0,2026-05-18 23:00:00+00:00,2026-07-07 08:15:00+00:00,49.385416666666664,2,0.040497785277367644,50.0,9.452865480086615,90.54713451991339,0.15559940468933006,12.151037589316914,0.054742521751450494,100.0,100.61452359625252,0.6145235962525236,0.012443422324455234,none,0,{},"{""AUDUSD=X"": -0.055109, ""NZDUSD=X"": 0.669633}",2026-07-07 08:15:00+00:00,2026-07-23 02:50:00+00:00,15.774305555555555,2,0.12678846577151662,100.0,34.23719528896193,100.0,0.24679030323215512,inf,0.0,100.0,100.9023229253291,0.9023229253290974,0.057202069666471504,none,0,{},"{""AUDUSD=X"": 0.573719, ""NZDUSD=X"": 0.328604}"
fade,5m,6,15,0.005,3,1.5,0.5,0.5,0.25,0.8,2,0.75,-1000000000.0,2026-05-18 23:00:00+00:00,2026-07-07 08:15:00+00:00,49.385416666666664,2,0.040497785277367644,50.0,9.452865480086615,90.54713451991339,0.3055994046893554,22.85526233426907,0.05442361230571799,100.0,101.20442374076151,1.204423740761516,0.024388247018161894,none,0,{},"{""AUDUSD=X"": -0.055109, ""NZDUSD=X"": 1.259533}",2026-07-07 08:15:00+00:00,2026-07-23 02:50:00+00:00,15.774305555555555,2,0.12678846577151662,100.0,34.23719528896193,100.0,0.26233001119320287,inf,0.0,100.0,100.90440323386863,0.9044032338686401,0.05733394923050151,none,0,{},"{""AUDUSD=X"": 0.062219, ""NZDUSD=X"": 0.842184}"
fade,5m,6,15,0.005,3,1.5,0.5,0.5,0.25,1.2,2,0.75,-1000000000.0,2026-05-18 23:00:00+00:00,2026-07-07 08:15:00+00:00,49.385416666666664,2,0.040497785277367644,50.0,9.452865480086615,90.54713451991339,0.214423937090818,16.348844358264518,0.0546170126601247,100.0,100.84586093068123,0.8458609306812287,0.017127747172621378,none,0,{},"{""AUDUSD=X"": -0.055109, ""NZDUSD=X"": 0.90097}",2026-07-07 08:15:00+00:00,2026-07-23 02:50:00+00:00,15.774305555555555,2,0.12678846577151662,100.0,34.23719528896193,100.0,0.4623300111933326,inf,0.0,100.0,101.58917758158316,1.5891775815831632,0.10074469370370923,none,0,{},"{""AUDUSD=X"": 0.062219, ""NZDUSD=X"": 1.526959}"
fade,5m,6,15,0.005,3,1.5,0.8,0.2,0.1,0.5,2,0.75,-1000000000.0,2026-05-18 23:00:00+00:00,2026-07-07 08:15:00+00:00,49.385416666666664,1,0.020248892638683822,100.0,20.654329147389294,100.0,0.33300875862752577,inf,0.0,100.0,100.625240216766,0.6252402167660088,0.012660422022682314,none,0,{},"{""NZDUSD=X"": 0.62524}",2026-07-07 08:15:00+00:00,2026-07-23 02:50:00+00:00,15.774305555555555,0,0.0,0.0,0.0,0.0,0.0,0.0,0.0,100.0,100.0,0.0,0.0,none,0,{},{}
fade,5m,6,15,0.005,3,1.5,0.8,0.2,0.1,0.8,2,0.75,-1000000000.0,2026-05-18 23:00:00+00:00,2026-07-07 08:15:00+00:00,49.385416666666664,1,0.020248892638683822,100.0,20.654329147389294,100.0,0.6330087586274902,inf,0.0,100.0,101.18850487623877,1.1885048762387707,0.02406590763951107,none,0,{},"{""NZDUSD=X"": 1.188505}",2026-07-07 08:15:00+00:00,2026-07-23 02:50:00+00:00,15.774305555555555,0,0.0,0.0,0.0,0.0,0.0,0.0,0.0,100.0,100.0,0.0,0.0,none,0,{},{}
fade,5m,6,15,0.005,3,1.5,0.8,0.2,0.1,1.2,2,0.75,-1000000000.0,2026-05-18 23:00:00+00:00,2026-07-07 08:15:00+00:00,49.385416666666664,1,0.020248892638683822,100.0,20.654329147389294,100.0,0.47986502140817305,inf,0.0,100.0,100.90097002625465,0.9009700262546539,0.018243645332302633,none,0,{},"{""NZDUSD=X"": 0.90097}",2026-07-07 08:15:00+00:00,2026-07-23 02:50:00+00:00,15.774305555555555,0,0.0,0.0,0.0,0.0,0.0,0.0,0.0,100.0,100.0,0.0,0.0,none,0,{},{}
fade,5m,6,15,0.005,3,1.5,0.8,0.2,0.25,0.5,2,0.75,-1000000000.0,2026-05-18 23:00:00+00:00,2026-07-07 08:15:00+00:00,49.385416666666664,1,0.020248892638683822,100.0,20.654329147389294,100.0,0.3405488359644847,inf,0.0,100.0,100.66963269182595,0.6696326918259489,0.01355932048413649,none,0,{},"{""NZDUSD=X"": 0.669633}",2026-07-07 08:15:00+00:00,2026-07-23 02:50:00+00:00,15.774305555555555,0,0.0,0.0,0.0,0.0,0.0,0.0,0.0,100.0,100.0,0.0,0.0,none,0,{},{}
fade,5m,6,15,0.005,3,1.5,0.8,0.2,0.25,0.8,2,0.75,-1000000000.0,2026-05-18 23:00:00+00:00,2026-07-07 08:15:00+00:00,49.385416666666664,1,0.020248892638683822,100.0,20.654329147389294,100.0,0.6405488359645355,inf,0.0,100.0,101.25953283633494,1.2595328363349412,0.025504145177843145,none,0,{},"{""NZDUSD=X"": 1.259533}",2026-07-07 08:15:00+00:00,2026-07-23 02:50:00+00:00,15.774305555555555,0,0.0,0.0,0.0,0.0,0.0,0.0,0.0,100.0,100.0,0.0,0.0,none,0,{},{}
fade,5m,6,15,0.005,3,1.5,0.8,0.2,0.25,1.2,2,0.75,-1000000000.0,2026-05-18 23:00:00+00:00,2026-07-07 08:15:00+00:00,49.385416666666664,1,0.020248892638683822,100.0,20.654329147389294,100.0,0.4581979007674606,inf,0.0,100.0,100.90097002625465,0.9009700262546539,0.018243645332302633,none,0,{},"{""NZDUSD=X"": 0.90097}",2026-07-07 08:15:00+00:00,2026-07-23 02:50:00+00:00,15.774305555555555,0,0.0,0.0,0.0,0.0,0.0,0.0,0.0,100.0,100.0,0.0,0.0,none,0,{},{}
fade,5m,6,15,0.005,3,1.5,0.8,0.5,0.1,0.5,2,0.75,-1000000000.0,2026-05-18 23:00:00+00:00,2026-07-07 08:15:00+00:00,49.385416666666664,3,0.06074667791605147,33.33333333333333,6.14903152761605,79.23450448735122,-0.17239077595055588,0.6659784638477617,0.9329960164779618,100.0,99.6864107339722,-0.31358926602779913,-0.006349835380440565,none,0,{},"{""AUDUSD=X"": -0.055109, ""NZDUSD=X"": -0.25848}",2026-07-07 08:15:00+00:00,2026-07-23 02:50:00+00:00,15.774305555555555,2,0.12678846577151662,100.0,34.23719528896193,100.0,0.23250222962949507,inf,0.0,100.0,100.80873841762552,0.8087384176255161,0.051269351590611634,none,0,"{""sized_down"": 1}","{""AUDUSD=X"": 0.529783, ""NZDUSD=X"": 0.278956}"
fade,5m,6,15,0.005,3,1.5,0.8,0.5,0.1,0.8,2,0.75,-1000000000.0,2026-05-18 23:00:00+00:00,2026-07-07 08:15:00+00:00,49.385416666666664,3,0.06074667791605147,33.33333333333333,6.14903152761605,79.23450448735122,-0.07239077595056777,1.2659432815232519,0.9278025047826002,100.0,100.24967539344496,0.24967539344496267,0.005055650236388192,none,0,{},"{""AUDUSD=X"": -0.055109, ""NZDUSD=X"": 0.304784}",2026-07-07 08:15:00+00:00,2026-07-23 02:50:00+00:00,15.774305555555555,2,0.12678846577151662,100.0,34.23719528896193,100.0,0.25363831517243146,inf,0.0,100.0,100.82496642078678,0.8249664207867722,0.05229811340228712,none,0,"{""sized_down"": 1}","{""AUDUSD=X"": 0.062219, ""NZDUSD=X"": 0.762748}"
fade,5m,6,15,0.005,3,1.5,0.8,0.5,0.1,1.2,2,0.75,-1000000000.0,2026-05-18 23:00:00+00:00,2026-07-07 08:15:00+00:00,49.385416666666664,3,0.06074667791605147,33.33333333333333,6.14903152761605,79.23450448735122,-0.12343868835700682,0.9596737669267796,0.9304464392656694,100.0,99.96214054346085,-0.03785945653915404,-0.0007666120708202463,none,0,{},"{""AUDUSD=X"": -0.055109, ""NZDUSD=X"": 0.01725}",2026-07-07 08:15:00+00:00,2026-07-23 02:50:00+00:00,15.774305555555555,2,0.12678846577151662,100.0,34.23719528896193,100.0,0.45363831517243147,inf,0.0,100.0,101.4700223619598,1.4700223619598063,0.09319093996135246,none,0,"{""sized_down"": 1}","{""AUDUSD=X"": 0.062219, ""NZDUSD=X"": 1.407803}"
fade,5m,6,15,0.005,3,1.5,0.8,0.5,0.25,0.5,2,0.75,-1000000000.0,2026-05-18 23:00:00+00:00,2026-07-07 08:15:00+00:00,49.385416666666664,3,0.06074667791605147,33.33333333333333,6.14903152761605,79.23450448735122,-0.15875822256498923,0.7132633817945597,0.9325845914902566,100.0,99.73080320903215,-0.2691967909678591,-0.00545093691898639,none,0,{},"{""AUDUSD=X"": -0.055109, ""NZDUSD=X"": -0.214088}",2026-07-07 08:15:00+00:00,2026-07-23 02:50:00+00:00,15.774305555555555,2,0.12678846577151662,100.0,34.23719528896193,100.0,0.24679030323215512,inf,0.0,100.0,100.9023229253291,0.9023229253290974,0.057202069666471504,none,0,{},"{""AUDUSD=X"": 0.573719, ""NZDUSD=X"": 0.328604}"
fade,5m,6,15,0.005,3,1.5,0.8,0.5,0.25,0.8,2,0.75,-1000000000.0,2026-05-18 23:00:00+00:00,2026-07-07 08:15:00+00:00,49.385416666666664,3,0.06074667791605147,33.33333333333333,6.14903152761605,79.23450448735122,-0.0587582225649723,1.3415991502384126,0.9271517026562133,100.0,100.32070335354113,0.3207033535411332,0.006493887774720268,none,0,{},"{""AUDUSD=X"": -0.055109, ""NZDUSD=X"": 0.375812}",2026-07-07 08:15:00+00:00,2026-07-23 02:50:00+00:00,15.774305555555555,2,0.12678846577151662,100.0,34.23719528896193,100.0,0.26233001119320287,inf,0.0,100.0,100.90440323386863,0.9044032338686401,0.05733394923050151,none,0,{},"{""AUDUSD=X"": 0.062219, ""NZDUSD=X"": 0.842184}"
fade,5m,6,15,0.005,3,1.5,0.8,0.5,0.25,1.2,2,0.75,-1000000000.0,2026-05-18 23:00:00+00:00,2026-07-07 08:15:00+00:00,49.385416666666664,3,0.06074667791605147,33.33333333333333,6.14903152761605,79.23450448735122,-0.11954186763066393,0.9596737669267796,0.9304464392656694,100.0,99.96214054346085,-0.03785945653915404,-0.0007666120708202463,none,0,{},"{""AUDUSD=X"": -0.055109, ""NZDUSD=X"": 0.01725}",2026-07-07 08:15:00+00:00,2026-07-23 02:50:00+00:00,15.774305555555555,2,0.12678846577151662,100.0,34.23719528896193,100.0,0.4623300111933326,inf,0.0,100.0,101.58917758158316,1.5891775815831632,0.10074469370370923,none,0,{},"{""AUDUSD=X"": 0.062219, ""NZDUSD=X"": 1.526959}"
fade,5m,6,25,0.005,3,0.75,0.5,0.2,0.1,0.5,2,0.75,-1000000000.0,2026-05-18 23:00:00+00:00,2026-07-07 08:15:00+00:00,49.385416666666664,3,0.06074667791605147,100.0,43.84939195509823,100.0,0.2403745069912275,inf,0.0,100.0,101.23349355203767,1.2334935520376733,0.024976878505719603,none,0,{},"{""GBPUSD=X"": 0.608253, ""NZDUSD=X"": 0.62524}",2026-07-07 08:15:00+00:00,2026-07-23 02:50:00+00:00,15.774305555555555,0,0.0,0.0,0.0,0.0,0.0,0.0,0.0,100.0,100.0,0.0,0.0,none,0,{},{}
fade,5m,6,25,0.005,3,0.75,0.5,0.2,0.1,0.8,2,0.75,-1000000000.0,2026-05-18 23:00:00+00:00,2026-07-07 08:15:00+00:00,49.385416666666664,7,0.14174224847078676,85.71428571428571,48.68654966809701,97.43210440510252,0.3571541267238934,15.375910414162586,0.260071576350946,100.0,103.83252234186484,3.8325223418648475,0.0776043334357784,none,0,"{""sized_down"": 4}","{""AUDUSD=X"": 0.374244, ""GBPUSD=X"": 1.833868, ""NZDUSD=X"": 1.62441}",2026-07-07 08:15:00+00:00,2026-07-23 02:50:00+00:00,15.774305555555555,0,0.0,0.0,0.0,0.0,0.0,0.0,0.0,100.0,100.0,0.0,0.0,none,0,{},{}
fade,5m,6,25,0.005,3,0.75,0.5,0.2,0.1,1.2,2,0.75,-1000000000.0,2026-05-18 23:00:00+00:00,2026-07-07 08:15:00+00:00,49.385416666666664,9,0.1822400337481544,66.66666666666666,35.419734749908976,87.9418401317257,0.21235794416883447,1.923057051350947,2.044185392516056,100.0,102.60361245427785,2.6036124542778607,0.052720269059412496,none,0,"{""sized_down"": 6}","{""AUDUSD=X"": 0.809848, ""GBPUSD=X"": -0.01825, ""NZDUSD=X"": 1.812014}",2026-07-07 08:15:00+00:00,2026-07-23 02:50:00+00:00,15.774305555555555,0,0.0,0.0,0.0,0.0,0.0,0.0,0.0,100.0,100.0,0.0,0.0,none,0,{},{}
fade,5m,6,25,0.005,3,0.75,0.5,0.2,0.25,0.5,2,0.75,-1000000000.0,2026-05-18 23:00:00+00:00,2026-07-07 08:15:00+00:00,49.385416666666664,3,0.06074667791605147,100.0,43.84939195509823,100.0,0.25988122407513814,inf,0.0,100.0,101.4203981782705,1.4203981782705044,0.02876149021598153,none,0,{},"{""GBPUSD=X"": 0.750765, ""NZDUSD=X"": 0.669633}",2026-07-07 08:15:00+00:00,2026-07-23 02:50:00+00:00,15.774305555555555,0,0.0,0.0,0.0,0.0,0.0,0.0,0.0,100.0,100.0,0.0,0.0,none,0,{},{}
fade,5m,6,25,0.005,3,0.75,0.5,0.2,0.25,0.8,2,0.75,-1000000000.0,2026-05-18 23:00:00+00:00,2026-07-07 08:15:00+00:00,49.385416666666664,7,0.14174224847078676,85.71428571428571,48.68654966809701,97.43210440510252,0.3865046491790847,17.624664183601826,0.25940262255921265,100.0,104.43202517782008,4.432025177820071,0.0897436019976222,none,0,"{""sized_down"": 3}","{""AUDUSD=X"": 0.537791, ""GBPUSD=X"": 2.145597, ""NZDUSD=X"": 1.748637}",2026-07-07 08:15:00+00:00,2026-07-23 02:50:00+00:00,15.774305555555555,0,0.0,0.0,0.0,0.0,0.0,0.0,0.0,100.0,100.0,0.0,0.0,none,0,{},{}
fade,5m,6,25,0.005,3,0.75,0.5,0.2,0.25,1.2,2,0.75,-1000000000.0,2026-05-18 23:00:00+00:00,2026-07-07 08:15:00+00:00,49.385416666666664,9,0.1822400337481544,66.66666666666666,35.419734749908976,87.9418401317257,0.14790182747067848,1.6898151117742906,2.181200292451166,100.0,102.04023565292287,2.040235652922874,0.041312512693650265,none,0,"{""sized_down"": 5}","{""AUDUSD=X"": 0.074526, ""GBPUSD=X"": 0.272877, ""NZDUSD=X"": 1.692832}",2026-07-07 08:15:00+00:00,2026-07-23 02:50:00+00:00,15.774305555555555,0,0.0,0.0,0.0,0.0,0.0,0.0,0.0,100.0,100.0,0.0,0.0,none,0,{},{}
fade,5m,6,25,0.005,3,0.75,0.5,0.5,0.1,0.5,2,0.75,-1000000000.0,2026-05-18 23:00:00+00:00,2026-07-07 08:15:00+00:00,49.385416666666664,14,0.2834844969415735,57.14285714285714,32.59026690286936,78.61949006959948,-0.19299854688304105,0.3602149083528874,6.168868497431472,100.0,95.49684826782725,-4.5031517321727605,-0.09118383596046932,none,0,{},"{""AUDUSD=X"": -4.67378, ""EURUSD=X"": -1.772549, ""GBPUSD=X"": 1.157263, ""NZDUSD=X"": 0.785915}",2026-07-07 08:15:00+00:00,2026-07-23 02:50:00+00:00,15.774305555555555,4,0.25357693154303323,100.0,51.009997959600085,100.0,0.22081032791959854,inf,0.0,100.0,101.55398581045038,1.5539858104503863,0.09851373836885566,none,0,"{""sized_down"": 2}","{""AUDUSD=X"": 0.529783, ""GBPUSD=X"": 0.476216, ""NZDUSD=X"": 0.547987}"
fade,5m,6,25,0.005,3,0.75,0.5,0.5,0.1,0.8,2,0.75,-1000000000.0,2026-05-18 23:00:00+00:00,2026-07-07 08:15:00+00:00,49.385416666666664,29,0.5872178865218308,51.724137931034484,34.43073797056916,68.61418066920479,-0.21479624619061324,0.4438877456635354,9.674542744129683,100.0,91.36720385874955,-8.63279614125046,-0.17480456223582452,none,0,"{""max_positions"": 12, ""sized_down"": 13}","{""AUDUSD=X"": -5.582408, ""EURUSD=X"": -1.435906, ""GBPUSD=X"": -0.415453, ""NZDUSD=X"": -1.199029}",2026-07-07 08:15:00+00:00,2026-07-23 02:50:00+00:00,15.774305555555555,4,0.25357693154303323,100.0,51.009997959600085,100.0,0.38137837069100866,inf,0.0,100.0,102.62064579742271,2.6206457974226933,0.16613382999289802,none,0,"{""sized_down"": 2}","{""AUDUSD=X"": 0.062219, ""GBPUSD=X"": 1.051002, ""NZDUSD=X"": 1.507425}"
fade,5m,6,25,0.005,3,0.75,0.5,0.5,0.1,1.2,2,0.75,-1000000000.0,2026-05-18 23:00:00+00:00,2026-07-07 08:15:00+00:00,49.385416666666664,35,0.7087112423539338,42.857142857142854,27.984333081678912,59.14287074102662,-0.3262941073432648,0.4603452387339939,12.249187857765449,100.0,88.47964726516024,-11.520352734839774,-0.23327438568753814,none,0,"{""max_positions"": 12, ""sized_down"": 21}","{""AUDUSD=X"": -6.462145, ""EURUSD=X"": -1.090059, ""GBPUSD=X"": -3.108625, ""NZDUSD=X"": -0.859524}",2026-07-07 08:15:00+00:00,2026-07-23 02:50:00+00:00,15.774305555555555,5,0.31697116442879153,100.0,56.550850524791905,100.0,0.6446490841174619,inf,0.0,100.0,104.9579107432698,4.957910743269801,0.31430294828564886,none,0,"{""sized_down"": 3}","{""AUDUSD=X"": 0.062219, ""EURUSD=X"": 0.291633, ""GBPUSD=X"": 1.817383, ""NZDUSD=X"": 2.786676}"
fade,5m,6,25,0.005,3,0.75,0.5,0.5,0.25,0.5,2,0.75,-1000000000.0,2026-05-18 23:00:00+00:00,2026-07-07 08:15:00+00:00,49.385416666666664,15,0.30373338958025736,60.0,35.746442756507705,80.17577191740534,-0.1564209747812552,0.4059064057873426,6.423511881724877,100.0,95.62698274237675,-4.373017257623261,-0.08854875695672497,none,0,"{""max_positions"": 10, ""sized_down"": 1}","{""AUDUSD=X"": -4.904046, ""EURUSD=X"": -1.748364, ""GBPUSD=X"": 1.449086, ""NZDUSD=X"": 0.830307}",2026-07-07 08:15:00+00:00,2026-07-23 02:50:00+00:00,15.774305555555555,4,0.25357693154303323,100.0,51.009997959600085,100.0,0.23508294893641918,inf,0.0,100.0,101.734268892833,1.7342688928329903,0.1099426460787808,none,0,"{""sized_down"": 1}","{""AUDUSD=X"": 0.573719, ""GBPUSD=X"": 0.515749, ""NZDUSD=X"": 0.6448}"
fade,5m,6,25,0.005,3,0.75,0.5,0.5,0.25,0.8,2,0.75,-1000000000.0,2026-05-18 23:00:00+00:00,2026-07-07 08:15:00+00:00,49.385416666666664,30,0.6074667791605147,50.0,33.15385122717377,66.84614877282624,-0.20791675150781933,0.4832578980776249,10.092001278205512,100.0,91.53640115346306,-8.463598846536962,-0.1713785043804152,none,0,"{""max_positions"": 12, ""sized_down"": 14}","{""AUDUSD=X"": -5.704624, ""EURUSD=X"": -1.445963, ""GBPUSD=X"": -0.109288, ""NZDUSD=X"": -1.203724}",2026-07-07 08:15:00+00:00,2026-07-23 02:50:00+00:00,15.774305555555555,4,0.25357693154303323,100.0,51.009997959600085,100.0,0.39285280291696223,inf,0.0,100.0,102.8388003299917,2.838800329991708,0.1799635692356619,none,0,"{""sized_down"": 1}","{""AUDUSD=X"": 0.062219, ""GBPUSD=X"": 1.114255, ""NZDUSD=X"": 1.662327}"
fade,5m,6,25,0.005,3,0.75,0.5,0.5,0.25,1.2,2,0.75,-1000000000.0,2026-05-18 23:00:00+00:00,2026-07-07 08:15:00+00:00,49.385416666666664,36,0.7289601349926176,44.44444444444444,29.54102987654314,60.41921268399659,-0.2747886374630552,0.5214370903130554,10.295399166516631,100.0,90.33809032303873,-9.661909676961308,-0.19564297173344983,none,0,"{""max_positions"": 12, ""sized_down"": 21}","{""AUDUSD=X"": -6.316466, ""EURUSD=X"": -1.059136, ""GBPUSD=X"": -1.236812, ""NZDUSD=X"": -1.049496}",2026-07-07 08:15:00+00:00,2026-07-23 02:50:00+00:00,15.774305555555555,5,0.31697116442879153,100.0,56.550850524791905,100.0,0.6734815321867871,inf,0.0,100.0,105.39953032680884,5.399530326808856,0.3422990830114353,none,0,"{""sized_down"": 2}","{""AUDUSD=X"": 0.062219, ""EURUSD=X"": 0.406021, ""GBPUSD=X"": 1.912262, ""NZDUSD=X"": 3.019028}"
fade,5m,6,25,0.005,3,0.75,0.8,0.2,0.1,0.5,2,0.75,-1000000000.0,2026-05-18 23:00:00+00:00,2026-07-07 08:15:00+00:00,49.385416666666664,3,0.06074667791605147,100.0,43.84939195509823,100.0,0.2403745069912275,inf,0.0,100.0,101.23349355203767,1.2334935520376733,0.024976878505719603,none,0,{},"{""GBPUSD=X"": 0.608253, ""NZDUSD=X"": 0.62524}",2026-07-07 08:15:00+00:00,2026-07-23 02:50:00+00:00,15.774305555555555,0,0.0,0.0,0.0,0.0,0.0,0.0,0.0,100.0,100.0,0.0,0.0,none,0,{},{}
fade,5m,6,25,0.005,3,0.75,0.8,0.2,0.1,0.8,2,0.75,-1000000000.0,2026-05-18 23:00:00+00:00,2026-07-07 08:15:00+00:00,49.385416666666664,8,0.16199114110947058,75.0,40.926987910258916,92.85223111419724,0.1273048137746593,2.2213567737282833,1.5268655794781811,100.0,102.25379497562179,2.2537949756217888,0.045636852490970624,none,0,"{""sized_down"": 5}","{""AUDUSD=X"": 0.374244, ""GBPUSD=X"": 1.833868, ""NZDUSD=X"": 0.045682}",2026-07-07 08:15:00+00:00,2026-07-23 02:50:00+00:00,15.774305555555555,0,0.0,0.0,0.0,0.0,0.0,0.0,0.0,100.0,100.0,0.0,0.0,none,0,{},{}
fade,5m,6,25,0.005,3,0.75,0.8,0.2,0.1,1.2,2,0.75,-1000000000.0,2026-05-18 23:00:00+00:00,2026-07-07 08:15:00+00:00,49.385416666666664,12,0.24298671166420588,58.333333333333336,31.95073356553728,80.67425380947535,-0.07201041731466366,1.0530046965191273,3.026842419760797,100.0,100.28527261631768,0.2852726163176873,0.005776454580573293,none,0,"{""sized_down"": 8}","{""AUDUSD=X"": 0.809848, ""EURUSD=X"": -0.739612, ""GBPUSD=X"": -0.01825, ""NZDUSD=X"": 0.233287}",2026-07-07 08:15:00+00:00,2026-07-23 02:50:00+00:00,15.774305555555555,0,0.0,0.0,0.0,0.0,0.0,0.0,0.0,100.0,100.0,0.0,0.0,none,0,{},{}
fade,5m,6,25,0.005,3,0.75,0.8,0.2,0.25,0.5,2,0.75,-1000000000.0,2026-05-18 23:00:00+00:00,2026-07-07 08:15:00+00:00,49.385416666666664,3,0.06074667791605147,100.0,43.84939195509823,100.0,0.25988122407513814,inf,0.0,100.0,101.4203981782705,1.4203981782705044,0.02876149021598153,none,0,{},"{""GBPUSD=X"": 0.750765, ""NZDUSD=X"": 0.669633}",2026-07-07 08:15:00+00:00,2026-07-23 02:50:00+00:00,15.774305555555555,0,0.0,0.0,0.0,0.0,0.0,0.0,0.0,100.0,100.0,0.0,0.0,none,0,{},{}
fade,5m,6,25,0.005,3,0.75,0.8,0.2,0.25,0.8,2,0.75,-1000000000.0,2026-05-18 23:00:00+00:00,2026-07-07 08:15:00+00:00,49.385416666666664,8,0.16199114110947058,75.0,40.926987910258916,92.85223111419724,0.1598028266019853,2.3714110376281345,1.649719325708384,100.0,102.7172587248265,2.7172587248264843,0.05502148019053839,none,0,"{""sized_down"": 4}","{""AUDUSD=X"": 0.537791, ""GBPUSD=X"": 2.145597, ""NZDUSD=X"": 0.033871}",2026-07-07 08:15:00+00:00,2026-07-23 02:50:00+00:00,15.774305555555555,0,0.0,0.0,0.0,0.0,0.0,0.0,0.0,100.0,100.0,0.0,0.0,none,0,{},{}
fade,5m,6,25,0.005,3,0.75,0.8,0.2,0.25,1.2,2,0.75,-1000000000.0,2026-05-18 23:00:00+00:00,2026-07-07 08:15:00+00:00,49.385416666666664,12,0.24298671166420588,58.333333333333336,31.95073356553728,80.67425380947535,-0.10777356009636052,0.8760849386630488,3.201426127297666,100.0,99.29459516542268,-0.7054048345773292,-0.014283666762164861,none,0,"{""sized_down"": 8}","{""AUDUSD=X"": 0.074526, ""EURUSD=X"": -0.730551, ""GBPUSD=X"": 0.272877, ""NZDUSD=X"": -0.322258}",2026-07-07 08:15:00+00:00,2026-07-23 02:50:00+00:00,15.774305555555555,0,0.0,0.0,0.0,0.0,0.0,0.0,0.0,100.0,100.0,0.0,0.0,none,0,{},{}
fade,5m,6,25,0.005,3,0.75,0.8,0.5,0.1,0.5,2,0.75,-1000000000.0,2026-05-18 23:00:00+00:00,2026-07-07 08:15:00+00:00,49.385416666666664,15,0.30373338958025736,53.333333333333336,30.11663015105079,75.19077474025354,-0.23472807477819374,0.3200332783910618,6.431043850081345,100.0,94.61312788060687,-5.386872119393143,-0.10907819520391093,none,0,"{""gross_leverage"": 1, ""sized_down"": 1}","{""AUDUSD=X"": -4.67378, ""EURUSD=X"": -1.772549, ""GBPUSD=X"": 1.157263, ""NZDUSD=X"": -0.097806}",2026-07-07 08:15:00+00:00,2026-07-23 02:50:00+00:00,15.774305555555555,5,0.31697116442879153,100.0,56.550850524791905,100.0,0.2170138132796004,inf,0.0,100.0,101.91059459890687,1.9105945989068758,0.12112067895337447,none,0,"{""sized_down"": 2}","{""AUDUSD=X"": 0.529783, ""GBPUSD=X"": 0.476216, ""NZDUSD=X"": 0.904596}"
fade,5m,6,25,0.005,3,0.75,0.8,0.5,0.1,0.8,2,0.75,-1000000000.0,2026-05-18 23:00:00+00:00,2026-07-07 08:15:00+00:00,49.385416666666664,35,0.7087112423539338,51.42857142857142,35.568539626711626,67.00601960874725,-0.2477900187011093,0.4519411017418989,11.852243109784828,100.0,89.64332038692035,-10.356679613079649,-0.20971129357849533,none,0,"{""gross_leverage"": 1, ""max_positions"": 12, ""sized_down"": 19}","{""AUDUSD=X"": -5.050642, ""EURUSD=X"": -1.435906, ""GBPUSD=X"": -1.951433, ""NZDUSD=X"": -1.918699}",2026-07-07 08:15:00+00:00,2026-07-23 02:50:00+00:00,15.774305555555555,5,0.31697116442879153,100.0,56.550850524791905,100.0,0.361884579131683,inf,0.0,100.0,103.12228439467269,3.122284394672678,0.19793482405144866,none,0,"{""sized_down"": 2}","{""AUDUSD=X"": 0.062219, ""GBPUSD=X"": 1.051002, ""NZDUSD=X"": 2.009064}"
fade,5m,6,25,0.005,3,0.75,0.8,0.5,0.1,1.2,2,0.75,-1000000000.0,2026-05-18 23:00:00+00:00,2026-07-07 08:15:00+00:00,49.385416666666664,43,0.8707023834634043,44.18604651162791,30.43308562392133,58.89264193448829,-0.33497102471906104,0.4497480311588998,14.681423386506623,100.0,86.28487131493317,-13.715128685066846,-0.2777161682696514,none,0,"{""gross_leverage"": 1, ""max_positions"": 22, ""sized_down"": 29}","{""AUDUSD=X"": -4.512224, ""EURUSD=X"": -1.829671, ""GBPUSD=X"": -3.011557, ""NZDUSD=X"": -4.361677}",2026-07-07 08:15:00+00:00,2026-07-23 02:50:00+00:00,15.774305555555555,7,0.4437596302003082,85.71428571428571,48.68654966809701,97.43210440510252,0.24434562856469202,4.804251336573703,1.0918449488622295,100.0,104.32314973149903,4.323149731499033,0.2740627608786532,none,0,"{""sized_down"": 4}","{""AUDUSD=X"": -1.074181, ""EURUSD=X"": 0.291633, ""GBPUSD=X"": 1.817383, ""NZDUSD=X"": 3.288315}"
fade,5m,6,25,0.005,3,0.75,0.8,0.5,0.25,0.5,2,0.75,-1000000000.0,2026-05-18 23:00:00+00:00,2026-07-07 08:15:00+00:00,49.385416666666664,18,0.3644800674963088,61.111111111111114,38.61866858065617,79.69500807306883,-0.15489102211650307,0.4279813733212279,6.208910596168104,100.0,95.28396812898646,-4.716031871013563,-0.09549442303676482,none,0,"{""gross_leverage"": 1, ""max_positions"": 10, ""sized_down"": 4}","{""AUDUSD=X"": -4.647517, ""EURUSD=X"": -1.748364, ""GBPUSD=X"": 1.449086, ""NZDUSD=X"": 0.230764}",2026-07-07 08:15:00+00:00,2026-07-23 02:50:00+00:00,15.774305555555555,5,0.31697116442879153,100.0,56.550850524791905,100.0,0.231094521105834,inf,0.0,100.0,102.13216613803583,2.1321661380358155,0.13516703670577038,none,0,"{""sized_down"": 1}","{""AUDUSD=X"": 0.573719, ""GBPUSD=X"": 0.515749, ""NZDUSD=X"": 1.042698}"
fade,5m,6,25,0.005,3,0.75,0.8,0.5,0.25,0.8,2,0.75,-1000000000.0,2026-05-18 23:00:00+00:00,2026-07-07 08:15:00+00:00,49.385416666666664,37,0.7492090276313015,51.35135135135135,35.894637225980915,66.55384667278896,-0.21455587198493214,0.5096954813741763,11.37061358284204,100.0,90.34708461727453,-9.65291538272551,-0.19546084723510843,none,0,"{""max_positions"": 22, ""sized_down"": 20}","{""AUDUSD=X"": -4.484392, ""EURUSD=X"": -1.445963, ""GBPUSD=X"": -1.495376, ""NZDUSD=X"": -2.227183}",2026-07-07 08:15:00+00:00,2026-07-23 02:50:00+00:00,15.774305555555555,5,0.31697116442879153,100.0,56.550850524791905,100.0,0.36852887778137466,inf,0.0,100.0,103.34043892724168,3.340438927241693,0.21176456329421253,none,0,"{""sized_down"": 1}","{""AUDUSD=X"": 0.062219, ""GBPUSD=X"": 1.114255, ""NZDUSD=X"": 2.163965}"
fade,5m,6,25,0.005,3,0.75,0.8,0.5,0.25,1.2,2,0.75,-1000000000.0,2026-05-18 23:00:00+00:00,2026-07-07 08:15:00+00:00,49.385416666666664,44,0.8909512761020882,45.45454545454545,31.705007786853614,59.9340678293465,-0.28710715739636417,0.48525476922677707,13.63746108106237,100.0,87.2334879870071,-12.766512012992953,-0.2585077311215616,none,0,"{""gross_leverage"": 1, ""max_positions"": 22, ""sized_down"": 29}","{""AUDUSD=X"": -4.989519, ""EURUSD=X"": -1.789687, ""GBPUSD=X"": -1.204329, ""NZDUSD=X"": -4.782978}",2026-07-07 08:15:00+00:00,2026-07-23 02:50:00+00:00,15.774305555555555,7,0.4437596302003082,85.71428571428571,48.68654966809701,97.43210440510252,0.27405623361160325,4.903065461170781,1.1527417064604557,100.0,104.69760169233565,4.697601692335663,0.2978008556884594,none,0,"{""sized_down"": 3}","{""AUDUSD=X"": -1.141348, ""EURUSD=X"": 0.406021, ""GBPUSD=X"": 1.912262, ""NZDUSD=X"": 3.520667}"
fade,5m,6,25,0.005,3,1.5,0.5,0.2,0.1,0.5,2,0.75,-1000000000.0,2026-05-18 23:00:00+00:00,2026-07-07 08:15:00+00:00,49.385416666666664,1,0.020248892638683822,100.0,20.654329147389294,100.0,0.33300875862752577,inf,0.0,100.0,100.625240216766,0.6252402167660088,0.012660422022682314,none,0,{},"{""NZDUSD=X"": 0.62524}",2026-07-07 08:15:00+00:00,2026-07-23 02:50:00+00:00,15.774305555555555,0,0.0,0.0,0.0,0.0,0.0,0.0,0.0,100.0,100.0,0.0,0.0,none,0,{},{}
fade,5m,6,25,0.005,3,1.5,0.5,0.2,0.1,0.8,2,0.75,-1000000000.0,2026-05-18 23:00:00+00:00,2026-07-07 08:15:00+00:00,49.385416666666664,1,0.020248892638683822,100.0,20.654329147389294,100.0,0.6330087586274902,inf,0.0,100.0,101.18850487623877,1.1885048762387707,0.02406590763951107,none,0,{},"{""NZDUSD=X"": 1.188505}",2026-07-07 08:15:00+00:00,2026-07-23 02:50:00+00:00,15.774305555555555,0,0.0,0.0,0.0,0.0,0.0,0.0,0.0,100.0,100.0,0.0,0.0,none,0,{},{}
fade,5m,6,25,0.005,3,1.5,0.5,0.2,0.1,1.2,2,0.75,-1000000000.0,2026-05-18 23:00:00+00:00,2026-07-07 08:15:00+00:00,49.385416666666664,1,0.020248892638683822,100.0,20.654329147389294,100.0,0.47986502140817305,inf,0.0,100.0,100.90097002625465,0.9009700262546539,0.018243645332302633,none,0,{},"{""NZDUSD=X"": 0.90097}",2026-07-07 08:15:00+00:00,2026-07-23 02:50:00+00:00,15.774305555555555,0,0.0,0.0,0.0,0.0,0.0,0.0,0.0,100.0,100.0,0.0,0.0,none,0,{},{}
fade,5m,6,25,0.005,3,1.5,0.5,0.2,0.25,0.5,2,0.75,-1000000000.0,2026-05-18 23:00:00+00:00,2026-07-07 08:15:00+00:00,49.385416666666664,1,0.020248892638683822,100.0,20.654329147389294,100.0,0.3405488359644847,inf,0.0,100.0,100.66963269182595,0.6696326918259489,0.01355932048413649,none,0,{},"{""NZDUSD=X"": 0.669633}",2026-07-07 08:15:00+00:00,2026-07-23 02:50:00+00:00,15.774305555555555,0,0.0,0.0,0.0,0.0,0.0,0.0,0.0,100.0,100.0,0.0,0.0,none,0,{},{}
fade,5m,6,25,0.005,3,1.5,0.5,0.2,0.25,0.8,2,0.75,-1000000000.0,2026-05-18 23:00:00+00:00,2026-07-07 08:15:00+00:00,49.385416666666664,1,0.020248892638683822,100.0,20.654329147389294,100.0,0.6405488359645355,inf,0.0,100.0,101.25953283633494,1.2595328363349412,0.025504145177843145,none,0,{},"{""NZDUSD=X"": 1.259533}",2026-07-07 08:15:00+00:00,2026-07-23 02:50:00+00:00,15.774305555555555,0,0.0,0.0,0.0,0.0,0.0,0.0,0.0,100.0,100.0,0.0,0.0,none,0,{},{}
fade,5m,6,25,0.005,3,1.5,0.5,0.2,0.25,1.2,2,0.75,-1000000000.0,2026-05-18 23:00:00+00:00,2026-07-07 08:15:00+00:00,49.385416666666664,1,0.020248892638683822,100.0,20.654329147389294,100.0,0.4581979007674606,inf,0.0,100.0,100.90097002625465,0.9009700262546539,0.018243645332302633,none,0,{},"{""NZDUSD=X"": 0.90097}",2026-07-07 08:15:00+00:00,2026-07-23 02:50:00+00:00,15.774305555555555,0,0.0,0.0,0.0,0.0,0.0,0.0,0.0,100.0,100.0,0.0,0.0,none,0,{},{}
fade,5m,6,25,0.005,3,1.5,0.5,0.5,0.1,0.5,2,0.75,-1000000000.0,2026-05-18 23:00:00+00:00,2026-07-07 08:15:00+00:00,49.385416666666664,3,0.06074667791605147,66.66666666666666,20.76549551264879,93.85096847238394,0.13012130394555946,14.261073459923256,0.05467936233929587,100.0,100.73080576470912,0.7308057647091242,0.014798007469326286,none,0,{},"{""AUDUSD=X"": -0.055109, ""NZDUSD=X"": 0.785915}",2026-07-07 08:15:00+00:00,2026-07-23 02:50:00+00:00,15.774305555555555,2,0.12678846577151662,100.0,34.23719528896193,100.0,0.23250222962949507,inf,0.0,100.0,100.80873841762552,0.8087384176255161,0.051269351590611634,none,0,"{""sized_down"": 1}","{""AUDUSD=X"": 0.529783, ""NZDUSD=X"": 0.278956}"
fade,5m,6,25,0.005,3,1.5,0.5,0.5,0.1,0.8,2,0.75,-1000000000.0,2026-05-18 23:00:00+00:00,2026-07-07 08:15:00+00:00,49.385416666666664,4,0.08099557055473529,75.0,30.06360524426366,95.44139373553637,0.1896045658148394,26.01750411508215,0.05437547283023253,100.0,101.37869202528663,1.3786920252866224,0.027916986801838378,none,0,"{""sized_down"": 1}","{""AUDUSD=X"": 0.029513, ""NZDUSD=X"": 1.34918}",2026-07-07 08:15:00+00:00,2026-07-23 02:50:00+00:00,15.774305555555555,2,0.12678846577151662,100.0,34.23719528896193,100.0,0.25363831517243146,inf,0.0,100.0,100.82496642078678,0.8249664207867722,0.05229811340228712,none,0,"{""sized_down"": 1}","{""AUDUSD=X"": 0.062219, ""NZDUSD=X"": 0.762748}"
fade,5m,6,25,0.005,3,1.5,0.5,0.5,0.1,1.2,2,0.75,-1000000000.0,2026-05-18 23:00:00+00:00,2026-07-07 08:15:00+00:00,49.385416666666664,4,0.08099557055473529,75.0,30.06360524426366,95.44139373553637,0.15131863151001013,20.79994706769755,0.05453017883639484,100.0,101.09115717530251,1.0911571753025058,0.022094724494629944,none,0,"{""sized_down"": 1}","{""AUDUSD=X"": 0.029513, ""NZDUSD=X"": 1.061645}",2026-07-07 08:15:00+00:00,2026-07-23 02:50:00+00:00,15.774305555555555,2,0.12678846577151662,100.0,34.23719528896193,100.0,0.45363831517243147,inf,0.0,100.0,101.4700223619598,1.4700223619598063,0.09319093996135246,none,0,"{""sized_down"": 1}","{""AUDUSD=X"": 0.062219, ""NZDUSD=X"": 1.407803}"
fade,5m,6,25,0.005,3,1.5,0.5,0.5,0.25,0.5,2,0.75,-1000000000.0,2026-05-18 23:00:00+00:00,2026-07-07 08:15:00+00:00,49.385416666666664,3,0.06074667791605147,66.66666666666666,20.76549551264879,93.85096847238394,0.13124752677826526,15.066611540307704,0.0546552887021813,100.0,100.77519823976907,0.7751982397690642,0.01569690593078046,none,0,{},"{""AUDUSD=X"": -0.055109, ""NZDUSD=X"": 0.830307}",2026-07-07 08:15:00+00:00,2026-07-23 02:50:00+00:00,15.774305555555555,2,0.12678846577151662,100.0,34.23719528896193,100.0,0.24679030323215512,inf,0.0,100.0,100.9023229253291,0.9023229253290974,0.057202069666471504,none,0,{},"{""AUDUSD=X"": 0.573719, ""NZDUSD=X"": 0.328604}"
fade,5m,6,25,0.005,3,1.5,0.5,0.5,0.25,0.8,2,0.75,-1000000000.0,2026-05-18 23:00:00+00:00,2026-07-07 08:15:00+00:00,49.385416666666664,4,0.08099557055473529,75.0,30.06360524426366,95.44139373553637,0.18917129040640315,27.3063650437021,0.0543373918697379,100.0,101.4497199853828,1.449719985382793,0.029355224340170454,none,0,"{""sized_down"": 1}","{""AUDUSD=X"": 0.029513, ""NZDUSD=X"": 1.420207}",2026-07-07 08:15:00+00:00,2026-07-23 02:50:00+00:00,15.774305555555555,2,0.12678846577151662,100.0,34.23719528896193,100.0,0.26233001119320287,inf,0.0,100.0,100.90440323386863,0.9044032338686401,0.05733394923050151,none,0,{},"{""AUDUSD=X"": 0.062219, ""NZDUSD=X"": 0.842184}"
fade,5m,6,25,0.005,3,1.5,0.5,0.5,0.25,1.2,2,0.75,-1000000000.0,2026-05-18 23:00:00+00:00,2026-07-07 08:15:00+00:00,49.385416666666664,4,0.08099557055473529,75.0,30.06360524426366,95.44139373553637,0.14358355660713443,20.79994706769755,0.05453017883639484,100.0,101.09115717530251,1.0911571753025058,0.022094724494629944,none,0,"{""sized_down"": 1}","{""AUDUSD=X"": 0.029513, ""NZDUSD=X"": 1.061645}",2026-07-07 08:15:00+00:00,2026-07-23 02:50:00+00:00,15.774305555555555,2,0.12678846577151662,100.0,34.23719528896193,100.0,0.4623300111933326,inf,0.0,100.0,101.58917758158316,1.5891775815831632,0.10074469370370923,none,0,{},"{""AUDUSD=X"": 0.062219, ""NZDUSD=X"": 1.526959}"
fade,5m,6,25,0.005,3,1.5,0.8,0.2,0.1,0.5,2,0.75,-1000000000.0,2026-05-18 23:00:00+00:00,2026-07-07 08:15:00+00:00,49.385416666666664,1,0.020248892638683822,100.0,20.654329147389294,100.0,0.33300875862752577,inf,0.0,100.0,100.625240216766,0.6252402167660088,0.012660422022682314,none,0,{},"{""NZDUSD=X"": 0.62524}",2026-07-07 08:15:00+00:00,2026-07-23 02:50:00+00:00,15.774305555555555,0,0.0,0.0,0.0,0.0,0.0,0.0,0.0,100.0,100.0,0.0,0.0,none,0,{},{}
fade,5m,6,25,0.005,3,1.5,0.8,0.2,0.1,0.8,2,0.75,-1000000000.0,2026-05-18 23:00:00+00:00,2026-07-07 08:15:00+00:00,49.385416666666664,1,0.020248892638683822,100.0,20.654329147389294,100.0,0.6330087586274902,inf,0.0,100.0,101.18850487623877,1.1885048762387707,0.02406590763951107,none,0,{},"{""NZDUSD=X"": 1.188505}",2026-07-07 08:15:00+00:00,2026-07-23 02:50:00+00:00,15.774305555555555,0,0.0,0.0,0.0,0.0,0.0,0.0,0.0,100.0,100.0,0.0,0.0,none,0,{},{}
fade,5m,6,25,0.005,3,1.5,0.8,0.2,0.1,1.2,2,0.75,-1000000000.0,2026-05-18 23:00:00+00:00,2026-07-07 08:15:00+00:00,49.385416666666664,1,0.020248892638683822,100.0,20.654329147389294,100.0,0.47986502140817305,inf,0.0,100.0,100.90097002625465,0.9009700262546539,0.018243645332302633,none,0,{},"{""NZDUSD=X"": 0.90097}",2026-07-07 08:15:00+00:00,2026-07-23 02:50:00+00:00,15.774305555555555,0,0.0,0.0,0.0,0.0,0.0,0.0,0.0,100.0,100.0,0.0,0.0,none,0,{},{}
fade,5m,6,25,0.005,3,1.5,0.8,0.2,0.25,0.5,2,0.75,-1000000000.0,2026-05-18 23:00:00+00:00,2026-07-07 08:15:00+00:00,49.385416666666664,1,0.020248892638683822,100.0,20.654329147389294,100.0,0.3405488359644847,inf,0.0,100.0,100.66963269182595,0.6696326918259489,0.01355932048413649,none,0,{},"{""NZDUSD=X"": 0.669633}",2026-07-07 08:15:00+00:00,2026-07-23 02:50:00+00:00,15.774305555555555,0,0.0,0.0,0.0,0.0,0.0,0.0,0.0,100.0,100.0,0.0,0.0,none,0,{},{}
fade,5m,6,25,0.005,3,1.5,0.8,0.2,0.25,0.8,2,0.75,-1000000000.0,2026-05-18 23:00:00+00:00,2026-07-07 08:15:00+00:00,49.385416666666664,1,0.020248892638683822,100.0,20.654329147389294,100.0,0.6405488359645355,inf,0.0,100.0,101.25953283633494,1.2595328363349412,0.025504145177843145,none,0,{},"{""NZDUSD=X"": 1.259533}",2026-07-07 08:15:00+00:00,2026-07-23 02:50:00+00:00,15.774305555555555,0,0.0,0.0,0.0,0.0,0.0,0.0,0.0,100.0,100.0,0.0,0.0,none,0,{},{}
fade,5m,6,25,0.005,3,1.5,0.8,0.2,0.25,1.2,2,0.75,-1000000000.0,2026-05-18 23:00:00+00:00,2026-07-07 08:15:00+00:00,49.385416666666664,1,0.020248892638683822,100.0,20.654329147389294,100.0,0.4581979007674606,inf,0.0,100.0,100.90097002625465,0.9009700262546539,0.018243645332302633,none,0,{},"{""NZDUSD=X"": 0.90097}",2026-07-07 08:15:00+00:00,2026-07-23 02:50:00+00:00,15.774305555555555,0,0.0,0.0,0.0,0.0,0.0,0.0,0.0,100.0,100.0,0.0,0.0,none,0,{},{}
fade,5m,6,25,0.005,3,1.5,0.8,0.5,0.1,0.5,2,0.75,-1000000000.0,2026-05-18 23:00:00+00:00,2026-07-07 08:15:00+00:00,49.385416666666664,4,0.08099557055473529,50.0,15.003570882017147,84.99642911798286,-0.1071443883684134,0.8371220489835823,0.9315086181390396,100.0,99.84708537748874,-0.15291462251125856,-0.0030963517741153393,none,0,{},"{""AUDUSD=X"": -0.055109, ""NZDUSD=X"": -0.097806}",2026-07-07 08:15:00+00:00,2026-07-23 02:50:00+00:00,15.774305555555555,2,0.12678846577151662,100.0,34.23719528896193,100.0,0.23250222962949507,inf,0.0,100.0,100.80873841762552,0.8087384176255161,0.051269351590611634,none,0,"{""sized_down"": 1}","{""AUDUSD=X"": 0.529783, ""NZDUSD=X"": 0.278956}"
fade,5m,6,25,0.005,3,1.5,0.8,0.5,0.1,0.8,2,0.75,-1000000000.0,2026-05-18 23:00:00+00:00,2026-07-07 08:15:00+00:00,49.385416666666664,6,0.12149335583210294,50.0,18.761280689940868,81.23871931005912,-0.2531126311384681,0.5793581237121909,1.5359802457262361,100.0,98.95899139234001,-1.0410086076599936,-0.02107927153245294,none,0,"{""sized_down"": 2}","{""AUDUSD=X"": 0.029513, ""GBPUSD=X"": -1.53598, ""NZDUSD=X"": 0.465459}",2026-07-07 08:15:00+00:00,2026-07-23 02:50:00+00:00,15.774305555555555,2,0.12678846577151662,100.0,34.23719528896193,100.0,0.25363831517243146,inf,0.0,100.0,100.82496642078678,0.8249664207867722,0.05229811340228712,none,0,"{""sized_down"": 1}","{""AUDUSD=X"": 0.062219, ""NZDUSD=X"": 0.762748}"
fade,5m,6,25,0.005,3,1.5,0.8,0.5,0.1,1.2,2,0.75,-1000000000.0,2026-05-18 23:00:00+00:00,2026-07-07 08:15:00+00:00,49.385416666666664,6,0.12149335583210294,50.0,18.761280689940868,81.23871931005912,-0.27863658734168767,0.46317349478071135,1.5359802457262361,100.0,98.6714565423559,-1.3285434576441102,-0.026901533839661377,none,0,"{""sized_down"": 2}","{""AUDUSD=X"": 0.029513, ""GBPUSD=X"": -1.53598, ""NZDUSD=X"": 0.177924}",2026-07-07 08:15:00+00:00,2026-07-23 02:50:00+00:00,15.774305555555555,2,0.12678846577151662,100.0,34.23719528896193,100.0,0.45363831517243147,inf,0.0,100.0,101.4700223619598,1.4700223619598063,0.09319093996135246,none,0,"{""sized_down"": 1}","{""AUDUSD=X"": 0.062219, ""NZDUSD=X"": 1.407803}"
fade,5m,6,25,0.005,3,1.5,0.8,0.5,0.25,0.5,2,0.75,-1000000000.0,2026-05-18 23:00:00+00:00,2026-07-07 08:15:00+00:00,49.385416666666664,4,0.08099557055473529,50.0,15.003570882017147,84.99642911798286,-0.098432724184708,0.8844069669303805,0.931098503618994,100.0,99.89147785254869,-0.10852214745131852,-0.002197453312661164,none,0,{},"{""AUDUSD=X"": -0.055109, ""NZDUSD=X"": -0.053413}",2026-07-07 08:15:00+00:00,2026-07-23 02:50:00+00:00,15.774305555555555,2,0.12678846577151662,100.0,34.23719528896193,100.0,0.24679030323215512,inf,0.0,100.0,100.9023229253291,0.9023229253290974,0.057202069666471504,none,0,{},"{""AUDUSD=X"": 0.573719, ""NZDUSD=X"": 0.328604}"
fade,5m,6,25,0.005,3,1.5,0.8,0.5,0.25,0.8,2,0.75,-1000000000.0,2026-05-18 23:00:00+00:00,2026-07-07 08:15:00+00:00,49.385416666666664,6,0.12149335583210294,50.0,18.761280689940868,81.23871931005912,-0.24334321647432178,0.5911301815147082,1.6068518713543656,100.0,98.95914772680806,-1.0408522731919558,-0.021076105932593917,none,0,"{""sized_down"": 2}","{""AUDUSD=X"": 0.029513, ""GBPUSD=X"": -1.606852, ""NZDUSD=X"": 0.536487}",2026-07-07 08:15:00+00:00,2026-07-23 02:50:00+00:00,15.774305555555555,2,0.12678846577151662,100.0,34.23719528896193,100.0,0.26233001119320287,inf,0.0,100.0,100.90440323386863,0.9044032338686401,0.05733394923050151,none,0,{},"{""AUDUSD=X"": 0.062219, ""NZDUSD=X"": 0.842184}"
fade,5m,6,25,0.005,3,1.5,0.8,0.5,0.25,1.2,2,0.75,-1000000000.0,2026-05-18 23:00:00+00:00,2026-07-07 08:15:00+00:00,49.385416666666664,6,0.12149335583210294,50.0,18.761280689940868,81.23871931005912,-0.2737350390071676,0.4502787707534945,1.6068518713543656,100.0,98.60058491672777,-1.399415083272243,-0.02833660577813443,none,0,"{""sized_down"": 2}","{""AUDUSD=X"": 0.029513, ""GBPUSD=X"": -1.606852, ""NZDUSD=X"": 0.177924}",2026-07-07 08:15:00+00:00,2026-07-23 02:50:00+00:00,15.774305555555555,2,0.12678846577151662,100.0,34.23719528896193,100.0,0.4623300111933326,inf,0.0,100.0,101.58917758158316,1.5891775815831632,0.10074469370370923,none,0,{},"{""AUDUSD=X"": 0.062219, ""NZDUSD=X"": 1.526959}"
fade,5m,6,15,0.005,4,0.75,0.5,0.2,0.1,0.5,2,0.75,-1000000000.0,2026-05-18 23:00:00+00:00,2026-07-07 08:15:00+00:00,49.385416666666664,2,0.040497785277367644,100.0,34.23719528896193,100.0,0.17315552453516106,inf,0.0,100.0,100.493936556748,0.4939365567480005,0.010001668307911422,none,0,{},"{""NZDUSD=X"": 0.493937}",2026-07-07 08:15:00+00:00,2026-07-23 02:50:00+00:00,15.774305555555555,0,0.0,0.0,0.0,0.0,0.0,0.0,0.0,100.0,100.0,0.0,0.0,none,0,{},{}
fade,5m,6,15,0.005,4,0.75,0.5,0.2,0.1,0.8,2,0.75,-1000000000.0,2026-05-18 23:00:00+00:00,2026-07-07 08:15:00+00:00,49.385416666666664,4,0.08099557055473529,50.0,15.003570882017147,84.99642911798286,-0.6546028326691314,0.11062260727366074,2.916003922053548,100.0,97.08399607794645,-2.916003922053549,-0.05904585035164327,none,0,"{""sized_down"": 2}","{""GBPUSD=X"": -1.699975, ""NZDUSD=X"": -1.216029}",2026-07-07 08:15:00+00:00,2026-07-23 02:50:00+00:00,15.774305555555555,0,0.0,0.0,0.0,0.0,0.0,0.0,0.0,100.0,100.0,0.0,0.0,none,0,{},{}
fade,5m,6,15,0.005,4,0.75,0.5,0.2,0.1,1.2,2,0.75,-1000000000.0,2026-05-18 23:00:00+00:00,2026-07-07 08:15:00+00:00,49.385416666666664,7,0.14174224847078676,71.42857142857143,35.892909014821264,91.77828342909844,-0.13253263369544155,0.5018074991064875,1.699975179944559,100.0,98.36657497882887,-1.6334250211711343,-0.03307504788703415,none,0,"{""sized_down"": 5}","{""AUDUSD=X"": 0.544088, ""EURUSD=X"": 0.286868, ""GBPUSD=X"": -1.248352, ""NZDUSD=X"": -1.216029}",2026-07-07 08:15:00+00:00,2026-07-23 02:50:00+00:00,15.774305555555555,0,0.0,0.0,0.0,0.0,0.0,0.0,0.0,100.0,100.0,0.0,0.0,none,0,{},{}
fade,5m,6,15,0.005,4,0.75,0.5,0.2,0.25,0.5,2,0.75,-1000000000.0,2026-05-18 23:00:00+00:00,2026-07-07 08:15:00+00:00,49.385416666666664,2,0.040497785277367644,100.0,34.23719528896193,100.0,0.17724960557554728,inf,0.0,100.0,100.53442067010067,0.5344206701006684,0.0108214267727619,none,0,{},"{""NZDUSD=X"": 0.534421}",2026-07-07 08:15:00+00:00,2026-07-23 02:50:00+00:00,15.774305555555555,0,0.0,0.0,0.0,0.0,0.0,0.0,0.0,100.0,100.0,0.0,0.0,none,0,{},{}
fade,5m,6,15,0.005,4,0.75,0.5,0.2,0.25,0.8,2,0.75,-1000000000.0,2026-05-18 23:00:00+00:00,2026-07-07 08:15:00+00:00,49.385416666666664,6,0.12149335583210294,66.66666666666666,29.998832134152863,90.3230667440783,-0.3312699791160924,0.25422838257803243,2.624041025297956,100.0,97.37595897470204,-2.6240410252979665,-0.05313392500076034,none,0,"{""sized_down"": 4}","{""AUDUSD=X"": 0.261154, ""GBPUSD=X"": -1.533128, ""NZDUSD=X"": -1.352068}",2026-07-07 08:15:00+00:00,2026-07-23 02:50:00+00:00,15.774305555555555,0,0.0,0.0,0.0,0.0,0.0,0.0,0.0,100.0,100.0,0.0,0.0,none,0,{},{}
fade,5m,6,15,0.005,4,0.75,0.5,0.2,0.25,1.2,2,0.75,-1000000000.0,2026-05-18 23:00:00+00:00,2026-07-07 08:15:00+00:00,49.385416666666664,8,0.16199114110947058,62.5,30.573785458380186,86.3158240538479,-0.2893270785970115,0.427134869004529,3.0749082728791137,100.0,97.25616236073725,-2.743837639262762,-0.055559673775411336,none,0,"{""sized_down"": 6}","{""AUDUSD=X"": 0.650352, ""EURUSD=X"": 0.388363, ""GBPUSD=X"": -1.159369, ""NZDUSD=X"": -2.623184}",2026-07-07 08:15:00+00:00,2026-07-23 02:50:00+00:00,15.774305555555555,0,0.0,0.0,0.0,0.0,0.0,0.0,0.0,100.0,100.0,0.0,0.0,none,0,{},{}
fade,5m,6,15,0.005,4,0.75,0.5,0.5,0.1,0.5,2,0.75,-1000000000.0,2026-05-18 23:00:00+00:00,2026-07-07 08:15:00+00:00,49.385416666666664,5,0.10124446319341912,40.0,11.76182311592533,76.9280067791163,-0.23253854639476343,0.1799030009607695,2.3576218392818196,100.0,97.74836503148083,-2.2516349685191663,-0.04559311473905083,none,0,{},"{""AUDUSD=X"": -2.745572, ""NZDUSD=X"": 0.493937}",2026-07-07 08:15:00+00:00,2026-07-23 02:50:00+00:00,15.774305555555555,1,0.06339423288575831,100.0,20.654329147389294,100.0,0.17298070402624457,inf,0.0,100.0,100.27895557710106,0.278955577101058,0.01768417481952558,none,0,"{""sized_down"": 1}","{""NZDUSD=X"": 0.278956}"
fade,5m,6,15,0.005,4,0.75,0.5,0.5,0.1,0.8,2,0.75,-1000000000.0,2026-05-18 23:00:00+00:00,2026-07-07 08:15:00+00:00,49.385416666666664,10,0.20248892638683824,30.0,10.778928748621183,60.322678002043475,-0.6629259976775318,0.11970306831473645,7.721040856837917,100.0,92.27895914316208,-7.721040856837919,-0.15634252736900237,none,0,"{""sized_down"": 5}","{""AUDUSD=X"": -2.05836, ""GBPUSD=X"": -3.216693, ""NZDUSD=X"": -2.445987}",2026-07-07 08:15:00+00:00,2026-07-23 02:50:00+00:00,15.774305555555555,1,0.06339423288575831,100.0,20.654329147389294,100.0,0.4729807040262446,inf,0.0,100.0,100.76274753298084,0.7627475329808334,0.04835379473882457,none,0,"{""sized_down"": 1}","{""NZDUSD=X"": 0.762748}"
fade,5m,6,15,0.005,4,0.75,0.5,0.5,0.1,1.2,2,0.75,-1000000000.0,2026-05-18 23:00:00+00:00,2026-07-07 08:15:00+00:00,49.385416666666664,17,0.344231174857625,35.294117647058826,17.309486143904902,58.700033278788176,-0.606034721635383,0.1689904426203174,10.525859769582098,100.0,89.4741402304179,-10.525859769582109,-0.21313700440410938,none,0,"{""sized_down"": 12}","{""AUDUSD=X"": -4.122483, ""EURUSD=X"": 0.286868, ""GBPUSD=X"": -3.587365, ""NZDUSD=X"": -3.10288}",2026-07-07 08:15:00+00:00,2026-07-23 02:50:00+00:00,15.774305555555555,3,0.19018269865727494,66.66666666666666,20.76549551264879,93.85096847238394,-0.1588622586048807,1.4814157426215702,1.1227639177866848,100.0,100.54051622526998,0.5405162252699798,0.0342656114632961,none,0,"{""sized_down"": 3}","{""AUDUSD=X"": 0.255477, ""GBPUSD=X"": -1.122764, ""NZDUSD=X"": 1.407803}"
fade,5m,6,15,0.005,4,0.75,0.5,0.5,0.25,0.5,2,0.75,-1000000000.0,2026-05-18 23:00:00+00:00,2026-07-07 08:15:00+00:00,49.385416666666664,6,0.12149335583210294,50.0,18.761280689940868,81.23871931005912,-0.15689754605069847,0.2872984496471887,2.489782290174881,100.0,97.94304193105015,-2.0569580689498514,-0.04165112310043994,none,0,{},"{""AUDUSD=X"": -2.591379, ""NZDUSD=X"": 0.534421}",2026-07-07 08:15:00+00:00,2026-07-23 02:50:00+00:00,15.774305555555555,1,0.06339423288575831,100.0,20.654329147389294,100.0,0.19194853684242832,inf,0.0,100.0,100.32860358527736,0.3286035852773642,0.02083157221216837,none,0,{},"{""NZDUSD=X"": 0.328604}"
fade,5m,6,15,0.005,4,0.75,0.5,0.5,0.25,0.8,2,0.75,-1000000000.0,2026-05-18 23:00:00+00:00,2026-07-07 08:15:00+00:00,49.385416666666664,13,0.2632356043028897,30.76923076923077,12.680497161618087,57.63111218666236,-0.6392784037404571,0.08644458489644556,9.453353695358246,100.0,90.54664630464175,-9.453353695358247,-0.19141994405281412,none,0,"{""sized_down"": 7}","{""AUDUSD=X"": -2.602156, ""GBPUSD=X"": -4.510894, ""NZDUSD=X"": -2.340303}",2026-07-07 08:15:00+00:00,2026-07-23 02:50:00+00:00,15.774305555555555,1,0.06339423288575831,100.0,20.654329147389294,100.0,0.4919485368422986,inf,0.0,100.0,100.8421843460627,0.8421843460627013,0.05338963056703896,none,0,{},"{""NZDUSD=X"": 0.842184}"
fade,5m,6,15,0.005,4,0.75,0.5,0.5,0.25,1.2,2,0.75,-1000000000.0,2026-05-18 23:00:00+00:00,2026-07-07 08:15:00+00:00,49.385416666666664,18,0.3644800674963088,33.33333333333333,16.27855436366286,56.25093065574964,-0.6249645992556044,0.18942832606139384,11.332738917384134,100.0,88.66726108261587,-11.332738917384154,-0.22947541364034565,none,0,"{""sized_down"": 12}","{""AUDUSD=X"": -3.536504, ""EURUSD=X"": 0.388363, ""GBPUSD=X"": -3.534543, ""NZDUSD=X"": -4.650055}",2026-07-07 08:15:00+00:00,2026-07-23 02:50:00+00:00,15.774305555555555,3,0.19018269865727494,66.66666666666666,20.76549551264879,93.85096847238394,-0.09350792060073991,1.5252576642912954,1.221515190260618,100.0,100.64161021573263,0.6416102157326327,0.04067438743803615,none,0,"{""sized_down"": 2}","{""AUDUSD=X"": 0.336167, ""GBPUSD=X"": -1.221515, ""NZDUSD=X"": 1.526959}"
fade,5m,6,15,0.005,4,0.75,0.8,0.2,0.1,0.5,2,0.75,-1000000000.0,2026-05-18 23:00:00+00:00,2026-07-07 08:15:00+00:00,49.385416666666664,2,0.040497785277367644,100.0,34.23719528896193,100.0,0.17315552453516106,inf,0.0,100.0,100.493936556748,0.4939365567480005,0.010001668307911422,none,0,{},"{""NZDUSD=X"": 0.493937}",2026-07-07 08:15:00+00:00,2026-07-23 02:50:00+00:00,15.774305555555555,0,0.0,0.0,0.0,0.0,0.0,0.0,0.0,100.0,100.0,0.0,0.0,none,0,{},{}
fade,5m,6,15,0.005,4,0.75,0.8,0.2,0.1,0.8,2,0.75,-1000000000.0,2026-05-18 23:00:00+00:00,2026-07-07 08:15:00+00:00,49.385416666666664,5,0.10124446319341912,40.0,11.76182311592533,76.9280067791163,-0.8221066632319655,0.07518787527988273,4.461199149063248,100.0,95.53880085093675,-4.461199149063252,-0.09033434260916942,none,0,"{""sized_down"": 3}","{""GBPUSD=X"": -1.699975, ""NZDUSD=X"": -2.761224}",2026-07-07 08:15:00+00:00,2026-07-23 02:50:00+00:00,15.774305555555555,0,0.0,0.0,0.0,0.0,0.0,0.0,0.0,100.0,100.0,0.0,0.0,none,0,{},{}
fade,5m,6,15,0.005,4,0.75,0.8,0.2,0.1,1.2,2,0.75,-1000000000.0,2026-05-18 23:00:00+00:00,2026-07-07 08:15:00+00:00,49.385416666666664,8,0.16199114110947058,62.5,30.573785458380186,86.3158240538479,-0.3024813026689242,0.34106807448491516,3.178620248180834,100.0,96.82137975181917,-3.178620248180837,-0.0643635401445603,none,0,"{""sized_down"": 6}","{""AUDUSD=X"": 0.544088, ""EURUSD=X"": 0.286868, ""GBPUSD=X"": -1.248352, ""NZDUSD=X"": -2.761224}",2026-07-07 08:15:00+00:00,2026-07-23 02:50:00+00:00,15.774305555555555,0,0.0,0.0,0.0,0.0,0.0,0.0,0.0,100.0,100.0,0.0,0.0,none,0,{},{}
fade,5m,6,15,0.005,4,0.75,0.8,0.2,0.25,0.5,2,0.75,-1000000000.0,2026-05-18 23:00:00+00:00,2026-07-07 08:15:00+00:00,49.385416666666664,2,0.040497785277367644,100.0,34.23719528896193,100.0,0.17724960557554728,inf,0.0,100.0,100.53442067010067,0.5344206701006684,0.0108214267727619,none,0,{},"{""NZDUSD=X"": 0.534421}",2026-07-07 08:15:00+00:00,2026-07-23 02:50:00+00:00,15.774305555555555,0,0.0,0.0,0.0,0.0,0.0,0.0,0.0,100.0,100.0,0.0,0.0,none,0,{},{}
fade,5m,6,15,0.005,4,0.75,0.8,0.2,0.25,0.8,2,0.75,-1000000000.0,2026-05-18 23:00:00+00:00,2026-07-07 08:15:00+00:00,49.385416666666664,7,0.14174224847078676,57.14285714285714,25.04542304090258,84.17830777373732,-0.4903620915944584,0.17289932580393874,4.2791142218450915,100.0,95.72088577815491,-4.2791142218451,-0.08664732446680651,none,0,"{""sized_down"": 5}","{""AUDUSD=X"": 0.261154, ""GBPUSD=X"": -1.533128, ""NZDUSD=X"": -3.007141}",2026-07-07 08:15:00+00:00,2026-07-23 02:50:00+00:00,15.774305555555555,0,0.0,0.0,0.0,0.0,0.0,0.0,0.0,100.0,100.0,0.0,0.0,none,0,{},{}
fade,5m,6,15,0.005,4,0.75,0.8,0.2,0.25,1.2,2,0.75,-1000000000.0,2026-05-18 23:00:00+00:00,2026-07-07 08:15:00+00:00,49.385416666666664,10,0.20248892638683824,60.0,31.266954745018637,83.18224187964903,-0.3278969139795865,0.3689362982358214,4.067046480859247,100.0,95.93295351914075,-4.06704648085926,-0.08235318754745602,none,0,"{""sized_down"": 8}","{""AUDUSD=X"": 0.982217, ""EURUSD=X"": 0.388363, ""GBPUSD=X"": -1.159369, ""NZDUSD=X"": -4.278257}",2026-07-07 08:15:00+00:00,2026-07-23 02:50:00+00:00,15.774305555555555,0,0.0,0.0,0.0,0.0,0.0,0.0,0.0,100.0,100.0,0.0,0.0,none,0,{},{}
fade,5m,6,15,0.005,4,0.75,0.8,0.5,0.1,0.5,2,0.75,-1000000000.0,2026-05-18 23:00:00+00:00,2026-07-07 08:15:00+00:00,49.385416666666664,7,0.14174224847078676,28.57142857142857,8.221716570901549,64.10709098517873,-0.4690204697418717,0.09143855632419123,5.012618710109646,100.0,95.0920954012865,-4.907904598713499,-0.09937963330025225,none,0,{},"{""AUDUSD=X"": -2.745572, ""EURUSD=X"": -1.772549, ""NZDUSD=X"": -0.389784}",2026-07-07 08:15:00+00:00,2026-07-23 02:50:00+00:00,15.774305555555555,2,0.12678846577151662,100.0,34.23719528896193,100.0,0.18740422937292628,inf,0.0,100.0,100.63556436555754,0.6355643655575475,0.04029111540404439,none,0,"{""sized_down"": 1}","{""NZDUSD=X"": 0.635564}"
fade,5m,6,15,0.005,4,0.75,0.8,0.5,0.1,0.8,2,0.75,-1000000000.0,2026-05-18 23:00:00+00:00,2026-07-07 08:15:00+00:00,49.385416666666664,14,0.2834844969415735,28.57142857142857,11.721187910109098,54.64954117248438,-0.7097868841324029,0.10525884042916483,11.053843057155845,100.0,88.94615694284415,-11.05384305715584,-0.22382808130920917,none,0,"{""sized_down"": 7}","{""AUDUSD=X"": -2.05836, ""EURUSD=X"": -1.772549, ""GBPUSD=X"": -3.216693, ""NZDUSD=X"": -4.00624}",2026-07-07 08:15:00+00:00,2026-07-23 02:50:00+00:00,15.774305555555555,2,0.12678846577151662,100.0,34.23719528896193,100.0,0.3784450584603124,inf,0.0,100.0,101.26438613023082,1.2643861302308181,0.08015478879737523,none,0,"{""sized_down"": 1}","{""NZDUSD=X"": 1.264386}"
fade,5m,6,15,0.005,4,0.75,0.8,0.5,0.1,1.2,2,0.75,-1000000000.0,2026-05-18 23:00:00+00:00,2026-07-07 08:15:00+00:00,49.385416666666664,22,0.4454756380510441,31.818181818181817,16.36038735469248,52.68177721716065,-0.654832979301961,0.15766399745923004,14.530143964971543,100.0,85.46985603502846,-14.530143964971538,-0.29421932517132837,none,0,"{""sized_down"": 15}","{""AUDUSD=X"": -4.122483, ""EURUSD=X"": -2.176722, ""GBPUSD=X"": -3.587365, ""NZDUSD=X"": -4.643574}",2026-07-07 08:15:00+00:00,2026-07-23 02:50:00+00:00,15.774305555555555,4,0.25357693154303323,75.0,30.06360524426366,95.44139373553637,-0.048169340730065485,1.9282047686163406,1.1227639177866848,100.0,101.04215482251996,1.0421548225199646,0.06606660552184676,none,0,"{""sized_down"": 3}","{""AUDUSD=X"": 0.255477, ""GBPUSD=X"": -1.122764, ""NZDUSD=X"": 1.909442}"
fade,5m,6,15,0.005,4,0.75,0.8,0.5,0.25,0.5,2,0.75,-1000000000.0,2026-05-18 23:00:00+00:00,2026-07-07 08:15:00+00:00,49.385416666666664,8,0.16199114110947058,37.5,13.684175946152106,69.42621454161981,-0.37641071768101003,0.14716382410636797,5.227578720950966,100.0,95.19475465025175,-4.805245349748255,-0.09730089718958711,none,0,{},"{""AUDUSD=X"": -2.591379, ""EURUSD=X"": -1.864567, ""NZDUSD=X"": -0.3493}",2026-07-07 08:15:00+00:00,2026-07-23 02:50:00+00:00,15.774305555555555,2,0.12678846577151662,100.0,34.23719528896193,100.0,0.2035446733129608,inf,0.0,100.0,100.72650083048019,0.7265008304801893,0.04605596283915794,none,0,{},"{""NZDUSD=X"": 0.726501}"
fade,5m,6,15,0.005,4,0.75,0.8,0.5,0.25,0.8,2,0.75,-1000000000.0,2026-05-18 23:00:00+00:00,2026-07-07 08:15:00+00:00,49.385416666666664,17,0.344231174857625,29.411764705882355,13.279793865556403,53.13353332621391,-0.674994663249529,0.08403855340064562,13.208362784044908,100.0,86.79163721595509,-13.208362784044933,-0.26745471994691283,none,0,"{""sized_down"": 9}","{""AUDUSD=X"": -2.602156, ""EURUSD=X"": -1.864567, ""GBPUSD=X"": -4.510894, ""NZDUSD=X"": -4.230746}",2026-07-07 08:15:00+00:00,2026-07-23 02:50:00+00:00,15.774305555555555,2,0.12678846577151662,100.0,34.23719528896193,100.0,0.3815908570406615,inf,0.0,100.0,101.34382294331267,1.343822943312686,0.0851906246255896,none,0,{},"{""NZDUSD=X"": 1.343823}"
fade,5m,6,15,0.005,4,0.75,0.8,0.5,0.25,1.2,2,0.75,-1000000000.0,2026-05-18 23:00:00+00:00,2026-07-07 08:15:00+00:00,49.385416666666664,24,0.48597342332841176,33.33333333333333,17.971978688379643,53.29404050591954,-0.6095686891077255,0.19453764903598234,14.809322942154028,100.0,85.19067705784597,-14.809322942154065,-0.2998723903072749,none,0,"{""sized_down"": 16}","{""AUDUSD=X"": -2.929165, ""EURUSD=X"": -2.167245, ""GBPUSD=X"": -3.534543, ""NZDUSD=X"": -6.17837}",2026-07-07 08:15:00+00:00,2026-07-23 02:50:00+00:00,15.774305555555555,4,0.25357693154303323,75.0,30.06360524426366,95.44139373553637,-0.0023226461407988286,1.935926808031501,1.221515190260618,100.0,101.1432488129826,1.1432488129826175,0.0724753814965868,none,0,"{""sized_down"": 2}","{""AUDUSD=X"": 0.336167, ""GBPUSD=X"": -1.221515, ""NZDUSD=X"": 2.028597}"
fade,5m,6,15,0.005,4,1.5,0.5,0.2,0.1,0.5,2,0.75,-1000000000.0,2026-05-18 23:00:00+00:00,2026-07-07 08:15:00+00:00,49.385416666666664,0,0.0,0.0,0.0,0.0,0.0,0.0,0.0,100.0,100.0,0.0,0.0,none,0,{},{},2026-07-07 08:15:00+00:00,2026-07-23 02:50:00+00:00,15.774305555555555,0,0.0,0.0,0.0,0.0,0.0,0.0,0.0,100.0,100.0,0.0,0.0,none,0,{},{}
fade,5m,6,15,0.005,4,1.5,0.5,0.2,0.1,0.8,2,0.75,-1000000000.0,2026-05-18 23:00:00+00:00,2026-07-07 08:15:00+00:00,49.385416666666664,0,0.0,0.0,0.0,0.0,0.0,0.0,0.0,100.0,100.0,0.0,0.0,none,0,{},{},2026-07-07 08:15:00+00:00,2026-07-23 02:50:00+00:00,15.774305555555555,0,0.0,0.0,0.0,0.0,0.0,0.0,0.0,100.0,100.0,0.0,0.0,none,0,{},{}
fade,5m,6,15,0.005,4,1.5,0.5,0.2,0.1,1.2,2,0.75,-1000000000.0,2026-05-18 23:00:00+00:00,2026-07-07 08:15:00+00:00,49.385416666666664,0,0.0,0.0,0.0,0.0,0.0,0.0,0.0,100.0,100.0,0.0,0.0,none,0,{},{},2026-07-07 08:15:00+00:00,2026-07-23 02:50:00+00:00,15.774305555555555,0,0.0,0.0,0.0,0.0,0.0,0.0,0.0,100.0,100.0,0.0,0.0,none,0,{},{}
fade,5m,6,15,0.005,4,1.5,0.5,0.2,0.25,0.5,2,0.75,-1000000000.0,2026-05-18 23:00:00+00:00,2026-07-07 08:15:00+00:00,49.385416666666664,0,0.0,0.0,0.0,0.0,0.0,0.0,0.0,100.0,100.0,0.0,0.0,none,0,{},{},2026-07-07 08:15:00+00:00,2026-07-23 02:50:00+00:00,15.774305555555555,0,0.0,0.0,0.0,0.0,0.0,0.0,0.0,100.0,100.0,0.0,0.0,none,0,{},{}
fade,5m,6,15,0.005,4,1.5,0.5,0.2,0.25,0.8,2,0.75,-1000000000.0,2026-05-18 23:00:00+00:00,2026-07-07 08:15:00+00:00,49.385416666666664,0,0.0,0.0,0.0,0.0,0.0,0.0,0.0,100.0,100.0,0.0,0.0,none,0,{},{},2026-07-07 08:15:00+00:00,2026-07-23 02:50:00+00:00,15.774305555555555,0,0.0,0.0,0.0,0.0,0.0,0.0,0.0,100.0,100.0,0.0,0.0,none,0,{},{}
fade,5m,6,15,0.005,4,1.5,0.5,0.2,0.25,1.2,2,0.75,-1000000000.0,2026-05-18 23:00:00+00:00,2026-07-07 08:15:00+00:00,49.385416666666664,0,0.0,0.0,0.0,0.0,0.0,0.0,0.0,100.0,100.0,0.0,0.0,none,0,{},{},2026-07-07 08:15:00+00:00,2026-07-23 02:50:00+00:00,15.774305555555555,0,0.0,0.0,0.0,0.0,0.0,0.0,0.0,100.0,100.0,0.0,0.0,none,0,{},{}
fade,5m,6,15,0.005,4,1.5,0.5,0.5,0.1,0.5,2,0.75,-1000000000.0,2026-05-18 23:00:00+00:00,2026-07-07 08:15:00+00:00,49.385416666666664,3,0.06074667791605147,0.0,0.0,56.15060804490177,-0.5030012603480464,0.0,2.7455715252671666,100.0,97.25442847473283,-2.745571525267167,-0.055594783046962255,none,0,{},"{""AUDUSD=X"": -2.745572}",2026-07-07 08:15:00+00:00,2026-07-23 02:50:00+00:00,15.774305555555555,1,0.06339423288575831,100.0,20.654329147389294,100.0,0.17298070402624457,inf,0.0,100.0,100.27895557710106,0.278955577101058,0.01768417481952558,none,0,"{""sized_down"": 1}","{""NZDUSD=X"": 0.278956}"
fade,5m,6,15,0.005,4,1.5,0.5,0.5,0.1,0.8,2,0.75,-1000000000.0,2026-05-18 23:00:00+00:00,2026-07-07 08:15:00+00:00,49.385416666666664,3,0.06074667791605147,0.0,0.0,56.15060804490177,-0.5030012603480464,0.0,2.7455715252671666,100.0,97.25442847473283,-2.745571525267167,-0.055594783046962255,none,0,{},"{""AUDUSD=X"": -2.745572}",2026-07-07 08:15:00+00:00,2026-07-23 02:50:00+00:00,15.774305555555555,1,0.06339423288575831,100.0,20.654329147389294,100.0,0.4729807040262446,inf,0.0,100.0,100.76274753298084,0.7627475329808334,0.04835379473882457,none,0,"{""sized_down"": 1}","{""NZDUSD=X"": 0.762748}"
fade,5m,6,15,0.005,4,1.5,0.5,0.5,0.1,1.2,2,0.75,-1000000000.0,2026-05-18 23:00:00+00:00,2026-07-07 08:15:00+00:00,49.385416666666664,3,0.06074667791605147,0.0,0.0,56.15060804490177,-0.5030012603480464,0.0,2.7455715252671666,100.0,97.25442847473283,-2.745571525267167,-0.055594783046962255,none,0,{},"{""AUDUSD=X"": -2.745572}",2026-07-07 08:15:00+00:00,2026-07-23 02:50:00+00:00,15.774305555555555,1,0.06339423288575831,100.0,20.654329147389294,100.0,0.8729807040262446,inf,0.0,100.0,101.40780347415387,1.4078034741538674,0.0892466212978899,none,0,"{""sized_down"": 1}","{""NZDUSD=X"": 1.407803}"
fade,5m,6,15,0.005,4,1.5,0.5,0.5,0.25,0.5,2,0.75,-1000000000.0,2026-05-18 23:00:00+00:00,2026-07-07 08:15:00+00:00,49.385416666666664,3,0.06074667791605147,0.0,0.0,56.15060804490177,-0.4927388131818984,0.0,2.886142268010488,100.0,97.11385773198951,-2.886142268010485,-0.05844118492491174,none,0,{},"{""AUDUSD=X"": -2.886142}",2026-07-07 08:15:00+00:00,2026-07-23 02:50:00+00:00,15.774305555555555,1,0.06339423288575831,100.0,20.654329147389294,100.0,0.19194853684242832,inf,0.0,100.0,100.32860358527736,0.3286035852773642,0.02083157221216837,none,0,{},"{""NZDUSD=X"": 0.328604}"
fade,5m,6,15,0.005,4,1.5,0.5,0.5,0.25,0.8,2,0.75,-1000000000.0,2026-05-18 23:00:00+00:00,2026-07-07 08:15:00+00:00,49.385416666666664,3,0.06074667791605147,0.0,0.0,56.15060804490177,-0.4927388131818984,0.0,2.886142268010488,100.0,97.11385773198951,-2.886142268010485,-0.05844118492491174,none,0,{},"{""AUDUSD=X"": -2.886142}",2026-07-07 08:15:00+00:00,2026-07-23 02:50:00+00:00,15.774305555555555,1,0.06339423288575831,100.0,20.654329147389294,100.0,0.4919485368422986,inf,0.0,100.0,100.8421843460627,0.8421843460627013,0.05338963056703896,none,0,{},"{""NZDUSD=X"": 0.842184}"
fade,5m,6,15,0.005,4,1.5,0.5,0.5,0.25,1.2,2,0.75,-1000000000.0,2026-05-18 23:00:00+00:00,2026-07-07 08:15:00+00:00,49.385416666666664,3,0.06074667791605147,0.0,0.0,56.15060804490177,-0.4927388131818984,0.0,2.886142268010488,100.0,97.11385773198951,-2.886142268010485,-0.05844118492491174,none,0,{},"{""AUDUSD=X"": -2.886142}",2026-07-07 08:15:00+00:00,2026-07-23 02:50:00+00:00,15.774305555555555,1,0.06339423288575831,100.0,20.654329147389294,100.0,0.891948536842558,inf,0.0,100.0,101.52695869377722,1.5269586937772244,0.09680037504024668,none,0,{},"{""NZDUSD=X"": 1.526959}"
fade,5m,6,15,0.005,4,1.5,0.8,0.2,0.1,0.5,2,0.75,-1000000000.0,2026-05-18 23:00:00+00:00,2026-07-07 08:15:00+00:00,49.385416666666664,0,0.0,0.0,0.0,0.0,0.0,0.0,0.0,100.0,100.0,0.0,0.0,none,0,{},{},2026-07-07 08:15:00+00:00,2026-07-23 02:50:00+00:00,15.774305555555555,0,0.0,0.0,0.0,0.0,0.0,0.0,0.0,100.0,100.0,0.0,0.0,none,0,{},{}
fade,5m,6,15,0.005,4,1.5,0.8,0.2,0.1,0.8,2,0.75,-1000000000.0,2026-05-18 23:00:00+00:00,2026-07-07 08:15:00+00:00,49.385416666666664,0,0.0,0.0,0.0,0.0,0.0,0.0,0.0,100.0,100.0,0.0,0.0,none,0,{},{},2026-07-07 08:15:00+00:00,2026-07-23 02:50:00+00:00,15.774305555555555,0,0.0,0.0,0.0,0.0,0.0,0.0,0.0,100.0,100.0,0.0,0.0,none,0,{},{}
fade,5m,6,15,0.005,4,1.5,0.8,0.2,0.1,1.2,2,0.75,-1000000000.0,2026-05-18 23:00:00+00:00,2026-07-07 08:15:00+00:00,49.385416666666664,0,0.0,0.0,0.0,0.0,0.0,0.0,0.0,100.0,100.0,0.0,0.0,none,0,{},{},2026-07-07 08:15:00+00:00,2026-07-23 02:50:00+00:00,15.774305555555555,0,0.0,0.0,0.0,0.0,0.0,0.0,0.0,100.0,100.0,0.0,0.0,none,0,{},{}
fade,5m,6,15,0.005,4,1.5,0.8,0.2,0.25,0.5,2,0.75,-1000000000.0,2026-05-18 23:00:00+00:00,2026-07-07 08:15:00+00:00,49.385416666666664,0,0.0,0.0,0.0,0.0,0.0,0.0,0.0,100.0,100.0,0.0,0.0,none,0,{},{},2026-07-07 08:15:00+00:00,2026-07-23 02:50:00+00:00,15.774305555555555,0,0.0,0.0,0.0,0.0,0.0,0.0,0.0,100.0,100.0,0.0,0.0,none,0,{},{}
fade,5m,6,15,0.005,4,1.5,0.8,0.2,0.25,0.8,2,0.75,-1000000000.0,2026-05-18 23:00:00+00:00,2026-07-07 08:15:00+00:00,49.385416666666664,0,0.0,0.0,0.0,0.0,0.0,0.0,0.0,100.0,100.0,0.0,0.0,none,0,{},{},2026-07-07 08:15:00+00:00,2026-07-23 02:50:00+00:00,15.774305555555555,0,0.0,0.0,0.0,0.0,0.0,0.0,0.0,100.0,100.0,0.0,0.0,none,0,{},{}
fade,5m,6,15,0.005,4,1.5,0.8,0.2,0.25,1.2,2,0.75,-1000000000.0,2026-05-18 23:00:00+00:00,2026-07-07 08:15:00+00:00,49.385416666666664,0,0.0,0.0,0.0,0.0,0.0,0.0,0.0,100.0,100.0,0.0,0.0,none,0,{},{},2026-07-07 08:15:00+00:00,2026-07-23 02:50:00+00:00,15.774305555555555,0,0.0,0.0,0.0,0.0,0.0,0.0,0.0,100.0,100.0,0.0,0.0,none,0,{},{}
fade,5m,6,15,0.005,4,1.5,0.8,0.5,0.1,0.5,2,0.75,-1000000000.0,2026-05-18 23:00:00+00:00,2026-07-07 08:15:00+00:00,49.385416666666664,4,0.08099557055473529,0.0,0.0,48.990002040399915,-0.5819863115886178,0.0,3.629291912487545,100.0,96.37070808751245,-3.62929191248755,-0.07348914229040387,none,0,{},"{""AUDUSD=X"": -2.745572, ""NZDUSD=X"": -0.88372}",2026-07-07 08:15:00+00:00,2026-07-23 02:50:00+00:00,15.774305555555555,1,0.06339423288575831,100.0,20.654329147389294,100.0,0.17298070402624457,inf,0.0,100.0,100.27895557710106,0.278955577101058,0.01768417481952558,none,0,"{""sized_down"": 1}","{""NZDUSD=X"": 0.278956}"
fade,5m,6,15,0.005,4,1.5,0.8,0.5,0.1,0.8,2,0.75,-1000000000.0,2026-05-18 23:00:00+00:00,2026-07-07 08:15:00+00:00,49.385416666666664,4,0.08099557055473529,0.0,0.0,48.990002040399915,-0.5819863115886178,0.0,3.629291912487545,100.0,96.37070808751245,-3.62929191248755,-0.07348914229040387,none,0,{},"{""AUDUSD=X"": -2.745572, ""NZDUSD=X"": -0.88372}",2026-07-07 08:15:00+00:00,2026-07-23 02:50:00+00:00,15.774305555555555,1,0.06339423288575831,100.0,20.654329147389294,100.0,0.4729807040262446,inf,0.0,100.0,100.76274753298084,0.7627475329808334,0.04835379473882457,none,0,"{""sized_down"": 1}","{""NZDUSD=X"": 0.762748}"
fade,5m,6,15,0.005,4,1.5,0.8,0.5,0.1,1.2,2,0.75,-1000000000.0,2026-05-18 23:00:00+00:00,2026-07-07 08:15:00+00:00,49.385416666666664,4,0.08099557055473529,0.0,0.0,48.990002040399915,-0.5819863115886178,0.0,3.629291912487545,100.0,96.37070808751245,-3.62929191248755,-0.07348914229040387,none,0,{},"{""AUDUSD=X"": -2.745572, ""NZDUSD=X"": -0.88372}",2026-07-07 08:15:00+00:00,2026-07-23 02:50:00+00:00,15.774305555555555,1,0.06339423288575831,100.0,20.654329147389294,100.0,0.8729807040262446,inf,0.0,100.0,101.40780347415387,1.4078034741538674,0.0892466212978899,none,0,"{""sized_down"": 1}","{""NZDUSD=X"": 1.407803}"
fade,5m,6,15,0.005,4,1.5,0.8,0.5,0.25,0.5,2,0.75,-1000000000.0,2026-05-18 23:00:00+00:00,2026-07-07 08:15:00+00:00,49.385416666666664,4,0.08099557055473529,0.0,0.0,48.990002040399915,-0.5664224791548307,0.0,3.769862655230867,100.0,96.23013734476913,-3.7698626552308676,-0.07633554416835336,none,0,{},"{""AUDUSD=X"": -2.886142, ""NZDUSD=X"": -0.88372}",2026-07-07 08:15:00+00:00,2026-07-23 02:50:00+00:00,15.774305555555555,1,0.06339423288575831,100.0,20.654329147389294,100.0,0.19194853684242832,inf,0.0,100.0,100.32860358527736,0.3286035852773642,0.02083157221216837,none,0,{},"{""NZDUSD=X"": 0.328604}"
fade,5m,6,15,0.005,4,1.5,0.8,0.5,0.25,0.8,2,0.75,-1000000000.0,2026-05-18 23:00:00+00:00,2026-07-07 08:15:00+00:00,49.385416666666664,4,0.08099557055473529,0.0,0.0,48.990002040399915,-0.5664224791548307,0.0,3.769862655230867,100.0,96.23013734476913,-3.7698626552308676,-0.07633554416835336,none,0,{},"{""AUDUSD=X"": -2.886142, ""NZDUSD=X"": -0.88372}",2026-07-07 08:15:00+00:00,2026-07-23 02:50:00+00:00,15.774305555555555,1,0.06339423288575831,100.0,20.654329147389294,100.0,0.4919485368422986,inf,0.0,100.0,100.8421843460627,0.8421843460627013,0.05338963056703896,none,0,{},"{""NZDUSD=X"": 0.842184}"
fade,5m,6,15,0.005,4,1.5,0.8,0.5,0.25,1.2,2,0.75,-1000000000.0,2026-05-18 23:00:00+00:00,2026-07-07 08:15:00+00:00,49.385416666666664,4,0.08099557055473529,0.0,0.0,48.990002040399915,-0.5664224791548307,0.0,3.769862655230867,100.0,96.23013734476913,-3.7698626552308676,-0.07633554416835336,none,0,{},"{""AUDUSD=X"": -2.886142, ""NZDUSD=X"": -0.88372}",2026-07-07 08:15:00+00:00,2026-07-23 02:50:00+00:00,15.774305555555555,1,0.06339423288575831,100.0,20.654329147389294,100.0,0.891948536842558,inf,0.0,100.0,101.52695869377722,1.5269586937772244,0.09680037504024668,none,0,{},"{""NZDUSD=X"": 1.526959}"
fade,5m,6,25,0.005,4,0.75,0.5,0.2,0.1,0.5,2,0.75,-1000000000.0,2026-05-18 23:00:00+00:00,2026-07-07 08:15:00+00:00,49.385416666666664,2,0.040497785277367644,100.0,34.23719528896193,100.0,0.17315552453516106,inf,0.0,100.0,100.493936556748,0.4939365567480005,0.010001668307911422,none,0,{},"{""NZDUSD=X"": 0.493937}",2026-07-07 08:15:00+00:00,2026-07-23 02:50:00+00:00,15.774305555555555,1,0.06339423288575831,100.0,20.654329147389294,100.0,0.19977470191085558,inf,0.0,100.0,100.27442977428427,0.27442977428427406,0.017397265021763357,none,0,{},"{""EURUSD=X"": 0.27443}"
fade,5m,6,25,0.005,4,0.75,0.5,0.2,0.1,0.8,2,0.75,-1000000000.0,2026-05-18 23:00:00+00:00,2026-07-07 08:15:00+00:00,49.385416666666664,4,0.08099557055473529,50.0,15.003570882017147,84.99642911798286,-0.6546028326691314,0.11062260727366074,2.916003922053548,100.0,97.08399607794645,-2.916003922053549,-0.05904585035164327,none,0,"{""sized_down"": 2}","{""GBPUSD=X"": -1.699975, ""NZDUSD=X"": -1.216029}",2026-07-07 08:15:00+00:00,2026-07-23 02:50:00+00:00,15.774305555555555,1,0.06339423288575831,100.0,20.654329147389294,100.0,0.4997747019108556,inf,0.0,100.0,100.68653867244706,0.6865386724470626,0.04352259248618843,none,0,{},"{""EURUSD=X"": 0.686539}"
fade,5m,6,25,0.005,4,0.75,0.5,0.2,0.1,1.2,2,0.75,-1000000000.0,2026-05-18 23:00:00+00:00,2026-07-07 08:15:00+00:00,49.385416666666664,9,0.1822400337481544,66.66666666666666,35.419734749908976,87.9418401317257,-0.22852023601273835,0.5098854057180755,2.48445077285201,100.0,97.91515750953143,-2.0848424904685854,-0.042215751758064586,none,0,"{""sized_down"": 7}","{""AUDUSD=X"": 1.067754, ""EURUSD=X"": -0.688215, ""GBPUSD=X"": -1.248352, ""NZDUSD=X"": -1.216029}",2026-07-07 08:15:00+00:00,2026-07-23 02:50:00+00:00,15.774305555555555,1,0.06339423288575831,0.0,0.0,79.34567085261071,-0.3002252980891444,0.0,0.4124183893203792,100.0,99.58758161067962,-0.41241838932037345,-0.026144947418945092,none,0,{},"{""EURUSD=X"": -0.412418}"
fade,5m,6,25,0.005,4,0.75,0.5,0.2,0.25,0.5,2,0.75,-1000000000.0,2026-05-18 23:00:00+00:00,2026-07-07 08:15:00+00:00,49.385416666666664,2,0.040497785277367644,100.0,34.23719528896193,100.0,0.17724960557554728,inf,0.0,100.0,100.53442067010067,0.5344206701006684,0.0108214267727619,none,0,{},"{""NZDUSD=X"": 0.534421}",2026-07-07 08:15:00+00:00,2026-07-23 02:50:00+00:00,15.774305555555555,1,0.06339423288575831,100.0,20.654329147389294,100.0,0.21878754724649468,inf,0.0,100.0,100.32086775302886,0.3208677530288697,0.02034116506104215,none,0,{},"{""EURUSD=X"": 0.320868}"
fade,5m,6,25,0.005,4,0.75,0.5,0.2,0.25,0.8,2,0.75,-1000000000.0,2026-05-18 23:00:00+00:00,2026-07-07 08:15:00+00:00,49.385416666666664,6,0.12149335583210294,66.66666666666666,29.998832134152863,90.3230667440783,-0.3312699791160924,0.25422838257803243,2.624041025297956,100.0,97.37595897470204,-2.6240410252979665,-0.05313392500076034,none,0,"{""sized_down"": 4}","{""AUDUSD=X"": 0.261154, ""GBPUSD=X"": -1.533128, ""NZDUSD=X"": -1.352068}",2026-07-07 08:15:00+00:00,2026-07-23 02:50:00+00:00,15.774305555555555,1,0.06339423288575831,100.0,20.654329147389294,100.0,0.5187875472464947,inf,0.0,100.0,100.76083943843841,0.7608394384384156,0.048232832549034495,none,0,{},"{""EURUSD=X"": 0.760839}"
fade,5m,6,25,0.005,4,0.75,0.5,0.2,0.25,1.2,2,0.75,-1000000000.0,2026-05-18 23:00:00+00:00,2026-07-07 08:15:00+00:00,49.385416666666664,10,0.20248892638683824,60.0,31.266954745018637,83.18224187964903,-0.33346679315223493,0.45503290578664773,3.1722785397926003,100.0,96.8277214602074,-3.1722785397926168,-0.06423512757226138,none,0,"{""sized_down"": 8}","{""AUDUSD=X"": 1.253283, ""EURUSD=X"": -0.643008, ""GBPUSD=X"": -1.159369, ""NZDUSD=X"": -2.623184}",2026-07-07 08:15:00+00:00,2026-07-23 02:50:00+00:00,15.774305555555555,1,0.06339423288575831,0.0,0.0,79.34567085261071,-0.2812124527535053,0.0,0.4124183893203792,100.0,99.58758161067962,-0.41241838932037345,-0.026144947418945092,none,0,{},"{""EURUSD=X"": -0.412418}"
fade,5m,6,25,0.005,4,0.75,0.5,0.5,0.1,0.5,2,0.75,-1000000000.0,2026-05-18 23:00:00+00:00,2026-07-07 08:15:00+00:00,49.385416666666664,10,0.20248892638683824,40.0,16.817758120350966,68.73304525498135,-0.2689458206432206,0.284425407482006,5.285751505375049,100.0,95.63169516069581,-4.368304839304201,-0.08845333570411376,none,0,"{""max_positions"": 11}","{""AUDUSD=X"": -1.981416, ""GBPUSD=X"": -1.578003, ""NZDUSD=X"": -0.808885}",2026-07-07 08:15:00+00:00,2026-07-23 02:50:00+00:00,15.774305555555555,5,0.31697116442879153,80.0,37.55282641185388,96.37768390302125,0.05037631898972805,1.419846099030387,0.9483213974671236,100.0,100.40026403188692,0.4002640318869214,0.025374431253232084,none,0,"{""sized_down"": 2}","{""AUDUSD=X"": -0.953359, ""EURUSD=X"": 0.27443, ""NZDUSD=X"": 1.079193}"
fade,5m,6,25,0.005,4,0.75,0.5,0.5,0.1,0.8,2,0.75,-1000000000.0,2026-05-18 23:00:00+00:00,2026-07-07 08:15:00+00:00,49.385416666666664,19,0.38472896013499264,26.31578947368421,11.806238339540162,48.791968441070644,-0.6710502913278852,0.12230169960946652,14.042514558859978,100.0,85.95748544114002,-14.042514558860004,-0.28434536967951074,none,0,"{""max_positions"": 23, ""sized_down"": 10}","{""AUDUSD=X"": -0.605018, ""EURUSD=X"": -1.202109, ""GBPUSD=X"": -8.004844, ""NZDUSD=X"": -4.230543}",2026-07-07 08:15:00+00:00,2026-07-23 02:50:00+00:00,15.774305555555555,5,0.31697116442879153,80.0,37.55282641185388,96.37768390302125,0.2543632599244853,3.095322538877151,0.9461963331477421,100.0,101.99759447438336,1.9975944743833578,0.12663596932036256,none,0,"{""sized_down"": 2}","{""AUDUSD=X"": -0.953359, ""EURUSD=X"": 0.686539, ""NZDUSD=X"": 2.264415}"
fade,5m,6,25,0.005,4,0.75,0.5,0.5,0.1,1.2,2,0.75,-1000000000.0,2026-05-18 23:00:00+00:00,2026-07-07 08:15:00+00:00,49.385416666666664,29,0.5872178865218308,31.03448275862069,17.275424489768067,49.230470472718544,-0.6456839609780082,0.18719245239562046,18.121490789481015,100.0,81.87850921051898,-18.12149078948105,-0.36694012144909954,none,0,"{""max_positions"": 23, ""sized_down"": 19}","{""AUDUSD=X"": -1.543016, ""EURUSD=X"": -1.890324, ""GBPUSD=X"": -8.375516, ""NZDUSD=X"": -6.312635}",2026-07-07 08:15:00+00:00,2026-07-23 02:50:00+00:00,15.774305555555555,8,0.5071538630860665,50.0,21.521252682444185,78.47874731755581,-0.21127830619396842,0.9358594002093005,3.4768685962761663,100.0,99.75891698564809,-0.24108301435190782,-0.015283272756625457,none,0,"{""sized_down"": 5}","{""AUDUSD=X"": -0.697882, ""EURUSD=X"": -0.412418, ""GBPUSD=X"": -2.392887, ""NZDUSD=X"": 3.262105}"
fade,5m,6,25,0.005,4,0.75,0.5,0.5,0.25,0.5,2,0.75,-1000000000.0,2026-05-18 23:00:00+00:00,2026-07-07 08:15:00+00:00,49.385416666666664,12,0.24298671166420588,41.66666666666667,19.325746190524658,68.04926643446272,-0.21397471329724183,0.2693790752905202,5.644984958011184,100.0,95.15043869563539,-4.849561304364632,-0.09819824619679492,none,0,"{""max_positions"": 21, ""sized_down"": 1}","{""AUDUSD=X"": -1.718485, ""EURUSD=X"": 0.116203, ""GBPUSD=X"": -1.578003, ""NZDUSD=X"": -1.669276}",2026-07-07 08:15:00+00:00,2026-07-23 02:50:00+00:00,15.774305555555555,5,0.31697116442879153,80.0,37.55282641185388,96.37768390302125,0.07082415091562123,1.621121253719284,0.9478628297713568,100.0,100.59215149998654,0.5921514999865377,0.03753899009379768,none,0,{},"{""AUDUSD=X"": -0.953359, ""EURUSD=X"": 0.320868, ""NZDUSD=X"": 1.224643}"
fade,5m,6,25,0.005,4,0.75,0.5,0.5,0.25,0.8,2,0.75,-1000000000.0,2026-05-18 23:00:00+00:00,2026-07-07 08:15:00+00:00,49.385416666666664,23,0.4657245306897279,26.08695652173913,12.548445889248969,46.47039054375056,-0.6831338172995152,0.09832968705321958,17.415310464586284,100.0,82.58468953541372,-17.41531046458632,-0.35264075186675525,none,0,"{""max_positions"": 23, ""sized_down"": 11}","{""AUDUSD=X"": -1.599325, ""EURUSD=X"": -1.256936, ""GBPUSD=X"": -8.789677, ""NZDUSD=X"": -5.769373}",2026-07-07 08:15:00+00:00,2026-07-23 02:50:00+00:00,15.774305555555555,5,0.31697116442879153,80.0,37.55282641185388,96.37768390302125,0.2687193948067664,3.3357379362047745,0.9461963331477421,100.0,102.2267966427119,2.226796642711915,0.14116606495730388,none,0,"{""sized_down"": 1}","{""AUDUSD=X"": -0.953359, ""EURUSD=X"": 0.760839, ""NZDUSD=X"": 2.419316}"
fade,5m,6,25,0.005,4,0.75,0.5,0.5,0.25,1.2,2,0.75,-1000000000.0,2026-05-18 23:00:00+00:00,2026-07-07 08:15:00+00:00,49.385416666666664,30,0.6074667791605147,30.0,16.664562643958934,47.876121011660175,-0.6423624212869963,0.20751669182989257,18.74086797952542,100.0,81.25913202047458,-18.740867979525476,-0.37948182367315875,none,0,"{""max_positions"": 23, ""sized_down"": 18}","{""AUDUSD=X"": -0.948474, ""EURUSD=X"": -1.899944, ""GBPUSD=X"": -7.813326, ""NZDUSD=X"": -8.079124}",2026-07-07 08:15:00+00:00,2026-07-23 02:50:00+00:00,15.774305555555555,8,0.5071538630860665,50.0,21.521252682444185,78.47874731755581,-0.17121268557533142,0.9608820128558305,3.598363380286455,100.0,99.84502355848113,-0.15497644151887435,-0.009824612625453625,none,0,"{""sized_down"": 4}","{""AUDUSD=X"": -0.617192, ""EURUSD=X"": -0.412418, ""GBPUSD=X"": -2.595992, ""NZDUSD=X"": 3.470626}"
fade,5m,6,25,0.005,4,0.75,0.8,0.2,0.1,0.5,2,0.75,-1000000000.0,2026-05-18 23:00:00+00:00,2026-07-07 08:15:00+00:00,49.385416666666664,2,0.040497785277367644,100.0,34.23719528896193,100.0,0.17315552453516106,inf,0.0,100.0,100.493936556748,0.4939365567480005,0.010001668307911422,none,0,{},"{""NZDUSD=X"": 0.493937}",2026-07-07 08:15:00+00:00,2026-07-23 02:50:00+00:00,15.774305555555555,1,0.06339423288575831,100.0,20.654329147389294,100.0,0.19977470191085558,inf,0.0,100.0,100.27442977428427,0.27442977428427406,0.017397265021763357,none,0,{},"{""EURUSD=X"": 0.27443}"
fade,5m,6,25,0.005,4,0.75,0.8,0.2,0.1,0.8,2,0.75,-1000000000.0,2026-05-18 23:00:00+00:00,2026-07-07 08:15:00+00:00,49.385416666666664,7,0.14174224847078676,57.14285714285714,25.04542304090258,84.17830777373732,-0.48260851499634516,0.2520443502541734,3.6080615932592366,100.0,96.39193840674076,-3.6080615932592446,-0.07305925183566495,none,0,"{""sized_down"": 5}","{""GBPUSD=X"": -1.22082, ""NZDUSD=X"": -2.387241}",2026-07-07 08:15:00+00:00,2026-07-23 02:50:00+00:00,15.774305555555555,1,0.06339423288575831,100.0,20.654329147389294,100.0,0.4997747019108556,inf,0.0,100.0,100.68653867244706,0.6865386724470626,0.04352259248618843,none,0,{},"{""EURUSD=X"": 0.686539}"
fade,5m,6,25,0.005,4,0.75,0.8,0.2,0.1,1.2,2,0.75,-1000000000.0,2026-05-18 23:00:00+00:00,2026-07-07 08:15:00+00:00,49.385416666666664,13,0.2632356043028897,61.53846153846154,35.52248097226855,82.2905534187632,-0.31709502797081623,0.5179514556602915,4.008928267844972,100.0,96.73092125858648,-3.269078741413533,-0.06619522446228626,none,0,"{""sized_down"": 11}","{""AUDUSD=X"": 1.067754, ""EURUSD=X"": -1.670872, ""GBPUSD=X"": -0.727414, ""NZDUSD=X"": -1.938546}",2026-07-07 08:15:00+00:00,2026-07-23 02:50:00+00:00,15.774305555555555,2,0.12678846577151662,0.0,0.0,65.76280471103807,-1.0140854343469334,0.0,1.388815202031651,100.0,98.61118479796835,-1.3888152020316518,-0.08804287435287601,none,0,"{""sized_down"": 1}","{""EURUSD=X"": -1.388815}"
fade,5m,6,25,0.005,4,0.75,0.8,0.2,0.25,0.5,2,0.75,-1000000000.0,2026-05-18 23:00:00+00:00,2026-07-07 08:15:00+00:00,49.385416666666664,2,0.040497785277367644,100.0,34.23719528896193,100.0,0.17724960557554728,inf,0.0,100.0,100.53442067010067,0.5344206701006684,0.0108214267727619,none,0,{},"{""NZDUSD=X"": 0.534421}",2026-07-07 08:15:00+00:00,2026-07-23 02:50:00+00:00,15.774305555555555,1,0.06339423288575831,100.0,20.654329147389294,100.0,0.21878754724649468,inf,0.0,100.0,100.32086775302886,0.3208677530288697,0.02034116506104215,none,0,{},"{""EURUSD=X"": 0.320868}"
fade,5m,6,25,0.005,4,0.75,0.8,0.2,0.25,0.8,2,0.75,-1000000000.0,2026-05-18 23:00:00+00:00,2026-07-07 08:15:00+00:00,49.385416666666664,9,0.1822400337481544,66.66666666666666,35.419734749908976,87.9418401317257,-0.29069474315177546,0.375271570454594,3.308062485304729,100.0,96.7678852272039,-3.2321147727960975,-0.06544674503025213,none,0,"{""sized_down"": 7}","{""AUDUSD=X"": 0.261154, ""GBPUSD=X"": -0.989189, ""NZDUSD=X"": -2.50408}",2026-07-07 08:15:00+00:00,2026-07-23 02:50:00+00:00,15.774305555555555,1,0.06339423288575831,100.0,20.654329147389294,100.0,0.5187875472464947,inf,0.0,100.0,100.76083943843841,0.7608394384384156,0.048232832549034495,none,0,{},"{""EURUSD=X"": 0.760839}"
fade,5m,6,25,0.005,4,0.75,0.8,0.2,0.25,1.2,2,0.75,-1000000000.0,2026-05-18 23:00:00+00:00,2026-07-07 08:15:00+00:00,49.385416666666664,15,0.30373338958025736,60.0,35.746442756507705,80.17577191740534,-0.31966432106362463,0.5317421772575355,4.008897457270618,100.0,96.02151996067724,-3.978480039322778,-0.08055981518139353,none,0,"{""sized_down"": 13}","{""AUDUSD=X"": 1.585147, ""EURUSD=X"": -1.663234, ""GBPUSD=X"": -0.638431, ""NZDUSD=X"": -3.261962}",2026-07-07 08:15:00+00:00,2026-07-23 02:50:00+00:00,15.774305555555555,2,0.12678846577151662,0.0,0.0,65.76280471103807,-0.9673471703320481,0.0,1.4532035452977112,100.0,98.54679645470229,-1.4532035452977048,-0.09212472398101232,none,0,"{""sized_down"": 1}","{""EURUSD=X"": -1.453204}"
fade,5m,6,25,0.005,4,0.75,0.8,0.5,0.1,0.5,2,0.75,-1000000000.0,2026-05-18 23:00:00+00:00,2026-07-07 08:15:00+00:00,49.385416666666664,13,0.2632356043028897,30.76923076923077,12.680497161618087,57.63111218666236,-0.45078334773401074,0.16650300792964082,9.110029068092846,100.0,91.30822714907754,-8.691772850922483,-0.17599877529815616,none,0,"{""max_positions"": 11}","{""AUDUSD=X"": -1.981416, ""EURUSD=X"": -1.772549, ""GBPUSD=X"": -3.245201, ""NZDUSD=X"": -1.692606}",2026-07-07 08:15:00+00:00,2026-07-23 02:50:00+00:00,15.774305555555555,6,0.3803653973145499,83.33333333333334,43.649056343635394,96.99474141282697,0.07561822494470805,1.7939012146189572,0.9483213974671236,100.0,100.7568728203434,0.7568728203434109,0.0479813718377509,none,0,"{""sized_down"": 2}","{""AUDUSD=X"": -0.953359, ""EURUSD=X"": 0.27443, ""NZDUSD=X"": 1.435802}"
fade,5m,6,25,0.005,4,0.75,0.8,0.5,0.1,0.8,2,0.75,-1000000000.0,2026-05-18 23:00:00+00:00,2026-07-07 08:15:00+00:00,49.385416666666664,27,0.5467201012444632,29.629629629629626,15.852853317647565,48.48103338083759,-0.6589340927284574,0.12986334342422381,20.00444894024274,100.0,79.99555105975726,-20.004448940242774,-0.4050679388870083,none,0,"{""max_positions"": 23, ""sized_down"": 14}","{""AUDUSD=X"": -0.605018, ""EURUSD=X"": -2.974658, ""GBPUSD=X"": -9.192888, ""NZDUSD=X"": -7.231885}",2026-07-07 08:15:00+00:00,2026-07-23 02:50:00+00:00,15.774305555555555,6,0.3803653973145499,83.33333333333334,43.649056343635394,96.99474141282697,0.25928761875280115,3.6215027384459724,0.9461963331477421,100.0,102.49923307163334,2.4992330716333426,0.1584369633789132,none,0,"{""sized_down"": 2}","{""AUDUSD=X"": -0.953359, ""EURUSD=X"": 0.686539, ""NZDUSD=X"": 2.766053}"
fade,5m,6,25,0.005,4,0.75,0.8,0.5,0.1,1.2,2,0.75,-1000000000.0,2026-05-18 23:00:00+00:00,2026-07-07 08:15:00+00:00,49.385416666666664,38,0.7694579202699853,31.57894736842105,19.08442002366664,47.45605643994851,-0.6427460734428216,0.20648550656006706,22.795282130751502,100.0,77.2047178692485,-22.795282130751552,-0.461579220534096,none,0,"{""gross_leverage"": 1, ""max_positions"": 23, ""sized_down"": 26}","{""AUDUSD=X"": -1.543016, ""EURUSD=X"": -5.336572, ""GBPUSD=X"": -7.289374, ""NZDUSD=X"": -8.626321}",2026-07-07 08:15:00+00:00,2026-07-23 02:50:00+00:00,15.774305555555555,10,0.6339423288575831,50.0,23.65895936154873,76.34104063845126,-0.31342626072620894,0.8276328764202047,4.445929718202538,100.0,99.1838310507368,-0.8161689492631985,-0.051740404443715866,none,0,"{""sized_down"": 7}","{""AUDUSD=X"": -0.697882, ""EURUSD=X"": -1.388815, ""GBPUSD=X"": -2.392887, ""NZDUSD=X"": 3.663416}"
fade,5m,6,25,0.005,4,0.75,0.8,0.5,0.25,0.5,2,0.75,-1000000000.0,2026-05-18 23:00:00+00:00,2026-07-07 08:15:00+00:00,49.385416666666664,15,0.30373338958025736,33.33333333333333,15.176100694691236,58.28687484878701,-0.37627371184653224,0.1712338570577526,9.4176135043466,100.0,91.34600645576188,-8.65399354423816,-0.17523378617314142,none,0,"{""max_positions"": 21, ""sized_down"": 1}","{""AUDUSD=X"": -1.107431, ""EURUSD=X"": -1.748364, ""GBPUSD=X"": -3.245201, ""NZDUSD=X"": -2.552997}",2026-07-07 08:15:00+00:00,2026-07-23 02:50:00+00:00,15.774305555555555,6,0.3803653973145499,83.33333333333334,43.649056343635394,96.99474141282697,0.09487692739359992,2.0384847760568054,0.9478628297713568,100.0,100.99004874518937,0.9900487451893628,0.06276338072078726,none,0,{},"{""AUDUSD=X"": -0.953359, ""EURUSD=X"": 0.320868, ""NZDUSD=X"": 1.62254}"
fade,5m,6,25,0.005,4,0.75,0.8,0.5,0.25,0.8,2,0.75,-1000000000.0,2026-05-18 23:00:00+00:00,2026-07-07 08:15:00+00:00,49.385416666666664,31,0.6277156717991985,29.03225806451613,16.095620718432873,46.592659957540675,-0.6596616953628048,0.11763247012146051,22.710045500312305,100.0,77.2899544996877,-22.710045500312344,-0.45985327315544927,none,0,"{""max_positions"": 23, ""sized_down"": 16}","{""AUDUSD=X"": -1.599325, ""EURUSD=X"": -3.121503, ""GBPUSD=X"": -9.214669, ""NZDUSD=X"": -8.774549}",2026-07-07 08:15:00+00:00,2026-07-23 02:50:00+00:00,15.774305555555555,6,0.3803653973145499,83.33333333333334,43.649056343635394,96.99474141282697,0.269138358545476,3.8619181357735957,0.9461963331477421,100.0,102.72843523996188,2.7284352399618994,0.17296705901585452,none,0,"{""sized_down"": 1}","{""AUDUSD=X"": -0.953359, ""EURUSD=X"": 0.760839, ""NZDUSD=X"": 2.920955}"
fade,5m,6,25,0.005,4,0.75,0.8,0.5,0.25,1.2,2,0.75,-1000000000.0,2026-05-18 23:00:00+00:00,2026-07-07 08:15:00+00:00,49.385416666666664,40,0.809955705547353,32.5,20.084316962661724,47.98254191110201,-0.6029574095475689,0.2174707688995674,23.55546726737589,100.0,76.44453273262411,-23.55546726737594,-0.4769721277511264,none,0,"{""gross_leverage"": 1, ""max_positions"": 23, ""sized_down"": 26}","{""AUDUSD=X"": -0.699575, ""EURUSD=X"": -5.475778, ""GBPUSD=X"": -7.068528, ""NZDUSD=X"": -10.311585}",2026-07-07 08:15:00+00:00,2026-07-23 02:50:00+00:00,15.774305555555555,10,0.6339423288575831,50.0,23.65895936154873,76.34104063845126,-0.27519501952742176,0.8411909909755049,4.6313290944360705,100.0,99.20554928030379,-0.794450719696218,-0.050363593940680344,none,0,"{""sized_down"": 6}","{""AUDUSD=X"": -0.617192, ""EURUSD=X"": -1.453204, ""GBPUSD=X"": -2.595992, ""NZDUSD=X"": 3.871937}"
fade,5m,6,25,0.005,4,1.5,0.5,0.2,0.1,0.5,2,0.75,-1000000000.0,2026-05-18 23:00:00+00:00,2026-07-07 08:15:00+00:00,49.385416666666664,0,0.0,0.0,0.0,0.0,0.0,0.0,0.0,100.0,100.0,0.0,0.0,none,0,{},{},2026-07-07 08:15:00+00:00,2026-07-23 02:50:00+00:00,15.774305555555555,0,0.0,0.0,0.0,0.0,0.0,0.0,0.0,100.0,100.0,0.0,0.0,none,0,{},{}
fade,5m,6,25,0.005,4,1.5,0.5,0.2,0.1,0.8,2,0.75,-1000000000.0,2026-05-18 23:00:00+00:00,2026-07-07 08:15:00+00:00,49.385416666666664,0,0.0,0.0,0.0,0.0,0.0,0.0,0.0,100.0,100.0,0.0,0.0,none,0,{},{},2026-07-07 08:15:00+00:00,2026-07-23 02:50:00+00:00,15.774305555555555,0,0.0,0.0,0.0,0.0,0.0,0.0,0.0,100.0,100.0,0.0,0.0,none,0,{},{}
fade,5m,6,25,0.005,4,1.5,0.5,0.2,0.1,1.2,2,0.75,-1000000000.0,2026-05-18 23:00:00+00:00,2026-07-07 08:15:00+00:00,49.385416666666664,1,0.020248892638683822,100.0,20.654329147389294,100.0,0.6044564493491288,inf,0.0,100.0,100.52366576194751,0.5236657619475076,0.010603651792229642,none,0,"{""sized_down"": 1}","{""AUDUSD=X"": 0.523666}",2026-07-07 08:15:00+00:00,2026-07-23 02:50:00+00:00,15.774305555555555,0,0.0,0.0,0.0,0.0,0.0,0.0,0.0,100.0,100.0,0.0,0.0,none,0,{},{}
fade,5m,6,25,0.005,4,1.5,0.5,0.2,0.25,0.5,2,0.75,-1000000000.0,2026-05-18 23:00:00+00:00,2026-07-07 08:15:00+00:00,49.385416666666664,0,0.0,0.0,0.0,0.0,0.0,0.0,0.0,100.0,100.0,0.0,0.0,none,0,{},{},2026-07-07 08:15:00+00:00,2026-07-23 02:50:00+00:00,15.774305555555555,0,0.0,0.0,0.0,0.0,0.0,0.0,0.0,100.0,100.0,0.0,0.0,none,0,{},{}
fade,5m,6,25,0.005,4,1.5,0.5,0.2,0.25,0.8,2,0.75,-1000000000.0,2026-05-18 23:00:00+00:00,2026-07-07 08:15:00+00:00,49.385416666666664,0,0.0,0.0,0.0,0.0,0.0,0.0,0.0,100.0,100.0,0.0,0.0,none,0,{},{},2026-07-07 08:15:00+00:00,2026-07-23 02:50:00+00:00,15.774305555555555,0,0.0,0.0,0.0,0.0,0.0,0.0,0.0,100.0,100.0,0.0,0.0,none,0,{},{}
fade,5m,6,25,0.005,4,1.5,0.5,0.2,0.25,1.2,2,0.75,-1000000000.0,2026-05-18 23:00:00+00:00,2026-07-07 08:15:00+00:00,49.385416666666664,1,0.020248892638683822,100.0,20.654329147389294,100.0,0.6466466534553149,inf,0.0,100.0,100.60293040275583,0.6029304027558262,0.012208672994001121,none,0,"{""sized_down"": 1}","{""AUDUSD=X"": 0.60293}",2026-07-07 08:15:00+00:00,2026-07-23 02:50:00+00:00,15.774305555555555,0,0.0,0.0,0.0,0.0,0.0,0.0,0.0,100.0,100.0,0.0,0.0,none,0,{},{}
fade,5m,6,25,0.005,4,1.5,0.5,0.5,0.1,0.5,2,0.75,-1000000000.0,2026-05-18 23:00:00+00:00,2026-07-07 08:15:00+00:00,49.385416666666664,5,0.10124446319341912,20.0,3.6223160969787447,62.44717358814613,-0.2513294234445843,0.1832650553066403,2.384776281093206,100.0,97.73397149596927,-2.2660285040307406,-0.04588456789431578,none,0,{},"{""AUDUSD=X"": -2.774497, ""NZDUSD=X"": 0.508468}",2026-07-07 08:15:00+00:00,2026-07-23 02:50:00+00:00,15.774305555555555,2,0.12678846577151662,100.0,34.23719528896193,100.0,0.2275771341874499,inf,0.0,100.0,100.81016181503031,0.8101618150303168,0.051359586777180555,none,0,"{""sized_down"": 1}","{""NZDUSD=X"": 0.810162}"
fade,5m,6,25,0.005,4,1.5,0.5,0.5,0.1,0.8,2,0.75,-1000000000.0,2026-05-18 23:00:00+00:00,2026-07-07 08:15:00+00:00,49.385416666666664,5,0.10124446319341912,0.0,0.0,43.4491494752081,-0.3368858909323833,0.0,3.0569029511723897,100.0,96.94309704882761,-3.0569029511723946,-0.061898899665165555,none,0,{},"{""AUDUSD=X"": -2.774497, ""NZDUSD=X"": -0.282406}",2026-07-07 08:15:00+00:00,2026-07-23 02:50:00+00:00,15.774305555555555,2,0.12678846577151662,100.0,34.23719528896193,100.0,0.43754448652437805,inf,0.0,100.0,101.51973701681415,1.5197370168141466,0.09634256236902361,none,0,"{""sized_down"": 1}","{""NZDUSD=X"": 1.519737}"
fade,5m,6,25,0.005,4,1.5,0.5,0.5,0.1,1.2,2,0.75,-1000000000.0,2026-05-18 23:00:00+00:00,2026-07-07 08:15:00+00:00,49.385416666666664,7,0.14174224847078676,14.285714285714285,2.567895594897479,51.313450331903,-0.37893833702464935,0.11762546792176205,4.05960111894526,100.0,96.0716897468908,-3.928310253109207,-0.07954393256664921,none,0,"{""sized_down"": 2}","{""AUDUSD=X"": -2.250831, ""NZDUSD=X"": -1.677479}",2026-07-07 08:15:00+00:00,2026-07-23 02:50:00+00:00,15.774305555555555,2,0.12678846577151662,100.0,34.23719528896193,100.0,0.637544486524378,inf,0.0,100.0,102.16479295798717,2.1647929579871805,0.13723538892808892,none,0,"{""sized_down"": 1}","{""NZDUSD=X"": 2.164793}"
fade,5m,6,25,0.005,4,1.5,0.5,0.5,0.25,0.5,2,0.75,-1000000000.0,2026-05-18 23:00:00+00:00,2026-07-07 08:15:00+00:00,49.385416666666664,5,0.10124446319341912,0.0,0.0,43.4491494752081,-0.32795666880443997,0.0,3.126872160264355,100.0,96.87312783973564,-3.1268721602643605,-0.0633156986680824,none,0,{},"{""AUDUSD=X"": -2.915068, ""NZDUSD=X"": -0.211805}",2026-07-07 08:15:00+00:00,2026-07-23 02:50:00+00:00,15.774305555555555,2,0.12678846577151662,100.0,34.23719528896193,100.0,0.24241214904221886,inf,0.0,100.0,100.90844593610103,0.9084459361010299,0.0575902332373094,none,0,{},"{""NZDUSD=X"": 0.908446}"
fade,5m,6,25,0.005,4,1.5,0.5,0.5,0.25,0.8,2,0.75,-1000000000.0,2026-05-18 23:00:00+00:00,2026-07-07 08:15:00+00:00,49.385416666666664,6,0.12149335583210294,0.0,0.0,39.03430336530645,-0.5226589124254376,0.0,4.65858780792766,100.0,95.34141219207234,-4.6585878079276695,-0.09433124437060879,none,0,"{""sized_down"": 1}","{""AUDUSD=X"": -2.915068, ""NZDUSD=X"": -1.74352}",2026-07-07 08:15:00+00:00,2026-07-23 02:50:00+00:00,15.774305555555555,2,0.12678846577151662,100.0,34.23719528896193,100.0,0.4371502587700322,inf,0.0,100.0,101.599173829896,1.5991738298960145,0.10137839819723798,none,0,{},"{""NZDUSD=X"": 1.599174}"
fade,5m,6,25,0.005,4,1.5,0.5,0.5,0.25,1.2,2,0.75,-1000000000.0,2026-05-18 23:00:00+00:00,2026-07-07 08:15:00+00:00,49.385416666666664,7,0.14174224847078676,14.285714285714285,2.567895594897479,51.313450331903,-0.3556152601567586,0.12942342778852425,4.2625564748846925,100.0,95.94434259482817,-4.055657405171844,-0.08212257137660768,none,0,"{""sized_down"": 2}","{""AUDUSD=X"": -2.312137, ""NZDUSD=X"": -1.74352}",2026-07-07 08:15:00+00:00,2026-07-23 02:50:00+00:00,15.774305555555555,2,0.12678846577151662,100.0,34.23719528896193,100.0,0.6371502587701618,inf,0.0,100.0,102.28394817761053,2.2839481776105375,0.1447891426704457,none,0,{},"{""NZDUSD=X"": 2.283948}"
fade,5m,6,25,0.005,4,1.5,0.8,0.2,0.1,0.5,2,0.75,-1000000000.0,2026-05-18 23:00:00+00:00,2026-07-07 08:15:00+00:00,49.385416666666664,0,0.0,0.0,0.0,0.0,0.0,0.0,0.0,100.0,100.0,0.0,0.0,none,0,{},{},2026-07-07 08:15:00+00:00,2026-07-23 02:50:00+00:00,15.774305555555555,0,0.0,0.0,0.0,0.0,0.0,0.0,0.0,100.0,100.0,0.0,0.0,none,0,{},{}
fade,5m,6,25,0.005,4,1.5,0.8,0.2,0.1,0.8,2,0.75,-1000000000.0,2026-05-18 23:00:00+00:00,2026-07-07 08:15:00+00:00,49.385416666666664,0,0.0,0.0,0.0,0.0,0.0,0.0,0.0,100.0,100.0,0.0,0.0,none,0,{},{},2026-07-07 08:15:00+00:00,2026-07-23 02:50:00+00:00,15.774305555555555,0,0.0,0.0,0.0,0.0,0.0,0.0,0.0,100.0,100.0,0.0,0.0,none,0,{},{}
fade,5m,6,25,0.005,4,1.5,0.8,0.2,0.1,1.2,2,0.75,-1000000000.0,2026-05-18 23:00:00+00:00,2026-07-07 08:15:00+00:00,49.385416666666664,2,0.040497785277367644,50.0,9.452865480086615,90.54713451991339,-0.5680157102084509,0.5329079703584928,0.9775379954525283,100.0,99.54100873470277,-0.458991265297238,-0.009294064853097417,none,0,"{""sized_down"": 2}","{""AUDUSD=X"": 0.523666, ""EURUSD=X"": -0.982657}",2026-07-07 08:15:00+00:00,2026-07-23 02:50:00+00:00,15.774305555555555,0,0.0,0.0,0.0,0.0,0.0,0.0,0.0,100.0,100.0,0.0,0.0,none,0,{},{}
fade,5m,6,25,0.005,4,1.5,0.8,0.2,0.25,0.5,2,0.75,-1000000000.0,2026-05-18 23:00:00+00:00,2026-07-07 08:15:00+00:00,49.385416666666664,0,0.0,0.0,0.0,0.0,0.0,0.0,0.0,100.0,100.0,0.0,0.0,none,0,{},{},2026-07-07 08:15:00+00:00,2026-07-23 02:50:00+00:00,15.774305555555555,0,0.0,0.0,0.0,0.0,0.0,0.0,0.0,100.0,100.0,0.0,0.0,none,0,{},{}
fade,5m,6,25,0.005,4,1.5,0.8,0.2,0.25,0.8,2,0.75,-1000000000.0,2026-05-18 23:00:00+00:00,2026-07-07 08:15:00+00:00,49.385416666666664,0,0.0,0.0,0.0,0.0,0.0,0.0,0.0,100.0,100.0,0.0,0.0,none,0,{},{},2026-07-07 08:15:00+00:00,2026-07-23 02:50:00+00:00,15.774305555555555,0,0.0,0.0,0.0,0.0,0.0,0.0,0.0,100.0,100.0,0.0,0.0,none,0,{},{}
fade,5m,6,25,0.005,4,1.5,0.8,0.2,0.25,1.2,2,0.75,-1000000000.0,2026-05-18 23:00:00+00:00,2026-07-07 08:15:00+00:00,49.385416666666664,2,0.040497785277367644,50.0,9.452865480086615,90.54713451991339,-0.5238209048981779,0.5909773916346112,1.0141114486050322,100.0,99.58270456790933,-0.41729543209067055,-0.008449770403017164,none,0,"{""sized_down"": 2}","{""AUDUSD=X"": 0.60293, ""EURUSD=X"": -1.020226}",2026-07-07 08:15:00+00:00,2026-07-23 02:50:00+00:00,15.774305555555555,0,0.0,0.0,0.0,0.0,0.0,0.0,0.0,100.0,100.0,0.0,0.0,none,0,{},{}
fade,5m,6,25,0.005,4,1.5,0.8,0.5,0.1,0.5,2,0.75,-1000000000.0,2026-05-18 23:00:00+00:00,2026-07-07 08:15:00+00:00,49.385416666666664,6,0.12149335583210294,16.666666666666664,3.005258587173032,56.350943656364606,-0.3459314304222089,0.13899347256084923,3.149748891251107,100.0,96.85025110874889,-3.1497488912511233,-0.0637789271377574,none,0,{},"{""AUDUSD=X"": -2.774497, ""NZDUSD=X"": -0.375252}",2026-07-07 08:15:00+00:00,2026-07-23 02:50:00+00:00,15.774305555555555,2,0.12678846577151662,100.0,34.23719528896193,100.0,0.2275771341874499,inf,0.0,100.0,100.81016181503031,0.8101618150303168,0.051359586777180555,none,0,"{""sized_down"": 1}","{""NZDUSD=X"": 0.810162}"
fade,5m,6,25,0.005,4,1.5,0.8,0.5,0.1,0.8,2,0.75,-1000000000.0,2026-05-18 23:00:00+00:00,2026-07-07 08:15:00+00:00,49.385416666666664,6,0.12149335583210294,0.0,0.0,39.03430336530645,-0.4172284866620415,0.0,3.940623338392769,100.0,96.05937666160723,-3.9406233383927773,-0.07979325890860718,none,0,{},"{""AUDUSD=X"": -2.774497, ""NZDUSD=X"": -1.166127}",2026-07-07 08:15:00+00:00,2026-07-23 02:50:00+00:00,15.774305555555555,2,0.12678846577151662,100.0,34.23719528896193,100.0,0.43754448652437805,inf,0.0,100.0,101.51973701681415,1.5197370168141466,0.09634256236902361,none,0,"{""sized_down"": 1}","{""NZDUSD=X"": 1.519737}"
fade,5m,6,25,0.005,4,1.5,0.8,0.5,0.1,1.2,2,0.75,-1000000000.0,2026-05-18 23:00:00+00:00,2026-07-07 08:15:00+00:00,49.385416666666664,9,0.1822400337481544,11.11111111111111,1.9890371327130536,43.50062147680601,-0.5791108549165453,0.08288009966342408,5.923427955738981,100.0,94.20531233242568,-5.794687667574335,-0.11733600845541789,none,0,"{""sized_down"": 3}","{""AUDUSD=X"": -2.250831, ""EURUSD=X"": -0.982657, ""NZDUSD=X"": -2.5612}",2026-07-07 08:15:00+00:00,2026-07-23 02:50:00+00:00,15.774305555555555,2,0.12678846577151662,100.0,34.23719528896193,100.0,0.637544486524378,inf,0.0,100.0,102.16479295798717,2.1647929579871805,0.13723538892808892,none,0,"{""sized_down"": 1}","{""NZDUSD=X"": 2.164793}"
fade,5m,6,25,0.005,4,1.5,0.8,0.5,0.25,0.5,2,0.75,-1000000000.0,2026-05-18 23:00:00+00:00,2026-07-07 08:15:00+00:00,49.385416666666664,6,0.12149335583210294,0.0,0.0,39.03430336530645,-0.40454280351597127,0.0,4.010592547484734,100.0,95.98940745251527,-4.010592547484744,-0.08121005791152403,none,0,{},"{""AUDUSD=X"": -2.915068, ""NZDUSD=X"": -1.095525}",2026-07-07 08:15:00+00:00,2026-07-23 02:50:00+00:00,15.774305555555555,2,0.12678846577151662,100.0,34.23719528896193,100.0,0.24241214904221886,inf,0.0,100.0,100.90844593610103,0.9084459361010299,0.0575902332373094,none,0,{},"{""NZDUSD=X"": 0.908446}"
fade,5m,6,25,0.005,4,1.5,0.8,0.5,0.25,0.8,2,0.75,-1000000000.0,2026-05-18 23:00:00+00:00,2026-07-07 08:15:00+00:00,49.385416666666664,7,0.14174224847078676,0.0,0.0,35.433884297520656,-0.5604895645180362,0.0,4.931254772799207,100.0,95.0687452272008,-4.931254772799229,-0.09985244846840878,none,0,"{""sized_down"": 1}","{""AUDUSD=X"": -2.304014, ""NZDUSD=X"": -2.627241}",2026-07-07 08:15:00+00:00,2026-07-23 02:50:00+00:00,15.774305555555555,2,0.12678846577151662,100.0,34.23719528896193,100.0,0.4371502587700322,inf,0.0,100.0,101.599173829896,1.5991738298960145,0.10137839819723798,none,0,{},"{""NZDUSD=X"": 1.599174}"
fade,5m,6,25,0.005,4,1.5,0.8,0.5,0.25,1.2,2,0.75,-1000000000.0,2026-05-18 23:00:00+00:00,2026-07-07 08:15:00+00:00,49.385416666666664,9,0.1822400337481544,11.11111111111111,1.9890371327130536,43.50062147680601,-0.5523409734914009,0.10130763124410687,5.5526612173784615,100.0,94.65144979511012,-5.348550204889899,-0.10830221887142594,none,0,"{""sized_down"": 3}","{""AUDUSD=X"": -1.701084, ""EURUSD=X"": -1.020226, ""NZDUSD=X"": -2.627241}",2026-07-07 08:15:00+00:00,2026-07-23 02:50:00+00:00,15.774305555555555,2,0.12678846577151662,100.0,34.23719528896193,100.0,0.6371502587701618,inf,0.0,100.0,102.28394817761053,2.2839481776105375,0.1447891426704457,none,0,{},"{""NZDUSD=X"": 2.283948}"
pullback,5m,6,15,0.005,3,1.0,0.6,0.5,0.1,0.5,1,0.5,-1000000000.0,2026-05-18 23:00:00+00:00,2026-07-07 08:15:00+00:00,49.385416666666664,8,0.16199114110947058,87.5,52.91051942301386,97.75830911367038,0.04649198818023921,1.835233285274028,1.343641857127317,100.0,101.13861456785877,1.1386145678587596,0.023055684141413398,none,0,"{""sized_down"": 1}","{""AUDUSD=X"": 0.48717, ""EURUSD=X"": 0.269875, ""GBPUSD=X"": -0.208939, ""NZDUSD=X"": 0.590509}",2026-07-07 08:15:00+00:00,2026-07-23 02:50:00+00:00,15.774305555555555,1,0.06339423288575831,100.0,20.654329147389294,100.0,0.19880953921232436,inf,0.0,100.0,100.27173069136498,0.27173069136498557,0.01722615873060001,none,0,{},"{""EURUSD=X"": 0.271731}"
pullback,5m,6,15,0.005,3,1.0,0.6,0.5,0.1,0.8,1,0.5,-1000000000.0,2026-05-18 23:00:00+00:00,2026-07-07 08:15:00+00:00,49.385416666666664,48,0.9719468466568235,52.083333333333336,38.328995635984384,65.52890998421255,-0.42122060319848886,0.3523700663289991,17.907985004355865,100.0,82.21442212377387,-17.78557787622612,-0.36013825693265294,none,0,"{""sized_down"": 40}","{""AUDUSD=X"": -5.231694, ""EURUSD=X"": -5.271742, ""GBPUSD=X"": -2.402067, ""NZDUSD=X"": -4.880075}",2026-07-07 08:15:00+00:00,2026-07-23 02:50:00+00:00,15.774305555555555,9,0.5705480959718248,55.55555555555556,26.66473457440297,81.1224570528086,-0.20973736397008713,0.5308317925238414,3.343675655681118,100.0,98.07501993451821,-1.9249800654818006,-0.12203263457159555,none,0,"{""sized_down"": 8}","{""EURUSD=X"": -0.244483, ""NZDUSD=X"": -1.680497}"
pullback,5m,6,15,0.005,3,1.0,0.6,0.5,0.1,1.2,1,0.5,-157.37611477506246,2026-05-18 23:00:00+00:00,2026-07-07 08:15:00+00:00,49.385416666666664,87,1.7616536595654926,43.67816091954023,33.74237551778658,54.14863476824979,-0.5402594855015818,0.36541520680858963,30.167295474594606,100.0,70.22256773795282,-29.777432262047142,-0.6029600289298725,max_drawdown 30.17%,0,"{""gross_leverage"": 8, ""max_drawdown"": 1184, ""max_positions"": 1, ""sized_down"": 90}","{""AUDUSD=X"": -13.027758, ""EURUSD=X"": -7.680056, ""GBPUSD=X"": -7.875171, ""NZDUSD=X"": -1.194448}",2026-07-07 08:15:00+00:00,2026-07-23 02:50:00+00:00,15.774305555555555,19,1.204490424829408,47.368421052631575,27.329505487448547,68.29251748817488,-0.424169323811405,0.5059825205259696,6.61419890343388,100.0,95.28005926796294,-4.719940732037076,-0.29921702197373495,none,0,"{""gross_leverage"": 3, ""sized_down"": 21}","{""AUDUSD=X"": 1.045728, ""EURUSD=X"": -1.236769, ""GBPUSD=X"": -3.748724, ""NZDUSD=X"": -0.780175}"
pullback,5m,6,15,0.005,3,1.0,0.6,0.5,0.25,0.5,1,0.5,-1000000000.0,2026-05-18 23:00:00+00:00,2026-07-07 08:15:00+00:00,49.385416666666664,12,0.24298671166420588,75.0,46.768966087934004,91.10599603710386,-0.08669687482306171,0.7511833222215011,3.75162055760027,100.0,98.87367055518314,-1.1263294448168644,-0.02280692400388504,none,0,"{""sized_down"": 3}","{""AUDUSD=X"": -2.502633, ""EURUSD=X"": 0.533225, ""GBPUSD=X"": -0.103231, ""NZDUSD=X"": 0.946309}",2026-07-07 08:15:00+00:00,2026-07-23 02:50:00+00:00,15.774305555555555,1,0.06339423288575831,100.0,20.654329147389294,100.0,0.21735249095275444,inf,0.0,100.0,100.3165644536699,0.31656445366989333,0.020068360699302065,none,0,{},"{""EURUSD=X"": 0.316564}"
pullback,5m,6,15,0.005,3,1.0,0.6,0.5,0.25,0.8,1,0.5,-1000000000.0,2026-05-18 23:00:00+00:00,2026-07-07 08:15:00+00:00,49.385416666666664,62,1.255431343598397,53.2258064516129,40.98381737584801,65.09136913237779,-0.4053651041593198,0.3493309192722331,23.91387706390053,100.0,76.31719004920795,-23.68280995079201,-0.4795506760759403,none,0,"{""gross_leverage"": 1, ""sized_down"": 52}","{""AUDUSD=X"": -8.059939, ""EURUSD=X"": -5.201557, ""GBPUSD=X"": -4.57867, ""NZDUSD=X"": -5.842644}",2026-07-07 08:15:00+00:00,2026-07-23 02:50:00+00:00,15.774305555555555,11,0.6973365617433415,54.54545454545454,28.008775568998818,78.72904245601195,-0.25391095396652824,0.4974037435303905,3.866380664002285,100.0,97.12440066167335,-2.875599338326659,-0.1822964141400127,none,0,"{""gross_leverage"": 1, ""sized_down"": 11}","{""AUDUSD=X"": 0.277128, ""EURUSD=X"": -0.044723, ""GBPUSD=X"": -1.401619, ""NZDUSD=X"": -1.706385}"
pullback,5m,6,15,0.005,3,1.0,0.6,0.5,0.25,1.2,1,0.5,-156.8305036337449,2026-05-18 23:00:00+00:00,2026-07-07 08:15:00+00:00,49.385416666666664,76,1.5389158405399705,42.10526315789473,31.64844262757472,53.3217984497584,-0.5324788756766927,0.3343823348685298,30.314004007075575,100.0,70.1715510446695,-29.828448955330536,-0.6039930604749487,max_drawdown 30.31%,0,"{""gross_leverage"": 9, ""max_drawdown"": 12224, ""max_positions"": 7, ""sized_down"": 78}","{""AUDUSD=X"": -10.880074, ""EURUSD=X"": -9.22291, ""GBPUSD=X"": -8.267609, ""NZDUSD=X"": -1.457856}",2026-07-07 08:15:00+00:00,2026-07-23 02:50:00+00:00,15.774305555555555,23,1.4580673563724411,43.47826086956522,25.634368332198655,63.188950694983035,-0.47791328016246265,0.36762359307485293,10.088280432147926,100.0,91.97233335409737,-8.027666645902617,-0.5089077688795848,none,0,"{""gross_leverage"": 3, ""sized_down"": 25}","{""AUDUSD=X"": 0.365705, ""EURUSD=X"": -1.419206, ""GBPUSD=X"": -4.969559, ""NZDUSD=X"": -2.004606}"
pullback,5m,6,15,0.005,3,1.0,0.6,0.5,0.1,0.5,1,1.0,-1000000000.0,2026-05-18 23:00:00+00:00,2026-07-07 08:15:00+00:00,49.385416666666664,23,0.4657245306897279,56.52173913043478,36.81104930501695,74.36563166780135,-0.30295928075635103,0.31811149548576834,11.048218293094111,100.0,90.37243790251915,-9.627562097480846,-0.1949474712841513,none,0,"{""gross_leverage"": 1, ""sized_down"": 9}","{""AUDUSD=X"": -1.67596, ""EURUSD=X"": -0.419335, ""GBPUSD=X"": -0.877769, ""NZDUSD=X"": -6.654498}",2026-07-07 08:15:00+00:00,2026-07-23 02:50:00+00:00,15.774305555555555,6,0.3803653973145499,66.66666666666666,29.998832134152863,90.3230667440783,-0.2840734126296608,0.2518673066341876,4.187132390671584,100.0,96.8589573199416,-3.1410426800583955,-0.19912399116372836,none,0,"{""sized_down"": 1}","{""AUDUSD=X"": -3.893984, ""EURUSD=X"": 0.271731, ""GBPUSD=X"": 0.25046, ""NZDUSD=X"": 0.23075}"
pullback,5m,6,15,0.005,3,1.0,0.6,0.5,0.1,0.8,1,1.0,-158.19608996569312,2026-05-18 23:00:00+00:00,2026-07-07 08:15:00+00:00,49.385416666666664,61,1.2351824509597131,40.98360655737705,29.535148349273772,53.500433746171126,-0.5406539701512895,0.22941590307561352,30.04892064582012,100.0,70.70004098091745,-29.299959019082515,-0.5932917244952376,max_drawdown 30.05%,0,"{""daily_loss"": 251, ""gross_leverage"": 12, ""max_drawdown"": 21280, ""max_positions"": 12, ""sized_down"": 66}","{""AUDUSD=X"": -8.373378, ""EURUSD=X"": -8.188686, ""GBPUSD=X"": -5.705734, ""NZDUSD=X"": -7.032161}",2026-07-07 08:15:00+00:00,2026-07-23 02:50:00+00:00,15.774305555555555,28,1.7750385208012327,46.42857142857143,29.531303739659588,64.18760485789832,-0.4184664038480209,0.298640900923664,13.077033196745184,100.0,87.51557924662404,-12.48442075337597,-0.7914402766833104,none,0,"{""gross_leverage"": 3, ""sized_down"": 25}","{""AUDUSD=X"": -4.490304, ""EURUSD=X"": -3.573422, ""GBPUSD=X"": -1.612553, ""NZDUSD=X"": -2.808142}"
pullback,5m,6,15,0.005,3,1.0,0.6,0.5,0.1,1.2,1,1.0,-174.7535948863927,2026-05-18 23:00:00+00:00,2026-07-07 08:15:00+00:00,49.385416666666664,67,1.356675806791816,35.82089552238806,25.397888381354473,47.78171230524774,-0.7077438891413383,0.3122000960514957,30.139010398618097,100.0,70.56471762776123,-29.435282372238767,-0.5960318725448053,max_drawdown 30.14%,0,"{""daily_loss"": 251, ""gross_leverage"": 21, ""max_drawdown"": 29540, ""max_positions"": 10, ""sized_down"": 82}","{""AUDUSD=X"": -11.549194, ""EURUSD=X"": -8.796244, ""GBPUSD=X"": -8.693812, ""NZDUSD=X"": -0.396032}",2026-07-07 08:15:00+00:00,2026-07-23 02:50:00+00:00,15.774305555555555,69,4.374202069117324,40.57971014492754,29.788729078613464,52.36432631830259,-0.5558717298787215,0.34296722652430756,24.923032926490052,100.0,75.47451753224821,-24.52548246775178,-1.5547741471962386,none,0,"{""gross_leverage"": 10, ""max_positions"": 6, ""sized_down"": 73}","{""AUDUSD=X"": -7.552535, ""EURUSD=X"": -5.822807, ""GBPUSD=X"": -4.902777, ""NZDUSD=X"": -6.247363}"
pullback,5m,6,15,0.005,3,1.0,0.6,0.5,0.25,0.5,1,1.0,-1000000000.0,2026-05-18 23:00:00+00:00,2026-07-07 08:15:00+00:00,49.385416666666664,34,0.68846234971525,50.0,34.06906262804898,65.93093737195102,-0.3520355868803599,0.2615812028332057,17.708623999826226,100.0,83.85520864810212,-16.144791351897833,-0.32691414675853026,none,0,"{""gross_leverage"": 1, ""sized_down"": 13}","{""AUDUSD=X"": -6.511411, ""EURUSD=X"": -1.848838, ""GBPUSD=X"": -1.897298, ""NZDUSD=X"": -5.887244}",2026-07-07 08:15:00+00:00,2026-07-23 02:50:00+00:00,15.774305555555555,7,0.4437596302003082,57.14285714285714,25.04542304090258,84.17830777373732,-0.4112950575539638,0.20102674649267666,6.466929698668358,100.0,94.81673955747085,-5.183260442529151,-0.32858881960123165,none,0,"{""sized_down"": 1}","{""AUDUSD=X"": -4.16289, ""EURUSD=X"": 0.316564, ""GBPUSD=X"": -1.629189, ""NZDUSD=X"": 0.292254}"
pullback,5m,6,15,0.005,3,1.0,0.6,0.5,0.25,0.8,1,1.0,-161.75444785382265,2026-05-18 23:00:00+00:00,2026-07-07 08:15:00+00:00,49.385416666666664,53,1.0731913098502426,39.62264150943396,27.589211919038938,53.05876421111926,-0.5731378295155769,0.1972103713566182,30.27531012398914,100.0,69.72468987601086,-30.275310123989115,-0.613041504303513,max_drawdown 30.28%,0,"{""daily_loss"": 251, ""gross_leverage"": 13, ""max_drawdown"": 27144, ""max_positions"": 12, ""sized_down"": 53}","{""AUDUSD=X"": -7.624792, ""EURUSD=X"": -7.222616, ""GBPUSD=X"": -7.296063, ""NZDUSD=X"": -8.13184}",2026-07-07 08:15:00+00:00,2026-07-23 02:50:00+00:00,15.774305555555555,35,2.2187981510015407,48.57142857142857,32.993980391252734,64.43146037328837,-0.3662802896180707,0.3199796167624555,15.5929150693818,100.0,85.21322417906492,-14.786775820935086,-0.9373963100218589,none,0,"{""gross_leverage"": 4, ""max_positions"": 6, ""sized_down"": 33}","{""AUDUSD=X"": -5.952382, ""EURUSD=X"": -3.470929, ""GBPUSD=X"": -4.29809, ""NZDUSD=X"": -1.065375}"
pullback,5m,6,15,0.005,3,1.0,0.6,0.5,0.25,1.2,1,1.0,-166.2229460655388,2026-05-18 23:00:00+00:00,2026-07-07 08:15:00+00:00,49.385416666666664,64,1.2959291288757646,37.5,26.665803888105323,49.74984668617358,-0.6230568069931783,0.30905732101744615,30.12776536255814,100.0,70.63000435062823,-29.36999564937175,-0.5947098887027396,max_drawdown 30.13%,0,"{""daily_loss"": 439, ""gross_leverage"": 22, ""max_drawdown"": 30364, ""max_positions"": 10, ""sized_down"": 76}","{""AUDUSD=X"": -11.606475, ""EURUSD=X"": -8.064604, ""GBPUSD=X"": -8.064346, ""NZDUSD=X"": -1.634571}",2026-07-07 08:15:00+00:00,2026-07-23 02:50:00+00:00,15.774305555555555,74,4.691173233546115,39.189189189189186,28.86474844994506,50.58068946500016,-0.5239325070209551,0.3481020545030254,26.148881993144435,100.0,74.48241195082893,-25.51758804917109,-1.617667919471995,none,0,"{""gross_leverage"": 13, ""max_positions"": 12, ""sized_down"": 80}","{""AUDUSD=X"": -7.198443, ""EURUSD=X"": -7.040073, ""GBPUSD=X"": -3.745056, ""NZDUSD=X"": -7.534017}"
pullback,5m,6,25,0.005,3,1.0,0.6,0.5,0.1,0.5,1,0.5,-1000000000.0,2026-05-18 23:00:00+00:00,2026-07-07 08:15:00+00:00,49.385416666666664,6,0.12149335583210294,100.0,60.96569663469354,99.99999999999999,0.23077929572915493,inf,0.0,100.0,102.23196934921367,2.2319693492136574,0.04519490772506035,none,0,"{""sized_down"": 1}","{""AUDUSD=X"": 0.48717, ""GBPUSD=X"": 1.15429, ""NZDUSD=X"": 0.590509}",2026-07-07 08:15:00+00:00,2026-07-23 02:50:00+00:00,15.774305555555555,0,0.0,0.0,0.0,0.0,0.0,0.0,0.0,100.0,100.0,0.0,0.0,none,0,{},{}
pullback,5m,6,25,0.005,3,1.0,0.6,0.5,0.1,0.8,1,0.5,-1000000000.0,2026-05-18 23:00:00+00:00,2026-07-07 08:15:00+00:00,49.385416666666664,37,0.7492090276313015,51.35135135135135,35.894637225980915,66.55384667278896,-0.4334880136573618,0.35144366792453235,14.1971857786168,100.0,85.8028142213832,-14.197185778616777,-0.2874772906026599,none,0,"{""sized_down"": 33}","{""AUDUSD=X"": -3.423491, ""EURUSD=X"": -7.05478, ""GBPUSD=X"": 1.239442, ""NZDUSD=X"": -4.958357}",2026-07-07 08:15:00+00:00,2026-07-23 02:50:00+00:00,15.774305555555555,6,0.3803653973145499,50.0,18.761280689940868,81.23871931005912,-0.23461761054556537,0.47641151282387056,1.5905361339398134,100.0,98.88836713773858,-1.1116328622614267,-0.07047111255366297,none,0,"{""sized_down"": 6}","{""EURUSD=X"": -0.92625, ""NZDUSD=X"": -0.185383}"
pullback,5m,6,25,0.005,3,1.0,0.6,0.5,0.1,1.2,1,0.5,-1000000000.0,2026-05-18 23:00:00+00:00,2026-07-07 08:15:00+00:00,49.385416666666664,63,1.275680236237081,44.44444444444444,32.84690053363267,56.680579359128714,-0.5017408870165301,0.4158492719079528,22.044418230482513,100.0,78.65670637045568,-21.34329362954427,-0.4321780612605463,none,0,"{""gross_leverage"": 5, ""sized_down"": 62}","{""AUDUSD=X"": -8.622225, ""EURUSD=X"": -9.325306, ""GBPUSD=X"": -3.683865, ""NZDUSD=X"": 0.288102}",2026-07-07 08:15:00+00:00,2026-07-23 02:50:00+00:00,15.774305555555555,13,0.824125027514858,46.15384615384615,23.205754301488142,70.85656756816796,-0.41016275299087496,0.4038969373173187,3.9796538422381795,100.0,96.52140772598091,-3.478592274019113,-0.22052268873376724,none,0,"{""gross_leverage"": 1, ""sized_down"": 14}","{""AUDUSD=X"": 0.786012, ""EURUSD=X"": -1.494245, ""GBPUSD=X"": -2.584976, ""NZDUSD=X"": -0.185383}"
pullback,5m,6,25,0.005,3,1.0,0.6,0.5,0.25,0.5,1,0.5,-1000000000.0,2026-05-18 23:00:00+00:00,2026-07-07 08:15:00+00:00,49.385416666666664,9,0.1822400337481544,88.88888888888889,56.49937852319399,98.01096286728695,0.05715323149069799,1.4193996064800678,2.1416819716802116,100.0,100.91141789708843,0.9114178970884252,0.018455203147118505,none,0,"{""sized_down"": 2}","{""AUDUSD=X"": -1.605923, ""EURUSD=X"": 0.217378, ""GBPUSD=X"": 1.353654, ""NZDUSD=X"": 0.946309}",2026-07-07 08:15:00+00:00,2026-07-23 02:50:00+00:00,15.774305555555555,0,0.0,0.0,0.0,0.0,0.0,0.0,0.0,100.0,100.0,0.0,0.0,none,0,{},{}
pullback,5m,6,25,0.005,3,1.0,0.6,0.5,0.25,0.8,1,0.5,-1000000000.0,2026-05-18 23:00:00+00:00,2026-07-07 08:15:00+00:00,49.385416666666664,48,0.9719468466568235,52.083333333333336,38.328995635984384,65.52890998421255,-0.42654472417703704,0.3412502161975672,19.628494494594165,100.0,80.64635626316382,-19.35364373683614,-0.3918898541945306,none,0,"{""sized_down"": 40}","{""AUDUSD=X"": -5.305042, ""EURUSD=X"": -7.361545, ""GBPUSD=X"": -0.844412, ""NZDUSD=X"": -5.842644}",2026-07-07 08:15:00+00:00,2026-07-23 02:50:00+00:00,15.774305555555555,8,0.5071538630860665,50.0,21.521252682444185,78.47874731755581,-0.29906740837458257,0.41856658513760475,2.3786344756314977,100.0,97.89190163254756,-2.1080983674524436,-0.1336412788523671,none,0,"{""sized_down"": 8}","{""AUDUSD=X"": 0.277128, ""EURUSD=X"": -0.798225, ""GBPUSD=X"": -1.401619, ""NZDUSD=X"": -0.185383}"
pullback,5m,6,25,0.005,3,1.0,0.6,0.5,0.25,1.2,1,0.5,-152.18583621225525,2026-05-18 23:00:00+00:00,2026-07-07 08:15:00+00:00,49.385416666666664,70,1.4174224847078676,45.714285714285715,34.5725523240816,57.30194660335225,-0.45221477444568947,0.4264586613529341,24.617797590692476,100.0,76.16685224039233,-23.833147759607698,-0.48259485022618415,none,0,"{""gross_leverage"": 6, ""sized_down"": 69}","{""AUDUSD=X"": -8.542679, ""EURUSD=X"": -9.612473, ""GBPUSD=X"": -4.526418, ""NZDUSD=X"": -1.151578}",2026-07-07 08:15:00+00:00,2026-07-23 02:50:00+00:00,15.774305555555555,16,1.014307726172133,43.75,23.09836333518552,66.82180439322347,-0.500317754099437,0.3321484872871429,6.274393589749105,100.0,94.34946516224251,-5.650534837757472,-0.35821132143388773,none,0,"{""gross_leverage"": 1, ""sized_down"": 17}","{""AUDUSD=X"": -0.154758, ""EURUSD=X"": -1.728338, ""GBPUSD=X"": -3.895713, ""NZDUSD=X"": 0.128274}"
pullback,5m,6,25,0.005,3,1.0,0.6,0.5,0.1,0.5,1,1.0,-1000000000.0,2026-05-18 23:00:00+00:00,2026-07-07 08:15:00+00:00,49.385416666666664,18,0.3644800674963088,66.66666666666666,43.74906934425036,83.72144563633714,-0.20053680490676332,0.4305978121895837,8.251955580558711,100.0,94.41764638594239,-5.582353614057623,-0.11303647900222144,none,0,"{""sized_down"": 6}","{""AUDUSD=X"": -0.855668, ""EURUSD=X"": -0.68921, ""GBPUSD=X"": 1.825859, ""NZDUSD=X"": -5.863335}",2026-07-07 08:15:00+00:00,2026-07-23 02:50:00+00:00,15.774305555555555,5,0.31697116442879153,60.0,23.07199322088371,88.23817688407468,-0.38065000299805785,0.1871465642858979,4.1985101144651225,100.0,96.58722662857662,-3.4127733714233814,-0.21635014989432838,none,0,"{""sized_down"": 1}","{""AUDUSD=X"": -3.893984, ""GBPUSD=X"": 0.25046, ""NZDUSD=X"": 0.23075}"
pullback,5m,6,25,0.005,3,1.0,0.6,0.5,0.1,0.8,1,1.0,-155.1220808483224,2026-05-18 23:00:00+00:00,2026-07-07 08:15:00+00:00,49.385416666666664,63,1.275680236237081,44.44444444444444,32.84690053363267,56.680579359128714,-0.5131005892844215,0.2604579517418788,30.11154374498985,100.0,70.63674738032503,-29.363252619674938,-0.5945733498183493,max_drawdown 30.11%,0,"{""gross_leverage"": 12, ""max_drawdown"": 11168, ""sized_down"": 63}","{""AUDUSD=X"": -5.751015, ""EURUSD=X"": -8.973181, ""GBPUSD=X"": -3.592697, ""NZDUSD=X"": -11.04636}",2026-07-07 08:15:00+00:00,2026-07-23 02:50:00+00:00,15.774305555555555,21,1.3312788906009245,52.38095238095239,32.369217900266754,71.65628770323706,-0.3050489935340883,0.3808058566814285,7.530432154109647,100.0,92.76316038676777,-7.236839613232218,-0.45877389579812433,none,0,"{""gross_leverage"": 2, ""sized_down"": 18}","{""AUDUSD=X"": -3.41108, ""EURUSD=X"": -4.25519, ""GBPUSD=X"": 0.292779, ""NZDUSD=X"": 0.136651}"
pullback,5m,6,25,0.005,3,1.0,0.6,0.5,0.1,1.2,1,1.0,-178.46162053697864,2026-05-18 23:00:00+00:00,2026-07-07 08:15:00+00:00,49.385416666666664,60,1.2149335583210294,31.666666666666664,21.305705841174333,44.234004943016544,-0.7416040275222648,0.28745124910415326,30.016189589417586,100.0,70.68877564310712,-29.311224356892847,-0.5935198351110975,max_drawdown 30.02%,0,"{""gross_leverage"": 16, ""max_drawdown"": 26952, ""max_positions"": 12, ""sized_down"": 71}","{""AUDUSD=X"": -12.417611, ""EURUSD=X"": -9.791359, ""GBPUSD=X"": -6.69897, ""NZDUSD=X"": -0.403284}",2026-07-07 08:15:00+00:00,2026-07-23 02:50:00+00:00,15.774305555555555,48,3.042923178516399,43.75,30.70105464041092,57.72522849899835,-0.49938175927366474,0.3820095273905031,17.315023357015704,100.0,83.76947186555343,-16.230528134446566,-1.028921880413958,daily_loss 8.37%,0,"{""daily_loss"": 179, ""gross_leverage"": 4, ""max_positions"": 6, ""sized_down"": 47}","{""AUDUSD=X"": -4.580288, ""EURUSD=X"": -6.293729, ""GBPUSD=X"": -2.635193, ""NZDUSD=X"": -2.721318}"
pullback,5m,6,25,0.005,3,1.0,0.6,0.5,0.25,0.5,1,1.0,-1000000000.0,2026-05-18 23:00:00+00:00,2026-07-07 08:15:00+00:00,49.385416666666664,26,0.5264712086057795,57.692307692307686,38.94829692111983,74.4558100972706,-0.27270263918742743,0.33341926107408026,12.382483099333614,100.0,89.78139627354466,-10.218603726455303,-0.20691540977424785,none,0,"{""sized_down"": 10}","{""AUDUSD=X"": -5.310674, ""EURUSD=X"": -2.164686, ""GBPUSD=X"": 1.903336, ""NZDUSD=X"": -4.64658}",2026-07-07 08:15:00+00:00,2026-07-23 02:50:00+00:00,15.774305555555555,6,0.3803653973145499,50.0,18.761280689940868,81.23871931005912,-0.5160696489717501,0.15222994488531066,6.4874016993381645,100.0,94.50017510380096,-5.499824896199043,-0.34865718030053366,none,0,"{""sized_down"": 1}","{""AUDUSD=X"": -4.16289, ""GBPUSD=X"": -1.629189, ""NZDUSD=X"": 0.292254}"
pullback,5m,6,25,0.005,3,1.0,0.6,0.5,0.25,0.8,1,1.0,-152.1433871825588,2026-05-18 23:00:00+00:00,2026-07-07 08:15:00+00:00,49.385416666666664,65,1.3161780215144485,44.61538461538462,33.169333969139295,56.66239568269913,-0.480447747305024,0.23599528856966004,30.827139315604285,100.0,69.17286068439572,-30.82713931560423,-0.6242154343594192,max_drawdown 30.83%,0,"{""gross_leverage"": 12, ""max_drawdown"": 20032, ""max_positions"": 10, ""sized_down"": 64}","{""AUDUSD=X"": -9.12638, ""EURUSD=X"": -8.308837, ""GBPUSD=X"": -4.727052, ""NZDUSD=X"": -8.664871}",2026-07-07 08:15:00+00:00,2026-07-23 02:50:00+00:00,15.774305555555555,25,1.5848558221439577,52.0,33.498217953147304,69.96899607103998,-0.2783861849374809,0.3998731285454621,9.093493831326867,100.0,91.5167212399426,-8.483278760057399,-0.5377909493498857,none,0,"{""gross_leverage"": 3, ""sized_down"": 23}","{""AUDUSD=X"": -3.589793, ""EURUSD=X"": -4.22443, ""GBPUSD=X"": -0.75586, ""NZDUSD=X"": 0.086804}"
pullback,5m,6,25,0.005,3,1.0,0.6,0.5,0.25,1.2,1,1.0,-175.5974243299479,2026-05-18 23:00:00+00:00,2026-07-07 08:15:00+00:00,49.385416666666664,59,1.1946846656823455,32.20338983050847,21.687410829652446,44.89523506096778,-0.71143908162436,0.27705776896505335,30.512708814859746,100.0,70.01988258225478,-29.980117417745177,-0.607064178887057,max_drawdown 30.51%,0,"{""daily_loss"": 251, ""gross_leverage"": 16, ""max_drawdown"": 28480, ""max_positions"": 4, ""sized_down"": 65}","{""AUDUSD=X"": -11.841463, ""EURUSD=X"": -10.989265, ""GBPUSD=X"": -5.666551, ""NZDUSD=X"": -1.482839}",2026-07-07 08:15:00+00:00,2026-07-23 02:50:00+00:00,15.774305555555555,54,3.4232885758309486,40.74074074074074,28.67801518924045,54.03338975114846,-0.5093923953701375,0.33592273135318174,20.9922013870289,100.0,79.79853336555826,-20.201466634441733,-1.2806564804576754,daily_loss 8.41%,0,"{""daily_loss"": 183, ""gross_leverage"": 5, ""max_positions"": 12, ""sized_down"": 53}","{""AUDUSD=X"": -6.416721, ""EURUSD=X"": -6.406286, ""GBPUSD=X"": -2.943625, ""NZDUSD=X"": -4.434834}"
pullback,5m,6,15,0.005,3,1.0,0.6,0.5,0.1,0.5,2,0.5,-1000000000.0,2026-05-18 23:00:00+00:00,2026-07-07 08:15:00+00:00,49.385416666666664,7,0.14174224847078676,71.42857142857143,35.892909014821264,91.77828342909844,-0.21093076415181183,0.492242589632255,3.429522826370372,100.0,98.23986803923314,-1.760131960766862,-0.035640723103484234,none,0,"{""sized_down"": 1}","{""AUDUSD=X"": -1.616082, ""EURUSD=X"": 0.269875, ""GBPUSD=X"": -1.004433, ""NZDUSD=X"": 0.590509}",2026-07-07 08:15:00+00:00,2026-07-23 02:50:00+00:00,15.774305555555555,1,0.06339423288575831,100.0,20.654329147389294,100.0,0.19880953921232436,inf,0.0,100.0,100.27173069136498,0.27173069136498557,0.01722615873060001,none,0,{},"{""EURUSD=X"": 0.271731}"
pullback,5m,6,15,0.005,3,1.0,0.6,0.5,0.1,0.8,2,0.5,-1000000000.0,2026-05-18 23:00:00+00:00,2026-07-07 08:15:00+00:00,49.385416666666664,47,0.9516979540181397,48.93617021276596,35.27532433660351,62.757782410627115,-0.492706808455609,0.2769629013220675,21.026399370942144,100.0,78.97360062905786,-21.02639937094215,-0.42576130344029667,none,0,"{""gross_leverage"": 3, ""sized_down"": 44}","{""AUDUSD=X"": -8.269863, ""EURUSD=X"": -5.047207, ""GBPUSD=X"": -5.84831, ""NZDUSD=X"": -1.861019}",2026-07-07 08:15:00+00:00,2026-07-23 02:50:00+00:00,15.774305555555555,10,0.6339423288575831,50.0,23.65895936154873,76.34104063845126,-0.3223245438616641,0.3494792459939384,4.416814740183743,100.0,96.23484024865301,-3.765159751346996,-0.23868941412897532,none,0,"{""sized_down"": 9}","{""EURUSD=X"": 0.864282, ""GBPUSD=X"": -2.948944, ""NZDUSD=X"": -1.680497}"
pullback,5m,6,15,0.005,3,1.0,0.6,0.5,0.1,1.2,2,0.5,-157.09817279101853,2026-05-18 23:00:00+00:00,2026-07-07 08:15:00+00:00,49.385416666666664,86,1.7414047669268087,43.02325581395349,33.07917119906583,53.56398742678232,-0.5361506128604265,0.34541234132835025,30.13000172442739,100.0,70.26006969230383,-29.73993030769617,-0.602200655882479,max_drawdown 30.13%,0,"{""gross_leverage"": 6, ""max_drawdown"": 4200, ""max_positions"": 22, ""sized_down"": 87}","{""AUDUSD=X"": -12.401097, ""EURUSD=X"": -7.779766, ""GBPUSD=X"": -8.83497, ""NZDUSD=X"": -0.724098}",2026-07-07 08:15:00+00:00,2026-07-23 02:50:00+00:00,15.774305555555555,18,1.1410961919436495,44.44444444444444,24.559231101389127,66.28393057174837,-0.47652337684487545,0.4108395723482693,7.54515023614206,100.0,94.07309765866742,-5.926902341332594,-0.3757314273175847,none,0,"{""gross_leverage"": 3, ""sized_down"": 20}","{""AUDUSD=X"": -0.041791, ""EURUSD=X"": -0.992244, ""GBPUSD=X"": -4.112693, ""NZDUSD=X"": -0.780175}"
pullback,5m,6,15,0.005,3,1.0,0.6,0.5,0.25,0.5,2,0.5,-1000000000.0,2026-05-18 23:00:00+00:00,2026-07-07 08:15:00+00:00,49.385416666666664,12,0.24298671166420588,58.333333333333336,31.95073356553728,80.67425380947535,-0.3617820010885732,0.2644807490473581,7.546512072256589,100.0,93.19874956011783,-6.801250439882168,-0.13771778996597514,none,0,"{""sized_down"": 2}","{""AUDUSD=X"": -6.004529, ""EURUSD=X"": 0.533225, ""GBPUSD=X"": -1.027472, ""NZDUSD=X"": -0.302475}",2026-07-07 08:15:00+00:00,2026-07-23 02:50:00+00:00,15.774305555555555,1,0.06339423288575831,100.0,20.654329147389294,100.0,0.21735249095275444,inf,0.0,100.0,100.3165644536699,0.31656445366989333,0.020068360699302065,none,0,{},"{""EURUSD=X"": 0.316564}"
pullback,5m,6,15,0.005,3,1.0,0.6,0.5,0.25,0.8,2,0.5,-1000000000.0,2026-05-18 23:00:00+00:00,2026-07-07 08:15:00+00:00,49.385416666666664,60,1.2149335583210294,51.66666666666667,39.30759485084357,63.82515871422999,-0.43000650658639733,0.3002145845463692,26.0370522200976,100.0,74.18756698983177,-25.812433010168263,-0.5226731847661155,none,0,"{""gross_leverage"": 4, ""sized_down"": 53}","{""AUDUSD=X"": -9.625844, ""EURUSD=X"": -5.111595, ""GBPUSD=X"": -8.329478, ""NZDUSD=X"": -2.745516}",2026-07-07 08:15:00+00:00,2026-07-23 02:50:00+00:00,15.774305555555555,11,0.6973365617433415,54.54545454545454,28.008775568998818,78.72904245601195,-0.2361348966435017,0.4376625068377817,4.344991953604956,100.0,96.64085666350034,-3.359143336499672,-0.2129503149707034,none,0,"{""gross_leverage"": 1, ""sized_down"": 11}","{""AUDUSD=X"": 0.277128, ""EURUSD=X"": 1.088739, ""GBPUSD=X"": -3.018626, ""NZDUSD=X"": -1.706385}"
pullback,5m,6,15,0.005,3,1.0,0.6,0.5,0.25,1.2,2,0.5,-164.80303336585436,2026-05-18 23:00:00+00:00,2026-07-07 08:15:00+00:00,49.385416666666664,92,1.8628981227589116,45.65217391304348,35.852497382933834,55.80039655873659,-0.4228344542761726,0.39584380350507464,30.31131070327203,100.0,70.17426311475813,-29.82573688524187,-0.6039381440588947,max_drawdown 30.31%,0,"{""gross_leverage"": 10, ""max_drawdown"": 1180, ""max_positions"": 20, ""sized_down"": 91}","{""AUDUSD=X"": -11.338752, ""EURUSD=X"": -10.161544, ""GBPUSD=X"": -7.984398, ""NZDUSD=X"": -0.341044}",2026-07-07 08:15:00+00:00,2026-07-23 02:50:00+00:00,15.774305555555555,22,1.394673123486683,36.36363636363637,19.732972772607898,57.04865065628195,-0.6065646302749895,0.28077491015155887,11.04001306366755,100.0,89.77143339633861,-10.228566603661381,-0.6484321333599995,none,0,"{""gross_leverage"": 3, ""sized_down"": 24}","{""AUDUSD=X"": -0.897396, ""EURUSD=X"": -0.913876, ""GBPUSD=X"": -6.394449, ""NZDUSD=X"": -2.022846}"
pullback,5m,6,15,0.005,3,1.0,0.6,0.5,0.1,0.5,2,1.0,-1000000000.0,2026-05-18 23:00:00+00:00,2026-07-07 08:15:00+00:00,49.385416666666664,24,0.48597342332841176,45.83333333333333,27.89105835168143,64.92544644689336,-0.4185452781163846,0.1960727408824444,14.807732823838855,100.0,86.04808084096297,-13.951919159037008,-0.28251091315493626,none,0,"{""gross_leverage"": 3, ""max_positions"": 4, ""sized_down"": 14}","{""AUDUSD=X"": -3.68833, ""EURUSD=X"": -0.135459, ""GBPUSD=X"": -2.187896, ""NZDUSD=X"": -7.940234}",2026-07-07 08:15:00+00:00,2026-07-23 02:50:00+00:00,15.774305555555555,6,0.3803653973145499,50.0,18.761280689940868,81.23871931005912,-0.534445796714453,0.13000862212432832,5.415602271820982,100.0,94.8414125660492,-5.158587433950781,-0.3270246931494222,none,0,"{""sized_down"": 2}","{""AUDUSD=X"": -4.19851, ""EURUSD=X"": 0.271731, ""GBPUSD=X"": 0.268401, ""NZDUSD=X"": -1.500209}"
pullback,5m,6,15,0.005,3,1.0,0.6,0.5,0.1,0.8,2,1.0,-168.17555330391318,2026-05-18 23:00:00+00:00,2026-07-07 08:15:00+00:00,49.385416666666664,54,1.0934402024889265,33.33333333333333,22.241243520150356,46.6392853725497,-0.6318944852740404,0.18056206221244592,30.878391138445476,100.0,69.86168940203548,-30.138310597964512,-0.6102674156094903,max_drawdown 30.88%,0,"{""daily_loss"": 251, ""gross_leverage"": 10, ""max_drawdown"": 23648, ""max_positions"": 26, ""sized_down"": 54}","{""AUDUSD=X"": -7.437845, ""EURUSD=X"": -9.204851, ""GBPUSD=X"": -6.796355, ""NZDUSD=X"": -6.699259}",2026-07-07 08:15:00+00:00,2026-07-23 02:50:00+00:00,15.774305555555555,31,1.9652212194585077,48.38709677419355,31.96998603127883,65.15988171302683,-0.4247485265479049,0.257979132962375,16.01906887276742,100.0,84.55348573071706,-15.44651426928296,-0.9792199228601127,none,0,"{""gross_leverage"": 2, ""max_positions"": 6, ""sized_down"": 26}","{""AUDUSD=X"": -6.706993, ""EURUSD=X"": -1.540719, ""GBPUSD=X"": -2.793726, ""NZDUSD=X"": -4.405076}"
pullback,5m,6,15,0.005,3,1.0,0.6,0.5,0.1,1.2,2,1.0,-174.66795902386554,2026-05-18 23:00:00+00:00,2026-07-07 08:15:00+00:00,49.385416666666664,63,1.275680236237081,33.33333333333333,22.949449812708316,45.632989865575865,-0.7033184888292164,0.26933912269345,30.163297826053537,100.0,69.83670217394646,-30.163297826053537,-0.6107733793084033,max_drawdown 30.16%,0,"{""daily_loss"": 251, ""gross_leverage"": 14, ""max_drawdown"": 30268, ""max_positions"": 26, ""sized_down"": 71}","{""AUDUSD=X"": -11.816125, ""EURUSD=X"": -8.047341, ""GBPUSD=X"": -8.58286, ""NZDUSD=X"": -1.716972}",2026-07-07 08:15:00+00:00,2026-07-23 02:50:00+00:00,15.774305555555555,53,3.3598943429451906,37.735849056603776,25.936076571733825,51.19334976390768,-0.5937847824061669,0.2829011151750987,24.450033634254183,100.0,76.65890501397165,-23.341094986028356,-1.4796908113528873,daily_loss 9.21%,0,"{""daily_loss"": 171, ""gross_leverage"": 7, ""max_positions"": 6, ""sized_down"": 53}","{""AUDUSD=X"": -10.570638, ""EURUSD=X"": -6.243675, ""GBPUSD=X"": -2.999849, ""NZDUSD=X"": -3.526933}"
pullback,5m,6,15,0.005,3,1.0,0.6,0.5,0.25,0.5,2,1.0,-1000000000.0,2026-05-18 23:00:00+00:00,2026-07-07 08:15:00+00:00,49.385416666666664,39,0.7897068129086691,38.46153846153847,24.891162547007063,54.10121868992154,-0.49925793122900985,0.14851757962568915,25.53941966537962,100.0,75.57659975937361,-24.423400240626346,-0.49454680934404754,none,0,"{""gross_leverage"": 3, ""max_positions"": 10, ""sized_down"": 13}","{""AUDUSD=X"": -9.009224, ""EURUSD=X"": -3.906122, ""GBPUSD=X"": -3.890458, ""NZDUSD=X"": -7.617596}",2026-07-07 08:15:00+00:00,2026-07-23 02:50:00+00:00,15.774305555555555,8,0.5071538630860665,50.0,21.521252682444185,78.47874731755581,-0.5249811755760578,0.14761435448942856,7.395947257921888,100.0,92.89720425571726,-7.102795744282763,-0.4502762875530345,none,0,"{""sized_down"": 2}","{""AUDUSD=X"": -4.517033, ""EURUSD=X"": 0.316564, ""GBPUSD=X"": -1.34914, ""NZDUSD=X"": -1.553187}"
pullback,5m,6,15,0.005,3,1.0,0.6,0.5,0.25,0.8,2,1.0,-162.86423988001116,2026-05-18 23:00:00+00:00,2026-07-07 08:15:00+00:00,49.385416666666664,55,1.1136890951276102,36.36363636363637,24.93034934294084,49.577481851316286,-0.58215953447534,0.1890138324836253,30.314363109385013,100.0,69.68563689061499,-30.314363109384985,-0.6138322840120141,max_drawdown 30.31%,0,"{""daily_loss"": 251, ""gross_leverage"": 11, ""max_drawdown"": 26756, ""max_positions"": 24, ""sized_down"": 53}","{""AUDUSD=X"": -6.506889, ""EURUSD=X"": -8.497276, ""GBPUSD=X"": -7.89057, ""NZDUSD=X"": -7.419627}",2026-07-07 08:15:00+00:00,2026-07-23 02:50:00+00:00,15.774305555555555,35,2.2187981510015407,48.57142857142857,32.993980391252734,64.43146037328837,-0.41514380552593516,0.2903668608576987,18.108679552615218,100.0,82.7395943353871,-17.260405664612907,-1.0942101764051326,none,0,"{""gross_leverage"": 3, ""max_positions"": 6, ""sized_down"": 27}","{""AUDUSD=X"": -7.949564, ""EURUSD=X"": -1.294674, ""GBPUSD=X"": -3.990324, ""NZDUSD=X"": -4.025844}"
pullback,5m,6,15,0.005,3,1.0,0.6,0.5,0.25,1.2,2,1.0,-165.98583396242302,2026-05-18 23:00:00+00:00,2026-07-07 08:15:00+00:00,49.385416666666664,61,1.2351824509597131,36.0655737704918,25.173936505814552,48.60832673260029,-0.5934353209519391,0.28286259844834644,30.101744631189202,100.0,69.8982553688108,-30.101744631189153,-0.6095269952740263,max_drawdown 30.10%,0,"{""daily_loss"": 439, ""gross_leverage"": 15, ""max_drawdown"": 30364, ""max_positions"": 28, ""sized_down"": 65}","{""AUDUSD=X"": -11.69986, ""EURUSD=X"": -8.954448, ""GBPUSD=X"": -7.28195, ""NZDUSD=X"": -2.165486}",2026-07-07 08:15:00+00:00,2026-07-23 02:50:00+00:00,15.774305555555555,57,3.613471274488224,35.08771929824561,24.000246078174026,48.05834541185911,-0.6174416989254423,0.26882175107245687,26.606283737181098,100.0,73.90451058677547,-26.095489413224563,-1.6543035331297984,daily_loss 8.63%,0,"{""daily_loss"": 423, ""gross_leverage"": 9, ""max_positions"": 6, ""sized_down"": 57}","{""AUDUSD=X"": -8.569562, ""EURUSD=X"": -5.686184, ""GBPUSD=X"": -6.303484, ""NZDUSD=X"": -5.53626}"
pullback,5m,6,25,0.005,3,1.0,0.6,0.5,0.1,0.5,2,0.5,-1000000000.0,2026-05-18 23:00:00+00:00,2026-07-07 08:15:00+00:00,49.385416666666664,5,0.10124446319341912,80.0,37.55282641185388,96.37768390302125,-0.09275509602593339,0.6829780906286081,2.0808280299058435,100.0,99.33322282058805,-0.6667771794119643,-0.013501499519837288,none,0,"{""sized_down"": 2}","{""AUDUSD=X"": -1.616082, ""GBPUSD=X"": 0.358796, ""NZDUSD=X"": 0.590509}",2026-07-07 08:15:00+00:00,2026-07-23 02:50:00+00:00,15.774305555555555,0,0.0,0.0,0.0,0.0,0.0,0.0,0.0,100.0,100.0,0.0,0.0,none,0,{},{}
pullback,5m,6,25,0.005,3,1.0,0.6,0.5,0.1,0.8,2,0.5,-1000000000.0,2026-05-18 23:00:00+00:00,2026-07-07 08:15:00+00:00,49.385416666666664,33,0.6682134570765662,45.45454545454545,29.842689125891496,62.014342056250435,-0.5239447586758025,0.24802158299988408,17.03101148741581,100.0,82.96898851258419,-17.0310114874158,-0.3448591231368734,none,0,"{""gross_leverage"": 1, ""sized_down"": 31}","{""AUDUSD=X"": -5.553439, ""EURUSD=X"": -7.088203, ""GBPUSD=X"": -0.583321, ""NZDUSD=X"": -3.806049}",2026-07-07 08:15:00+00:00,2026-07-23 02:50:00+00:00,15.774305555555555,7,0.4437596302003082,42.857142857142854,15.821692226262684,74.95457695909742,-0.3919021180227498,0.2248507322008637,2.951812548126611,100.0,97.04818745187339,-2.9518125481266217,-0.18712789211104272,none,0,"{""sized_down"": 7}","{""EURUSD=X"": 0.182514, ""GBPUSD=X"": -2.948944, ""NZDUSD=X"": -0.185383}"
pullback,5m,6,25,0.005,3,1.0,0.6,0.5,0.1,1.2,2,0.5,-1000000000.0,2026-05-18 23:00:00+00:00,2026-07-07 08:15:00+00:00,49.385416666666664,65,1.3161780215144485,46.15384615384615,34.59013714993668,58.146812601376475,-0.46985260014560204,0.38589602646246374,22.271349649741268,100.0,78.42850803460331,-21.57149196539667,-0.4367988248635479,none,0,"{""gross_leverage"": 6, ""max_positions"": 11, ""sized_down"": 68}","{""AUDUSD=X"": -7.670694, ""EURUSD=X"": -9.197282, ""GBPUSD=X"": -5.223395, ""NZDUSD=X"": 0.519879}",2026-07-07 08:15:00+00:00,2026-07-23 02:50:00+00:00,15.774305555555555,13,0.824125027514858,38.46153846153847,17.70944658123682,64.47751902773146,-0.5343678392791998,0.22910293888987104,5.884377183145591,100.0,94.60674499511701,-5.393255004883008,-0.34190126379183494,none,0,"{""gross_leverage"": 1, ""sized_down"": 14}","{""AUDUSD=X"": -1.046284, ""EURUSD=X"": -1.24972, ""GBPUSD=X"": -2.948944, ""NZDUSD=X"": -0.148306}"
pullback,5m,6,25,0.005,3,1.0,0.6,0.5,0.25,0.5,2,0.5,-1000000000.0,2026-05-18 23:00:00+00:00,2026-07-07 08:15:00+00:00,49.385416666666664,10,0.20248892638683824,60.0,31.266954745018637,83.18224187964903,-0.33639476417700476,0.2733986825691027,6.089626322644079,100.0,94.33978763154583,-5.6602123684541725,-0.11461303256097882,none,0,"{""sized_down"": 2}","{""AUDUSD=X"": -6.004529, ""EURUSD=X"": 0.217378, ""GBPUSD=X"": 0.429414, ""NZDUSD=X"": -0.302475}",2026-07-07 08:15:00+00:00,2026-07-23 02:50:00+00:00,15.774305555555555,0,0.0,0.0,0.0,0.0,0.0,0.0,0.0,100.0,100.0,0.0,0.0,none,0,{},{}
pullback,5m,6,25,0.005,3,1.0,0.6,0.5,0.25,0.8,2,0.5,-1000000000.0,2026-05-18 23:00:00+00:00,2026-07-07 08:15:00+00:00,49.385416666666664,45,0.911200168740772,48.888888888888886,34.95678935302451,62.99577567351026,-0.4628987316962951,0.27900193578017185,21.345140134412343,100.0,79.09974610584355,-20.90025389415646,-0.4232069972240077,none,0,"{""gross_leverage"": 2, ""sized_down"": 41}","{""AUDUSD=X"": -6.18393, ""EURUSD=X"": -7.446684, ""GBPUSD=X"": -2.900869, ""NZDUSD=X"": -4.368771}",2026-07-07 08:15:00+00:00,2026-07-23 02:50:00+00:00,15.774305555555555,8,0.5071538630860665,50.0,21.521252682444185,78.47874731755581,-0.27462532955542107,0.33166133226492367,3.0102831666482577,100.0,97.40835763437455,-2.5916423656254564,-0.16429517968305776,none,0,"{""sized_down"": 8}","{""AUDUSD=X"": 0.277128, ""EURUSD=X"": 0.335238, ""GBPUSD=X"": -3.018626, ""NZDUSD=X"": -0.185383}"
pullback,5m,6,25,0.005,3,1.0,0.6,0.5,0.25,1.2,2,0.5,-167.049875904495,2026-05-18 23:00:00+00:00,2026-07-07 08:15:00+00:00,49.385416666666664,66,1.3364269141531324,46.96969696969697,35.430230971911904,58.84252337506756,-0.4153898465852793,0.42316591245373714,22.692974002715225,100.0,78.19155586378834,-21.80844413621167,-0.44159684393088383,none,0,"{""gross_leverage"": 7, ""max_positions"": 13, ""sized_down"": 68}","{""AUDUSD=X"": -8.42261, ""EURUSD=X"": -9.612764, ""GBPUSD=X"": -4.901318, ""NZDUSD=X"": 1.128247}",2026-07-07 08:15:00+00:00,2026-07-23 02:50:00+00:00,15.774305555555555,17,1.0777019590578913,35.294117647058826,17.309486143904902,58.700033278788176,-0.6427067623594314,0.19353653118307226,8.64281284042842,100.0,91.35718715957158,-8.642812840428412,-0.5479044899941411,none,0,"{""gross_leverage"": 1, ""sized_down"": 18}","{""AUDUSD=X"": -2.172161, ""EURUSD=X"": -1.223007, ""GBPUSD=X"": -5.320603, ""NZDUSD=X"": 0.072958}"
pullback,5m,6,25,0.005,3,1.0,0.6,0.5,0.1,0.5,2,1.0,-1000000000.0,2026-05-18 23:00:00+00:00,2026-07-07 08:15:00+00:00,49.385416666666664,18,0.3644800674963088,44.44444444444444,24.559231101389127,66.28393057174837,-0.4528516900962477,0.1824064650497676,12.354655934084056,100.0,88.24298929299617,-11.757010707003811,-0.23806644755797637,none,0,"{""max_positions"": 4, ""sized_down"": 7}","{""AUDUSD=X"": -3.37794, ""EURUSD=X"": -0.405334, ""GBPUSD=X"": -0.824667, ""NZDUSD=X"": -7.149071}",2026-07-07 08:15:00+00:00,2026-07-23 02:50:00+00:00,15.774305555555555,5,0.31697116442879153,40.0,11.76182311592533,76.9280067791163,-0.6810968638998085,0.08418147242131756,5.430318125315779,100.0,94.56968187468422,-5.430318125315766,-0.3442508518800222,none,0,"{""sized_down"": 2}","{""AUDUSD=X"": -4.19851, ""GBPUSD=X"": 0.268401, ""NZDUSD=X"": -1.500209}"
pullback,5m,6,25,0.005,3,1.0,0.6,0.5,0.1,0.8,2,1.0,-169.88292854790055,2026-05-18 23:00:00+00:00,2026-07-07 08:15:00+00:00,49.385416666666664,48,0.9719468466568235,33.33333333333333,21.67660137089678,47.46015366752794,-0.6497147292445554,0.16519365007152714,30.199530269871268,100.0,70.54781878948245,-29.45218121051755,-0.5963740553068309,max_drawdown 30.20%,0,"{""gross_leverage"": 6, ""max_drawdown"": 22800, ""max_positions"": 30, ""sized_down"": 43}","{""AUDUSD=X"": -6.151861, ""EURUSD=X"": -9.77564, ""GBPUSD=X"": -4.415353, ""NZDUSD=X"": -9.109327}",2026-07-07 08:15:00+00:00,2026-07-23 02:50:00+00:00,15.774305555555555,21,1.3312788906009245,47.61904761904761,28.343712296762945,67.63078209973324,-0.43081715878220433,0.2360747748154556,11.523148937905546,100.0,88.62364733253317,-11.376352667466842,-0.7211951503919107,none,0,"{""gross_leverage"": 2, ""sized_down"": 17}","{""AUDUSD=X"": -5.897575, ""EURUSD=X"": -2.485903, ""GBPUSD=X"": -1.398566, ""NZDUSD=X"": -1.594308}"
pullback,5m,6,25,0.005,3,1.0,0.6,0.5,0.1,1.2,2,1.0,-179.5262122544512,2026-05-18 23:00:00+00:00,2026-07-07 08:15:00+00:00,49.385416666666664,60,1.2149335583210294,30.0,19.89801025272689,42.50894696639042,-0.7474833489162501,0.24243699142976471,30.68920941489266,100.0,69.31079058510734,-30.689209414892687,-0.6214225066082468,max_drawdown 30.69%,0,"{""gross_leverage"": 10, ""max_drawdown"": 26952, ""max_positions"": 24, ""sized_down"": 63}","{""AUDUSD=X"": -12.456821, ""EURUSD=X"": -9.507249, ""GBPUSD=X"": -6.741417, ""NZDUSD=X"": -1.983722}",2026-07-07 08:15:00+00:00,2026-07-23 02:50:00+00:00,15.774305555555555,35,2.2187981510015407,42.857142857142854,27.984333081678912,59.14287074102662,-0.5169881073164311,0.32408333207618933,15.223826212881391,100.0,85.19284276008788,-14.807157239912108,-0.9386883744430304,none,0,"{""gross_leverage"": 3, ""sized_down"": 32}","{""AUDUSD=X"": -7.942568, ""EURUSD=X"": -4.116019, ""GBPUSD=X"": -0.993203, ""NZDUSD=X"": -1.755368}"
pullback,5m,6,25,0.005,3,1.0,0.6,0.5,0.25,0.5,2,1.0,-1000000000.0,2026-05-18 23:00:00+00:00,2026-07-07 08:15:00+00:00,49.385416666666664,32,0.6479645644378823,37.5,22.933668465959208,54.74589941047488,-0.5402645893437201,0.13891664131056153,22.487468529931316,100.0,78.266764195476,-21.733235804523993,-0.4400739584970056,none,0,"{""gross_leverage"": 1, ""max_positions"": 8, ""sized_down"": 11}","{""AUDUSD=X"": -8.784822, ""EURUSD=X"": -3.719393, ""GBPUSD=X"": -1.194434, ""NZDUSD=X"": -8.034587}",2026-07-07 08:15:00+00:00,2026-07-23 02:50:00+00:00,15.774305555555555,7,0.4437596302003082,42.857142857142854,15.821692226262684,74.95457695909742,-0.6310288422230309,0.10962438463786538,7.419360197952642,100.0,92.58063980204736,-7.4193601979526544,-0.47034464825233646,none,0,"{""sized_down"": 2}","{""AUDUSD=X"": -4.517033, ""GBPUSD=X"": -1.34914, ""NZDUSD=X"": -1.553187}"
pullback,5m,6,25,0.005,3,1.0,0.6,0.5,0.25,0.8,2,1.0,-170.3315875570601,2026-05-18 23:00:00+00:00,2026-07-07 08:15:00+00:00,49.385416666666664,47,0.9516979540181397,31.914893617021278,20.39520381739899,46.16761088552146,-0.6533163843479497,0.15559269226181624,30.065647830111814,100.0,69.93435216988819,-30.065647830111814,-0.6087960750244114,max_drawdown 30.07%,0,"{""gross_leverage"": 7, ""max_drawdown"": 26724, ""max_positions"": 12, ""sized_down"": 42}","{""AUDUSD=X"": -7.456921, ""EURUSD=X"": -9.740374, ""GBPUSD=X"": -5.374778, ""NZDUSD=X"": -7.493574}",2026-07-07 08:15:00+00:00,2026-07-23 02:50:00+00:00,15.774305555555555,22,1.394673123486683,50.0,30.72180469247956,69.27819530752043,-0.36520815655322475,0.28537751233501607,11.632742862505857,100.0,88.80341328621017,-11.196586713789825,-0.7097990256595795,none,0,"{""gross_leverage"": 2, ""sized_down"": 17}","{""AUDUSD=X"": -6.005025, ""EURUSD=X"": -2.38323, ""GBPUSD=X"": -1.172392, ""NZDUSD=X"": -1.63594}"
pullback,5m,6,25,0.005,3,1.0,0.6,0.5,0.25,1.2,2,1.0,-170.68150872840897,2026-05-18 23:00:00+00:00,2026-07-07 08:15:00+00:00,49.385416666666664,57,1.154186880404978,33.33333333333333,22.49363598222627,46.27773097722252,-0.6611563893821851,0.26109622064121774,30.21413977078161,100.0,69.78586022921839,-30.21413977078159,-0.6118028723887434,max_drawdown 30.21%,0,"{""daily_loss"": 251, ""gross_leverage"": 13, ""max_drawdown"": 28052, ""max_positions"": 4, ""sized_down"": 59}","{""AUDUSD=X"": -11.193895, ""EURUSD=X"": -10.908281, ""GBPUSD=X"": -5.470464, ""NZDUSD=X"": -2.6415}",2026-07-07 08:15:00+00:00,2026-07-23 02:50:00+00:00,15.774305555555555,43,2.7259520140876075,37.2093023255814,24.37613889377433,52.14046173472684,-0.6183083152731486,0.2295740907555052,22.169869766744355,100.0,78.24679920622492,-21.75320079377507,-1.3790274771312392,daily_loss 8.32%,0,"{""daily_loss"": 171, ""gross_leverage"": 3, ""max_positions"": 6, ""sized_down"": 39}","{""AUDUSD=X"": -9.223227, ""EURUSD=X"": -4.06984, ""GBPUSD=X"": -4.715072, ""NZDUSD=X"": -3.745062}"
pullback,5m,6,15,0.005,3,1.0,0.6,0.5,0.1,0.5,3,0.5,-1000000000.0,2026-05-18 23:00:00+00:00,2026-07-07 08:15:00+00:00,49.385416666666664,4,0.08099557055473529,50.0,15.003570882017147,84.99642911798286,-0.4097539949263282,0.1637256296797692,2.4286821574823136,100.0,97.84119245818711,-2.15880754181289,-0.04371346214175015,none,0,"{""sized_down"": 1}","{""EURUSD=X"": 0.269875, ""GBPUSD=X"": -1.363229, ""NZDUSD=X"": -1.065453}",2026-07-07 08:15:00+00:00,2026-07-23 02:50:00+00:00,15.774305555555555,1,0.06339423288575831,100.0,20.654329147389294,100.0,0.19880953921232436,inf,0.0,100.0,100.27173069136498,0.27173069136498557,0.01722615873060001,none,0,{},"{""EURUSD=X"": 0.271731}"
pullback,5m,6,15,0.005,3,1.0,0.6,0.5,0.1,0.8,3,0.5,-1000000000.0,2026-05-18 23:00:00+00:00,2026-07-07 08:15:00+00:00,49.385416666666664,30,0.6074667791605147,46.666666666666664,30.232127224128234,63.857986718474955,-0.5246584510698563,0.23988878134407368,15.67631295260001,100.0,84.59905961735008,-15.40094038264993,-0.31185198834304856,none,0,"{""gross_leverage"": 3, ""sized_down"": 30}","{""AUDUSD=X"": -6.756303, ""EURUSD=X"": -3.284007, ""GBPUSD=X"": -4.698403, ""NZDUSD=X"": -0.662228}",2026-07-07 08:15:00+00:00,2026-07-23 02:50:00+00:00,15.774305555555555,6,0.3803653973145499,50.0,18.761280689940868,81.23871931005912,-0.2806448887996631,0.5274356647072864,2.9289754679009246,100.0,98.51882889662487,-1.481171103375136,-0.09389770587101896,none,0,"{""sized_down"": 5}","{""EURUSD=X"": 1.168411, ""GBPUSD=X"": -2.948944, ""NZDUSD=X"": 0.299362}"
pullback,5m,6,15,0.005,3,1.0,0.6,0.5,0.1,1.2,3,0.5,-1000000000.0,2026-05-18 23:00:00+00:00,2026-07-07 08:15:00+00:00,49.385416666666664,61,1.2351824509597131,39.34426229508197,28.068166862043626,51.882975614391256,-0.5887295359827576,0.2686270981447507,26.960223849816305,100.0,73.77319545439609,-26.22680454560392,-0.5310637494996786,none,0,"{""gross_leverage"": 5, ""max_positions"": 5, ""sized_down"": 65}","{""AUDUSD=X"": -10.292998, ""EURUSD=X"": -7.47341, ""GBPUSD=X"": -6.651248, ""NZDUSD=X"": -1.809149}",2026-07-07 08:15:00+00:00,2026-07-23 02:50:00+00:00,15.774305555555555,10,0.6339423288575831,50.0,23.65895936154873,76.34104063845126,-0.2613130828295944,0.671915195181297,3.2387249470172677,100.0,98.45489880612826,-1.5451011938717452,-0.09795050491636861,none,0,"{""gross_leverage"": 1, ""sized_down"": 10}","{""AUDUSD=X"": 0.834438, ""EURUSD=X"": 0.92944, ""GBPUSD=X"": -4.112693, ""NZDUSD=X"": 0.803713}"
pullback,5m,6,15,0.005,3,1.0,0.6,0.5,0.25,0.5,3,0.5,-1000000000.0,2026-05-18 23:00:00+00:00,2026-07-07 08:15:00+00:00,49.385416666666664,8,0.16199114110947058,50.0,21.521252682444185,78.47874731755581,-0.5006797402689498,0.134322086883903,6.505367962292226,100.0,93.81047971589228,-6.189520284107706,-0.12533093171785273,none,0,"{""gross_leverage"": 1, ""sized_down"": 4}","{""AUDUSD=X"": -5.693026, ""EURUSD=X"": 0.533225, ""GBPUSD=X"": -1.456886, ""NZDUSD=X"": 0.427166}",2026-07-07 08:15:00+00:00,2026-07-23 02:50:00+00:00,15.774305555555555,1,0.06339423288575831,100.0,20.654329147389294,100.0,0.21735249095275444,inf,0.0,100.0,100.3165644536699,0.31656445366989333,0.020068360699302065,none,0,{},"{""EURUSD=X"": 0.316564}"
pullback,5m,6,15,0.005,3,1.0,0.6,0.5,0.25,0.8,3,0.5,-1000000000.0,2026-05-18 23:00:00+00:00,2026-07-07 08:15:00+00:00,49.385416666666664,37,0.7492090276313015,43.24324324324324,28.671486840351314,59.08609366579929,-0.5362678809384416,0.2215769582189003,20.377202572988974,100.0,79.95633365511982,-20.043666344880187,-0.4058620479030791,none,0,"{""gross_leverage"": 3, ""sized_down"": 36}","{""AUDUSD=X"": -7.248314, ""EURUSD=X"": -3.206109, ""GBPUSD=X"": -7.864015, ""NZDUSD=X"": -1.725227}",2026-07-07 08:15:00+00:00,2026-07-23 02:50:00+00:00,15.774305555555555,7,0.4437596302003082,57.14285714285714,25.04542304090258,84.17830777373732,-0.16441716352998673,0.6810311232356249,2.9878320285332145,100.0,98.9780211269863,-1.0219788730136947,-0.06478756668015498,none,0,"{""sized_down"": 6}","{""AUDUSD=X"": 0.277128, ""EURUSD=X"": 1.330106, ""GBPUSD=X"": -3.018626, ""NZDUSD=X"": 0.389413}"
pullback,5m,6,15,0.005,3,1.0,0.6,0.5,0.25,1.2,3,0.5,-1000000000.0,2026-05-18 23:00:00+00:00,2026-07-07 08:15:00+00:00,49.385416666666664,62,1.255431343598397,38.70967741935484,27.58446342699068,51.15238379421901,-0.5458200345494605,0.2933442295699971,27.368194480773493,100.0,73.52280321700513,-26.477196782994877,-0.536133915032168,none,0,"{""gross_leverage"": 6, ""max_positions"": 13, ""sized_down"": 64}","{""AUDUSD=X"": -11.103645, ""EURUSD=X"": -6.654344, ""GBPUSD=X"": -6.748607, ""NZDUSD=X"": -1.9706}",2026-07-07 08:15:00+00:00,2026-07-23 02:50:00+00:00,15.774305555555555,14,0.8875192604006163,35.714285714285715,16.344490737202737,61.23599531785959,-0.5578318371880092,0.33653304183649213,6.533193779882623,100.0,94.31936152781628,-5.6806384721836904,-0.36011971824541117,none,0,"{""gross_leverage"": 1, ""sized_down"": 14}","{""AUDUSD=X"": -0.032339, ""EURUSD=X"": 1.037041, ""GBPUSD=X"": -6.394449, ""NZDUSD=X"": -0.290891}"
pullback,5m,6,15,0.005,3,1.0,0.6,0.5,0.1,0.5,3,1.0,-1000000000.0,2026-05-18 23:00:00+00:00,2026-07-07 08:15:00+00:00,49.385416666666664,17,0.344231174857625,35.294117647058826,17.309486143904902,58.700033278788176,-0.5483967742143375,0.10675897073941278,13.35307915006389,100.0,86.91679546560553,-13.08320453439446,-0.2649204039868948,none,0,"{""gross_leverage"": 1, ""max_positions"": 4, ""sized_down"": 9}","{""AUDUSD=X"": -3.332857, ""EURUSD=X"": -0.135459, ""GBPUSD=X"": -4.690574, ""NZDUSD=X"": -4.924314}",2026-07-07 08:15:00+00:00,2026-07-23 02:50:00+00:00,15.774305555555555,4,0.25357693154303323,75.0,30.06360524426366,95.44139373553637,-0.14286859717613848,0.4176341448464357,2.0429186589797577,100.0,98.8070410772737,-1.1929589227262944,-0.07562671577045406,none,0,"{""sized_down"": 1}","{""AUDUSD=X"": -2.04847, ""EURUSD=X"": 0.271731, ""GBPUSD=X"": 0.295343, ""NZDUSD=X"": 0.288438}"
pullback,5m,6,15,0.005,3,1.0,0.6,0.5,0.1,0.8,3,1.0,-167.8104298017562,2026-05-18 23:00:00+00:00,2026-07-07 08:15:00+00:00,49.385416666666664,51,1.032693524572875,35.294117647058826,23.634305381259786,49.01419502718927,-0.627366691656895,0.14670918990244242,30.907665986470956,100.0,69.31796614902213,-30.682033850977863,-0.6212772093849135,max_drawdown 30.91%,0,"{""gross_leverage"": 8, ""max_drawdown"": 18984, ""max_positions"": 18, ""sized_down"": 52}","{""AUDUSD=X"": -12.190265, ""EURUSD=X"": -7.189804, ""GBPUSD=X"": -7.194118, ""NZDUSD=X"": -4.107847}",2026-07-07 08:15:00+00:00,2026-07-23 02:50:00+00:00,15.774305555555555,17,1.0777019590578913,52.94117647058824,30.962897311549487,73.8351988039119,-0.31805951661368836,0.4125190424017342,6.326790409827603,100.0,94.31184298770837,-5.688157012291635,-0.3605963503279751,none,0,"{""gross_leverage"": 2, ""sized_down"": 16}","{""AUDUSD=X"": -3.127693, ""EURUSD=X"": 0.43586, ""GBPUSD=X"": -1.881551, ""NZDUSD=X"": -1.114773}"
pullback,5m,6,15,0.005,3,1.0,0.6,0.5,0.1,1.2,3,1.0,-177.35124506064005,2026-05-18 23:00:00+00:00,2026-07-07 08:15:00+00:00,49.385416666666664,60,1.2149335583210294,30.0,19.89801025272689,42.50894696639042,-0.724007574508589,0.20388381606743852,30.60858689546596,100.0,69.39141310453404,-30.60858689546594,-0.6197899898681144,max_drawdown 30.61%,0,"{""gross_leverage"": 10, ""max_drawdown"": 23648, ""max_positions"": 36, ""sized_down"": 64}","{""AUDUSD=X"": -14.105767, ""EURUSD=X"": -4.751558, ""GBPUSD=X"": -9.380823, ""NZDUSD=X"": -2.370438}",2026-07-07 08:15:00+00:00,2026-07-23 02:50:00+00:00,15.774305555555555,30,1.9018269865727493,36.666666666666664,21.87370220401768,54.486753566395066,-0.562633359618807,0.2734538164455194,15.217399411209515,100.0,86.61463573796397,-13.385364262036033,-0.8485548992882187,none,0,"{""gross_leverage"": 4, ""sized_down"": 30}","{""AUDUSD=X"": -6.164077, ""EURUSD=X"": -2.278386, ""GBPUSD=X"": -4.407532, ""NZDUSD=X"": -0.535369}"
pullback,5m,6,15,0.005,3,1.0,0.6,0.5,0.25,0.5,3,1.0,-1000000000.0,2026-05-18 23:00:00+00:00,2026-07-07 08:15:00+00:00,49.385416666666664,29,0.5872178865218308,34.48275862068966,19.94050874919048,52.655223492844016,-0.5700581575254328,0.11695787157226085,21.124880513173522,100.0,79.64093022073972,-20.359069779260274,-0.41224861818371367,none,0,"{""gross_leverage"": 3, ""max_positions"": 10, ""sized_down"": 14}","{""AUDUSD=X"": -9.979758, ""EURUSD=X"": -3.057786, ""GBPUSD=X"": -4.105165, ""NZDUSD=X"": -3.21636}",2026-07-07 08:15:00+00:00,2026-07-23 02:50:00+00:00,15.774305555555555,4,0.25357693154303323,75.0,30.06360524426366,95.44139373553637,-0.11882870858389225,0.4879852952970013,2.181569385755041,100.0,98.87946838412957,-1.1205316158704344,-0.07103524221234539,none,0,{},"{""AUDUSD=X"": -2.188475, ""EURUSD=X"": 0.316564, ""GBPUSD=X"": 0.386061, ""NZDUSD=X"": 0.365318}"
pullback,5m,6,15,0.005,3,1.0,0.6,0.5,0.25,0.8,3,1.0,-174.2928787507922,2026-05-18 23:00:00+00:00,2026-07-07 08:15:00+00:00,49.385416666666664,46,0.9314490613794558,30.434782608695656,19.079670807448903,44.80591874023817,-0.6906384741954625,0.12677646751950394,30.097480633940666,100.0,69.90251936605934,-30.09748063394064,-0.6094406540515296,max_drawdown 30.10%,0,"{""gross_leverage"": 6, ""max_drawdown"": 23648, ""max_positions"": 22, ""sized_down"": 41}","{""AUDUSD=X"": -11.083768, ""EURUSD=X"": -5.472683, ""GBPUSD=X"": -8.644009, ""NZDUSD=X"": -4.89702}",2026-07-07 08:15:00+00:00,2026-07-23 02:50:00+00:00,15.774305555555555,19,1.204490424829408,57.89473684210527,36.275551465160106,76.85837960796962,-0.22031707805394074,0.5316727511900825,5.764724016473928,100.0,95.21504818320318,-4.784951816796809,-0.30333834982114927,none,0,"{""gross_leverage"": 2, ""sized_down"": 17}","{""AUDUSD=X"": -4.504067, ""EURUSD=X"": 0.646254, ""GBPUSD=X"": -1.618547, ""NZDUSD=X"": 0.691407}"
pullback,5m,6,15,0.005,3,1.0,0.6,0.5,0.25,1.2,3,1.0,-170.66302136096456,2026-05-18 23:00:00+00:00,2026-07-07 08:15:00+00:00,49.385416666666664,61,1.2351824509597131,31.147540983606557,20.937273683536855,43.59167069784793,-0.6586132943607338,0.23401556758981282,30.857696718658108,100.0,69.1423032813419,-30.857696718658087,-0.6248341879331737,max_drawdown 30.86%,0,"{""gross_leverage"": 12, ""max_drawdown"": 23648, ""max_positions"": 26, ""sized_down"": 65}","{""AUDUSD=X"": -14.579967, ""EURUSD=X"": -5.223231, ""GBPUSD=X"": -7.621937, ""NZDUSD=X"": -3.432562}",2026-07-07 08:15:00+00:00,2026-07-23 02:50:00+00:00,15.774305555555555,35,2.2187981510015407,37.142857142857146,23.16560736889106,53.663359511978925,-0.5208191454645855,0.3077827371092016,15.454408907079337,100.0,85.76036116293562,-14.239638837064357,-0.9027109806459465,none,0,"{""gross_leverage"": 6, ""max_positions"": 10, ""sized_down"": 36}","{""AUDUSD=X"": -4.27879, ""EURUSD=X"": -2.256726, ""GBPUSD=X"": -6.437277, ""NZDUSD=X"": -1.266845}"
pullback,5m,6,25,0.005,3,1.0,0.6,0.5,0.1,0.5,3,0.5,-1000000000.0,2026-05-18 23:00:00+00:00,2026-07-07 08:15:00+00:00,49.385416666666664,2,0.040497785277367644,50.0,9.452865480086615,90.54713451991339,-0.3131380553861484,0.1254085135048124,1.218229055404663,100.0,98.93454723954201,-1.0654527604579926,-0.021574238558103205,none,0,"{""sized_down"": 1}","{""NZDUSD=X"": -1.065453}",2026-07-07 08:15:00+00:00,2026-07-23 02:50:00+00:00,15.774305555555555,0,0.0,0.0,0.0,0.0,0.0,0.0,0.0,100.0,100.0,0.0,0.0,none,0,{},{}
pullback,5m,6,25,0.005,3,1.0,0.6,0.5,0.1,0.8,3,0.5,-1000000000.0,2026-05-18 23:00:00+00:00,2026-07-07 08:15:00+00:00,49.385416666666664,22,0.4454756380510441,45.45454545454545,26.920014432004848,65.34052671095844,-0.522777001826224,0.2004055070645673,13.194045064774535,100.0,87.08943375042537,-12.910566249574622,-0.2614246698922514,none,0,"{""gross_leverage"": 1, ""sized_down"": 22}","{""AUDUSD=X"": -4.393587, ""EURUSD=X"": -4.74255, ""GBPUSD=X"": -1.167171, ""NZDUSD=X"": -2.607258}",2026-07-07 08:15:00+00:00,2026-07-23 02:50:00+00:00,15.774305555555555,4,0.25357693154303323,25.0,4.558606264463622,69.93639475573634,-0.6417823870013404,0.15526252674480945,2.9489442675454427,100.0,97.35231662256378,-2.647683377436221,-0.16784785663694293,none,0,"{""sized_down"": 4}","{""EURUSD=X"": 0.486644, ""GBPUSD=X"": -2.948944, ""NZDUSD=X"": -0.185383}"
pullback,5m,6,25,0.005,3,1.0,0.6,0.5,0.1,1.2,3,0.5,-1000000000.0,2026-05-18 23:00:00+00:00,2026-07-07 08:15:00+00:00,49.385416666666664,42,0.8504534908247205,40.476190476190474,27.042647671209085,55.505954471822584,-0.5675986769434278,0.27602852496932423,20.007266559088592,100.0,80.84346315877931,-19.15653684122068,-0.3878986578268689,none,0,"{""gross_leverage"": 5, ""sized_down"": 47}","{""AUDUSD=X"": -6.581367, ""EURUSD=X"": -7.321979, ""GBPUSD=X"": -4.800796, ""NZDUSD=X"": -0.452394}",2026-07-07 08:15:00+00:00,2026-07-23 02:50:00+00:00,15.774305555555555,6,0.3803653973145499,33.33333333333333,9.676933255921682,70.00116786584712,-0.5062891469099663,0.1788548473453625,3.4155465431229923,100.0,97.08845869796595,-2.9115413020340535,-0.18457492735765077,none,0,"{""sized_down"": 6}","{""AUDUSD=X"": 0.521829, ""EURUSD=X"": -0.299043, ""GBPUSD=X"": -2.948944, ""NZDUSD=X"": -0.185383}"
pullback,5m,6,25,0.005,3,1.0,0.6,0.5,0.25,0.5,3,0.5,-1000000000.0,2026-05-18 23:00:00+00:00,2026-07-07 08:15:00+00:00,49.385416666666664,6,0.12149335583210294,50.0,18.761280689940868,81.23871931005912,-0.5046669251431278,0.11321630699549248,5.170703248637054,100.0,94.95151778732028,-5.048482212679712,-0.10222617431285644,none,0,"{""gross_leverage"": 1, ""sized_down"": 4}","{""AUDUSD=X"": -5.693026, ""EURUSD=X"": 0.217378, ""NZDUSD=X"": 0.427166}",2026-07-07 08:15:00+00:00,2026-07-23 02:50:00+00:00,15.774305555555555,0,0.0,0.0,0.0,0.0,0.0,0.0,0.0,100.0,100.0,0.0,0.0,none,0,{},{}
pullback,5m,6,25,0.005,3,1.0,0.6,0.5,0.25,0.8,3,0.5,-1000000000.0,2026-05-18 23:00:00+00:00,2026-07-07 08:15:00+00:00,49.385416666666664,30,0.6074667791605147,40.0,24.590394326083402,57.67994750172616,-0.5519898486144249,0.18824850455228284,17.756675369345793,100.0,82.79385621701131,-17.206143782988683,-0.34840535818749496,none,0,"{""max_positions"": 10, ""sized_down"": 29}","{""AUDUSD=X"": -4.33773, ""EURUSD=X"": -4.921334, ""GBPUSD=X"": -3.949137, ""NZDUSD=X"": -3.997942}",2026-07-07 08:15:00+00:00,2026-07-23 02:50:00+00:00,15.774305555555555,5,0.31697116442879153,40.0,11.76182311592533,76.9280067791163,-0.41735611853977134,0.2664575831744292,3.0102831666482577,100.0,97.64972413591022,-2.3502758640897814,-0.14899393547388445,none,0,"{""sized_down"": 5}","{""AUDUSD=X"": 0.277128, ""EURUSD=X"": 0.576604, ""GBPUSD=X"": -3.018626, ""NZDUSD=X"": -0.185383}"
pullback,5m,6,25,0.005,3,1.0,0.6,0.5,0.25,1.2,3,0.5,-1000000000.0,2026-05-18 23:00:00+00:00,2026-07-07 08:15:00+00:00,49.385416666666664,43,0.8707023834634043,39.53488372093023,26.365106198456402,54.42120340668091,-0.5253493795445652,0.3076582006986821,20.67642112378252,100.0,80.35923532622301,-19.64076467377699,-0.39770373522096414,none,0,"{""gross_leverage"": 6, ""sized_down"": 47}","{""AUDUSD=X"": -6.855086, ""EURUSD=X"": -7.528408, ""GBPUSD=X"": -4.941894, ""NZDUSD=X"": -0.315376}",2026-07-07 08:15:00+00:00,2026-07-23 02:50:00+00:00,15.774305555555555,10,0.6339423288575831,30.0,10.778928748621183,60.322678002043475,-0.7521385637404947,0.14135228571523079,6.069815816199267,100.0,93.93018418380073,-6.069815816199243,-0.3847913174257939,none,0,"{""sized_down"": 10}","{""AUDUSD=X"": -0.523128, ""EURUSD=X"": -0.299043, ""GBPUSD=X"": -5.320603, ""NZDUSD=X"": 0.072958}"
pullback,5m,6,25,0.005,3,1.0,0.6,0.5,0.1,0.5,3,1.0,-1000000000.0,2026-05-18 23:00:00+00:00,2026-07-07 08:15:00+00:00,49.385416666666664,12,0.24298671166420588,33.33333333333333,13.811783989736135,60.9382412602386,-0.5480209789116368,0.10271147042135473,9.09858718054636,100.0,90.90141281945364,-9.09858718054635,-0.18423631498258797,none,0,"{""max_positions"": 4, ""sized_down"": 6}","{""AUDUSD=X"": -2.764874, ""EURUSD=X"": -0.405334, ""GBPUSD=X"": -1.004065, ""NZDUSD=X"": -4.924314}",2026-07-07 08:15:00+00:00,2026-07-23 02:50:00+00:00,15.774305555555555,3,0.19018269865727494,66.66666666666666,20.76549551264879,93.85096847238394,-0.2567613093056261,0.28498357873423924,2.0484698959758276,100.0,98.53531038590872,-1.46468961409128,-0.09285287450105408,none,0,"{""sized_down"": 1}","{""AUDUSD=X"": -2.04847, ""GBPUSD=X"": 0.295343, ""NZDUSD=X"": 0.288438}"
pullback,5m,6,25,0.005,3,1.0,0.6,0.5,0.1,0.8,3,1.0,-1000000000.0,2026-05-18 23:00:00+00:00,2026-07-07 08:15:00+00:00,49.385416666666664,52,1.052942417211559,34.61538461538461,23.150828073938616,48.19669778491929,-0.6454143452661525,0.14197926198342692,30.840934206483396,100.0,69.38491585237614,-30.615084147623868,-0.6199215520295067,max_drawdown 30.84%,0,"{""gross_leverage"": 7, ""max_drawdown"": 10068, ""max_positions"": 22, ""sized_down"": 52}","{""AUDUSD=X"": -11.600947, ""EURUSD=X"": -5.804748, ""GBPUSD=X"": -4.791136, ""NZDUSD=X"": -8.418254}",2026-07-07 08:15:00+00:00,2026-07-23 02:50:00+00:00,15.774305555555555,11,0.6973365617433415,54.54545454545454,28.008775568998818,78.72904245601195,-0.3000087321289582,0.4023351229285812,4.99741416352127,100.0,96.18076391628875,-3.8192360837112473,-0.24211754173648234,none,0,"{""gross_leverage"": 1, ""sized_down"": 10}","{""AUDUSD=X"": -2.04847, ""EURUSD=X"": -0.509324, ""GBPUSD=X"": -1.507575, ""NZDUSD=X"": 0.246133}"
pullback,5m,6,25,0.005,3,1.0,0.6,0.5,0.1,1.2,3,1.0,-171.27078452527056,2026-05-18 23:00:00+00:00,2026-07-07 08:15:00+00:00,49.385416666666664,54,1.0934402024889265,31.48148148148148,20.67911428909822,44.74369559167963,-0.6646303264633636,0.1990527332945371,30.164422599417236,100.0,69.83557740058276,-30.164422599417254,-0.610796154723488,max_drawdown 30.16%,0,"{""gross_leverage"": 12, ""max_drawdown"": 18924, ""max_positions"": 14, ""sized_down"": 60}","{""AUDUSD=X"": -14.292043, ""EURUSD=X"": -5.409556, ""GBPUSD=X"": -6.396928, ""NZDUSD=X"": -4.065895}",2026-07-07 08:15:00+00:00,2026-07-23 02:50:00+00:00,15.774305555555555,18,1.1410961919436495,44.44444444444444,24.559231101389127,66.28393057174837,-0.4793066721019148,0.3025921669603874,8.479219348012922,100.0,92.41114223548429,-7.588857764515702,-0.4810898164606036,none,0,"{""gross_leverage"": 1, ""sized_down"": 16}","{""AUDUSD=X"": -2.670796, ""EURUSD=X"": -1.121736, ""GBPUSD=X"": -3.260957, ""NZDUSD=X"": -0.535369}"
pullback,5m,6,25,0.005,3,1.0,0.6,0.5,0.25,0.5,3,1.0,-1000000000.0,2026-05-18 23:00:00+00:00,2026-07-07 08:15:00+00:00,49.385416666666664,22,0.4454756380510441,31.818181818181817,16.36038735469248,52.68177721716065,-0.6411339716600299,0.08800321812019574,18.71582770313556,100.0,81.5037514093942,-18.496248590605802,-0.37452855192958384,none,0,"{""gross_leverage"": 3, ""max_positions"": 4, ""sized_down"": 14}","{""AUDUSD=X"": -7.859814, ""EURUSD=X"": -3.02898, ""GBPUSD=X"": -1.409141, ""NZDUSD=X"": -6.198313}",2026-07-07 08:15:00+00:00,2026-07-23 02:50:00+00:00,15.774305555555555,3,0.19018269865727494,66.66666666666666,20.76549551264879,93.85096847238394,-0.23088910842944113,0.34333461969839485,2.188475458962486,100.0,98.56290393045967,-1.4370960695403276,-0.09110360291164744,none,0,{},"{""AUDUSD=X"": -2.188475, ""GBPUSD=X"": 0.386061, ""NZDUSD=X"": 0.365318}"
pullback,5m,6,25,0.005,3,1.0,0.6,0.5,0.25,0.8,3,1.0,-1000000000.0,2026-05-18 23:00:00+00:00,2026-07-07 08:15:00+00:00,49.385416666666664,46,0.9314490613794558,32.608695652173914,20.865764564493357,47.03253725567292,-0.645090420428529,0.12811964374353266,30.42172194702262,100.0,69.57827805297738,-30.421721947022586,-0.6160061815891518,max_drawdown 30.42%,0,"{""gross_leverage"": 8, ""max_drawdown"": 20032, ""max_positions"": 12, ""sized_down"": 44}","{""AUDUSD=X"": -12.614614, ""EURUSD=X"": -5.941358, ""GBPUSD=X"": -4.349062, ""NZDUSD=X"": -7.516687}",2026-07-07 08:15:00+00:00,2026-07-23 02:50:00+00:00,15.774305555555555,12,0.7607307946290998,58.333333333333336,31.95073356553728,80.67425380947535,-0.21495492936571117,0.5055577190441563,5.192710509028685,100.0,96.68368627769645,-3.3163137223035535,-0.2102351644339475,none,0,"{""gross_leverage"": 1, ""sized_down"": 10}","{""AUDUSD=X"": -1.911347, ""EURUSD=X"": -0.442302, ""GBPUSD=X"": -1.244571, ""NZDUSD=X"": 0.281906}"
pullback,5m,6,25,0.005,3,1.0,0.6,0.5,0.25,1.2,3,1.0,-166.4320208666749,2026-05-18 23:00:00+00:00,2026-07-07 08:15:00+00:00,49.385416666666664,57,1.154186880404978,33.33333333333333,22.49363598222627,46.27773097722252,-0.56670108179207,0.23396961016791973,30.027548044919854,100.0,69.97245195508015,-30.027548044919833,-0.608024596564502,max_drawdown 30.03%,0,"{""gross_leverage"": 10, ""max_drawdown"": 20032, ""max_positions"": 24, ""sized_down"": 57}","{""AUDUSD=X"": -15.04677, ""EURUSD=X"": -5.044817, ""GBPUSD=X"": -3.936318, ""NZDUSD=X"": -5.999642}",2026-07-07 08:15:00+00:00,2026-07-23 02:50:00+00:00,15.774305555555555,23,1.4580673563724411,39.130434782608695,22.157377982382144,59.21482039625402,-0.6193477660501194,0.25078285442721493,11.746923541512018,100.0,88.45946647456715,-11.540533525432801,-0.7316032699371884,none,0,"{""gross_leverage"": 2, ""sized_down"": 21}","{""AUDUSD=X"": -3.626534, ""EURUSD=X"": -1.050828, ""GBPUSD=X"": -5.701118, ""NZDUSD=X"": -1.162054}"
fade,1m,6,15,0.005,3,0.75,0.5,0.2,0.1,0.5,2,0.75,-1000000000.0,2026-07-29 23:00:00+00:00,2026-08-05 03:27:00+00:00,6.185416666666667,0,0.0,0.0,0.0,0.0,0.0,0.0,0.0,100.0,100.0,0.0,0.0,none,0,{},{},2026-08-05 03:25:00+00:00,2026-08-06 12:29:00+00:00,1.3777777777777778,0,0.0,0.0,0.0,0.0,0.0,0.0,0.0,100.0,100.0,0.0,0.0,none,0,{},{}
fade,1m,6,15,0.005,3,0.75,0.5,0.2,0.1,0.8,2,0.75,-1000000000.0,2026-07-29 23:00:00+00:00,2026-08-05 03:27:00+00:00,6.185416666666667,3,0.48501178848097004,0.0,0.0,56.15060804490177,-1.1376061365772174,0.0,3.367850178990792,100.0,96.63214982100921,-3.3678501789907918,-0.5444823462160929,none,0,"{""sized_down"": 3}","{""EURUSD=X"": -1.616567, ""NZDUSD=X"": -1.751283}",2026-08-05 03:25:00+00:00,2026-08-06 12:29:00+00:00,1.3777777777777778,0,0.0,0.0,0.0,0.0,0.0,0.0,0.0,100.0,100.0,0.0,0.0,none,0,{},{}
fade,1m,6,15,0.005,3,0.75,0.5,0.2,0.1,1.2,2,0.75,-1000000000.0,2026-07-29 23:00:00+00:00,2026-08-05 03:27:00+00:00,6.185416666666667,4,0.6466823846412934,25.0,4.558606264463622,69.93639475573634,-0.733212945252911,0.08357239707236629,3.367850178990792,100.0,96.91360913344806,-3.0863908665519335,-0.49897865137922803,none,0,"{""sized_down"": 4}","{""EURUSD=X"": -1.616567, ""NZDUSD=X"": -1.469824}",2026-08-05 03:25:00+00:00,2026-08-06 12:29:00+00:00,1.3777777777777778,1,0.7258064516129032,100.0,20.654329147389294,100.0,0.46043676321883054,inf,0.0,100.0,100.25895848069892,0.25895848069891975,0.18795373599115142,none,0,"{""sized_down"": 1}","{""EURUSD=X"": 0.258958}"
fade,1m,6,15,0.005,3,0.75,0.5,0.2,0.25,0.5,2,0.75,-1000000000.0,2026-07-29 23:00:00+00:00,2026-08-05 03:27:00+00:00,6.185416666666667,0,0.0,0.0,0.0,0.0,0.0,0.0,0.0,100.0,100.0,0.0,0.0,none,0,{},{},2026-08-05 03:25:00+00:00,2026-08-06 12:29:00+00:00,1.3777777777777778,0,0.0,0.0,0.0,0.0,0.0,0.0,0.0,100.0,100.0,0.0,0.0,none,0,{},{}
fade,1m,6,15,0.005,3,0.75,0.5,0.2,0.25,0.8,2,0.75,-1000000000.0,2026-07-29 23:00:00+00:00,2026-08-05 03:27:00+00:00,6.185416666666667,3,0.48501178848097004,0.0,0.0,56.15060804490177,-1.1027460311689568,0.0,3.440052691187105,100.0,96.5599473088129,-3.4400526911870983,-0.5561553694071428,none,0,"{""sized_down"": 3}","{""EURUSD=X"": -1.616567, ""NZDUSD=X"": -1.823486}",2026-08-05 03:25:00+00:00,2026-08-06 12:29:00+00:00,1.3777777777777778,0,0.0,0.0,0.0,0.0,0.0,0.0,0.0,100.0,100.0,0.0,0.0,none,0,{},{}
fade,1m,6,15,0.005,3,0.75,0.5,0.2,0.25,1.2,2,0.75,-1000000000.0,2026-07-29 23:00:00+00:00,2026-08-05 03:27:00+00:00,6.185416666666667,4,0.6466823846412934,25.0,4.558606264463622,69.93639475573634,-0.6917418815690873,0.10085546905581817,3.440052691187105,100.0,96.9068954365593,-3.093104563440694,-0.5000640587576737,none,0,"{""sized_down"": 4}","{""EURUSD=X"": -1.616567, ""NZDUSD=X"": -1.476538}",2026-08-05 03:25:00+00:00,2026-08-06 12:29:00+00:00,1.3777777777777778,1,0.7258064516129032,100.0,20.654329147389294,100.0,0.5128508849472544,inf,0.0,100.0,100.3104385014945,0.31043850149449986,0.2253182672137499,none,0,"{""sized_down"": 1}","{""EURUSD=X"": 0.310439}"
fade,1m,6,15,0.005,3,0.75,0.5,0.5,0.1,0.5,2,0.75,-1000000000.0,2026-07-29 23:00:00+00:00,2026-08-05 03:27:00+00:00,6.185416666666667,1,0.16167059616032334,0.0,0.0,79.34567085261071,-1.2759166550843497,0.0,2.3419030863897063,100.0,97.6580969136103,-2.3419030863897126,-0.37861686812632606,none,0,{},"{""AUDUSD=X"": -2.341903}",2026-08-05 03:25:00+00:00,2026-08-06 12:29:00+00:00,1.3777777777777778,0,0.0,0.0,0.0,0.0,0.0,0.0,0.0,100.0,100.0,0.0,0.0,none,0,{},{}
fade,1m,6,15,0.005,3,0.75,0.5,0.5,0.1,0.8,2,0.75,-1000000000.0,2026-07-29 23:00:00+00:00,2026-08-05 03:27:00+00:00,6.185416666666667,4,0.6466823846412934,0.0,0.0,48.990002040399915,-1.1721837662040004,0.0,5.709753265380499,100.0,94.2902467346195,-5.709753265380504,-0.923099214342419,none,0,"{""sized_down"": 3}","{""AUDUSD=X"": -2.341903, ""EURUSD=X"": -1.616567, ""NZDUSD=X"": -1.751283}",2026-08-05 03:25:00+00:00,2026-08-06 12:29:00+00:00,1.3777777777777778,0,0.0,0.0,0.0,0.0,0.0,0.0,0.0,100.0,100.0,0.0,0.0,none,0,{},{}
fade,1m,6,15,0.005,3,0.75,0.5,0.5,0.1,1.2,2,0.75,-1000000000.0,2026-07-29 23:00:00+00:00,2026-08-05 03:27:00+00:00,6.185416666666667,5,0.8083529808016167,20.0,3.6223160969787447,62.44717358814613,-0.8417536872191989,0.04929447900059155,5.428293952941644,100.0,94.57170604705836,-5.428293952941646,-0.877595519505554,none,0,"{""sized_down"": 4}","{""AUDUSD=X"": -2.341903, ""EURUSD=X"": -1.616567, ""NZDUSD=X"": -1.469824}",2026-08-05 03:25:00+00:00,2026-08-06 12:29:00+00:00,1.3777777777777778,1,0.7258064516129032,100.0,20.654329147389294,100.0,0.46043676321883054,inf,0.0,100.0,100.25895848069892,0.25895848069891975,0.18795373599115142,none,0,"{""sized_down"": 1}","{""EURUSD=X"": 0.258958}"
fade,1m,6,15,0.005,3,0.75,0.5,0.5,0.25,0.5,2,0.75,-1000000000.0,2026-07-29 23:00:00+00:00,2026-08-05 03:27:00+00:00,6.185416666666667,1,0.16167059616032334,0.0,0.0,79.34567085261071,-1.2645998710724786,0.0,2.4204049580439744,100.0,97.57959504195603,-2.42040495804397,-0.391308312516371,none,0,{},"{""AUDUSD=X"": -2.420405}",2026-08-05 03:25:00+00:00,2026-08-06 12:29:00+00:00,1.3777777777777778,0,0.0,0.0,0.0,0.0,0.0,0.0,0.0,100.0,100.0,0.0,0.0,none,0,{},{}
fade,1m,6,15,0.005,3,0.75,0.5,0.5,0.25,0.8,2,0.75,-1000000000.0,2026-07-29 23:00:00+00:00,2026-08-05 03:27:00+00:00,6.185416666666667,4,0.6466823846412934,0.0,0.0,48.990002040399915,-1.1432094911448372,0.0,5.86045764923108,100.0,94.13954235076892,-5.860457649231068,-0.9474636819235139,none,0,"{""sized_down"": 3}","{""AUDUSD=X"": -2.420405, ""EURUSD=X"": -1.616567, ""NZDUSD=X"": -1.823486}",2026-08-05 03:25:00+00:00,2026-08-06 12:29:00+00:00,1.3777777777777778,0,0.0,0.0,0.0,0.0,0.0,0.0,0.0,100.0,100.0,0.0,0.0,none,0,{},{}
fade,1m,6,15,0.005,3,0.75,0.5,0.5,0.25,1.2,2,0.75,-1000000000.0,2026-07-29 23:00:00+00:00,2026-08-05 03:27:00+00:00,6.185416666666667,5,0.8083529808016167,20.0,3.6223160969787447,62.44717358814613,-0.8063134794697657,0.0592015416734436,5.5135095214846785,100.0,94.48649047851532,-5.513509521484664,-0.8913723712740448,none,0,"{""sized_down"": 4}","{""AUDUSD=X"": -2.420405, ""EURUSD=X"": -1.616567, ""NZDUSD=X"": -1.476538}",2026-08-05 03:25:00+00:00,2026-08-06 12:29:00+00:00,1.3777777777777778,1,0.7258064516129032,100.0,20.654329147389294,100.0,0.5128508849472544,inf,0.0,100.0,100.3104385014945,0.31043850149449986,0.2253182672137499,none,0,"{""sized_down"": 1}","{""EURUSD=X"": 0.310439}"
fade,1m,6,15,0.005,3,0.75,0.8,0.2,0.1,0.5,2,0.75,-1000000000.0,2026-07-29 23:00:00+00:00,2026-08-05 03:27:00+00:00,6.185416666666667,0,0.0,0.0,0.0,0.0,0.0,0.0,0.0,100.0,100.0,0.0,0.0,none,0,{},{},2026-08-05 03:25:00+00:00,2026-08-06 12:29:00+00:00,1.3777777777777778,0,0.0,0.0,0.0,0.0,0.0,0.0,0.0,100.0,100.0,0.0,0.0,none,0,{},{}
fade,1m,6,15,0.005,3,0.75,0.8,0.2,0.1,0.8,2,0.75,-1000000000.0,2026-07-29 23:00:00+00:00,2026-08-05 03:27:00+00:00,6.185416666666667,3,0.48501178848097004,0.0,0.0,56.15060804490177,-1.1376061365772174,0.0,3.367850178990792,100.0,96.63214982100921,-3.3678501789907918,-0.5444823462160929,none,0,"{""sized_down"": 3}","{""EURUSD=X"": -1.616567, ""NZDUSD=X"": -1.751283}",2026-08-05 03:25:00+00:00,2026-08-06 12:29:00+00:00,1.3777777777777778,0,0.0,0.0,0.0,0.0,0.0,0.0,0.0,100.0,100.0,0.0,0.0,none,0,{},{}
fade,1m,6,15,0.005,3,0.75,0.8,0.2,0.1,1.2,2,0.75,-1000000000.0,2026-07-29 23:00:00+00:00,2026-08-05 03:27:00+00:00,6.185416666666667,5,0.8083529808016167,20.0,3.6223160969787447,62.44717358814613,-0.641228203910537,0.0800217737026547,3.5172841017584346,100.0,96.76417521068042,-3.235824789319573,-0.523137722759648,none,0,"{""sized_down"": 5}","{""EURUSD=X"": -1.766001, ""NZDUSD=X"": -1.469824}",2026-08-05 03:25:00+00:00,2026-08-06 12:29:00+00:00,1.3777777777777778,1,0.7258064516129032,100.0,20.654329147389294,100.0,0.46043676321883054,inf,0.0,100.0,100.25895848069892,0.25895848069891975,0.18795373599115142,none,0,"{""sized_down"": 1}","{""EURUSD=X"": 0.258958}"
fade,1m,6,15,0.005,3,0.75,0.8,0.2,0.25,0.5,2,0.75,-1000000000.0,2026-07-29 23:00:00+00:00,2026-08-05 03:27:00+00:00,6.185416666666667,0,0.0,0.0,0.0,0.0,0.0,0.0,0.0,100.0,100.0,0.0,0.0,none,0,{},{},2026-08-05 03:25:00+00:00,2026-08-06 12:29:00+00:00,1.3777777777777778,0,0.0,0.0,0.0,0.0,0.0,0.0,0.0,100.0,100.0,0.0,0.0,none,0,{},{}
fade,1m,6,15,0.005,3,0.75,0.8,0.2,0.25,0.8,2,0.75,-1000000000.0,2026-07-29 23:00:00+00:00,2026-08-05 03:27:00+00:00,6.185416666666667,3,0.48501178848097004,0.0,0.0,56.15060804490177,-1.1027460311689568,0.0,3.440052691187105,100.0,96.5599473088129,-3.4400526911870983,-0.5561553694071428,none,0,"{""sized_down"": 3}","{""EURUSD=X"": -1.616567, ""NZDUSD=X"": -1.823486}",2026-08-05 03:25:00+00:00,2026-08-06 12:29:00+00:00,1.3777777777777778,0,0.0,0.0,0.0,0.0,0.0,0.0,0.0,100.0,100.0,0.0,0.0,none,0,{},{}
fade,1m,6,15,0.005,3,0.75,0.8,0.2,0.25,1.2,2,0.75,-1000000000.0,2026-07-29 23:00:00+00:00,2026-08-05 03:27:00+00:00,6.185416666666667,5,0.8083529808016167,20.0,3.6223160969787447,62.44717358814613,-0.6056116255084757,0.09665675486783674,3.5894866139547474,100.0,96.75746151379165,-3.2425384862083333,-0.5242231301380936,none,0,"{""sized_down"": 5}","{""EURUSD=X"": -1.766001, ""NZDUSD=X"": -1.476538}",2026-08-05 03:25:00+00:00,2026-08-06 12:29:00+00:00,1.3777777777777778,1,0.7258064516129032,100.0,20.654329147389294,100.0,0.5128508849472544,inf,0.0,100.0,100.3104385014945,0.31043850149449986,0.2253182672137499,none,0,"{""sized_down"": 1}","{""EURUSD=X"": 0.310439}"
fade,1m,6,15,0.005,3,0.75,0.8,0.5,0.1,0.5,2,0.75,-1000000000.0,2026-07-29 23:00:00+00:00,2026-08-05 03:27:00+00:00,6.185416666666667,1,0.16167059616032334,0.0,0.0,79.34567085261071,-1.2759166550843497,0.0,2.3419030863897063,100.0,97.6580969136103,-2.3419030863897126,-0.37861686812632606,none,0,{},"{""AUDUSD=X"": -2.341903}",2026-08-05 03:25:00+00:00,2026-08-06 12:29:00+00:00,1.3777777777777778,0,0.0,0.0,0.0,0.0,0.0,0.0,0.0,100.0,100.0,0.0,0.0,none,0,{},{}
fade,1m,6,15,0.005,3,0.75,0.8,0.5,0.1,0.8,2,0.75,-1000000000.0,2026-07-29 23:00:00+00:00,2026-08-05 03:27:00+00:00,6.185416666666667,4,0.6466823846412934,0.0,0.0,48.990002040399915,-1.1721837662040004,0.0,5.709753265380499,100.0,94.2902467346195,-5.709753265380504,-0.923099214342419,none,0,"{""sized_down"": 3}","{""AUDUSD=X"": -2.341903, ""EURUSD=X"": -1.616567, ""NZDUSD=X"": -1.751283}",2026-08-05 03:25:00+00:00,2026-08-06 12:29:00+00:00,1.3777777777777778,0,0.0,0.0,0.0,0.0,0.0,0.0,0.0,100.0,100.0,0.0,0.0,none,0,{},{}
fade,1m,6,15,0.005,3,0.75,0.8,0.5,0.1,1.2,2,0.75,-1000000000.0,2026-07-29 23:00:00+00:00,2026-08-05 03:27:00+00:00,6.185416666666667,6,0.9700235769619401,16.666666666666664,3.005258587173032,56.350943656364606,-0.7470096124395057,0.0480372624053024,5.577727875709286,100.0,94.42227212429071,-5.577727875709286,-0.9017545908859741,none,0,"{""sized_down"": 5}","{""AUDUSD=X"": -2.341903, ""EURUSD=X"": -1.766001, ""NZDUSD=X"": -1.469824}",2026-08-05 03:25:00+00:00,2026-08-06 12:29:00+00:00,1.3777777777777778,1,0.7258064516129032,100.0,20.654329147389294,100.0,0.46043676321883054,inf,0.0,100.0,100.25895848069892,0.25895848069891975,0.18795373599115142,none,0,"{""sized_down"": 1}","{""EURUSD=X"": 0.258958}"
fade,1m,6,15,0.005,3,0.75,0.8,0.5,0.25,0.5,2,0.75,-1000000000.0,2026-07-29 23:00:00+00:00,2026-08-05 03:27:00+00:00,6.185416666666667,1,0.16167059616032334,0.0,0.0,79.34567085261071,-1.2645998710724786,0.0,2.4204049580439744,100.0,97.57959504195603,-2.42040495804397,-0.391308312516371,none,0,{},"{""AUDUSD=X"": -2.420405}",2026-08-05 03:25:00+00:00,2026-08-06 12:29:00+00:00,1.3777777777777778,0,0.0,0.0,0.0,0.0,0.0,0.0,0.0,100.0,100.0,0.0,0.0,none,0,{},{}
fade,1m,6,15,0.005,3,0.75,0.8,0.5,0.25,0.8,2,0.75,-1000000000.0,2026-07-29 23:00:00+00:00,2026-08-05 03:27:00+00:00,6.185416666666667,4,0.6466823846412934,0.0,0.0,48.990002040399915,-1.1432094911448372,0.0,5.86045764923108,100.0,94.13954235076892,-5.860457649231068,-0.9474636819235139,none,0,"{""sized_down"": 3}","{""AUDUSD=X"": -2.420405, ""EURUSD=X"": -1.616567, ""NZDUSD=X"": -1.823486}",2026-08-05 03:25:00+00:00,2026-08-06 12:29:00+00:00,1.3777777777777778,0,0.0,0.0,0.0,0.0,0.0,0.0,0.0,100.0,100.0,0.0,0.0,none,0,{},{}
fade,1m,6,15,0.005,3,0.75,0.8,0.5,0.25,1.2,2,0.75,-1000000000.0,2026-07-29 23:00:00+00:00,2026-08-05 03:27:00+00:00,6.185416666666667,6,0.9700235769619401,16.666666666666664,3.005258587173032,56.350943656364606,-0.7154429997691428,0.05772951534814796,5.6629434442523205,100.0,94.33705655574768,-5.662943444252303,-0.9155314426544645,none,0,"{""sized_down"": 5}","{""AUDUSD=X"": -2.420405, ""EURUSD=X"": -1.766001, ""NZDUSD=X"": -1.476538}",2026-08-05 03:25:00+00:00,2026-08-06 12:29:00+00:00,1.3777777777777778,2,1.4516129032258065,50.0,9.452865480086615,90.54713451991339,-0.619921042197245,0.2626542441465557,1.181928365571281,100.0,99.12851013592322,-0.8714898640767852,-0.6325329658621828,none,0,"{""sized_down"": 2}","{""AUDUSD=X"": -1.181928, ""EURUSD=X"": 0.310439}"
fade,1m,6,15,0.005,3,1.5,0.5,0.2,0.1,0.5,2,0.75,-1000000000.0,2026-07-29 23:00:00+00:00,2026-08-05 03:27:00+00:00,6.185416666666667,0,0.0,0.0,0.0,0.0,0.0,0.0,0.0,100.0,100.0,0.0,0.0,none,0,{},{},2026-08-05 03:25:00+00:00,2026-08-06 12:29:00+00:00,1.3777777777777778,0,0.0,0.0,0.0,0.0,0.0,0.0,0.0,100.0,100.0,0.0,0.0,none,0,{},{}
fade,1m,6,15,0.005,3,1.5,0.5,0.2,0.1,0.8,2,0.75,-1000000000.0,2026-07-29 23:00:00+00:00,2026-08-05 03:27:00+00:00,6.185416666666667,0,0.0,0.0,0.0,0.0,0.0,0.0,0.0,100.0,100.0,0.0,0.0,none,0,{},{},2026-08-05 03:25:00+00:00,2026-08-06 12:29:00+00:00,1.3777777777777778,0,0.0,0.0,0.0,0.0,0.0,0.0,0.0,100.0,100.0,0.0,0.0,none,0,{},{}
fade,1m,6,15,0.005,3,1.5,0.5,0.2,0.1,1.2,2,0.75,-1000000000.0,2026-07-29 23:00:00+00:00,2026-08-05 03:27:00+00:00,6.185416666666667,0,0.0,0.0,0.0,0.0,0.0,0.0,0.0,100.0,100.0,0.0,0.0,none,0,{},{},2026-08-05 03:25:00+00:00,2026-08-06 12:29:00+00:00,1.3777777777777778,0,0.0,0.0,0.0,0.0,0.0,0.0,0.0,100.0,100.0,0.0,0.0,none,0,{},{}
fade,1m,6,15,0.005,3,1.5,0.5,0.2,0.25,0.5,2,0.75,-1000000000.0,2026-07-29 23:00:00+00:00,2026-08-05 03:27:00+00:00,6.185416666666667,0,0.0,0.0,0.0,0.0,0.0,0.0,0.0,100.0,100.0,0.0,0.0,none,0,{},{},2026-08-05 03:25:00+00:00,2026-08-06 12:29:00+00:00,1.3777777777777778,0,0.0,0.0,0.0,0.0,0.0,0.0,0.0,100.0,100.0,0.0,0.0,none,0,{},{}
fade,1m,6,15,0.005,3,1.5,0.5,0.2,0.25,0.8,2,0.75,-1000000000.0,2026-07-29 23:00:00+00:00,2026-08-05 03:27:00+00:00,6.185416666666667,0,0.0,0.0,0.0,0.0,0.0,0.0,0.0,100.0,100.0,0.0,0.0,none,0,{},{},2026-08-05 03:25:00+00:00,2026-08-06 12:29:00+00:00,1.3777777777777778,0,0.0,0.0,0.0,0.0,0.0,0.0,0.0,100.0,100.0,0.0,0.0,none,0,{},{}
fade,1m,6,15,0.005,3,1.5,0.5,0.2,0.25,1.2,2,0.75,-1000000000.0,2026-07-29 23:00:00+00:00,2026-08-05 03:27:00+00:00,6.185416666666667,0,0.0,0.0,0.0,0.0,0.0,0.0,0.0,100.0,100.0,0.0,0.0,none,0,{},{},2026-08-05 03:25:00+00:00,2026-08-06 12:29:00+00:00,1.3777777777777778,0,0.0,0.0,0.0,0.0,0.0,0.0,0.0,100.0,100.0,0.0,0.0,none,0,{},{}
fade,1m,6,15,0.005,3,1.5,0.5,0.5,0.1,0.5,2,0.75,-1000000000.0,2026-07-29 23:00:00+00:00,2026-08-05 03:27:00+00:00,6.185416666666667,1,0.16167059616032334,0.0,0.0,79.34567085261071,-1.2759166550843497,0.0,2.3419030863897063,100.0,97.6580969136103,-2.3419030863897126,-0.37861686812632606,none,0,{},"{""AUDUSD=X"": -2.341903}",2026-08-05 03:25:00+00:00,2026-08-06 12:29:00+00:00,1.3777777777777778,0,0.0,0.0,0.0,0.0,0.0,0.0,0.0,100.0,100.0,0.0,0.0,none,0,{},{}
fade,1m,6,15,0.005,3,1.5,0.5,0.5,0.1,0.8,2,0.75,-1000000000.0,2026-07-29 23:00:00+00:00,2026-08-05 03:27:00+00:00,6.185416666666667,1,0.16167059616032334,0.0,0.0,79.34567085261071,-1.2759166550843497,0.0,2.3419030863897063,100.0,97.6580969136103,-2.3419030863897126,-0.37861686812632606,none,0,{},"{""AUDUSD=X"": -2.341903}",2026-08-05 03:25:00+00:00,2026-08-06 12:29:00+00:00,1.3777777777777778,0,0.0,0.0,0.0,0.0,0.0,0.0,0.0,100.0,100.0,0.0,0.0,none,0,{},{}
fade,1m,6,15,0.005,3,1.5,0.5,0.5,0.1,1.2,2,0.75,-1000000000.0,2026-07-29 23:00:00+00:00,2026-08-05 03:27:00+00:00,6.185416666666667,1,0.16167059616032334,0.0,0.0,79.34567085261071,-1.2759166550843497,0.0,2.3419030863897063,100.0,97.6580969136103,-2.3419030863897126,-0.37861686812632606,none,0,{},"{""AUDUSD=X"": -2.341903}",2026-08-05 03:25:00+00:00,2026-08-06 12:29:00+00:00,1.3777777777777778,0,0.0,0.0,0.0,0.0,0.0,0.0,0.0,100.0,100.0,0.0,0.0,none,0,{},{}
fade,1m,6,15,0.005,3,1.5,0.5,0.5,0.25,0.5,2,0.75,-1000000000.0,2026-07-29 23:00:00+00:00,2026-08-05 03:27:00+00:00,6.185416666666667,1,0.16167059616032334,0.0,0.0,79.34567085261071,-1.2645998710724786,0.0,2.4204049580439744,100.0,97.57959504195603,-2.42040495804397,-0.391308312516371,none,0,{},"{""AUDUSD=X"": -2.420405}",2026-08-05 03:25:00+00:00,2026-08-06 12:29:00+00:00,1.3777777777777778,0,0.0,0.0,0.0,0.0,0.0,0.0,0.0,100.0,100.0,0.0,0.0,none,0,{},{}
fade,1m,6,15,0.005,3,1.5,0.5,0.5,0.25,0.8,2,0.75,-1000000000.0,2026-07-29 23:00:00+00:00,2026-08-05 03:27:00+00:00,6.185416666666667,1,0.16167059616032334,0.0,0.0,79.34567085261071,-1.2645998710724786,0.0,2.4204049580439744,100.0,97.57959504195603,-2.42040495804397,-0.391308312516371,none,0,{},"{""AUDUSD=X"": -2.420405}",2026-08-05 03:25:00+00:00,2026-08-06 12:29:00+00:00,1.3777777777777778,0,0.0,0.0,0.0,0.0,0.0,0.0,0.0,100.0,100.0,0.0,0.0,none,0,{},{}
fade,1m,6,15,0.005,3,1.5,0.5,0.5,0.25,1.2,2,0.75,-1000000000.0,2026-07-29 23:00:00+00:00,2026-08-05 03:27:00+00:00,6.185416666666667,1,0.16167059616032334,0.0,0.0,79.34567085261071,-1.2645998710724786,0.0,2.4204049580439744,100.0,97.57959504195603,-2.42040495804397,-0.391308312516371,none,0,{},"{""AUDUSD=X"": -2.420405}",2026-08-05 03:25:00+00:00,2026-08-06 12:29:00+00:00,1.3777777777777778,0,0.0,0.0,0.0,0.0,0.0,0.0,0.0,100.0,100.0,0.0,0.0,none,0,{},{}
fade,1m,6,15,0.005,3,1.5,0.8,0.2,0.1,0.5,2,0.75,-1000000000.0,2026-07-29 23:00:00+00:00,2026-08-05 03:27:00+00:00,6.185416666666667,0,0.0,0.0,0.0,0.0,0.0,0.0,0.0,100.0,100.0,0.0,0.0,none,0,{},{},2026-08-05 03:25:00+00:00,2026-08-06 12:29:00+00:00,1.3777777777777778,0,0.0,0.0,0.0,0.0,0.0,0.0,0.0,100.0,100.0,0.0,0.0,none,0,{},{}
fade,1m,6,15,0.005,3,1.5,0.8,0.2,0.1,0.8,2,0.75,-1000000000.0,2026-07-29 23:00:00+00:00,2026-08-05 03:27:00+00:00,6.185416666666667,0,0.0,0.0,0.0,0.0,0.0,0.0,0.0,100.0,100.0,0.0,0.0,none,0,{},{},2026-08-05 03:25:00+00:00,2026-08-06 12:29:00+00:00,1.3777777777777778,0,0.0,0.0,0.0,0.0,0.0,0.0,0.0,100.0,100.0,0.0,0.0,none,0,{},{}
fade,1m,6,15,0.005,3,1.5,0.8,0.2,0.1,1.2,2,0.75,-1000000000.0,2026-07-29 23:00:00+00:00,2026-08-05 03:27:00+00:00,6.185416666666667,1,0.16167059616032334,0.0,0.0,79.34567085261071,-0.2732892385410408,0.0,0.149433922767642,100.0,99.85056607723236,-0.14943392276763914,-0.024159071380419936,none,0,"{""sized_down"": 1}","{""EURUSD=X"": -0.149434}",2026-08-05 03:25:00+00:00,2026-08-06 12:29:00+00:00,1.3777777777777778,0,0.0,0.0,0.0,0.0,0.0,0.0,0.0,100.0,100.0,0.0,0.0,none,0,{},{}
fade,1m,6,15,0.005,3,1.5,0.8,0.2,0.25,0.5,2,0.75,-1000000000.0,2026-07-29 23:00:00+00:00,2026-08-05 03:27:00+00:00,6.185416666666667,0,0.0,0.0,0.0,0.0,0.0,0.0,0.0,100.0,100.0,0.0,0.0,none,0,{},{},2026-08-05 03:25:00+00:00,2026-08-06 12:29:00+00:00,1.3777777777777778,0,0.0,0.0,0.0,0.0,0.0,0.0,0.0,100.0,100.0,0.0,0.0,none,0,{},{}
fade,1m,6,15,0.005,3,1.5,0.8,0.2,0.25,0.8,2,0.75,-1000000000.0,2026-07-29 23:00:00+00:00,2026-08-05 03:27:00+00:00,6.185416666666667,0,0.0,0.0,0.0,0.0,0.0,0.0,0.0,100.0,100.0,0.0,0.0,none,0,{},{},2026-08-05 03:25:00+00:00,2026-08-06 12:29:00+00:00,1.3777777777777778,0,0.0,0.0,0.0,0.0,0.0,0.0,0.0,100.0,100.0,0.0,0.0,none,0,{},{}
fade,1m,6,15,0.005,3,1.5,0.8,0.2,0.25,1.2,2,0.75,-1000000000.0,2026-07-29 23:00:00+00:00,2026-08-05 03:27:00+00:00,6.185416666666667,1,0.16167059616032334,0.0,0.0,79.34567085261071,-0.26109060126602923,0.0,0.149433922767642,100.0,99.85056607723236,-0.14943392276763914,-0.024159071380419936,none,0,"{""sized_down"": 1}","{""EURUSD=X"": -0.149434}",2026-08-05 03:25:00+00:00,2026-08-06 12:29:00+00:00,1.3777777777777778,0,0.0,0.0,0.0,0.0,0.0,0.0,0.0,100.0,100.0,0.0,0.0,none,0,{},{}
fade,1m,6,15,0.005,3,1.5,0.8,0.5,0.1,0.5,2,0.75,-1000000000.0,2026-07-29 23:00:00+00:00,2026-08-05 03:27:00+00:00,6.185416666666667,1,0.16167059616032334,0.0,0.0,79.34567085261071,-1.2759166550843497,0.0,2.3419030863897063,100.0,97.6580969136103,-2.3419030863897126,-0.37861686812632606,none,0,{},"{""AUDUSD=X"": -2.341903}",2026-08-05 03:25:00+00:00,2026-08-06 12:29:00+00:00,1.3777777777777778,0,0.0,0.0,0.0,0.0,0.0,0.0,0.0,100.0,100.0,0.0,0.0,none,0,{},{}
fade,1m,6,15,0.005,3,1.5,0.8,0.5,0.1,0.8,2,0.75,-1000000000.0,2026-07-29 23:00:00+00:00,2026-08-05 03:27:00+00:00,6.185416666666667,1,0.16167059616032334,0.0,0.0,79.34567085261071,-1.2759166550843497,0.0,2.3419030863897063,100.0,97.6580969136103,-2.3419030863897126,-0.37861686812632606,none,0,{},"{""AUDUSD=X"": -2.341903}",2026-08-05 03:25:00+00:00,2026-08-06 12:29:00+00:00,1.3777777777777778,0,0.0,0.0,0.0,0.0,0.0,0.0,0.0,100.0,100.0,0.0,0.0,none,0,{},{}
fade,1m,6,15,0.005,3,1.5,0.8,0.5,0.1,1.2,2,0.75,-1000000000.0,2026-07-29 23:00:00+00:00,2026-08-05 03:27:00+00:00,6.185416666666667,2,0.3233411923206467,0.0,0.0,65.76280471103807,-0.7746029468126953,0.0,2.4913370091573483,100.0,97.50866299084265,-2.491337009157352,-0.402775939506746,none,0,"{""sized_down"": 1}","{""AUDUSD=X"": -2.341903, ""EURUSD=X"": -0.149434}",2026-08-05 03:25:00+00:00,2026-08-06 12:29:00+00:00,1.3777777777777778,0,0.0,0.0,0.0,0.0,0.0,0.0,0.0,100.0,100.0,0.0,0.0,none,0,{},{}
fade,1m,6,15,0.005,3,1.5,0.8,0.5,0.25,0.5,2,0.75,-1000000000.0,2026-07-29 23:00:00+00:00,2026-08-05 03:27:00+00:00,6.185416666666667,1,0.16167059616032334,0.0,0.0,79.34567085261071,-1.2645998710724786,0.0,2.4204049580439744,100.0,97.57959504195603,-2.42040495804397,-0.391308312516371,none,0,{},"{""AUDUSD=X"": -2.420405}",2026-08-05 03:25:00+00:00,2026-08-06 12:29:00+00:00,1.3777777777777778,0,0.0,0.0,0.0,0.0,0.0,0.0,0.0,100.0,100.0,0.0,0.0,none,0,{},{}
fade,1m,6,15,0.005,3,1.5,0.8,0.5,0.25,0.8,2,0.75,-1000000000.0,2026-07-29 23:00:00+00:00,2026-08-05 03:27:00+00:00,6.185416666666667,1,0.16167059616032334,0.0,0.0,79.34567085261071,-1.2645998710724786,0.0,2.4204049580439744,100.0,97.57959504195603,-2.42040495804397,-0.391308312516371,none,0,{},"{""AUDUSD=X"": -2.420405}",2026-08-05 03:25:00+00:00,2026-08-06 12:29:00+00:00,1.3777777777777778,0,0.0,0.0,0.0,0.0,0.0,0.0,0.0,100.0,100.0,0.0,0.0,none,0,{},{}
fade,1m,6,15,0.005,3,1.5,0.8,0.5,0.25,1.2,2,0.75,-1000000000.0,2026-07-29 23:00:00+00:00,2026-08-05 03:27:00+00:00,6.185416666666667,2,0.3233411923206467,0.0,0.0,65.76280471103807,-0.7628452361692539,0.0,2.5698388808116164,100.0,97.43016111918838,-2.5698388808116093,-0.415467383896791,none,0,"{""sized_down"": 1}","{""AUDUSD=X"": -2.420405, ""EURUSD=X"": -0.149434}",2026-08-05 03:25:00+00:00,2026-08-06 12:29:00+00:00,1.3777777777777778,1,0.7258064516129032,0.0,0.0,79.34567085261071,-1.7526929693417443,0.0,1.181928365571281,100.0,98.81807163442872,-1.1819283655712851,-0.8578512330759327,none,0,"{""sized_down"": 1}","{""AUDUSD=X"": -1.181928}"
fade,1m,6,25,0.005,3,0.75,0.5,0.2,0.1,0.5,2,0.75,-1000000000.0,2026-07-29 23:00:00+00:00,2026-08-05 03:27:00+00:00,6.185416666666667,0,0.0,0.0,0.0,0.0,0.0,0.0,0.0,100.0,100.0,0.0,0.0,none,0,{},{},2026-08-05 03:25:00+00:00,2026-08-06 12:29:00+00:00,1.3777777777777778,0,0.0,0.0,0.0,0.0,0.0,0.0,0.0,100.0,100.0,0.0,0.0,none,0,{},{}
fade,1m,6,25,0.005,3,0.75,0.5,0.2,0.1,0.8,2,0.75,-1000000000.0,2026-07-29 23:00:00+00:00,2026-08-05 03:27:00+00:00,6.185416666666667,4,0.6466823846412934,0.0,0.0,48.990002040399915,-0.9346051886873012,0.0,3.652545270238349,100.0,96.34745472976165,-3.6525452702383503,-0.5905091713420034,none,0,"{""sized_down"": 4}","{""EURUSD=X"": -1.616567, ""NZDUSD=X"": -2.035979}",2026-08-05 03:25:00+00:00,2026-08-06 12:29:00+00:00,1.3777777777777778,0,0.0,0.0,0.0,0.0,0.0,0.0,0.0,100.0,100.0,0.0,0.0,none,0,{},{}
fade,1m,6,25,0.005,3,0.75,0.5,0.2,0.1,1.2,2,0.75,-1000000000.0,2026-07-29 23:00:00+00:00,2026-08-05 03:27:00+00:00,6.185416666666667,6,0.9700235769619401,16.666666666666664,3.005258587173032,56.350943656364606,-0.8314595421321654,0.06046528679830301,4.373431573595241,100.0,95.62656842640476,-4.373431573595235,-0.7070552897695227,none,0,"{""sized_down"": 6}","{""EURUSD=X"": -1.616567, ""NZDUSD=X"": -2.756865}",2026-08-05 03:25:00+00:00,2026-08-06 12:29:00+00:00,1.3777777777777778,1,0.7258064516129032,100.0,20.654329147389294,100.0,0.46043676321883054,inf,0.0,100.0,100.25895848069892,0.25895848069891975,0.18795373599115142,none,0,"{""sized_down"": 1}","{""EURUSD=X"": 0.258958}"
fade,1m,6,25,0.005,3,0.75,0.5,0.2,0.25,0.5,2,0.75,-1000000000.0,2026-07-29 23:00:00+00:00,2026-08-05 03:27:00+00:00,6.185416666666667,0,0.0,0.0,0.0,0.0,0.0,0.0,0.0,100.0,100.0,0.0,0.0,none,0,{},{},2026-08-05 03:25:00+00:00,2026-08-06 12:29:00+00:00,1.3777777777777778,0,0.0,0.0,0.0,0.0,0.0,0.0,0.0,100.0,100.0,0.0,0.0,none,0,{},{}
fade,1m,6,25,0.005,3,0.75,0.5,0.2,0.25,0.8,2,0.75,-1000000000.0,2026-07-29 23:00:00+00:00,2026-08-05 03:27:00+00:00,6.185416666666667,4,0.6466823846412934,0.0,0.0,48.990002040399915,-0.90223802685517,0.0,3.7247477824346618,100.0,96.27525221756534,-3.724747782434657,-0.6021821945330533,none,0,"{""sized_down"": 4}","{""EURUSD=X"": -1.616567, ""NZDUSD=X"": -2.108181}",2026-08-05 03:25:00+00:00,2026-08-06 12:29:00+00:00,1.3777777777777778,0,0.0,0.0,0.0,0.0,0.0,0.0,0.0,100.0,100.0,0.0,0.0,none,0,{},{}
fade,1m,6,25,0.005,3,0.75,0.5,0.2,0.25,1.2,2,0.75,-1000000000.0,2026-07-29 23:00:00+00:00,2026-08-05 03:27:00+00:00,6.185416666666667,6,0.9700235769619401,16.666666666666664,3.005258587173032,56.350943656364606,-0.7918111734062899,0.07278053562229389,4.420097412381892,100.0,95.57990258761811,-4.420097412381889,-0.7145997837464825,none,0,"{""sized_down"": 6}","{""EURUSD=X"": -1.616567, ""NZDUSD=X"": -2.803531}",2026-08-05 03:25:00+00:00,2026-08-06 12:29:00+00:00,1.3777777777777778,1,0.7258064516129032,100.0,20.654329147389294,100.0,0.5128508849472544,inf,0.0,100.0,100.3104385014945,0.31043850149449986,0.2253182672137499,none,0,"{""sized_down"": 1}","{""EURUSD=X"": 0.310439}"
fade,1m,6,25,0.005,3,0.75,0.5,0.5,0.1,0.5,2,0.75,-1000000000.0,2026-07-29 23:00:00+00:00,2026-08-05 03:27:00+00:00,6.185416666666667,1,0.16167059616032334,0.0,0.0,79.34567085261071,-1.2759166550843497,0.0,2.3419030863897063,100.0,97.6580969136103,-2.3419030863897126,-0.37861686812632606,none,0,{},"{""AUDUSD=X"": -2.341903}",2026-08-05 03:25:00+00:00,2026-08-06 12:29:00+00:00,1.3777777777777778,0,0.0,0.0,0.0,0.0,0.0,0.0,0.0,100.0,100.0,0.0,0.0,none,0,{},{}
fade,1m,6,25,0.005,3,0.75,0.5,0.5,0.1,0.8,2,0.75,-1000000000.0,2026-07-29 23:00:00+00:00,2026-08-05 03:27:00+00:00,6.185416666666667,5,0.8083529808016167,0.0,0.0,43.4491494752081,-1.002867481966711,0.0,5.994448356628055,100.0,94.00555164337194,-5.994448356628062,-0.9691260394683294,none,0,"{""sized_down"": 4}","{""AUDUSD=X"": -2.341903, ""EURUSD=X"": -1.616567, ""NZDUSD=X"": -2.035979}",2026-08-05 03:25:00+00:00,2026-08-06 12:29:00+00:00,1.3777777777777778,0,0.0,0.0,0.0,0.0,0.0,0.0,0.0,100.0,100.0,0.0,0.0,none,0,{},{}
fade,1m,6,25,0.005,3,0.75,0.5,0.5,0.1,1.2,2,0.75,-1000000000.0,2026-07-29 23:00:00+00:00,2026-08-05 03:27:00+00:00,6.185416666666667,7,1.1316941731222634,14.285714285714285,2.567895594897479,51.313450331903,-0.8949534154110489,0.04022689728297889,6.715334659984946,100.0,93.28466534001505,-6.715334659984948,-1.0856721578958488,none,0,"{""sized_down"": 6}","{""AUDUSD=X"": -2.341903, ""EURUSD=X"": -1.616567, ""NZDUSD=X"": -2.756865}",2026-08-05 03:25:00+00:00,2026-08-06 12:29:00+00:00,1.3777777777777778,1,0.7258064516129032,100.0,20.654329147389294,100.0,0.46043676321883054,inf,0.0,100.0,100.25895848069892,0.25895848069891975,0.18795373599115142,none,0,"{""sized_down"": 1}","{""EURUSD=X"": 0.258958}"
fade,1m,6,25,0.005,3,0.75,0.5,0.5,0.25,0.5,2,0.75,-1000000000.0,2026-07-29 23:00:00+00:00,2026-08-05 03:27:00+00:00,6.185416666666667,1,0.16167059616032334,0.0,0.0,79.34567085261071,-1.2645998710724786,0.0,2.4204049580439744,100.0,97.57959504195603,-2.42040495804397,-0.391308312516371,none,0,{},"{""AUDUSD=X"": -2.420405}",2026-08-05 03:25:00+00:00,2026-08-06 12:29:00+00:00,1.3777777777777778,0,0.0,0.0,0.0,0.0,0.0,0.0,0.0,100.0,100.0,0.0,0.0,none,0,{},{}
fade,1m,6,25,0.005,3,0.75,0.5,0.5,0.25,0.8,2,0.75,-1000000000.0,2026-07-29 23:00:00+00:00,2026-08-05 03:27:00+00:00,6.185416666666667,5,0.8083529808016167,0.0,0.0,43.4491494752081,-0.9747103956986317,0.0,6.145152740478636,100.0,93.85484725952136,-6.145152740478627,-0.9934905070494244,none,0,"{""sized_down"": 4}","{""AUDUSD=X"": -2.420405, ""EURUSD=X"": -1.616567, ""NZDUSD=X"": -2.108181}",2026-08-05 03:25:00+00:00,2026-08-06 12:29:00+00:00,1.3777777777777778,0,0.0,0.0,0.0,0.0,0.0,0.0,0.0,100.0,100.0,0.0,0.0,none,0,{},{}
fade,1m,6,25,0.005,3,0.75,0.5,0.5,0.25,1.2,2,0.75,-1000000000.0,2026-07-29 23:00:00+00:00,2026-08-05 03:27:00+00:00,6.185416666666667,7,1.1316941731222634,14.285714285714285,2.567895594897479,51.313450331903,-0.8593524159300312,0.052708860334306745,6.235401130914866,100.0,93.76459886908513,-6.235401130914866,-1.0080810181337607,none,0,"{""sized_down"": 6}","{""AUDUSD=X"": -1.815304, ""EURUSD=X"": -1.616567, ""NZDUSD=X"": -2.803531}",2026-08-05 03:25:00+00:00,2026-08-06 12:29:00+00:00,1.3777777777777778,1,0.7258064516129032,100.0,20.654329147389294,100.0,0.5128508849472544,inf,0.0,100.0,100.3104385014945,0.31043850149449986,0.2253182672137499,none,0,"{""sized_down"": 1}","{""EURUSD=X"": 0.310439}"
fade,1m,6,25,0.005,3,0.75,0.8,0.2,0.1,0.5,2,0.75,-1000000000.0,2026-07-29 23:00:00+00:00,2026-08-05 03:27:00+00:00,6.185416666666667,0,0.0,0.0,0.0,0.0,0.0,0.0,0.0,100.0,100.0,0.0,0.0,none,0,{},{},2026-08-05 03:25:00+00:00,2026-08-06 12:29:00+00:00,1.3777777777777778,0,0.0,0.0,0.0,0.0,0.0,0.0,0.0,100.0,100.0,0.0,0.0,none,0,{},{}
fade,1m,6,25,0.005,3,0.75,0.8,0.2,0.1,0.8,2,0.75,-1000000000.0,2026-07-29 23:00:00+00:00,2026-08-05 03:27:00+00:00,6.185416666666667,4,0.6466823846412934,0.0,0.0,48.990002040399915,-0.9346051886873012,0.0,3.652545270238349,100.0,96.34745472976165,-3.6525452702383503,-0.5905091713420034,none,0,"{""sized_down"": 4}","{""EURUSD=X"": -1.616567, ""NZDUSD=X"": -2.035979}",2026-08-05 03:25:00+00:00,2026-08-06 12:29:00+00:00,1.3777777777777778,0,0.0,0.0,0.0,0.0,0.0,0.0,0.0,100.0,100.0,0.0,0.0,none,0,{},{}
fade,1m,6,25,0.005,3,0.75,0.8,0.2,0.1,1.2,2,0.75,-1000000000.0,2026-07-29 23:00:00+00:00,2026-08-05 03:27:00+00:00,6.185416666666667,7,1.1316941731222634,14.285714285714285,2.567895594897479,51.313450331903,-0.7517209273334332,0.05858457195134112,4.522865496362883,100.0,95.47713450363712,-4.522865496362876,-0.7312143611499429,none,0,"{""sized_down"": 7}","{""EURUSD=X"": -1.766001, ""NZDUSD=X"": -2.756865}",2026-08-05 03:25:00+00:00,2026-08-06 12:29:00+00:00,1.3777777777777778,2,1.4516129032258065,100.0,34.23719528896193,100.0,0.4690833380081476,inf,0.0,100.0,100.60812000513101,0.6081200051310167,0.44137742307896377,none,0,"{""sized_down"": 2}","{""EURUSD=X"": 0.258958, ""NZDUSD=X"": 0.349162}"
fade,1m,6,25,0.005,3,0.75,0.8,0.2,0.25,0.5,2,0.75,-1000000000.0,2026-07-29 23:00:00+00:00,2026-08-05 03:27:00+00:00,6.185416666666667,0,0.0,0.0,0.0,0.0,0.0,0.0,0.0,100.0,100.0,0.0,0.0,none,0,{},{},2026-08-05 03:25:00+00:00,2026-08-06 12:29:00+00:00,1.3777777777777778,0,0.0,0.0,0.0,0.0,0.0,0.0,0.0,100.0,100.0,0.0,0.0,none,0,{},{}
fade,1m,6,25,0.005,3,0.75,0.8,0.2,0.25,0.8,2,0.75,-1000000000.0,2026-07-29 23:00:00+00:00,2026-08-05 03:27:00+00:00,6.185416666666667,4,0.6466823846412934,0.0,0.0,48.990002040399915,-0.90223802685517,0.0,3.7247477824346618,100.0,96.27525221756534,-3.724747782434657,-0.6021821945330533,none,0,"{""sized_down"": 4}","{""EURUSD=X"": -1.616567, ""NZDUSD=X"": -2.108181}",2026-08-05 03:25:00+00:00,2026-08-06 12:29:00+00:00,1.3777777777777778,0,0.0,0.0,0.0,0.0,0.0,0.0,0.0,100.0,100.0,0.0,0.0,none,0,{},{}
fade,1m,6,25,0.005,3,0.75,0.8,0.2,0.25,1.2,2,0.75,-1000000000.0,2026-07-29 23:00:00+00:00,2026-08-05 03:27:00+00:00,6.185416666666667,7,1.1316941731222634,14.285714285714285,2.567895594897479,51.313450331903,-0.7159939488148241,0.07056840781392039,4.569531335149534,100.0,95.43046866485047,-4.569531335149527,-0.7387588551269023,none,0,"{""sized_down"": 7}","{""EURUSD=X"": -1.766001, ""NZDUSD=X"": -2.803531}",2026-08-05 03:25:00+00:00,2026-08-06 12:29:00+00:00,1.3777777777777778,2,1.4516129032258065,100.0,34.23719528896193,100.0,0.5246004559215384,inf,0.0,100.0,100.73706988573099,0.7370698857309879,0.5349700783531364,none,0,"{""sized_down"": 2}","{""EURUSD=X"": 0.310439, ""NZDUSD=X"": 0.426631}"
fade,1m,6,25,0.005,3,0.75,0.8,0.5,0.1,0.5,2,0.75,-1000000000.0,2026-07-29 23:00:00+00:00,2026-08-05 03:27:00+00:00,6.185416666666667,1,0.16167059616032334,0.0,0.0,79.34567085261071,-1.2759166550843497,0.0,2.3419030863897063,100.0,97.6580969136103,-2.3419030863897126,-0.37861686812632606,none,0,{},"{""AUDUSD=X"": -2.341903}",2026-08-05 03:25:00+00:00,2026-08-06 12:29:00+00:00,1.3777777777777778,0,0.0,0.0,0.0,0.0,0.0,0.0,0.0,100.0,100.0,0.0,0.0,none,0,{},{}
fade,1m,6,25,0.005,3,0.75,0.8,0.5,0.1,0.8,2,0.75,-1000000000.0,2026-07-29 23:00:00+00:00,2026-08-05 03:27:00+00:00,6.185416666666667,5,0.8083529808016167,0.0,0.0,43.4491494752081,-1.002867481966711,0.0,5.994448356628055,100.0,94.00555164337194,-5.994448356628062,-0.9691260394683294,none,0,"{""sized_down"": 4}","{""AUDUSD=X"": -2.341903, ""EURUSD=X"": -1.616567, ""NZDUSD=X"": -2.035979}",2026-08-05 03:25:00+00:00,2026-08-06 12:29:00+00:00,1.3777777777777778,0,0.0,0.0,0.0,0.0,0.0,0.0,0.0,100.0,100.0,0.0,0.0,none,0,{},{}
fade,1m,6,25,0.005,3,0.75,0.8,0.5,0.1,1.2,2,0.75,-1000000000.0,2026-07-29 23:00:00+00:00,2026-08-05 03:27:00+00:00,6.185416666666667,9,1.45503536544291,11.11111111111111,1.9890371327130536,43.50062147680601,-0.7914317922195777,0.037182323417663254,7.2882481874736555,100.0,92.71175181252634,-7.288248187473656,-1.1782954294332622,none,0,"{""sized_down"": 8}","{""AUDUSD=X"": -2.341903, ""EURUSD=X"": -1.766001, ""NZDUSD=X"": -3.180344}",2026-08-05 03:25:00+00:00,2026-08-06 12:29:00+00:00,1.3777777777777778,2,1.4516129032258065,100.0,34.23719528896193,100.0,0.4690833380081476,inf,0.0,100.0,100.60812000513101,0.6081200051310167,0.44137742307896377,none,0,"{""sized_down"": 2}","{""EURUSD=X"": 0.258958, ""NZDUSD=X"": 0.349162}"
fade,1m,6,25,0.005,3,0.75,0.8,0.5,0.25,0.5,2,0.75,-1000000000.0,2026-07-29 23:00:00+00:00,2026-08-05 03:27:00+00:00,6.185416666666667,1,0.16167059616032334,0.0,0.0,79.34567085261071,-1.2645998710724786,0.0,2.4204049580439744,100.0,97.57959504195603,-2.42040495804397,-0.391308312516371,none,0,{},"{""AUDUSD=X"": -2.420405}",2026-08-05 03:25:00+00:00,2026-08-06 12:29:00+00:00,1.3777777777777778,0,0.0,0.0,0.0,0.0,0.0,0.0,0.0,100.0,100.0,0.0,0.0,none,0,{},{}
fade,1m,6,25,0.005,3,0.75,0.8,0.5,0.25,0.8,2,0.75,-1000000000.0,2026-07-29 23:00:00+00:00,2026-08-05 03:27:00+00:00,6.185416666666667,5,0.8083529808016167,0.0,0.0,43.4491494752081,-0.9747103956986317,0.0,6.145152740478636,100.0,93.85484725952136,-6.145152740478627,-0.9934905070494244,none,0,"{""sized_down"": 4}","{""AUDUSD=X"": -2.420405, ""EURUSD=X"": -1.616567, ""NZDUSD=X"": -2.108181}",2026-08-05 03:25:00+00:00,2026-08-06 12:29:00+00:00,1.3777777777777778,0,0.0,0.0,0.0,0.0,0.0,0.0,0.0,100.0,100.0,0.0,0.0,none,0,{},{}
fade,1m,6,25,0.005,3,0.75,0.8,0.5,0.25,1.2,2,0.75,-1000000000.0,2026-07-29 23:00:00+00:00,2026-08-05 03:27:00+00:00,6.185416666666667,9,1.45503536544291,11.11111111111111,1.9890371327130536,43.50062147680601,-0.7582773637013146,0.04848852349881146,6.8083146584035745,100.0,93.19168534159643,-6.808314658403574,-1.1007042896711738,none,0,"{""sized_down"": 8}","{""AUDUSD=X"": -1.815304, ""EURUSD=X"": -1.766001, ""NZDUSD=X"": -3.22701}",2026-08-05 03:25:00+00:00,2026-08-06 12:29:00+00:00,1.3777777777777778,3,2.1774193548387095,66.66666666666666,20.76549551264879,93.85096847238394,-0.23449735249955586,0.6236163774398672,1.181928365571281,100.0,99.55514152015971,-0.4448584798402973,-0.32288115472279644,none,0,"{""sized_down"": 3}","{""AUDUSD=X"": -1.181928, ""EURUSD=X"": 0.310439, ""NZDUSD=X"": 0.426631}"
fade,1m,6,25,0.005,3,1.5,0.5,0.2,0.1,0.5,2,0.75,-1000000000.0,2026-07-29 23:00:00+00:00,2026-08-05 03:27:00+00:00,6.185416666666667,0,0.0,0.0,0.0,0.0,0.0,0.0,0.0,100.0,100.0,0.0,0.0,none,0,{},{},2026-08-05 03:25:00+00:00,2026-08-06 12:29:00+00:00,1.3777777777777778,0,0.0,0.0,0.0,0.0,0.0,0.0,0.0,100.0,100.0,0.0,0.0,none,0,{},{}
fade,1m,6,25,0.005,3,1.5,0.5,0.2,0.1,0.8,2,0.75,-1000000000.0,2026-07-29 23:00:00+00:00,2026-08-05 03:27:00+00:00,6.185416666666667,0,0.0,0.0,0.0,0.0,0.0,0.0,0.0,100.0,100.0,0.0,0.0,none,0,{},{},2026-08-05 03:25:00+00:00,2026-08-06 12:29:00+00:00,1.3777777777777778,0,0.0,0.0,0.0,0.0,0.0,0.0,0.0,100.0,100.0,0.0,0.0,none,0,{},{}
fade,1m,6,25,0.005,3,1.5,0.5,0.2,0.1,1.2,2,0.75,-1000000000.0,2026-07-29 23:00:00+00:00,2026-08-05 03:27:00+00:00,6.185416666666667,0,0.0,0.0,0.0,0.0,0.0,0.0,0.0,100.0,100.0,0.0,0.0,none,0,{},{},2026-08-05 03:25:00+00:00,2026-08-06 12:29:00+00:00,1.3777777777777778,0,0.0,0.0,0.0,0.0,0.0,0.0,0.0,100.0,100.0,0.0,0.0,none,0,{},{}
fade,1m,6,25,0.005,3,1.5,0.5,0.2,0.25,0.5,2,0.75,-1000000000.0,2026-07-29 23:00:00+00:00,2026-08-05 03:27:00+00:00,6.185416666666667,0,0.0,0.0,0.0,0.0,0.0,0.0,0.0,100.0,100.0,0.0,0.0,none,0,{},{},2026-08-05 03:25:00+00:00,2026-08-06 12:29:00+00:00,1.3777777777777778,0,0.0,0.0,0.0,0.0,0.0,0.0,0.0,100.0,100.0,0.0,0.0,none,0,{},{}
fade,1m,6,25,0.005,3,1.5,0.5,0.2,0.25,0.8,2,0.75,-1000000000.0,2026-07-29 23:00:00+00:00,2026-08-05 03:27:00+00:00,6.185416666666667,0,0.0,0.0,0.0,0.0,0.0,0.0,0.0,100.0,100.0,0.0,0.0,none,0,{},{},2026-08-05 03:25:00+00:00,2026-08-06 12:29:00+00:00,1.3777777777777778,0,0.0,0.0,0.0,0.0,0.0,0.0,0.0,100.0,100.0,0.0,0.0,none,0,{},{}
fade,1m,6,25,0.005,3,1.5,0.5,0.2,0.25,1.2,2,0.75,-1000000000.0,2026-07-29 23:00:00+00:00,2026-08-05 03:27:00+00:00,6.185416666666667,0,0.0,0.0,0.0,0.0,0.0,0.0,0.0,100.0,100.0,0.0,0.0,none,0,{},{},2026-08-05 03:25:00+00:00,2026-08-06 12:29:00+00:00,1.3777777777777778,0,0.0,0.0,0.0,0.0,0.0,0.0,0.0,100.0,100.0,0.0,0.0,none,0,{},{}
fade,1m,6,25,0.005,3,1.5,0.5,0.5,0.1,0.5,2,0.75,-1000000000.0,2026-07-29 23:00:00+00:00,2026-08-05 03:27:00+00:00,6.185416666666667,1,0.16167059616032334,0.0,0.0,79.34567085261071,-1.2759166550843497,0.0,2.3419030863897063,100.0,97.6580969136103,-2.3419030863897126,-0.37861686812632606,none,0,{},"{""AUDUSD=X"": -2.341903}",2026-08-05 03:25:00+00:00,2026-08-06 12:29:00+00:00,1.3777777777777778,0,0.0,0.0,0.0,0.0,0.0,0.0,0.0,100.0,100.0,0.0,0.0,none,0,{},{}
fade,1m,6,25,0.005,3,1.5,0.5,0.5,0.1,0.8,2,0.75,-1000000000.0,2026-07-29 23:00:00+00:00,2026-08-05 03:27:00+00:00,6.185416666666667,1,0.16167059616032334,0.0,0.0,79.34567085261071,-1.2759166550843497,0.0,2.3419030863897063,100.0,97.6580969136103,-2.3419030863897126,-0.37861686812632606,none,0,{},"{""AUDUSD=X"": -2.341903}",2026-08-05 03:25:00+00:00,2026-08-06 12:29:00+00:00,1.3777777777777778,0,0.0,0.0,0.0,0.0,0.0,0.0,0.0,100.0,100.0,0.0,0.0,none,0,{},{}
fade,1m,6,25,0.005,3,1.5,0.5,0.5,0.1,1.2,2,0.75,-1000000000.0,2026-07-29 23:00:00+00:00,2026-08-05 03:27:00+00:00,6.185416666666667,1,0.16167059616032334,0.0,0.0,79.34567085261071,-1.2759166550843497,0.0,2.3419030863897063,100.0,97.6580969136103,-2.3419030863897126,-0.37861686812632606,none,0,{},"{""AUDUSD=X"": -2.341903}",2026-08-05 03:25:00+00:00,2026-08-06 12:29:00+00:00,1.3777777777777778,0,0.0,0.0,0.0,0.0,0.0,0.0,0.0,100.0,100.0,0.0,0.0,none,0,{},{}
fade,1m,6,25,0.005,3,1.5,0.5,0.5,0.25,0.5,2,0.75,-1000000000.0,2026-07-29 23:00:00+00:00,2026-08-05 03:27:00+00:00,6.185416666666667,1,0.16167059616032334,0.0,0.0,79.34567085261071,-1.2645998710724786,0.0,2.4204049580439744,100.0,97.57959504195603,-2.42040495804397,-0.391308312516371,none,0,{},"{""AUDUSD=X"": -2.420405}",2026-08-05 03:25:00+00:00,2026-08-06 12:29:00+00:00,1.3777777777777778,0,0.0,0.0,0.0,0.0,0.0,0.0,0.0,100.0,100.0,0.0,0.0,none,0,{},{}
fade,1m,6,25,0.005,3,1.5,0.5,0.5,0.25,0.8,2,0.75,-1000000000.0,2026-07-29 23:00:00+00:00,2026-08-05 03:27:00+00:00,6.185416666666667,1,0.16167059616032334,0.0,0.0,79.34567085261071,-1.2645998710724786,0.0,2.4204049580439744,100.0,97.57959504195603,-2.42040495804397,-0.391308312516371,none,0,{},"{""AUDUSD=X"": -2.420405}",2026-08-05 03:25:00+00:00,2026-08-06 12:29:00+00:00,1.3777777777777778,0,0.0,0.0,0.0,0.0,0.0,0.0,0.0,100.0,100.0,0.0,0.0,none,0,{},{}
fade,1m,6,25,0.005,3,1.5,0.5,0.5,0.25,1.2,2,0.75,-1000000000.0,2026-07-29 23:00:00+00:00,2026-08-05 03:27:00+00:00,6.185416666666667,1,0.16167059616032334,0.0,0.0,79.34567085261071,-1.2645998710724786,0.0,2.4204049580439744,100.0,97.57959504195603,-2.42040495804397,-0.391308312516371,none,0,{},"{""AUDUSD=X"": -2.420405}",2026-08-05 03:25:00+00:00,2026-08-06 12:29:00+00:00,1.3777777777777778,0,0.0,0.0,0.0,0.0,0.0,0.0,0.0,100.0,100.0,0.0,0.0,none,0,{},{}
fade,1m,6,25,0.005,3,1.5,0.8,0.2,0.1,0.5,2,0.75,-1000000000.0,2026-07-29 23:00:00+00:00,2026-08-05 03:27:00+00:00,6.185416666666667,0,0.0,0.0,0.0,0.0,0.0,0.0,0.0,100.0,100.0,0.0,0.0,none,0,{},{},2026-08-05 03:25:00+00:00,2026-08-06 12:29:00+00:00,1.3777777777777778,0,0.0,0.0,0.0,0.0,0.0,0.0,0.0,100.0,100.0,0.0,0.0,none,0,{},{}
fade,1m,6,25,0.005,3,1.5,0.8,0.2,0.1,0.8,2,0.75,-1000000000.0,2026-07-29 23:00:00+00:00,2026-08-05 03:27:00+00:00,6.185416666666667,0,0.0,0.0,0.0,0.0,0.0,0.0,0.0,100.0,100.0,0.0,0.0,none,0,{},{},2026-08-05 03:25:00+00:00,2026-08-06 12:29:00+00:00,1.3777777777777778,0,0.0,0.0,0.0,0.0,0.0,0.0,0.0,100.0,100.0,0.0,0.0,none,0,{},{}
fade,1m,6,25,0.005,3,1.5,0.8,0.2,0.1,1.2,2,0.75,-1000000000.0,2026-07-29 23:00:00+00:00,2026-08-05 03:27:00+00:00,6.185416666666667,1,0.16167059616032334,0.0,0.0,79.34567085261071,-0.2732892385410408,0.0,0.149433922767642,100.0,99.85056607723236,-0.14943392276763914,-0.024159071380419936,none,0,"{""sized_down"": 1}","{""EURUSD=X"": -0.149434}",2026-08-05 03:25:00+00:00,2026-08-06 12:29:00+00:00,1.3777777777777778,1,0.7258064516129032,100.0,20.654329147389294,100.0,0.47772991279746463,inf,0.0,100.0,100.34916152443209,0.3491615244320969,0.25342368708781227,none,0,"{""sized_down"": 1}","{""NZDUSD=X"": 0.349162}"
fade,1m,6,25,0.005,3,1.5,0.8,0.2,0.25,0.5,2,0.75,-1000000000.0,2026-07-29 23:00:00+00:00,2026-08-05 03:27:00+00:00,6.185416666666667,0,0.0,0.0,0.0,0.0,0.0,0.0,0.0,100.0,100.0,0.0,0.0,none,0,{},{},2026-08-05 03:25:00+00:00,2026-08-06 12:29:00+00:00,1.3777777777777778,0,0.0,0.0,0.0,0.0,0.0,0.0,0.0,100.0,100.0,0.0,0.0,none,0,{},{}
fade,1m,6,25,0.005,3,1.5,0.8,0.2,0.25,0.8,2,0.75,-1000000000.0,2026-07-29 23:00:00+00:00,2026-08-05 03:27:00+00:00,6.185416666666667,0,0.0,0.0,0.0,0.0,0.0,0.0,0.0,100.0,100.0,0.0,0.0,none,0,{},{},2026-08-05 03:25:00+00:00,2026-08-06 12:29:00+00:00,1.3777777777777778,0,0.0,0.0,0.0,0.0,0.0,0.0,0.0,100.0,100.0,0.0,0.0,none,0,{},{}
fade,1m,6,25,0.005,3,1.5,0.8,0.2,0.25,1.2,2,0.75,-1000000000.0,2026-07-29 23:00:00+00:00,2026-08-05 03:27:00+00:00,6.185416666666667,1,0.16167059616032334,0.0,0.0,79.34567085261071,-0.26109060126602923,0.0,0.149433922767642,100.0,99.85056607723236,-0.14943392276763914,-0.024159071380419936,none,0,"{""sized_down"": 1}","{""EURUSD=X"": -0.149434}",2026-08-05 03:25:00+00:00,2026-08-06 12:29:00+00:00,1.3777777777777778,1,0.7258064516129032,100.0,20.654329147389294,100.0,0.5363500268958223,inf,0.0,100.0,100.42663138423649,0.42663138423648794,0.3096518111393864,none,0,"{""sized_down"": 1}","{""NZDUSD=X"": 0.426631}"
fade,1m,6,25,0.005,3,1.5,0.8,0.5,0.1,0.5,2,0.75,-1000000000.0,2026-07-29 23:00:00+00:00,2026-08-05 03:27:00+00:00,6.185416666666667,1,0.16167059616032334,0.0,0.0,79.34567085261071,-1.2759166550843497,0.0,2.3419030863897063,100.0,97.6580969136103,-2.3419030863897126,-0.37861686812632606,none,0,{},"{""AUDUSD=X"": -2.341903}",2026-08-05 03:25:00+00:00,2026-08-06 12:29:00+00:00,1.3777777777777778,0,0.0,0.0,0.0,0.0,0.0,0.0,0.0,100.0,100.0,0.0,0.0,none,0,{},{}
fade,1m,6,25,0.005,3,1.5,0.8,0.5,0.1,0.8,2,0.75,-1000000000.0,2026-07-29 23:00:00+00:00,2026-08-05 03:27:00+00:00,6.185416666666667,1,0.16167059616032334,0.0,0.0,79.34567085261071,-1.2759166550843497,0.0,2.3419030863897063,100.0,97.6580969136103,-2.3419030863897126,-0.37861686812632606,none,0,{},"{""AUDUSD=X"": -2.341903}",2026-08-05 03:25:00+00:00,2026-08-06 12:29:00+00:00,1.3777777777777778,0,0.0,0.0,0.0,0.0,0.0,0.0,0.0,100.0,100.0,0.0,0.0,none,0,{},{}
fade,1m,6,25,0.005,3,1.5,0.8,0.5,0.1,1.2,2,0.75,-1000000000.0,2026-07-29 23:00:00+00:00,2026-08-05 03:27:00+00:00,6.185416666666667,3,0.48501178848097004,0.0,0.0,56.15060804490177,-0.7113762923944025,0.0,3.020686515058685,100.0,96.97931348494131,-3.0206865150586886,-0.4883561897029877,none,0,"{""sized_down"": 2}","{""AUDUSD=X"": -2.341903, ""EURUSD=X"": -0.149434, ""NZDUSD=X"": -0.52935}",2026-08-05 03:25:00+00:00,2026-08-06 12:29:00+00:00,1.3777777777777778,1,0.7258064516129032,100.0,20.654329147389294,100.0,0.47772991279746463,inf,0.0,100.0,100.34916152443209,0.3491615244320969,0.25342368708781227,none,0,"{""sized_down"": 1}","{""NZDUSD=X"": 0.349162}"
fade,1m,6,25,0.005,3,1.5,0.8,0.5,0.25,0.5,2,0.75,-1000000000.0,2026-07-29 23:00:00+00:00,2026-08-05 03:27:00+00:00,6.185416666666667,1,0.16167059616032334,0.0,0.0,79.34567085261071,-1.2645998710724786,0.0,2.4204049580439744,100.0,97.57959504195603,-2.42040495804397,-0.391308312516371,none,0,{},"{""AUDUSD=X"": -2.420405}",2026-08-05 03:25:00+00:00,2026-08-06 12:29:00+00:00,1.3777777777777778,0,0.0,0.0,0.0,0.0,0.0,0.0,0.0,100.0,100.0,0.0,0.0,none,0,{},{}
fade,1m,6,25,0.005,3,1.5,0.8,0.5,0.25,0.8,2,0.75,-1000000000.0,2026-07-29 23:00:00+00:00,2026-08-05 03:27:00+00:00,6.185416666666667,1,0.16167059616032334,0.0,0.0,79.34567085261071,-1.2645998710724786,0.0,2.4204049580439744,100.0,97.57959504195603,-2.42040495804397,-0.391308312516371,none,0,{},"{""AUDUSD=X"": -2.420405}",2026-08-05 03:25:00+00:00,2026-08-06 12:29:00+00:00,1.3777777777777778,0,0.0,0.0,0.0,0.0,0.0,0.0,0.0,100.0,100.0,0.0,0.0,none,0,{},{}
fade,1m,6,25,0.005,3,1.5,0.8,0.5,0.25,1.2,2,0.75,-1000000000.0,2026-07-29 23:00:00+00:00,2026-08-05 03:27:00+00:00,6.185416666666667,3,0.48501178848097004,0.0,0.0,56.15060804490177,-0.6912097442913638,0.0,3.099188386712953,100.0,96.90081161328705,-3.099188386712946,-0.5010476340930327,none,0,"{""sized_down"": 2}","{""AUDUSD=X"": -2.420405, ""EURUSD=X"": -0.149434, ""NZDUSD=X"": -0.52935}",2026-08-05 03:25:00+00:00,2026-08-06 12:29:00+00:00,1.3777777777777778,2,1.4516129032258065,50.0,9.452865480086615,90.54713451991339,-0.608171471222961,0.36096213329331145,1.181928365571281,100.0,99.2447030186652,-0.7552969813347972,-0.5481994219365464,none,0,"{""sized_down"": 2}","{""AUDUSD=X"": -1.181928, ""NZDUSD=X"": 0.426631}"
fade,1m,6,15,0.005,4,0.75,0.5,0.2,0.1,0.5,2,0.75,-1000000000.0,2026-07-29 23:00:00+00:00,2026-08-05 03:27:00+00:00,6.185416666666667,0,0.0,0.0,0.0,0.0,0.0,0.0,0.0,100.0,100.0,0.0,0.0,none,0,{},{},2026-08-05 03:25:00+00:00,2026-08-06 12:29:00+00:00,1.3777777777777778,0,0.0,0.0,0.0,0.0,0.0,0.0,0.0,100.0,100.0,0.0,0.0,none,0,{},{}
fade,1m,6,15,0.005,4,0.75,0.5,0.2,0.1,0.8,2,0.75,-1000000000.0,2026-07-29 23:00:00+00:00,2026-08-05 03:27:00+00:00,6.185416666666667,3,0.48501178848097004,0.0,0.0,56.15060804490177,-1.1376061365772174,0.0,3.367850178990792,100.0,96.63214982100921,-3.3678501789907918,-0.5444823462160929,none,0,"{""sized_down"": 3}","{""EURUSD=X"": -1.616567, ""NZDUSD=X"": -1.751283}",2026-08-05 03:25:00+00:00,2026-08-06 12:29:00+00:00,1.3777777777777778,0,0.0,0.0,0.0,0.0,0.0,0.0,0.0,100.0,100.0,0.0,0.0,none,0,{},{}
fade,1m,6,15,0.005,4,0.75,0.5,0.2,0.1,1.2,2,0.75,-1000000000.0,2026-07-29 23:00:00+00:00,2026-08-05 03:27:00+00:00,6.185416666666667,4,0.6466823846412934,25.0,4.558606264463622,69.93639475573634,-0.733212945252911,0.08357239707236629,3.367850178990792,100.0,96.91360913344806,-3.0863908665519335,-0.49897865137922803,none,0,"{""sized_down"": 4}","{""EURUSD=X"": -1.616567, ""NZDUSD=X"": -1.469824}",2026-08-05 03:25:00+00:00,2026-08-06 12:29:00+00:00,1.3777777777777778,1,0.7258064516129032,100.0,20.654329147389294,100.0,0.46043676321883054,inf,0.0,100.0,100.25895848069892,0.25895848069891975,0.18795373599115142,none,0,"{""sized_down"": 1}","{""EURUSD=X"": 0.258958}"
fade,1m,6,15,0.005,4,0.75,0.5,0.2,0.25,0.5,2,0.75,-1000000000.0,2026-07-29 23:00:00+00:00,2026-08-05 03:27:00+00:00,6.185416666666667,0,0.0,0.0,0.0,0.0,0.0,0.0,0.0,100.0,100.0,0.0,0.0,none,0,{},{},2026-08-05 03:25:00+00:00,2026-08-06 12:29:00+00:00,1.3777777777777778,0,0.0,0.0,0.0,0.0,0.0,0.0,0.0,100.0,100.0,0.0,0.0,none,0,{},{}
fade,1m,6,15,0.005,4,0.75,0.5,0.2,0.25,0.8,2,0.75,-1000000000.0,2026-07-29 23:00:00+00:00,2026-08-05 03:27:00+00:00,6.185416666666667,3,0.48501178848097004,0.0,0.0,56.15060804490177,-1.1027460311689568,0.0,3.440052691187105,100.0,96.5599473088129,-3.4400526911870983,-0.5561553694071428,none,0,"{""sized_down"": 3}","{""EURUSD=X"": -1.616567, ""NZDUSD=X"": -1.823486}",2026-08-05 03:25:00+00:00,2026-08-06 12:29:00+00:00,1.3777777777777778,0,0.0,0.0,0.0,0.0,0.0,0.0,0.0,100.0,100.0,0.0,0.0,none,0,{},{}
fade,1m,6,15,0.005,4,0.75,0.5,0.2,0.25,1.2,2,0.75,-1000000000.0,2026-07-29 23:00:00+00:00,2026-08-05 03:27:00+00:00,6.185416666666667,4,0.6466823846412934,25.0,4.558606264463622,69.93639475573634,-0.6917418815690873,0.10085546905581817,3.440052691187105,100.0,96.9068954365593,-3.093104563440694,-0.5000640587576737,none,0,"{""sized_down"": 4}","{""EURUSD=X"": -1.616567, ""NZDUSD=X"": -1.476538}",2026-08-05 03:25:00+00:00,2026-08-06 12:29:00+00:00,1.3777777777777778,1,0.7258064516129032,100.0,20.654329147389294,100.0,0.5128508849472544,inf,0.0,100.0,100.3104385014945,0.31043850149449986,0.2253182672137499,none,0,"{""sized_down"": 1}","{""EURUSD=X"": 0.310439}"
fade,1m,6,15,0.005,4,0.75,0.5,0.5,0.1,0.5,2,0.75,-1000000000.0,2026-07-29 23:00:00+00:00,2026-08-05 03:27:00+00:00,6.185416666666667,1,0.16167059616032334,0.0,0.0,79.34567085261071,-1.2759166550843497,0.0,2.3419030863897063,100.0,97.6580969136103,-2.3419030863897126,-0.37861686812632606,none,0,{},"{""AUDUSD=X"": -2.341903}",2026-08-05 03:25:00+00:00,2026-08-06 12:29:00+00:00,1.3777777777777778,0,0.0,0.0,0.0,0.0,0.0,0.0,0.0,100.0,100.0,0.0,0.0,none,0,{},{}
fade,1m,6,15,0.005,4,0.75,0.5,0.5,0.1,0.8,2,0.75,-1000000000.0,2026-07-29 23:00:00+00:00,2026-08-05 03:27:00+00:00,6.185416666666667,4,0.6466823846412934,0.0,0.0,48.990002040399915,-1.1721837662040004,0.0,5.709753265380499,100.0,94.2902467346195,-5.709753265380504,-0.923099214342419,none,0,"{""sized_down"": 3}","{""AUDUSD=X"": -2.341903, ""EURUSD=X"": -1.616567, ""NZDUSD=X"": -1.751283}",2026-08-05 03:25:00+00:00,2026-08-06 12:29:00+00:00,1.3777777777777778,0,0.0,0.0,0.0,0.0,0.0,0.0,0.0,100.0,100.0,0.0,0.0,none,0,{},{}
fade,1m,6,15,0.005,4,0.75,0.5,0.5,0.1,1.2,2,0.75,-1000000000.0,2026-07-29 23:00:00+00:00,2026-08-05 03:27:00+00:00,6.185416666666667,5,0.8083529808016167,20.0,3.6223160969787447,62.44717358814613,-0.8417536872191989,0.04929447900059155,5.428293952941644,100.0,94.57170604705836,-5.428293952941646,-0.877595519505554,none,0,"{""sized_down"": 4}","{""AUDUSD=X"": -2.341903, ""EURUSD=X"": -1.616567, ""NZDUSD=X"": -1.469824}",2026-08-05 03:25:00+00:00,2026-08-06 12:29:00+00:00,1.3777777777777778,1,0.7258064516129032,100.0,20.654329147389294,100.0,0.46043676321883054,inf,0.0,100.0,100.25895848069892,0.25895848069891975,0.18795373599115142,none,0,"{""sized_down"": 1}","{""EURUSD=X"": 0.258958}"
fade,1m,6,15,0.005,4,0.75,0.5,0.5,0.25,0.5,2,0.75,-1000000000.0,2026-07-29 23:00:00+00:00,2026-08-05 03:27:00+00:00,6.185416666666667,1,0.16167059616032334,0.0,0.0,79.34567085261071,-1.2645998710724786,0.0,2.4204049580439744,100.0,97.57959504195603,-2.42040495804397,-0.391308312516371,none,0,{},"{""AUDUSD=X"": -2.420405}",2026-08-05 03:25:00+00:00,2026-08-06 12:29:00+00:00,1.3777777777777778,0,0.0,0.0,0.0,0.0,0.0,0.0,0.0,100.0,100.0,0.0,0.0,none,0,{},{}
fade,1m,6,15,0.005,4,0.75,0.5,0.5,0.25,0.8,2,0.75,-1000000000.0,2026-07-29 23:00:00+00:00,2026-08-05 03:27:00+00:00,6.185416666666667,4,0.6466823846412934,0.0,0.0,48.990002040399915,-1.1432094911448372,0.0,5.86045764923108,100.0,94.13954235076892,-5.860457649231068,-0.9474636819235139,none,0,"{""sized_down"": 3}","{""AUDUSD=X"": -2.420405, ""EURUSD=X"": -1.616567, ""NZDUSD=X"": -1.823486}",2026-08-05 03:25:00+00:00,2026-08-06 12:29:00+00:00,1.3777777777777778,0,0.0,0.0,0.0,0.0,0.0,0.0,0.0,100.0,100.0,0.0,0.0,none,0,{},{}
fade,1m,6,15,0.005,4,0.75,0.5,0.5,0.25,1.2,2,0.75,-1000000000.0,2026-07-29 23:00:00+00:00,2026-08-05 03:27:00+00:00,6.185416666666667,5,0.8083529808016167,20.0,3.6223160969787447,62.44717358814613,-0.8063134794697657,0.0592015416734436,5.5135095214846785,100.0,94.48649047851532,-5.513509521484664,-0.8913723712740448,none,0,"{""sized_down"": 4}","{""AUDUSD=X"": -2.420405, ""EURUSD=X"": -1.616567, ""NZDUSD=X"": -1.476538}",2026-08-05 03:25:00+00:00,2026-08-06 12:29:00+00:00,1.3777777777777778,1,0.7258064516129032,100.0,20.654329147389294,100.0,0.5128508849472544,inf,0.0,100.0,100.3104385014945,0.31043850149449986,0.2253182672137499,none,0,"{""sized_down"": 1}","{""EURUSD=X"": 0.310439}"
fade,1m,6,15,0.005,4,0.75,0.8,0.2,0.1,0.5,2,0.75,-1000000000.0,2026-07-29 23:00:00+00:00,2026-08-05 03:27:00+00:00,6.185416666666667,0,0.0,0.0,0.0,0.0,0.0,0.0,0.0,100.0,100.0,0.0,0.0,none,0,{},{},2026-08-05 03:25:00+00:00,2026-08-06 12:29:00+00:00,1.3777777777777778,0,0.0,0.0,0.0,0.0,0.0,0.0,0.0,100.0,100.0,0.0,0.0,none,0,{},{}
fade,1m,6,15,0.005,4,0.75,0.8,0.2,0.1,0.8,2,0.75,-1000000000.0,2026-07-29 23:00:00+00:00,2026-08-05 03:27:00+00:00,6.185416666666667,3,0.48501178848097004,0.0,0.0,56.15060804490177,-1.1376061365772174,0.0,3.367850178990792,100.0,96.63214982100921,-3.3678501789907918,-0.5444823462160929,none,0,"{""sized_down"": 3}","{""EURUSD=X"": -1.616567, ""NZDUSD=X"": -1.751283}",2026-08-05 03:25:00+00:00,2026-08-06 12:29:00+00:00,1.3777777777777778,0,0.0,0.0,0.0,0.0,0.0,0.0,0.0,100.0,100.0,0.0,0.0,none,0,{},{}
fade,1m,6,15,0.005,4,0.75,0.8,0.2,0.1,1.2,2,0.75,-1000000000.0,2026-07-29 23:00:00+00:00,2026-08-05 03:27:00+00:00,6.185416666666667,5,0.8083529808016167,20.0,3.6223160969787447,62.44717358814613,-0.641228203910537,0.0800217737026547,3.5172841017584346,100.0,96.76417521068042,-3.235824789319573,-0.523137722759648,none,0,"{""sized_down"": 5}","{""EURUSD=X"": -1.766001, ""NZDUSD=X"": -1.469824}",2026-08-05 03:25:00+00:00,2026-08-06 12:29:00+00:00,1.3777777777777778,1,0.7258064516129032,100.0,20.654329147389294,100.0,0.46043676321883054,inf,0.0,100.0,100.25895848069892,0.25895848069891975,0.18795373599115142,none,0,"{""sized_down"": 1}","{""EURUSD=X"": 0.258958}"
fade,1m,6,15,0.005,4,0.75,0.8,0.2,0.25,0.5,2,0.75,-1000000000.0,2026-07-29 23:00:00+00:00,2026-08-05 03:27:00+00:00,6.185416666666667,0,0.0,0.0,0.0,0.0,0.0,0.0,0.0,100.0,100.0,0.0,0.0,none,0,{},{},2026-08-05 03:25:00+00:00,2026-08-06 12:29:00+00:00,1.3777777777777778,0,0.0,0.0,0.0,0.0,0.0,0.0,0.0,100.0,100.0,0.0,0.0,none,0,{},{}
fade,1m,6,15,0.005,4,0.75,0.8,0.2,0.25,0.8,2,0.75,-1000000000.0,2026-07-29 23:00:00+00:00,2026-08-05 03:27:00+00:00,6.185416666666667,3,0.48501178848097004,0.0,0.0,56.15060804490177,-1.1027460311689568,0.0,3.440052691187105,100.0,96.5599473088129,-3.4400526911870983,-0.5561553694071428,none,0,"{""sized_down"": 3}","{""EURUSD=X"": -1.616567, ""NZDUSD=X"": -1.823486}",2026-08-05 03:25:00+00:00,2026-08-06 12:29:00+00:00,1.3777777777777778,0,0.0,0.0,0.0,0.0,0.0,0.0,0.0,100.0,100.0,0.0,0.0,none,0,{},{}
fade,1m,6,15,0.005,4,0.75,0.8,0.2,0.25,1.2,2,0.75,-1000000000.0,2026-07-29 23:00:00+00:00,2026-08-05 03:27:00+00:00,6.185416666666667,5,0.8083529808016167,20.0,3.6223160969787447,62.44717358814613,-0.6056116255084757,0.09665675486783674,3.5894866139547474,100.0,96.75746151379165,-3.2425384862083333,-0.5242231301380936,none,0,"{""sized_down"": 5}","{""EURUSD=X"": -1.766001, ""NZDUSD=X"": -1.476538}",2026-08-05 03:25:00+00:00,2026-08-06 12:29:00+00:00,1.3777777777777778,1,0.7258064516129032,100.0,20.654329147389294,100.0,0.5128508849472544,inf,0.0,100.0,100.3104385014945,0.31043850149449986,0.2253182672137499,none,0,"{""sized_down"": 1}","{""EURUSD=X"": 0.310439}"
fade,1m,6,15,0.005,4,0.75,0.8,0.5,0.1,0.5,2,0.75,-1000000000.0,2026-07-29 23:00:00+00:00,2026-08-05 03:27:00+00:00,6.185416666666667,1,0.16167059616032334,0.0,0.0,79.34567085261071,-1.2759166550843497,0.0,2.3419030863897063,100.0,97.6580969136103,-2.3419030863897126,-0.37861686812632606,none,0,{},"{""AUDUSD=X"": -2.341903}",2026-08-05 03:25:00+00:00,2026-08-06 12:29:00+00:00,1.3777777777777778,0,0.0,0.0,0.0,0.0,0.0,0.0,0.0,100.0,100.0,0.0,0.0,none,0,{},{}
fade,1m,6,15,0.005,4,0.75,0.8,0.5,0.1,0.8,2,0.75,-1000000000.0,2026-07-29 23:00:00+00:00,2026-08-05 03:27:00+00:00,6.185416666666667,4,0.6466823846412934,0.0,0.0,48.990002040399915,-1.1721837662040004,0.0,5.709753265380499,100.0,94.2902467346195,-5.709753265380504,-0.923099214342419,none,0,"{""sized_down"": 3}","{""AUDUSD=X"": -2.341903, ""EURUSD=X"": -1.616567, ""NZDUSD=X"": -1.751283}",2026-08-05 03:25:00+00:00,2026-08-06 12:29:00+00:00,1.3777777777777778,0,0.0,0.0,0.0,0.0,0.0,0.0,0.0,100.0,100.0,0.0,0.0,none,0,{},{}
fade,1m,6,15,0.005,4,0.75,0.8,0.5,0.1,1.2,2,0.75,-1000000000.0,2026-07-29 23:00:00+00:00,2026-08-05 03:27:00+00:00,6.185416666666667,6,0.9700235769619401,16.666666666666664,3.005258587173032,56.350943656364606,-0.7470096124395057,0.0480372624053024,5.577727875709286,100.0,94.42227212429071,-5.577727875709286,-0.9017545908859741,none,0,"{""sized_down"": 5}","{""AUDUSD=X"": -2.341903, ""EURUSD=X"": -1.766001, ""NZDUSD=X"": -1.469824}",2026-08-05 03:25:00+00:00,2026-08-06 12:29:00+00:00,1.3777777777777778,1,0.7258064516129032,100.0,20.654329147389294,100.0,0.46043676321883054,inf,0.0,100.0,100.25895848069892,0.25895848069891975,0.18795373599115142,none,0,"{""sized_down"": 1}","{""EURUSD=X"": 0.258958}"
fade,1m,6,15,0.005,4,0.75,0.8,0.5,0.25,0.5,2,0.75,-1000000000.0,2026-07-29 23:00:00+00:00,2026-08-05 03:27:00+00:00,6.185416666666667,1,0.16167059616032334,0.0,0.0,79.34567085261071,-1.2645998710724786,0.0,2.4204049580439744,100.0,97.57959504195603,-2.42040495804397,-0.391308312516371,none,0,{},"{""AUDUSD=X"": -2.420405}",2026-08-05 03:25:00+00:00,2026-08-06 12:29:00+00:00,1.3777777777777778,0,0.0,0.0,0.0,0.0,0.0,0.0,0.0,100.0,100.0,0.0,0.0,none,0,{},{}
fade,1m,6,15,0.005,4,0.75,0.8,0.5,0.25,0.8,2,0.75,-1000000000.0,2026-07-29 23:00:00+00:00,2026-08-05 03:27:00+00:00,6.185416666666667,4,0.6466823846412934,0.0,0.0,48.990002040399915,-1.1432094911448372,0.0,5.86045764923108,100.0,94.13954235076892,-5.860457649231068,-0.9474636819235139,none,0,"{""sized_down"": 3}","{""AUDUSD=X"": -2.420405, ""EURUSD=X"": -1.616567, ""NZDUSD=X"": -1.823486}",2026-08-05 03:25:00+00:00,2026-08-06 12:29:00+00:00,1.3777777777777778,0,0.0,0.0,0.0,0.0,0.0,0.0,0.0,100.0,100.0,0.0,0.0,none,0,{},{}
fade,1m,6,15,0.005,4,0.75,0.8,0.5,0.25,1.2,2,0.75,-1000000000.0,2026-07-29 23:00:00+00:00,2026-08-05 03:27:00+00:00,6.185416666666667,6,0.9700235769619401,16.666666666666664,3.005258587173032,56.350943656364606,-0.7154429997691428,0.05772951534814796,5.6629434442523205,100.0,94.33705655574768,-5.662943444252303,-0.9155314426544645,none,0,"{""sized_down"": 5}","{""AUDUSD=X"": -2.420405, ""EURUSD=X"": -1.766001, ""NZDUSD=X"": -1.476538}",2026-08-05 03:25:00+00:00,2026-08-06 12:29:00+00:00,1.3777777777777778,1,0.7258064516129032,100.0,20.654329147389294,100.0,0.5128508849472544,inf,0.0,100.0,100.3104385014945,0.31043850149449986,0.2253182672137499,none,0,"{""sized_down"": 1}","{""EURUSD=X"": 0.310439}"
fade,1m,6,15,0.005,4,1.5,0.5,0.2,0.1,0.5,2,0.75,-1000000000.0,2026-07-29 23:00:00+00:00,2026-08-05 03:27:00+00:00,6.185416666666667,0,0.0,0.0,0.0,0.0,0.0,0.0,0.0,100.0,100.0,0.0,0.0,none,0,{},{},2026-08-05 03:25:00+00:00,2026-08-06 12:29:00+00:00,1.3777777777777778,0,0.0,0.0,0.0,0.0,0.0,0.0,0.0,100.0,100.0,0.0,0.0,none,0,{},{}
fade,1m,6,15,0.005,4,1.5,0.5,0.2,0.1,0.8,2,0.75,-1000000000.0,2026-07-29 23:00:00+00:00,2026-08-05 03:27:00+00:00,6.185416666666667,1,0.16167059616032334,0.0,0.0,79.34567085261071,-1.4254243013972936,0.0,1.751283420834966,100.0,98.24871657916503,-1.7512834208349688,-0.28313103469207984,none,0,"{""sized_down"": 1}","{""NZDUSD=X"": -1.751283}",2026-08-05 03:25:00+00:00,2026-08-06 12:29:00+00:00,1.3777777777777778,0,0.0,0.0,0.0,0.0,0.0,0.0,0.0,100.0,100.0,0.0,0.0,none,0,{},{}
fade,1m,6,15,0.005,4,1.5,0.5,0.2,0.1,1.2,2,0.75,-1000000000.0,2026-07-29 23:00:00+00:00,2026-08-05 03:27:00+00:00,6.185416666666667,2,0.3233411923206467,50.0,9.452865480086615,90.54713451991339,-0.47272883633864277,0.20089503295864686,1.751283420834966,100.0,98.6005407197136,-1.3994592802863959,-0.22625141614599867,none,0,"{""sized_down"": 2}","{""NZDUSD=X"": -1.399459}",2026-08-05 03:25:00+00:00,2026-08-06 12:29:00+00:00,1.3777777777777778,1,0.7258064516129032,100.0,20.654329147389294,100.0,0.46043676321883054,inf,0.0,100.0,100.25895848069892,0.25895848069891975,0.18795373599115142,none,0,"{""sized_down"": 1}","{""EURUSD=X"": 0.258958}"
fade,1m,6,15,0.005,4,1.5,0.5,0.2,0.25,0.5,2,0.75,-1000000000.0,2026-07-29 23:00:00+00:00,2026-08-05 03:27:00+00:00,6.185416666666667,0,0.0,0.0,0.0,0.0,0.0,0.0,0.0,100.0,100.0,0.0,0.0,none,0,{},{},2026-08-05 03:25:00+00:00,2026-08-06 12:29:00+00:00,1.3777777777777778,0,0.0,0.0,0.0,0.0,0.0,0.0,0.0,100.0,100.0,0.0,0.0,none,0,{},{}
fade,1m,6,15,0.005,4,1.5,0.5,0.2,0.25,0.8,2,0.75,-1000000000.0,2026-07-29 23:00:00+00:00,2026-08-05 03:27:00+00:00,6.185416666666667,1,0.16167059616032334,0.0,0.0,79.34567085261071,-1.4018107359222594,0.0,1.8234859330312787,100.0,98.17651406696872,-1.8234859330312754,-0.29480405788312974,none,0,"{""sized_down"": 1}","{""NZDUSD=X"": -1.823486}",2026-08-05 03:25:00+00:00,2026-08-06 12:29:00+00:00,1.3777777777777778,0,0.0,0.0,0.0,0.0,0.0,0.0,0.0,100.0,100.0,0.0,0.0,none,0,{},{}
fade,1m,6,15,0.005,4,1.5,0.5,0.2,0.25,1.2,2,0.75,-1000000000.0,2026-07-29 23:00:00+00:00,2026-08-05 03:27:00+00:00,6.185416666666667,2,0.3233411923206467,50.0,9.452865480086615,90.54713451991339,-0.4302700843458693,0.23783301632717735,1.8234859330312787,100.0,98.61019922665173,-1.3898007733482698,-0.2246899195712932,none,0,"{""sized_down"": 2}","{""NZDUSD=X"": -1.389801}",2026-08-05 03:25:00+00:00,2026-08-06 12:29:00+00:00,1.3777777777777778,1,0.7258064516129032,100.0,20.654329147389294,100.0,0.5128508849472544,inf,0.0,100.0,100.3104385014945,0.31043850149449986,0.2253182672137499,none,0,"{""sized_down"": 1}","{""EURUSD=X"": 0.310439}"
fade,1m,6,15,0.005,4,1.5,0.5,0.5,0.1,0.5,2,0.75,-1000000000.0,2026-07-29 23:00:00+00:00,2026-08-05 03:27:00+00:00,6.185416666666667,0,0.0,0.0,0.0,0.0,0.0,0.0,0.0,100.0,100.0,0.0,0.0,none,0,{},{},2026-08-05 03:25:00+00:00,2026-08-06 12:29:00+00:00,1.3777777777777778,0,0.0,0.0,0.0,0.0,0.0,0.0,0.0,100.0,100.0,0.0,0.0,none,0,{},{}
fade,1m,6,15,0.005,4,1.5,0.5,0.5,0.1,0.8,2,0.75,-1000000000.0,2026-07-29 23:00:00+00:00,2026-08-05 03:27:00+00:00,6.185416666666667,1,0.16167059616032334,0.0,0.0,79.34567085261071,-1.4254243013972936,0.0,1.751283420834966,100.0,98.24871657916503,-1.7512834208349688,-0.28313103469207984,none,0,"{""sized_down"": 1}","{""NZDUSD=X"": -1.751283}",2026-08-05 03:25:00+00:00,2026-08-06 12:29:00+00:00,1.3777777777777778,0,0.0,0.0,0.0,0.0,0.0,0.0,0.0,100.0,100.0,0.0,0.0,none,0,{},{}
fade,1m,6,15,0.005,4,1.5,0.5,0.5,0.1,1.2,2,0.75,-1000000000.0,2026-07-29 23:00:00+00:00,2026-08-05 03:27:00+00:00,6.185416666666667,2,0.3233411923206467,50.0,9.452865480086615,90.54713451991339,-0.47272883633864277,0.20089503295864686,1.751283420834966,100.0,98.6005407197136,-1.3994592802863959,-0.22625141614599867,none,0,"{""sized_down"": 2}","{""NZDUSD=X"": -1.399459}",2026-08-05 03:25:00+00:00,2026-08-06 12:29:00+00:00,1.3777777777777778,1,0.7258064516129032,100.0,20.654329147389294,100.0,0.46043676321883054,inf,0.0,100.0,100.25895848069892,0.25895848069891975,0.18795373599115142,none,0,"{""sized_down"": 1}","{""EURUSD=X"": 0.258958}"
fade,1m,6,15,0.005,4,1.5,0.5,0.5,0.25,0.5,2,0.75,-1000000000.0,2026-07-29 23:00:00+00:00,2026-08-05 03:27:00+00:00,6.185416666666667,0,0.0,0.0,0.0,0.0,0.0,0.0,0.0,100.0,100.0,0.0,0.0,none,0,{},{},2026-08-05 03:25:00+00:00,2026-08-06 12:29:00+00:00,1.3777777777777778,0,0.0,0.0,0.0,0.0,0.0,0.0,0.0,100.0,100.0,0.0,0.0,none,0,{},{}
fade,1m,6,15,0.005,4,1.5,0.5,0.5,0.25,0.8,2,0.75,-1000000000.0,2026-07-29 23:00:00+00:00,2026-08-05 03:27:00+00:00,6.185416666666667,1,0.16167059616032334,0.0,0.0,79.34567085261071,-1.4018107359222594,0.0,1.8234859330312787,100.0,98.17651406696872,-1.8234859330312754,-0.29480405788312974,none,0,"{""sized_down"": 1}","{""NZDUSD=X"": -1.823486}",2026-08-05 03:25:00+00:00,2026-08-06 12:29:00+00:00,1.3777777777777778,0,0.0,0.0,0.0,0.0,0.0,0.0,0.0,100.0,100.0,0.0,0.0,none,0,{},{}
fade,1m,6,15,0.005,4,1.5,0.5,0.5,0.25,1.2,2,0.75,-1000000000.0,2026-07-29 23:00:00+00:00,2026-08-05 03:27:00+00:00,6.185416666666667,2,0.3233411923206467,50.0,9.452865480086615,90.54713451991339,-0.4302700843458693,0.23783301632717735,1.8234859330312787,100.0,98.61019922665173,-1.3898007733482698,-0.2246899195712932,none,0,"{""sized_down"": 2}","{""NZDUSD=X"": -1.389801}",2026-08-05 03:25:00+00:00,2026-08-06 12:29:00+00:00,1.3777777777777778,1,0.7258064516129032,100.0,20.654329147389294,100.0,0.5128508849472544,inf,0.0,100.0,100.3104385014945,0.31043850149449986,0.2253182672137499,none,0,"{""sized_down"": 1}","{""EURUSD=X"": 0.310439}"
fade,1m,6,15,0.005,4,1.5,0.8,0.2,0.1,0.5,2,0.75,-1000000000.0,2026-07-29 23:00:00+00:00,2026-08-05 03:27:00+00:00,6.185416666666667,0,0.0,0.0,0.0,0.0,0.0,0.0,0.0,100.0,100.0,0.0,0.0,none,0,{},{},2026-08-05 03:25:00+00:00,2026-08-06 12:29:00+00:00,1.3777777777777778,0,0.0,0.0,0.0,0.0,0.0,0.0,0.0,100.0,100.0,0.0,0.0,none,0,{},{}
fade,1m,6,15,0.005,4,1.5,0.8,0.2,0.1,0.8,2,0.75,-1000000000.0,2026-07-29 23:00:00+00:00,2026-08-05 03:27:00+00:00,6.185416666666667,1,0.16167059616032334,0.0,0.0,79.34567085261071,-1.4254243013972936,0.0,1.751283420834966,100.0,98.24871657916503,-1.7512834208349688,-0.28313103469207984,none,0,"{""sized_down"": 1}","{""NZDUSD=X"": -1.751283}",2026-08-05 03:25:00+00:00,2026-08-06 12:29:00+00:00,1.3777777777777778,0,0.0,0.0,0.0,0.0,0.0,0.0,0.0,100.0,100.0,0.0,0.0,none,0,{},{}
fade,1m,6,15,0.005,4,1.5,0.8,0.2,0.1,1.2,2,0.75,-1000000000.0,2026-07-29 23:00:00+00:00,2026-08-05 03:27:00+00:00,6.185416666666667,3,0.48501178848097004,33.33333333333333,6.14903152761605,79.23450448735122,-0.4062489704061088,0.18510071564966496,1.900717343602608,100.0,98.45110679694596,-1.548893203054035,-0.2504104875264186,none,0,"{""sized_down"": 3}","{""EURUSD=X"": -0.149434, ""NZDUSD=X"": -1.399459}",2026-08-05 03:25:00+00:00,2026-08-06 12:29:00+00:00,1.3777777777777778,1,0.7258064516129032,100.0,20.654329147389294,100.0,0.46043676321883054,inf,0.0,100.0,100.25895848069892,0.25895848069891975,0.18795373599115142,none,0,"{""sized_down"": 1}","{""EURUSD=X"": 0.258958}"
fade,1m,6,15,0.005,4,1.5,0.8,0.2,0.25,0.5,2,0.75,-1000000000.0,2026-07-29 23:00:00+00:00,2026-08-05 03:27:00+00:00,6.185416666666667,0,0.0,0.0,0.0,0.0,0.0,0.0,0.0,100.0,100.0,0.0,0.0,none,0,{},{},2026-08-05 03:25:00+00:00,2026-08-06 12:29:00+00:00,1.3777777777777778,0,0.0,0.0,0.0,0.0,0.0,0.0,0.0,100.0,100.0,0.0,0.0,none,0,{},{}
fade,1m,6,15,0.005,4,1.5,0.8,0.2,0.25,0.8,2,0.75,-1000000000.0,2026-07-29 23:00:00+00:00,2026-08-05 03:27:00+00:00,6.185416666666667,1,0.16167059616032334,0.0,0.0,79.34567085261071,-1.4018107359222594,0.0,1.8234859330312787,100.0,98.17651406696872,-1.8234859330312754,-0.29480405788312974,none,0,"{""sized_down"": 1}","{""NZDUSD=X"": -1.823486}",2026-08-05 03:25:00+00:00,2026-08-06 12:29:00+00:00,1.3777777777777778,0,0.0,0.0,0.0,0.0,0.0,0.0,0.0,100.0,100.0,0.0,0.0,none,0,{},{}
fade,1m,6,15,0.005,4,1.5,0.8,0.2,0.25,1.2,2,0.75,-1000000000.0,2026-07-29 23:00:00+00:00,2026-08-05 03:27:00+00:00,6.185416666666667,3,0.48501178848097004,33.33333333333333,6.14903152761605,79.23450448735122,-0.373876923319256,0.2198189441949678,1.9729198557989207,100.0,98.46076530388409,-1.539234696115909,-0.24884899095171312,none,0,"{""sized_down"": 3}","{""EURUSD=X"": -0.149434, ""NZDUSD=X"": -1.389801}",2026-08-05 03:25:00+00:00,2026-08-06 12:29:00+00:00,1.3777777777777778,1,0.7258064516129032,100.0,20.654329147389294,100.0,0.5128508849472544,inf,0.0,100.0,100.3104385014945,0.31043850149449986,0.2253182672137499,none,0,"{""sized_down"": 1}","{""EURUSD=X"": 0.310439}"
fade,1m,6,15,0.005,4,1.5,0.8,0.5,0.1,0.5,2,0.75,-1000000000.0,2026-07-29 23:00:00+00:00,2026-08-05 03:27:00+00:00,6.185416666666667,0,0.0,0.0,0.0,0.0,0.0,0.0,0.0,100.0,100.0,0.0,0.0,none,0,{},{},2026-08-05 03:25:00+00:00,2026-08-06 12:29:00+00:00,1.3777777777777778,0,0.0,0.0,0.0,0.0,0.0,0.0,0.0,100.0,100.0,0.0,0.0,none,0,{},{}
fade,1m,6,15,0.005,4,1.5,0.8,0.5,0.1,0.8,2,0.75,-1000000000.0,2026-07-29 23:00:00+00:00,2026-08-05 03:27:00+00:00,6.185416666666667,1,0.16167059616032334,0.0,0.0,79.34567085261071,-1.4254243013972936,0.0,1.751283420834966,100.0,98.24871657916503,-1.7512834208349688,-0.28313103469207984,none,0,"{""sized_down"": 1}","{""NZDUSD=X"": -1.751283}",2026-08-05 03:25:00+00:00,2026-08-06 12:29:00+00:00,1.3777777777777778,0,0.0,0.0,0.0,0.0,0.0,0.0,0.0,100.0,100.0,0.0,0.0,none,0,{},{}
fade,1m,6,15,0.005,4,1.5,0.8,0.5,0.1,1.2,2,0.75,-1000000000.0,2026-07-29 23:00:00+00:00,2026-08-05 03:27:00+00:00,6.185416666666667,3,0.48501178848097004,33.33333333333333,6.14903152761605,79.23450448735122,-0.4062489704061088,0.18510071564966496,1.900717343602608,100.0,98.45110679694596,-1.548893203054035,-0.2504104875264186,none,0,"{""sized_down"": 3}","{""EURUSD=X"": -0.149434, ""NZDUSD=X"": -1.399459}",2026-08-05 03:25:00+00:00,2026-08-06 12:29:00+00:00,1.3777777777777778,1,0.7258064516129032,100.0,20.654329147389294,100.0,0.46043676321883054,inf,0.0,100.0,100.25895848069892,0.25895848069891975,0.18795373599115142,none,0,"{""sized_down"": 1}","{""EURUSD=X"": 0.258958}"
fade,1m,6,15,0.005,4,1.5,0.8,0.5,0.25,0.5,2,0.75,-1000000000.0,2026-07-29 23:00:00+00:00,2026-08-05 03:27:00+00:00,6.185416666666667,0,0.0,0.0,0.0,0.0,0.0,0.0,0.0,100.0,100.0,0.0,0.0,none,0,{},{},2026-08-05 03:25:00+00:00,2026-08-06 12:29:00+00:00,1.3777777777777778,0,0.0,0.0,0.0,0.0,0.0,0.0,0.0,100.0,100.0,0.0,0.0,none,0,{},{}
fade,1m,6,15,0.005,4,1.5,0.8,0.5,0.25,0.8,2,0.75,-1000000000.0,2026-07-29 23:00:00+00:00,2026-08-05 03:27:00+00:00,6.185416666666667,1,0.16167059616032334,0.0,0.0,79.34567085261071,-1.4018107359222594,0.0,1.8234859330312787,100.0,98.17651406696872,-1.8234859330312754,-0.29480405788312974,none,0,"{""sized_down"": 1}","{""NZDUSD=X"": -1.823486}",2026-08-05 03:25:00+00:00,2026-08-06 12:29:00+00:00,1.3777777777777778,0,0.0,0.0,0.0,0.0,0.0,0.0,0.0,100.0,100.0,0.0,0.0,none,0,{},{}
fade,1m,6,15,0.005,4,1.5,0.8,0.5,0.25,1.2,2,0.75,-1000000000.0,2026-07-29 23:00:00+00:00,2026-08-05 03:27:00+00:00,6.185416666666667,3,0.48501178848097004,33.33333333333333,6.14903152761605,79.23450448735122,-0.373876923319256,0.2198189441949678,1.9729198557989207,100.0,98.46076530388409,-1.539234696115909,-0.24884899095171312,none,0,"{""sized_down"": 3}","{""EURUSD=X"": -0.149434, ""NZDUSD=X"": -1.389801}",2026-08-05 03:25:00+00:00,2026-08-06 12:29:00+00:00,1.3777777777777778,1,0.7258064516129032,100.0,20.654329147389294,100.0,0.5128508849472544,inf,0.0,100.0,100.3104385014945,0.31043850149449986,0.2253182672137499,none,0,"{""sized_down"": 1}","{""EURUSD=X"": 0.310439}"
fade,1m,6,25,0.005,4,0.75,0.5,0.2,0.1,0.5,2,0.75,-1000000000.0,2026-07-29 23:00:00+00:00,2026-08-05 03:27:00+00:00,6.185416666666667,0,0.0,0.0,0.0,0.0,0.0,0.0,0.0,100.0,100.0,0.0,0.0,none,0,{},{},2026-08-05 03:25:00+00:00,2026-08-06 12:29:00+00:00,1.3777777777777778,0,0.0,0.0,0.0,0.0,0.0,0.0,0.0,100.0,100.0,0.0,0.0,none,0,{},{}
fade,1m,6,25,0.005,4,0.75,0.5,0.2,0.1,0.8,2,0.75,-1000000000.0,2026-07-29 23:00:00+00:00,2026-08-05 03:27:00+00:00,6.185416666666667,4,0.6466823846412934,0.0,0.0,48.990002040399915,-0.9346051886873012,0.0,3.652545270238349,100.0,96.34745472976165,-3.6525452702383503,-0.5905091713420034,none,0,"{""sized_down"": 4}","{""EURUSD=X"": -1.616567, ""NZDUSD=X"": -2.035979}",2026-08-05 03:25:00+00:00,2026-08-06 12:29:00+00:00,1.3777777777777778,0,0.0,0.0,0.0,0.0,0.0,0.0,0.0,100.0,100.0,0.0,0.0,none,0,{},{}
fade,1m,6,25,0.005,4,0.75,0.5,0.2,0.1,1.2,2,0.75,-1000000000.0,2026-07-29 23:00:00+00:00,2026-08-05 03:27:00+00:00,6.185416666666667,5,0.8083529808016167,20.0,3.6223160969787447,62.44717358814613,-0.6516908252058393,0.07705840492443546,3.652545270238349,100.0,96.6289140422005,-3.371085957799492,-0.5450054765051385,none,0,"{""sized_down"": 5}","{""EURUSD=X"": -1.616567, ""NZDUSD=X"": -1.754519}",2026-08-05 03:25:00+00:00,2026-08-06 12:29:00+00:00,1.3777777777777778,1,0.7258064516129032,100.0,20.654329147389294,100.0,0.46043676321883054,inf,0.0,100.0,100.25895848069892,0.25895848069891975,0.18795373599115142,none,0,"{""sized_down"": 1}","{""EURUSD=X"": 0.258958}"
fade,1m,6,25,0.005,4,0.75,0.5,0.2,0.25,0.5,2,0.75,-1000000000.0,2026-07-29 23:00:00+00:00,2026-08-05 03:27:00+00:00,6.185416666666667,0,0.0,0.0,0.0,0.0,0.0,0.0,0.0,100.0,100.0,0.0,0.0,none,0,{},{},2026-08-05 03:25:00+00:00,2026-08-06 12:29:00+00:00,1.3777777777777778,0,0.0,0.0,0.0,0.0,0.0,0.0,0.0,100.0,100.0,0.0,0.0,none,0,{},{}
fade,1m,6,25,0.005,4,0.75,0.5,0.2,0.25,0.8,2,0.75,-1000000000.0,2026-07-29 23:00:00+00:00,2026-08-05 03:27:00+00:00,6.185416666666667,4,0.6466823846412934,0.0,0.0,48.990002040399915,-0.90223802685517,0.0,3.7247477824346618,100.0,96.27525221756534,-3.724747782434657,-0.6021821945330533,none,0,"{""sized_down"": 4}","{""EURUSD=X"": -1.616567, ""NZDUSD=X"": -2.108181}",2026-08-05 03:25:00+00:00,2026-08-06 12:29:00+00:00,1.3777777777777778,0,0.0,0.0,0.0,0.0,0.0,0.0,0.0,100.0,100.0,0.0,0.0,none,0,{},{}
fade,1m,6,25,0.005,4,0.75,0.5,0.2,0.25,1.2,2,0.75,-1000000000.0,2026-07-29 23:00:00+00:00,2026-08-05 03:27:00+00:00,6.185416666666667,5,0.8083529808016167,20.0,3.6223160969787447,62.44717358814613,-0.6135363080380318,0.09314674389030016,3.7247477824346618,100.0,96.62220034531174,-3.3777996546882525,-0.5460908838835841,none,0,"{""sized_down"": 5}","{""EURUSD=X"": -1.616567, ""NZDUSD=X"": -1.761233}",2026-08-05 03:25:00+00:00,2026-08-06 12:29:00+00:00,1.3777777777777778,1,0.7258064516129032,100.0,20.654329147389294,100.0,0.5128508849472544,inf,0.0,100.0,100.3104385014945,0.31043850149449986,0.2253182672137499,none,0,"{""sized_down"": 1}","{""EURUSD=X"": 0.310439}"
fade,1m,6,25,0.005,4,0.75,0.5,0.5,0.1,0.5,2,0.75,-1000000000.0,2026-07-29 23:00:00+00:00,2026-08-05 03:27:00+00:00,6.185416666666667,1,0.16167059616032334,0.0,0.0,79.34567085261071,-1.2759166550843497,0.0,2.3419030863897063,100.0,97.6580969136103,-2.3419030863897126,-0.37861686812632606,none,0,{},"{""AUDUSD=X"": -2.341903}",2026-08-05 03:25:00+00:00,2026-08-06 12:29:00+00:00,1.3777777777777778,0,0.0,0.0,0.0,0.0,0.0,0.0,0.0,100.0,100.0,0.0,0.0,none,0,{},{}
fade,1m,6,25,0.005,4,0.75,0.5,0.5,0.1,0.8,2,0.75,-1000000000.0,2026-07-29 23:00:00+00:00,2026-08-05 03:27:00+00:00,6.185416666666667,5,0.8083529808016167,0.0,0.0,43.4491494752081,-1.002867481966711,0.0,5.994448356628055,100.0,94.00555164337194,-5.994448356628062,-0.9691260394683294,none,0,"{""sized_down"": 4}","{""AUDUSD=X"": -2.341903, ""EURUSD=X"": -1.616567, ""NZDUSD=X"": -2.035979}",2026-08-05 03:25:00+00:00,2026-08-06 12:29:00+00:00,1.3777777777777778,0,0.0,0.0,0.0,0.0,0.0,0.0,0.0,100.0,100.0,0.0,0.0,none,0,{},{}
fade,1m,6,25,0.005,4,0.75,0.5,0.5,0.1,1.2,2,0.75,-1000000000.0,2026-07-29 23:00:00+00:00,2026-08-05 03:27:00+00:00,6.185416666666667,6,0.9700235769619401,16.666666666666664,3.005258587173032,56.350943656364606,-0.7557284635189244,0.04695333009711372,5.7129890441892,100.0,94.2870109558108,-5.712989044189205,-0.9236223446314645,none,0,"{""sized_down"": 5}","{""AUDUSD=X"": -2.341903, ""EURUSD=X"": -1.616567, ""NZDUSD=X"": -1.754519}",2026-08-05 03:25:00+00:00,2026-08-06 12:29:00+00:00,1.3777777777777778,1,0.7258064516129032,100.0,20.654329147389294,100.0,0.46043676321883054,inf,0.0,100.0,100.25895848069892,0.25895848069891975,0.18795373599115142,none,0,"{""sized_down"": 1}","{""EURUSD=X"": 0.258958}"
fade,1m,6,25,0.005,4,0.75,0.5,0.5,0.25,0.5,2,0.75,-1000000000.0,2026-07-29 23:00:00+00:00,2026-08-05 03:27:00+00:00,6.185416666666667,1,0.16167059616032334,0.0,0.0,79.34567085261071,-1.2645998710724786,0.0,2.4204049580439744,100.0,97.57959504195603,-2.42040495804397,-0.391308312516371,none,0,{},"{""AUDUSD=X"": -2.420405}",2026-08-05 03:25:00+00:00,2026-08-06 12:29:00+00:00,1.3777777777777778,0,0.0,0.0,0.0,0.0,0.0,0.0,0.0,100.0,100.0,0.0,0.0,none,0,{},{}
fade,1m,6,25,0.005,4,0.75,0.5,0.5,0.25,0.8,2,0.75,-1000000000.0,2026-07-29 23:00:00+00:00,2026-08-05 03:27:00+00:00,6.185416666666667,5,0.8083529808016167,0.0,0.0,43.4491494752081,-0.9747103956986317,0.0,6.145152740478636,100.0,93.85484725952136,-6.145152740478627,-0.9934905070494244,none,0,"{""sized_down"": 4}","{""AUDUSD=X"": -2.420405, ""EURUSD=X"": -1.616567, ""NZDUSD=X"": -2.108181}",2026-08-05 03:25:00+00:00,2026-08-06 12:29:00+00:00,1.3777777777777778,0,0.0,0.0,0.0,0.0,0.0,0.0,0.0,100.0,100.0,0.0,0.0,none,0,{},{}
fade,1m,6,25,0.005,4,0.75,0.5,0.5,0.25,1.2,2,0.75,-1000000000.0,2026-07-29 23:00:00+00:00,2026-08-05 03:27:00+00:00,6.185416666666667,6,0.9700235769619401,16.666666666666664,3.005258587173032,56.350943656364606,-0.7220469018771064,0.05645882899883489,5.798204612732235,100.0,94.20179538726777,-5.798204612732222,-0.9373991963999551,none,0,"{""sized_down"": 5}","{""AUDUSD=X"": -2.420405, ""EURUSD=X"": -1.616567, ""NZDUSD=X"": -1.761233}",2026-08-05 03:25:00+00:00,2026-08-06 12:29:00+00:00,1.3777777777777778,1,0.7258064516129032,100.0,20.654329147389294,100.0,0.5128508849472544,inf,0.0,100.0,100.3104385014945,0.31043850149449986,0.2253182672137499,none,0,"{""sized_down"": 1}","{""EURUSD=X"": 0.310439}"
fade,1m,6,25,0.005,4,0.75,0.8,0.2,0.1,0.5,2,0.75,-1000000000.0,2026-07-29 23:00:00+00:00,2026-08-05 03:27:00+00:00,6.185416666666667,0,0.0,0.0,0.0,0.0,0.0,0.0,0.0,100.0,100.0,0.0,0.0,none,0,{},{},2026-08-05 03:25:00+00:00,2026-08-06 12:29:00+00:00,1.3777777777777778,0,0.0,0.0,0.0,0.0,0.0,0.0,0.0,100.0,100.0,0.0,0.0,none,0,{},{}
fade,1m,6,25,0.005,4,0.75,0.8,0.2,0.1,0.8,2,0.75,-1000000000.0,2026-07-29 23:00:00+00:00,2026-08-05 03:27:00+00:00,6.185416666666667,4,0.6466823846412934,0.0,0.0,48.990002040399915,-0.9346051886873012,0.0,3.652545270238349,100.0,96.34745472976165,-3.6525452702383503,-0.5905091713420034,none,0,"{""sized_down"": 4}","{""EURUSD=X"": -1.616567, ""NZDUSD=X"": -2.035979}",2026-08-05 03:25:00+00:00,2026-08-06 12:29:00+00:00,1.3777777777777778,0,0.0,0.0,0.0,0.0,0.0,0.0,0.0,100.0,100.0,0.0,0.0,none,0,{},{}
fade,1m,6,25,0.005,4,0.75,0.8,0.2,0.1,1.2,2,0.75,-1000000000.0,2026-07-29 23:00:00+00:00,2026-08-05 03:27:00+00:00,6.185416666666667,6,0.9700235769619401,16.666666666666664,3.005258587173032,56.350943656364606,-0.5886238940950396,0.07402968247607,3.801979193005991,100.0,96.47948011943286,-3.5205198805671314,-0.5691645478855585,none,0,"{""sized_down"": 6}","{""EURUSD=X"": -1.766001, ""NZDUSD=X"": -1.754519}",2026-08-05 03:25:00+00:00,2026-08-06 12:29:00+00:00,1.3777777777777778,1,0.7258064516129032,100.0,20.654329147389294,100.0,0.46043676321883054,inf,0.0,100.0,100.25895848069892,0.25895848069891975,0.18795373599115142,none,0,"{""sized_down"": 1}","{""EURUSD=X"": 0.258958}"
fade,1m,6,25,0.005,4,0.75,0.8,0.2,0.25,0.5,2,0.75,-1000000000.0,2026-07-29 23:00:00+00:00,2026-08-05 03:27:00+00:00,6.185416666666667,0,0.0,0.0,0.0,0.0,0.0,0.0,0.0,100.0,100.0,0.0,0.0,none,0,{},{},2026-08-05 03:25:00+00:00,2026-08-06 12:29:00+00:00,1.3777777777777778,0,0.0,0.0,0.0,0.0,0.0,0.0,0.0,100.0,100.0,0.0,0.0,none,0,{},{}
fade,1m,6,25,0.005,4,0.75,0.8,0.2,0.25,0.8,2,0.75,-1000000000.0,2026-07-29 23:00:00+00:00,2026-08-05 03:27:00+00:00,6.185416666666667,4,0.6466823846412934,0.0,0.0,48.990002040399915,-0.90223802685517,0.0,3.7247477824346618,100.0,96.27525221756534,-3.724747782434657,-0.6021821945330533,none,0,"{""sized_down"": 4}","{""EURUSD=X"": -1.616567, ""NZDUSD=X"": -2.108181}",2026-08-05 03:25:00+00:00,2026-08-06 12:29:00+00:00,1.3777777777777778,0,0.0,0.0,0.0,0.0,0.0,0.0,0.0,100.0,100.0,0.0,0.0,none,0,{},{}
fade,1m,6,25,0.005,4,0.75,0.8,0.2,0.25,1.2,2,0.75,-1000000000.0,2026-07-29 23:00:00+00:00,2026-08-05 03:27:00+00:00,6.185416666666667,6,0.9700235769619401,16.666666666666664,3.005258587173032,56.350943656364606,-0.5547953569093648,0.08955391206368005,3.8741817052023038,100.0,96.4727664225441,-3.527233577455892,-0.570249955264004,none,0,"{""sized_down"": 6}","{""EURUSD=X"": -1.766001, ""NZDUSD=X"": -1.761233}",2026-08-05 03:25:00+00:00,2026-08-06 12:29:00+00:00,1.3777777777777778,1,0.7258064516129032,100.0,20.654329147389294,100.0,0.5128508849472544,inf,0.0,100.0,100.3104385014945,0.31043850149449986,0.2253182672137499,none,0,"{""sized_down"": 1}","{""EURUSD=X"": 0.310439}"
fade,1m,6,25,0.005,4,0.75,0.8,0.5,0.1,0.5,2,0.75,-1000000000.0,2026-07-29 23:00:00+00:00,2026-08-05 03:27:00+00:00,6.185416666666667,1,0.16167059616032334,0.0,0.0,79.34567085261071,-1.2759166550843497,0.0,2.3419030863897063,100.0,97.6580969136103,-2.3419030863897126,-0.37861686812632606,none,0,{},"{""AUDUSD=X"": -2.341903}",2026-08-05 03:25:00+00:00,2026-08-06 12:29:00+00:00,1.3777777777777778,0,0.0,0.0,0.0,0.0,0.0,0.0,0.0,100.0,100.0,0.0,0.0,none,0,{},{}
fade,1m,6,25,0.005,4,0.75,0.8,0.5,0.1,0.8,2,0.75,-1000000000.0,2026-07-29 23:00:00+00:00,2026-08-05 03:27:00+00:00,6.185416666666667,5,0.8083529808016167,0.0,0.0,43.4491494752081,-1.002867481966711,0.0,5.994448356628055,100.0,94.00555164337194,-5.994448356628062,-0.9691260394683294,none,0,"{""sized_down"": 4}","{""AUDUSD=X"": -2.341903, ""EURUSD=X"": -1.616567, ""NZDUSD=X"": -2.035979}",2026-08-05 03:25:00+00:00,2026-08-06 12:29:00+00:00,1.3777777777777778,0,0.0,0.0,0.0,0.0,0.0,0.0,0.0,100.0,100.0,0.0,0.0,none,0,{},{}
fade,1m,6,25,0.005,4,0.75,0.8,0.5,0.1,1.2,2,0.75,-1000000000.0,2026-07-29 23:00:00+00:00,2026-08-05 03:27:00+00:00,6.185416666666667,7,1.1316941731222634,14.285714285714285,2.567895594897479,51.313450331903,-0.6868085742363695,0.0458113127236777,5.862422966956842,100.0,94.13757703304316,-5.862422966956844,-0.9477814160118845,none,0,"{""sized_down"": 6}","{""AUDUSD=X"": -2.341903, ""EURUSD=X"": -1.766001, ""NZDUSD=X"": -1.754519}",2026-08-05 03:25:00+00:00,2026-08-06 12:29:00+00:00,1.3777777777777778,1,0.7258064516129032,100.0,20.654329147389294,100.0,0.46043676321883054,inf,0.0,100.0,100.25895848069892,0.25895848069891975,0.18795373599115142,none,0,"{""sized_down"": 1}","{""EURUSD=X"": 0.258958}"
fade,1m,6,25,0.005,4,0.75,0.8,0.5,0.25,0.5,2,0.75,-1000000000.0,2026-07-29 23:00:00+00:00,2026-08-05 03:27:00+00:00,6.185416666666667,1,0.16167059616032334,0.0,0.0,79.34567085261071,-1.2645998710724786,0.0,2.4204049580439744,100.0,97.57959504195603,-2.42040495804397,-0.391308312516371,none,0,{},"{""AUDUSD=X"": -2.420405}",2026-08-05 03:25:00+00:00,2026-08-06 12:29:00+00:00,1.3777777777777778,0,0.0,0.0,0.0,0.0,0.0,0.0,0.0,100.0,100.0,0.0,0.0,none,0,{},{}
fade,1m,6,25,0.005,4,0.75,0.8,0.5,0.25,0.8,2,0.75,-1000000000.0,2026-07-29 23:00:00+00:00,2026-08-05 03:27:00+00:00,6.185416666666667,5,0.8083529808016167,0.0,0.0,43.4491494752081,-0.9747103956986317,0.0,6.145152740478636,100.0,93.85484725952136,-6.145152740478627,-0.9934905070494244,none,0,"{""sized_down"": 4}","{""AUDUSD=X"": -2.420405, ""EURUSD=X"": -1.616567, ""NZDUSD=X"": -2.108181}",2026-08-05 03:25:00+00:00,2026-08-06 12:29:00+00:00,1.3777777777777778,0,0.0,0.0,0.0,0.0,0.0,0.0,0.0,100.0,100.0,0.0,0.0,none,0,{},{}
fade,1m,6,25,0.005,4,0.75,0.8,0.5,0.25,1.2,2,0.75,-1000000000.0,2026-07-29 23:00:00+00:00,2026-08-05 03:27:00+00:00,6.185416666666667,7,1.1316941731222634,14.285714285714285,2.567895594897479,51.313450331903,-0.6561960017898095,0.0551184924932744,5.947638535499877,100.0,94.05236146450012,-5.947638535499862,-0.9615582677803751,none,0,"{""sized_down"": 6}","{""AUDUSD=X"": -2.420405, ""EURUSD=X"": -1.766001, ""NZDUSD=X"": -1.761233}",2026-08-05 03:25:00+00:00,2026-08-06 12:29:00+00:00,1.3777777777777778,1,0.7258064516129032,100.0,20.654329147389294,100.0,0.5128508849472544,inf,0.0,100.0,100.3104385014945,0.31043850149449986,0.2253182672137499,none,0,"{""sized_down"": 1}","{""EURUSD=X"": 0.310439}"
fade,1m,6,25,0.005,4,1.5,0.5,0.2,0.1,0.5,2,0.75,-1000000000.0,2026-07-29 23:00:00+00:00,2026-08-05 03:27:00+00:00,6.185416666666667,0,0.0,0.0,0.0,0.0,0.0,0.0,0.0,100.0,100.0,0.0,0.0,none,0,{},{},2026-08-05 03:25:00+00:00,2026-08-06 12:29:00+00:00,1.3777777777777778,0,0.0,0.0,0.0,0.0,0.0,0.0,0.0,100.0,100.0,0.0,0.0,none,0,{},{}
fade,1m,6,25,0.005,4,1.5,0.5,0.2,0.1,0.8,2,0.75,-1000000000.0,2026-07-29 23:00:00+00:00,2026-08-05 03:27:00+00:00,6.185416666666667,2,0.3233411923206467,0.0,0.0,65.76280471103807,-0.875513323207423,0.0,2.1071522848944113,100.0,97.89284771510559,-2.107152284894417,-0.3406645660994679,none,0,"{""sized_down"": 2}","{""NZDUSD=X"": -2.107152}",2026-08-05 03:25:00+00:00,2026-08-06 12:29:00+00:00,1.3777777777777778,0,0.0,0.0,0.0,0.0,0.0,0.0,0.0,100.0,100.0,0.0,0.0,none,0,{},{}
fade,1m,6,25,0.005,4,1.5,0.5,0.2,0.1,1.2,2,0.75,-1000000000.0,2026-07-29 23:00:00+00:00,2026-08-05 03:27:00+00:00,6.185416666666667,3,0.48501178848097004,33.33333333333333,6.14903152761605,79.23450448735122,-0.42368667256494597,0.16696664169490802,2.1071522848944113,100.0,98.24467185565416,-1.7553281443458442,-0.28378494755338673,none,0,"{""sized_down"": 3}","{""NZDUSD=X"": -1.755328}",2026-08-05 03:25:00+00:00,2026-08-06 12:29:00+00:00,1.3777777777777778,1,0.7258064516129032,100.0,20.654329147389294,100.0,0.46043676321883054,inf,0.0,100.0,100.25895848069892,0.25895848069891975,0.18795373599115142,none,0,"{""sized_down"": 1}","{""EURUSD=X"": 0.258958}"
fade,1m,6,25,0.005,4,1.5,0.5,0.2,0.25,0.5,2,0.75,-1000000000.0,2026-07-29 23:00:00+00:00,2026-08-05 03:27:00+00:00,6.185416666666667,0,0.0,0.0,0.0,0.0,0.0,0.0,0.0,100.0,100.0,0.0,0.0,none,0,{},{},2026-08-05 03:25:00+00:00,2026-08-06 12:29:00+00:00,1.3777777777777778,0,0.0,0.0,0.0,0.0,0.0,0.0,0.0,100.0,100.0,0.0,0.0,none,0,{},{}
fade,1m,6,25,0.005,4,1.5,0.5,0.2,0.25,0.8,2,0.75,-1000000000.0,2026-07-29 23:00:00+00:00,2026-08-05 03:27:00+00:00,6.185416666666667,2,0.3233411923206467,0.0,0.0,65.76280471103807,-0.8512623749180346,0.0,2.179354797090724,100.0,97.82064520290928,-2.1793547970907237,-0.3523375892905178,none,0,"{""sized_down"": 2}","{""NZDUSD=X"": -2.179355}",2026-08-05 03:25:00+00:00,2026-08-06 12:29:00+00:00,1.3777777777777778,0,0.0,0.0,0.0,0.0,0.0,0.0,0.0,100.0,100.0,0.0,0.0,none,0,{},{}
fade,1m,6,25,0.005,4,1.5,0.5,0.2,0.25,1.2,2,0.75,-1000000000.0,2026-07-29 23:00:00+00:00,2026-08-05 03:27:00+00:00,6.185416666666667,3,0.48501178848097004,33.33333333333333,6.14903152761605,79.23450448735122,-0.3870847275351828,0.1989970427311528,2.179354797090724,100.0,98.25433036259228,-1.745669637407718,-0.28222345097868123,none,0,"{""sized_down"": 3}","{""NZDUSD=X"": -1.74567}",2026-08-05 03:25:00+00:00,2026-08-06 12:29:00+00:00,1.3777777777777778,1,0.7258064516129032,100.0,20.654329147389294,100.0,0.5128508849472544,inf,0.0,100.0,100.3104385014945,0.31043850149449986,0.2253182672137499,none,0,"{""sized_down"": 1}","{""EURUSD=X"": 0.310439}"
fade,1m,6,25,0.005,4,1.5,0.5,0.5,0.1,0.5,2,0.75,-1000000000.0,2026-07-29 23:00:00+00:00,2026-08-05 03:27:00+00:00,6.185416666666667,0,0.0,0.0,0.0,0.0,0.0,0.0,0.0,100.0,100.0,0.0,0.0,none,0,{},{},2026-08-05 03:25:00+00:00,2026-08-06 12:29:00+00:00,1.3777777777777778,0,0.0,0.0,0.0,0.0,0.0,0.0,0.0,100.0,100.0,0.0,0.0,none,0,{},{}
fade,1m,6,25,0.005,4,1.5,0.5,0.5,0.1,0.8,2,0.75,-1000000000.0,2026-07-29 23:00:00+00:00,2026-08-05 03:27:00+00:00,6.185416666666667,2,0.3233411923206467,0.0,0.0,65.76280471103807,-0.875513323207423,0.0,2.1071522848944113,100.0,97.89284771510559,-2.107152284894417,-0.3406645660994679,none,0,"{""sized_down"": 2}","{""NZDUSD=X"": -2.107152}",2026-08-05 03:25:00+00:00,2026-08-06 12:29:00+00:00,1.3777777777777778,0,0.0,0.0,0.0,0.0,0.0,0.0,0.0,100.0,100.0,0.0,0.0,none,0,{},{}
fade,1m,6,25,0.005,4,1.5,0.5,0.5,0.1,1.2,2,0.75,-1000000000.0,2026-07-29 23:00:00+00:00,2026-08-05 03:27:00+00:00,6.185416666666667,3,0.48501178848097004,33.33333333333333,6.14903152761605,79.23450448735122,-0.42368667256494597,0.16696664169490802,2.1071522848944113,100.0,98.24467185565416,-1.7553281443458442,-0.28378494755338673,none,0,"{""sized_down"": 3}","{""NZDUSD=X"": -1.755328}",2026-08-05 03:25:00+00:00,2026-08-06 12:29:00+00:00,1.3777777777777778,1,0.7258064516129032,100.0,20.654329147389294,100.0,0.46043676321883054,inf,0.0,100.0,100.25895848069892,0.25895848069891975,0.18795373599115142,none,0,"{""sized_down"": 1}","{""EURUSD=X"": 0.258958}"
fade,1m,6,25,0.005,4,1.5,0.5,0.5,0.25,0.5,2,0.75,-1000000000.0,2026-07-29 23:00:00+00:00,2026-08-05 03:27:00+00:00,6.185416666666667,0,0.0,0.0,0.0,0.0,0.0,0.0,0.0,100.0,100.0,0.0,0.0,none,0,{},{},2026-08-05 03:25:00+00:00,2026-08-06 12:29:00+00:00,1.3777777777777778,0,0.0,0.0,0.0,0.0,0.0,0.0,0.0,100.0,100.0,0.0,0.0,none,0,{},{}
fade,1m,6,25,0.005,4,1.5,0.5,0.5,0.25,0.8,2,0.75,-1000000000.0,2026-07-29 23:00:00+00:00,2026-08-05 03:27:00+00:00,6.185416666666667,2,0.3233411923206467,0.0,0.0,65.76280471103807,-0.8512623749180346,0.0,2.179354797090724,100.0,97.82064520290928,-2.1793547970907237,-0.3523375892905178,none,0,"{""sized_down"": 2}","{""NZDUSD=X"": -2.179355}",2026-08-05 03:25:00+00:00,2026-08-06 12:29:00+00:00,1.3777777777777778,0,0.0,0.0,0.0,0.0,0.0,0.0,0.0,100.0,100.0,0.0,0.0,none,0,{},{}
fade,1m,6,25,0.005,4,1.5,0.5,0.5,0.25,1.2,2,0.75,-1000000000.0,2026-07-29 23:00:00+00:00,2026-08-05 03:27:00+00:00,6.185416666666667,3,0.48501178848097004,33.33333333333333,6.14903152761605,79.23450448735122,-0.3870847275351828,0.1989970427311528,2.179354797090724,100.0,98.25433036259228,-1.745669637407718,-0.28222345097868123,none,0,"{""sized_down"": 3}","{""NZDUSD=X"": -1.74567}",2026-08-05 03:25:00+00:00,2026-08-06 12:29:00+00:00,1.3777777777777778,1,0.7258064516129032,100.0,20.654329147389294,100.0,0.5128508849472544,inf,0.0,100.0,100.3104385014945,0.31043850149449986,0.2253182672137499,none,0,"{""sized_down"": 1}","{""EURUSD=X"": 0.310439}"
fade,1m,6,25,0.005,4,1.5,0.8,0.2,0.1,0.5,2,0.75,-1000000000.0,2026-07-29 23:00:00+00:00,2026-08-05 03:27:00+00:00,6.185416666666667,0,0.0,0.0,0.0,0.0,0.0,0.0,0.0,100.0,100.0,0.0,0.0,none,0,{},{},2026-08-05 03:25:00+00:00,2026-08-06 12:29:00+00:00,1.3777777777777778,0,0.0,0.0,0.0,0.0,0.0,0.0,0.0,100.0,100.0,0.0,0.0,none,0,{},{}
fade,1m,6,25,0.005,4,1.5,0.8,0.2,0.1,0.8,2,0.75,-1000000000.0,2026-07-29 23:00:00+00:00,2026-08-05 03:27:00+00:00,6.185416666666667,2,0.3233411923206467,0.0,0.0,65.76280471103807,-0.875513323207423,0.0,2.1071522848944113,100.0,97.89284771510559,-2.107152284894417,-0.3406645660994679,none,0,"{""sized_down"": 2}","{""NZDUSD=X"": -2.107152}",2026-08-05 03:25:00+00:00,2026-08-06 12:29:00+00:00,1.3777777777777778,0,0.0,0.0,0.0,0.0,0.0,0.0,0.0,100.0,100.0,0.0,0.0,none,0,{},{}
fade,1m,6,25,0.005,4,1.5,0.8,0.2,0.1,1.2,2,0.75,-1000000000.0,2026-07-29 23:00:00+00:00,2026-08-05 03:27:00+00:00,6.185416666666667,4,0.6466823846412934,25.0,4.558606264463622,69.93639475573634,-0.3860873140589697,0.15590990468433355,2.2565862076620533,100.0,98.09523793288652,-1.904762067113483,-0.30794401893380663,none,0,"{""sized_down"": 4}","{""EURUSD=X"": -0.149434, ""NZDUSD=X"": -1.755328}",2026-08-05 03:25:00+00:00,2026-08-06 12:29:00+00:00,1.3777777777777778,1,0.7258064516129032,100.0,20.654329147389294,100.0,0.46043676321883054,inf,0.0,100.0,100.25895848069892,0.25895848069891975,0.18795373599115142,none,0,"{""sized_down"": 1}","{""EURUSD=X"": 0.258958}"
fade,1m,6,25,0.005,4,1.5,0.8,0.2,0.25,0.5,2,0.75,-1000000000.0,2026-07-29 23:00:00+00:00,2026-08-05 03:27:00+00:00,6.185416666666667,0,0.0,0.0,0.0,0.0,0.0,0.0,0.0,100.0,100.0,0.0,0.0,none,0,{},{},2026-08-05 03:25:00+00:00,2026-08-06 12:29:00+00:00,1.3777777777777778,0,0.0,0.0,0.0,0.0,0.0,0.0,0.0,100.0,100.0,0.0,0.0,none,0,{},{}
fade,1m,6,25,0.005,4,1.5,0.8,0.2,0.25,0.8,2,0.75,-1000000000.0,2026-07-29 23:00:00+00:00,2026-08-05 03:27:00+00:00,6.185416666666667,2,0.3233411923206467,0.0,0.0,65.76280471103807,-0.8512623749180346,0.0,2.179354797090724,100.0,97.82064520290928,-2.1793547970907237,-0.3523375892905178,none,0,"{""sized_down"": 2}","{""NZDUSD=X"": -2.179355}",2026-08-05 03:25:00+00:00,2026-08-06 12:29:00+00:00,1.3777777777777778,0,0.0,0.0,0.0,0.0,0.0,0.0,0.0,100.0,100.0,0.0,0.0,none,0,{},{}
fade,1m,6,25,0.005,4,1.5,0.8,0.2,0.25,1.2,2,0.75,-1000000000.0,2026-07-29 23:00:00+00:00,2026-08-05 03:27:00+00:00,6.185416666666667,4,0.6466823846412934,25.0,4.558606264463622,69.93639475573634,-0.3555861959678944,0.14898222616240853,2.328788719858366,100.0,98.01815940788804,-1.9818405921119582,-0.32040535002146847,none,0,"{""sized_down"": 4}","{""EURUSD=X"": -0.149434, ""NZDUSD=X"": -1.832407}",2026-08-05 03:25:00+00:00,2026-08-06 12:29:00+00:00,1.3777777777777778,1,0.7258064516129032,100.0,20.654329147389294,100.0,0.5128508849472544,inf,0.0,100.0,100.3104385014945,0.31043850149449986,0.2253182672137499,none,0,"{""sized_down"": 1}","{""EURUSD=X"": 0.310439}"
fade,1m,6,25,0.005,4,1.5,0.8,0.5,0.1,0.5,2,0.75,-1000000000.0,2026-07-29 23:00:00+00:00,2026-08-05 03:27:00+00:00,6.185416666666667,0,0.0,0.0,0.0,0.0,0.0,0.0,0.0,100.0,100.0,0.0,0.0,none,0,{},{},2026-08-05 03:25:00+00:00,2026-08-06 12:29:00+00:00,1.3777777777777778,0,0.0,0.0,0.0,0.0,0.0,0.0,0.0,100.0,100.0,0.0,0.0,none,0,{},{}
fade,1m,6,25,0.005,4,1.5,0.8,0.5,0.1,0.8,2,0.75,-1000000000.0,2026-07-29 23:00:00+00:00,2026-08-05 03:27:00+00:00,6.185416666666667,2,0.3233411923206467,0.0,0.0,65.76280471103807,-0.875513323207423,0.0,2.1071522848944113,100.0,97.89284771510559,-2.107152284894417,-0.3406645660994679,none,0,"{""sized_down"": 2}","{""NZDUSD=X"": -2.107152}",2026-08-05 03:25:00+00:00,2026-08-06 12:29:00+00:00,1.3777777777777778,0,0.0,0.0,0.0,0.0,0.0,0.0,0.0,100.0,100.0,0.0,0.0,none,0,{},{}
fade,1m,6,25,0.005,4,1.5,0.8,0.5,0.1,1.2,2,0.75,-1000000000.0,2026-07-29 23:00:00+00:00,2026-08-05 03:27:00+00:00,6.185416666666667,4,0.6466823846412934,25.0,4.558606264463622,69.93639475573634,-0.3860873140589697,0.15590990468433355,2.2565862076620533,100.0,98.09523793288652,-1.904762067113483,-0.30794401893380663,none,0,"{""sized_down"": 4}","{""EURUSD=X"": -0.149434, ""NZDUSD=X"": -1.755328}",2026-08-05 03:25:00+00:00,2026-08-06 12:29:00+00:00,1.3777777777777778,1,0.7258064516129032,100.0,20.654329147389294,100.0,0.46043676321883054,inf,0.0,100.0,100.25895848069892,0.25895848069891975,0.18795373599115142,none,0,"{""sized_down"": 1}","{""EURUSD=X"": 0.258958}"
fade,1m,6,25,0.005,4,1.5,0.8,0.5,0.25,0.5,2,0.75,-1000000000.0,2026-07-29 23:00:00+00:00,2026-08-05 03:27:00+00:00,6.185416666666667,0,0.0,0.0,0.0,0.0,0.0,0.0,0.0,100.0,100.0,0.0,0.0,none,0,{},{},2026-08-05 03:25:00+00:00,2026-08-06 12:29:00+00:00,1.3777777777777778,0,0.0,0.0,0.0,0.0,0.0,0.0,0.0,100.0,100.0,0.0,0.0,none,0,{},{}
fade,1m,6,25,0.005,4,1.5,0.8,0.5,0.25,0.8,2,0.75,-1000000000.0,2026-07-29 23:00:00+00:00,2026-08-05 03:27:00+00:00,6.185416666666667,2,0.3233411923206467,0.0,0.0,65.76280471103807,-0.8512623749180346,0.0,2.179354797090724,100.0,97.82064520290928,-2.1793547970907237,-0.3523375892905178,none,0,"{""sized_down"": 2}","{""NZDUSD=X"": -2.179355}",2026-08-05 03:25:00+00:00,2026-08-06 12:29:00+00:00,1.3777777777777778,0,0.0,0.0,0.0,0.0,0.0,0.0,0.0,100.0,100.0,0.0,0.0,none,0,{},{}
fade,1m,6,25,0.005,4,1.5,0.8,0.5,0.25,1.2,2,0.75,-1000000000.0,2026-07-29 23:00:00+00:00,2026-08-05 03:27:00+00:00,6.185416666666667,4,0.6466823846412934,25.0,4.558606264463622,69.93639475573634,-0.3555861959678944,0.14898222616240853,2.328788719858366,100.0,98.01815940788804,-1.9818405921119582,-0.32040535002146847,none,0,"{""sized_down"": 4}","{""EURUSD=X"": -0.149434, ""NZDUSD=X"": -1.832407}",2026-08-05 03:25:00+00:00,2026-08-06 12:29:00+00:00,1.3777777777777778,1,0.7258064516129032,100.0,20.654329147389294,100.0,0.5128508849472544,inf,0.0,100.0,100.3104385014945,0.31043850149449986,0.2253182672137499,none,0,"{""sized_down"": 1}","{""EURUSD=X"": 0.310439}"
pullback,1m,6,15,0.005,3,1.0,0.6,0.5,0.1,0.5,1,0.5,-1000000000.0,2026-07-29 23:00:00+00:00,2026-08-05 03:27:00+00:00,6.185416666666667,1,0.16167059616032334,0.0,0.0,79.34567085261071,-0.8068034202951644,0.0,0.9572827863693192,100.0,99.04271721363068,-0.9572827863693236,-0.154764478766344,none,0,{},"{""GBPUSD=X"": -0.957283}",2026-08-05 03:25:00+00:00,2026-08-06 12:29:00+00:00,1.3777777777777778,0,0.0,0.0,0.0,0.0,0.0,0.0,0.0,100.0,100.0,0.0,0.0,none,0,{},{}
pullback,1m,6,15,0.005,3,1.0,0.6,0.5,0.1,0.8,1,0.5,-1000000000.0,2026-07-29 23:00:00+00:00,2026-08-05 03:27:00+00:00,6.185416666666667,2,0.3233411923206467,0.0,0.0,65.76280471103807,-1.1468636767214053,0.0,2.505424164363518,100.0,97.49457583563648,-2.505424164363519,-0.40505341828713004,none,0,"{""sized_down"": 1}","{""AUDUSD=X"": -1.548141, ""GBPUSD=X"": -0.957283}",2026-08-05 03:25:00+00:00,2026-08-06 12:29:00+00:00,1.3777777777777778,0,0.0,0.0,0.0,0.0,0.0,0.0,0.0,100.0,100.0,0.0,0.0,none,0,{},{}
pullback,1m,6,15,0.005,3,1.0,0.6,0.5,0.1,1.2,1,0.5,-1000000000.0,2026-07-29 23:00:00+00:00,2026-08-05 03:27:00+00:00,6.185416666666667,6,0.9700235769619401,16.666666666666664,3.005258587173032,56.350943656364606,-0.9097118944188818,0.08139716683320777,4.348314967155588,100.0,95.65168503284441,-4.3483149671555985,-0.7029946730329024,none,0,"{""gross_leverage"": 1, ""sized_down"": 6}","{""AUDUSD=X"": -1.548141, ""EURUSD=X"": -0.940128, ""GBPUSD=X"": -1.713187, ""NZDUSD=X"": -0.146859}",2026-08-05 03:25:00+00:00,2026-08-06 12:29:00+00:00,1.3777777777777778,0,0.0,0.0,0.0,0.0,0.0,0.0,0.0,100.0,100.0,0.0,0.0,none,0,{},{}
pullback,1m,6,15,0.005,3,1.0,0.6,0.5,0.25,0.5,1,0.5,-1000000000.0,2026-07-29 23:00:00+00:00,2026-08-05 03:27:00+00:00,6.185416666666667,1,0.16167059616032334,0.0,0.0,79.34567085261071,-0.7676768556489547,0.0,0.9572827863693192,100.0,99.04271721363068,-0.9572827863693236,-0.154764478766344,none,0,{},"{""GBPUSD=X"": -0.957283}",2026-08-05 03:25:00+00:00,2026-08-06 12:29:00+00:00,1.3777777777777778,0,0.0,0.0,0.0,0.0,0.0,0.0,0.0,100.0,100.0,0.0,0.0,none,0,{},{}
pullback,1m,6,15,0.005,3,1.0,0.6,0.5,0.25,0.8,1,0.5,-1000000000.0,2026-07-29 23:00:00+00:00,2026-08-05 03:27:00+00:00,6.185416666666667,2,0.3233411923206467,0.0,0.0,65.76280471103807,-1.1110671188504087,0.0,2.579805652073503,100.0,97.4201943479265,-2.5798056520735146,-0.4170787177484968,none,0,"{""sized_down"": 1}","{""AUDUSD=X"": -1.622523, ""GBPUSD=X"": -0.957283}",2026-08-05 03:25:00+00:00,2026-08-06 12:29:00+00:00,1.3777777777777778,0,0.0,0.0,0.0,0.0,0.0,0.0,0.0,100.0,100.0,0.0,0.0,none,0,{},{}
pullback,1m,6,15,0.005,3,1.0,0.6,0.5,0.25,1.2,1,0.5,-1000000000.0,2026-07-29 23:00:00+00:00,2026-08-05 03:27:00+00:00,6.185416666666667,8,1.2933647692825867,25.0,7.147768885802764,59.073012089741084,-0.7522859741143164,0.1509570049092945,4.334643977710982,100.0,95.66535602228902,-4.3346439777110035,-0.7007844760192933,none,0,"{""gross_leverage"": 2, ""sized_down"": 9}","{""AUDUSD=X"": -1.176851, ""EURUSD=X"": -0.940128, ""GBPUSD=X"": -2.070806, ""NZDUSD=X"": -0.146859}",2026-08-05 03:25:00+00:00,2026-08-06 12:29:00+00:00,1.3777777777777778,0,0.0,0.0,0.0,0.0,0.0,0.0,0.0,100.0,100.0,0.0,0.0,none,0,{},{}
pullback,1m,6,15,0.005,3,1.0,0.6,0.5,0.1,0.5,1,1.0,-1000000000.0,2026-07-29 23:00:00+00:00,2026-08-05 03:27:00+00:00,6.185416666666667,1,0.16167059616032334,0.0,0.0,79.34567085261071,-0.8068034202951644,0.0,0.9572827863693192,100.0,99.04271721363068,-0.9572827863693236,-0.154764478766344,none,0,{},"{""GBPUSD=X"": -0.957283}",2026-08-05 03:25:00+00:00,2026-08-06 12:29:00+00:00,1.3777777777777778,0,0.0,0.0,0.0,0.0,0.0,0.0,0.0,100.0,100.0,0.0,0.0,none,0,{},{}
pullback,1m,6,15,0.005,3,1.0,0.6,0.5,0.1,0.8,1,1.0,-1000000000.0,2026-07-29 23:00:00+00:00,2026-08-05 03:27:00+00:00,6.185416666666667,7,1.1316941731222634,28.57142857142857,8.221716570901549,64.10709098517873,-0.6608877390920235,0.10583918826141514,4.489237552370611,100.0,95.51076244762939,-4.4892375523705965,-0.7257777113970652,none,0,"{""gross_leverage"": 1, ""sized_down"": 7}","{""AUDUSD=X"": -1.264355, ""EURUSD=X"": -1.67489, ""GBPUSD=X"": -1.549992}",2026-08-05 03:25:00+00:00,2026-08-06 12:29:00+00:00,1.3777777777777778,0,0.0,0.0,0.0,0.0,0.0,0.0,0.0,100.0,100.0,0.0,0.0,none,0,{},{}
pullback,1m,6,15,0.005,3,1.0,0.6,0.5,0.1,1.2,1,1.0,-1000000000.0,2026-07-29 23:00:00+00:00,2026-08-05 03:27:00+00:00,6.185416666666667,15,2.42505894240485,33.33333333333333,15.176100694691236,58.28687484878701,-0.680796555120853,0.13908258415877298,7.309411576305223,100.0,92.69058842369478,-7.309411576305235,-1.1817169271224361,none,0,"{""gross_leverage"": 2, ""sized_down"": 16}","{""AUDUSD=X"": -0.87732, ""EURUSD=X"": -4.109504, ""GBPUSD=X"": -2.175729, ""NZDUSD=X"": -0.146859}",2026-08-05 03:25:00+00:00,2026-08-06 12:29:00+00:00,1.3777777777777778,3,2.1774193548387095,33.33333333333333,6.14903152761605,79.23450448735122,-1.0213576724851618,0.13311409039269556,1.8252538006641146,100.0,98.17474619933589,-1.825253800664109,-1.3247809843529823,none,0,"{""sized_down"": 3}","{""AUDUSD=X"": -0.875921, ""EURUSD=X"": -0.949333}"
pullback,1m,6,15,0.005,3,1.0,0.6,0.5,0.25,0.5,1,1.0,-1000000000.0,2026-07-29 23:00:00+00:00,2026-08-05 03:27:00+00:00,6.185416666666667,1,0.16167059616032334,0.0,0.0,79.34567085261071,-0.7676768556489547,0.0,0.9572827863693192,100.0,99.04271721363068,-0.9572827863693236,-0.154764478766344,none,0,{},"{""GBPUSD=X"": -0.957283}",2026-08-05 03:25:00+00:00,2026-08-06 12:29:00+00:00,1.3777777777777778,0,0.0,0.0,0.0,0.0,0.0,0.0,0.0,100.0,100.0,0.0,0.0,none,0,{},{}
pullback,1m,6,15,0.005,3,1.0,0.6,0.5,0.25,0.8,1,1.0,-1000000000.0,2026-07-29 23:00:00+00:00,2026-08-05 03:27:00+00:00,6.185416666666667,7,1.1316941731222634,28.57142857142857,8.221716570901549,64.10709098517873,-0.6344947410616556,0.11040887003407729,4.575517830166717,100.0,95.42448216983328,-4.57551783016671,-0.739726695345241,none,0,"{""gross_leverage"": 1, ""sized_down"": 7}","{""AUDUSD=X"": -1.338737, ""EURUSD=X"": -1.686789, ""GBPUSD=X"": -1.549992}",2026-08-05 03:25:00+00:00,2026-08-06 12:29:00+00:00,1.3777777777777778,0,0.0,0.0,0.0,0.0,0.0,0.0,0.0,100.0,100.0,0.0,0.0,none,0,{},{}
pullback,1m,6,15,0.005,3,1.0,0.6,0.5,0.25,1.2,1,1.0,-1000000000.0,2026-07-29 23:00:00+00:00,2026-08-05 03:27:00+00:00,6.185416666666667,21,3.39508251936679,38.095238095238095,20.750767797982505,59.12170418449848,-0.627206641402222,0.1636661851179749,9.449614316565288,100.0,90.55038568343471,-9.44961431656533,-1.5277247800442435,none,0,"{""gross_leverage"": 3, ""max_positions"": 2, ""sized_down"": 23}","{""AUDUSD=X"": -2.965464, ""EURUSD=X"": -4.090212, ""GBPUSD=X"": -2.533348, ""NZDUSD=X"": 0.139409}",2026-08-05 03:25:00+00:00,2026-08-06 12:29:00+00:00,1.3777777777777778,3,2.1774193548387095,33.33333333333333,6.14903152761605,79.23450448735122,-0.9303615262305763,0.1778072938210764,1.792617703164524,100.0,98.20738229683548,-1.7926177031645147,-1.3010934942323091,none,0,"{""sized_down"": 3}","{""AUDUSD=X"": -0.843285, ""EURUSD=X"": -0.949333}"
pullback,1m,6,25,0.005,3,1.0,0.6,0.5,0.1,0.5,1,0.5,-1000000000.0,2026-07-29 23:00:00+00:00,2026-08-05 03:27:00+00:00,6.185416666666667,0,0.0,0.0,0.0,0.0,0.0,0.0,0.0,100.0,100.0,0.0,0.0,none,0,{},{},2026-08-05 03:25:00+00:00,2026-08-06 12:29:00+00:00,1.3777777777777778,0,0.0,0.0,0.0,0.0,0.0,0.0,0.0,100.0,100.0,0.0,0.0,none,0,{},{}
pullback,1m,6,25,0.005,3,1.0,0.6,0.5,0.1,0.8,1,0.5,-1000000000.0,2026-07-29 23:00:00+00:00,2026-08-05 03:27:00+00:00,6.185416666666667,1,0.16167059616032334,0.0,0.0,79.34567085261071,-1.4869239331476465,0.0,1.5481413779941988,100.0,98.4518586220058,-1.5481413779941953,-0.250288939520786,none,0,"{""sized_down"": 1}","{""AUDUSD=X"": -1.548141}",2026-08-05 03:25:00+00:00,2026-08-06 12:29:00+00:00,1.3777777777777778,0,0.0,0.0,0.0,0.0,0.0,0.0,0.0,100.0,100.0,0.0,0.0,none,0,{},{}
pullback,1m,6,25,0.005,3,1.0,0.6,0.5,0.1,1.2,1,0.5,-1000000000.0,2026-07-29 23:00:00+00:00,2026-08-05 03:27:00+00:00,6.185416666666667,5,0.8083529808016167,0.0,0.0,43.4491494752081,-1.3566443306835425,0.0,5.1185451814106955,100.0,94.8814548185893,-5.118545181410704,-0.827518250952219,none,0,"{""sized_down"": 5}","{""AUDUSD=X"": -2.890351, ""EURUSD=X"": -0.940128, ""GBPUSD=X"": -1.141207, ""NZDUSD=X"": -0.146859}",2026-08-05 03:25:00+00:00,2026-08-06 12:29:00+00:00,1.3777777777777778,0,0.0,0.0,0.0,0.0,0.0,0.0,0.0,100.0,100.0,0.0,0.0,none,0,{},{}
pullback,1m,6,25,0.005,3,1.0,0.6,0.5,0.25,0.5,1,0.5,-1000000000.0,2026-07-29 23:00:00+00:00,2026-08-05 03:27:00+00:00,6.185416666666667,0,0.0,0.0,0.0,0.0,0.0,0.0,0.0,100.0,100.0,0.0,0.0,none,0,{},{},2026-08-05 03:25:00+00:00,2026-08-06 12:29:00+00:00,1.3777777777777778,0,0.0,0.0,0.0,0.0,0.0,0.0,0.0,100.0,100.0,0.0,0.0,none,0,{},{}
pullback,1m,6,25,0.005,3,1.0,0.6,0.5,0.25,0.8,1,0.5,-1000000000.0,2026-07-29 23:00:00+00:00,2026-08-05 03:27:00+00:00,6.185416666666667,1,0.16167059616032334,0.0,0.0,79.34567085261071,-1.4544573820518627,0.0,1.622522865704184,100.0,98.37747713429582,-1.622522865704191,-0.2623142389821528,none,0,"{""sized_down"": 1}","{""AUDUSD=X"": -1.622523}",2026-08-05 03:25:00+00:00,2026-08-06 12:29:00+00:00,1.3777777777777778,0,0.0,0.0,0.0,0.0,0.0,0.0,0.0,100.0,100.0,0.0,0.0,none,0,{},{}
pullback,1m,6,25,0.005,3,1.0,0.6,0.5,0.25,1.2,1,0.5,-1000000000.0,2026-07-29 23:00:00+00:00,2026-08-05 03:27:00+00:00,6.185416666666667,7,1.1316941731222634,14.285714285714285,2.567895594897479,51.313450331903,-1.112678690206668,0.04727166859584967,6.228342683656166,100.0,93.77165731634383,-6.228342683656179,-1.0069398747574827,none,0,"{""sized_down"": 7}","{""AUDUSD=X"": -4.231382, ""EURUSD=X"": -0.940128, ""GBPUSD=X"": -0.909974, ""NZDUSD=X"": -0.146859}",2026-08-05 03:25:00+00:00,2026-08-06 12:29:00+00:00,1.3777777777777778,0,0.0,0.0,0.0,0.0,0.0,0.0,0.0,100.0,100.0,0.0,0.0,none,0,{},{}
pullback,1m,6,25,0.005,3,1.0,0.6,0.5,0.1,0.5,1,1.0,-1000000000.0,2026-07-29 23:00:00+00:00,2026-08-05 03:27:00+00:00,6.185416666666667,0,0.0,0.0,0.0,0.0,0.0,0.0,0.0,100.0,100.0,0.0,0.0,none,0,{},{},2026-08-05 03:25:00+00:00,2026-08-06 12:29:00+00:00,1.3777777777777778,0,0.0,0.0,0.0,0.0,0.0,0.0,0.0,100.0,100.0,0.0,0.0,none,0,{},{}
pullback,1m,6,25,0.005,3,1.0,0.6,0.5,0.1,0.8,1,1.0,-1000000000.0,2026-07-29 23:00:00+00:00,2026-08-05 03:27:00+00:00,6.185416666666667,5,0.8083529808016167,40.0,11.76182311592533,76.9280067791163,-0.6472108287329663,0.15310733073000046,2.939245377268378,100.0,97.06075462273162,-2.9392453772683633,-0.47518955240445077,none,0,"{""gross_leverage"": 1, ""sized_down"": 6}","{""AUDUSD=X"": -1.264355, ""EURUSD=X"": -1.67489}",2026-08-05 03:25:00+00:00,2026-08-06 12:29:00+00:00,1.3777777777777778,0,0.0,0.0,0.0,0.0,0.0,0.0,0.0,100.0,100.0,0.0,0.0,none,0,{},{}
pullback,1m,6,25,0.005,3,1.0,0.6,0.5,0.1,1.2,1,1.0,-1000000000.0,2026-07-29 23:00:00+00:00,2026-08-05 03:27:00+00:00,6.185416666666667,13,2.1017177500842035,30.76923076923077,12.680497161618087,57.63111218666236,-0.8425801541563882,0.09605146813345225,7.486932401827417,100.0,92.51306759817258,-7.486932401827431,-1.2104168248154823,none,0,"{""gross_leverage"": 1, ""sized_down"": 14}","{""AUDUSD=X"": -2.21953, ""EURUSD=X"": -4.109504, ""GBPUSD=X"": -1.01104, ""NZDUSD=X"": -0.146859}",2026-08-05 03:25:00+00:00,2026-08-06 12:29:00+00:00,1.3777777777777778,2,1.4516129032258065,0.0,0.0,65.76280471103807,-1.7454450990880275,0.0,2.1055294363833212,100.0,97.89447056361668,-2.1055294363833195,-1.5282068489878933,none,0,"{""sized_down"": 2}","{""AUDUSD=X"": -1.156196, ""EURUSD=X"": -0.949333}"
pullback,1m,6,25,0.005,3,1.0,0.6,0.5,0.25,0.5,1,1.0,-1000000000.0,2026-07-29 23:00:00+00:00,2026-08-05 03:27:00+00:00,6.185416666666667,0,0.0,0.0,0.0,0.0,0.0,0.0,0.0,100.0,100.0,0.0,0.0,none,0,{},{},2026-08-05 03:25:00+00:00,2026-08-06 12:29:00+00:00,1.3777777777777778,0,0.0,0.0,0.0,0.0,0.0,0.0,0.0,100.0,100.0,0.0,0.0,none,0,{},{}
pullback,1m,6,25,0.005,3,1.0,0.6,0.5,0.25,0.8,1,1.0,-1000000000.0,2026-07-29 23:00:00+00:00,2026-08-05 03:27:00+00:00,6.185416666666667,5,0.8083529808016167,40.0,11.76182311592533,76.9280067791163,-0.6243632896142771,0.15803306708516338,3.0255256550644845,100.0,96.97447434493552,-3.025525655064477,-0.4891385363526268,none,0,"{""gross_leverage"": 1, ""sized_down"": 6}","{""AUDUSD=X"": -1.338737, ""EURUSD=X"": -1.686789}",2026-08-05 03:25:00+00:00,2026-08-06 12:29:00+00:00,1.3777777777777778,0,0.0,0.0,0.0,0.0,0.0,0.0,0.0,100.0,100.0,0.0,0.0,none,0,{},{}
pullback,1m,6,25,0.005,3,1.0,0.6,0.5,0.25,1.2,1,1.0,-1000000000.0,2026-07-29 23:00:00+00:00,2026-08-05 03:27:00+00:00,6.185416666666667,18,2.91007073088582,38.88888888888889,20.304991926931162,61.381331419343844,-0.7007223478048592,0.12756818758862534,9.489637226546805,100.0,90.5103627734532,-9.489637226546835,-1.5341953077610242,none,0,"{""gross_leverage"": 1, ""max_positions"": 2, ""sized_down"": 19}","{""AUDUSD=X"": -4.759029, ""EURUSD=X"": -4.090212, ""GBPUSD=X"": -0.779806, ""NZDUSD=X"": 0.139409}",2026-08-05 03:25:00+00:00,2026-08-06 12:29:00+00:00,1.3777777777777778,2,1.4516129032258065,0.0,0.0,65.76280471103807,-1.6553196141053397,0.0,2.1802889878402993,100.0,97.8197110121597,-2.1802889878402905,-1.5824678137550496,none,0,"{""sized_down"": 2}","{""AUDUSD=X"": -1.230956, ""EURUSD=X"": -0.949333}"
pullback,1m,6,15,0.005,3,1.0,0.6,0.5,0.1,0.5,2,0.5,-1000000000.0,2026-07-29 23:00:00+00:00,2026-08-05 03:27:00+00:00,6.185416666666667,1,0.16167059616032334,0.0,0.0,79.34567085261071,-0.8068034202951644,0.0,0.9572827863693192,100.0,99.04271721363068,-0.9572827863693236,-0.154764478766344,none,0,{},"{""GBPUSD=X"": -0.957283}",2026-08-05 03:25:00+00:00,2026-08-06 12:29:00+00:00,1.3777777777777778,0,0.0,0.0,0.0,0.0,0.0,0.0,0.0,100.0,100.0,0.0,0.0,none,0,{},{}
pullback,1m,6,15,0.005,3,1.0,0.6,0.5,0.1,0.8,2,0.5,-1000000000.0,2026-07-29 23:00:00+00:00,2026-08-05 03:27:00+00:00,6.185416666666667,3,0.48501178848097004,33.33333333333333,6.14903152761605,79.23450448735122,-0.6503828230859632,0.14454621279986848,2.143274589947495,100.0,97.8567254100525,-2.143274589947497,-0.3465044806920844,none,0,"{""sized_down"": 2}","{""AUDUSD=X"": -1.548141, ""GBPUSD=X"": -0.595133}",2026-08-05 03:25:00+00:00,2026-08-06 12:29:00+00:00,1.3777777777777778,0,0.0,0.0,0.0,0.0,0.0,0.0,0.0,100.0,100.0,0.0,0.0,none,0,{},{}
pullback,1m,6,15,0.005,3,1.0,0.6,0.5,0.1,1.2,2,0.5,-1000000000.0,2026-07-29 23:00:00+00:00,2026-08-05 03:27:00+00:00,6.185416666666667,8,1.2933647692825867,25.0,7.147768885802764,59.073012089741084,-0.7044607847826072,0.22117445660337826,4.121011180196845,100.0,95.87898881980315,-4.121011180196858,-0.6662463342857836,none,0,"{""gross_leverage"": 1, ""sized_down"": 8}","{""AUDUSD=X"": -1.548141, ""EURUSD=X"": -0.940128, ""GBPUSD=X"": -1.485883, ""NZDUSD=X"": -0.146859}",2026-08-05 03:25:00+00:00,2026-08-06 12:29:00+00:00,1.3777777777777778,1,0.7258064516129032,0.0,0.0,79.34567085261071,-1.7498167229178094,0.0,0.9703364889959829,100.0,99.02966351100402,-0.9703364889959795,-0.7042764839486948,none,0,"{""sized_down"": 1}","{""EURUSD=X"": -0.970336}"
pullback,1m,6,15,0.005,3,1.0,0.6,0.5,0.25,0.5,2,0.5,-1000000000.0,2026-07-29 23:00:00+00:00,2026-08-05 03:27:00+00:00,6.185416666666667,1,0.16167059616032334,0.0,0.0,79.34567085261071,-0.7676768556489547,0.0,0.9572827863693192,100.0,99.04271721363068,-0.9572827863693236,-0.154764478766344,none,0,{},"{""GBPUSD=X"": -0.957283}",2026-08-05 03:25:00+00:00,2026-08-06 12:29:00+00:00,1.3777777777777778,0,0.0,0.0,0.0,0.0,0.0,0.0,0.0,100.0,100.0,0.0,0.0,none,0,{},{}
pullback,1m,6,15,0.005,3,1.0,0.6,0.5,0.25,0.8,2,0.5,-1000000000.0,2026-07-29 23:00:00+00:00,2026-08-05 03:27:00+00:00,6.185416666666667,3,0.48501178848097004,33.33333333333333,6.14903152761605,79.23450448735122,-0.6168144499459217,0.16266016484770976,2.160174039432178,100.0,97.83982596056782,-2.1601740394321833,-0.3492366247650549,none,0,"{""sized_down"": 2}","{""AUDUSD=X"": -1.622523, ""GBPUSD=X"": -0.537651}",2026-08-05 03:25:00+00:00,2026-08-06 12:29:00+00:00,1.3777777777777778,0,0.0,0.0,0.0,0.0,0.0,0.0,0.0,100.0,100.0,0.0,0.0,none,0,{},{}
pullback,1m,6,15,0.005,3,1.0,0.6,0.5,0.25,1.2,2,0.5,-1000000000.0,2026-07-29 23:00:00+00:00,2026-08-05 03:27:00+00:00,6.185416666666667,8,1.2933647692825867,25.0,7.147768885802764,59.073012089741084,-0.6034875167768314,0.297107525576729,3.153298310552941,100.0,96.84670168944706,-3.153298310552959,-0.5097956177384373,none,0,"{""gross_leverage"": 2, ""sized_down"": 9}","{""EURUSD=X"": -0.940128, ""GBPUSD=X"": -2.066312, ""NZDUSD=X"": -0.146859}",2026-08-05 03:25:00+00:00,2026-08-06 12:29:00+00:00,1.3777777777777778,1,0.7258064516129032,0.0,0.0,79.34567085261071,-1.7095945606075995,0.0,1.00176942416536,100.0,98.99823057583464,-1.0017694241653639,-0.7270907110877641,none,0,"{""sized_down"": 1}","{""EURUSD=X"": -1.001769}"
pullback,1m,6,15,0.005,3,1.0,0.6,0.5,0.1,0.5,2,1.0,-1000000000.0,2026-07-29 23:00:00+00:00,2026-08-05 03:27:00+00:00,6.185416666666667,1,0.16167059616032334,0.0,0.0,79.34567085261071,-0.8068034202951644,0.0,0.9572827863693192,100.0,99.04271721363068,-0.9572827863693236,-0.154764478766344,none,0,{},"{""GBPUSD=X"": -0.957283}",2026-08-05 03:25:00+00:00,2026-08-06 12:29:00+00:00,1.3777777777777778,0,0.0,0.0,0.0,0.0,0.0,0.0,0.0,100.0,100.0,0.0,0.0,none,0,{},{}
pullback,1m,6,15,0.005,3,1.0,0.6,0.5,0.1,0.8,2,1.0,-1000000000.0,2026-07-29 23:00:00+00:00,2026-08-05 03:27:00+00:00,6.185416666666667,8,1.2933647692825867,37.5,13.684175946152106,69.42621454161981,-0.5354544111824053,0.17797169487372752,4.127087977954588,100.0,95.87291202204541,-4.1270879779545755,-0.6672287738020196,none,0,"{""gross_leverage"": 1, ""sized_down"": 8}","{""AUDUSD=X"": -1.264355, ""EURUSD=X"": -1.67489, ""GBPUSD=X"": -1.187843}",2026-08-05 03:25:00+00:00,2026-08-06 12:29:00+00:00,1.3777777777777778,0,0.0,0.0,0.0,0.0,0.0,0.0,0.0,100.0,100.0,0.0,0.0,none,0,{},{}
pullback,1m,6,15,0.005,3,1.0,0.6,0.5,0.1,1.2,2,1.0,-1000000000.0,2026-07-29 23:00:00+00:00,2026-08-05 03:27:00+00:00,6.185416666666667,16,2.5867295385651734,37.5,18.480982554752806,61.3593529020652,-0.5726305221900314,0.2245760412223539,6.787747288431831,100.0,93.21225271156817,-6.787747288431834,-1.0973791507063928,none,0,"{""gross_leverage"": 2, ""sized_down"": 17}","{""AUDUSD=X"": -1.264355, ""EURUSD=X"": -3.428108, ""GBPUSD=X"": -1.948425, ""NZDUSD=X"": -0.146859}",2026-08-05 03:25:00+00:00,2026-08-06 12:29:00+00:00,1.3777777777777778,3,2.1774193548387095,0.0,0.0,56.15060804490177,-1.429308913138235,0.0,2.5419013963422685,100.0,97.45809860365773,-2.5419013963422676,-1.8449284328290652,none,0,"{""sized_down"": 3}","{""AUDUSD=X"": -1.156196, ""EURUSD=X"": -1.385705}"
pullback,1m,6,15,0.005,3,1.0,0.6,0.5,0.25,0.5,2,1.0,-1000000000.0,2026-07-29 23:00:00+00:00,2026-08-05 03:27:00+00:00,6.185416666666667,1,0.16167059616032334,0.0,0.0,79.34567085261071,-0.7676768556489547,0.0,0.9572827863693192,100.0,99.04271721363068,-0.9572827863693236,-0.154764478766344,none,0,{},"{""GBPUSD=X"": -0.957283}",2026-08-05 03:25:00+00:00,2026-08-06 12:29:00+00:00,1.3777777777777778,0,0.0,0.0,0.0,0.0,0.0,0.0,0.0,100.0,100.0,0.0,0.0,none,0,{},{}
pullback,1m,6,15,0.005,3,1.0,0.6,0.5,0.25,0.8,2,1.0,-1000000000.0,2026-07-29 23:00:00+00:00,2026-08-05 03:27:00+00:00,6.185416666666667,8,1.2933647692825867,37.5,13.684175946152106,69.42621454161981,-0.5087215374460671,0.191995386427441,4.155886217525392,100.0,95.84411378247461,-4.15588621752538,-0.6718846023617994,none,0,"{""gross_leverage"": 1, ""sized_down"": 8}","{""AUDUSD=X"": -1.338737, ""EURUSD=X"": -1.686789, ""GBPUSD=X"": -1.130361}",2026-08-05 03:25:00+00:00,2026-08-06 12:29:00+00:00,1.3777777777777778,0,0.0,0.0,0.0,0.0,0.0,0.0,0.0,100.0,100.0,0.0,0.0,none,0,{},{}
pullback,1m,6,15,0.005,3,1.0,0.6,0.5,0.25,1.2,2,1.0,-1000000000.0,2026-07-29 23:00:00+00:00,2026-08-05 03:27:00+00:00,6.185416666666667,17,2.7484001347254967,41.17647058823529,21.610786039131384,63.994925614484465,-0.45138988794945006,0.31073231205249274,5.511971633093637,100.0,94.48802836690636,-5.511971633093658,-0.8911237399410428,none,0,"{""gross_leverage"": 4, ""sized_down"": 20}","{""AUDUSD=X"": 0.283786, ""EURUSD=X"": -3.408816, ""GBPUSD=X"": -2.240083, ""NZDUSD=X"": -0.146859}",2026-08-05 03:25:00+00:00,2026-08-06 12:29:00+00:00,1.3777777777777778,3,2.1774193548387095,0.0,0.0,56.15060804490177,-1.3764820707974517,0.0,2.648093882968624,100.0,97.35190611703138,-2.648093882968623,-1.9220036247352907,none,0,"{""sized_down"": 3}","{""AUDUSD=X"": -1.230956, ""EURUSD=X"": -1.417138}"
pullback,1m,6,25,0.005,3,1.0,0.6,0.5,0.1,0.5,2,0.5,-1000000000.0,2026-07-29 23:00:00+00:00,2026-08-05 03:27:00+00:00,6.185416666666667,0,0.0,0.0,0.0,0.0,0.0,0.0,0.0,100.0,100.0,0.0,0.0,none,0,{},{},2026-08-05 03:25:00+00:00,2026-08-06 12:29:00+00:00,1.3777777777777778,0,0.0,0.0,0.0,0.0,0.0,0.0,0.0,100.0,100.0,0.0,0.0,none,0,{},{}
pullback,1m,6,25,0.005,3,1.0,0.6,0.5,0.1,0.8,2,0.5,-1000000000.0,2026-07-29 23:00:00+00:00,2026-08-05 03:27:00+00:00,6.185416666666667,2,0.3233411923206467,50.0,9.452865480086615,90.54713451991339,-0.5721725244813626,0.23392538922073805,1.542555021548528,100.0,98.81400819642182,-1.1859918035781734,-0.1917400019257404,none,0,"{""sized_down"": 2}","{""AUDUSD=X"": -1.548141, ""GBPUSD=X"": 0.36215}",2026-08-05 03:25:00+00:00,2026-08-06 12:29:00+00:00,1.3777777777777778,0,0.0,0.0,0.0,0.0,0.0,0.0,0.0,100.0,100.0,0.0,0.0,none,0,{},{}
pullback,1m,6,25,0.005,3,1.0,0.6,0.5,0.1,1.2,2,0.5,-1000000000.0,2026-07-29 23:00:00+00:00,2026-08-05 03:27:00+00:00,6.185416666666667,6,0.9700235769619401,16.666666666666664,3.005258587173032,56.350943656364606,-1.0067737948721598,0.15336400561823216,4.333544589451648,100.0,95.66645541054835,-4.333544589451657,-0.700606737263993,none,0,"{""sized_down"": 6}","{""AUDUSD=X"": -2.890351, ""EURUSD=X"": -0.940128, ""GBPUSD=X"": -0.356207, ""NZDUSD=X"": -0.146859}",2026-08-05 03:25:00+00:00,2026-08-06 12:29:00+00:00,1.3777777777777778,1,0.7258064516129032,0.0,0.0,79.34567085261071,-1.7498167229178094,0.0,0.9703364889959829,100.0,99.02966351100402,-0.9703364889959795,-0.7042764839486948,none,0,"{""sized_down"": 1}","{""EURUSD=X"": -0.970336}"
pullback,1m,6,25,0.005,3,1.0,0.6,0.5,0.25,0.5,2,0.5,-1000000000.0,2026-07-29 23:00:00+00:00,2026-08-05 03:27:00+00:00,6.185416666666667,0,0.0,0.0,0.0,0.0,0.0,0.0,0.0,100.0,100.0,0.0,0.0,none,0,{},{},2026-08-05 03:25:00+00:00,2026-08-06 12:29:00+00:00,1.3777777777777778,0,0.0,0.0,0.0,0.0,0.0,0.0,0.0,100.0,100.0,0.0,0.0,none,0,{},{}
pullback,1m,6,25,0.005,3,1.0,0.6,0.5,0.25,0.8,2,0.5,-1000000000.0,2026-07-29 23:00:00+00:00,2026-08-05 03:27:00+00:00,6.185416666666667,2,0.3233411923206467,50.0,9.452865480086615,90.54713451991339,-0.5413832470944052,0.2586290902342427,1.6157426985620733,100.0,98.79710874693714,-1.2028912530628597,-0.1944721459987109,none,0,"{""sized_down"": 2}","{""AUDUSD=X"": -1.622523, ""GBPUSD=X"": 0.419632}",2026-08-05 03:25:00+00:00,2026-08-06 12:29:00+00:00,1.3777777777777778,0,0.0,0.0,0.0,0.0,0.0,0.0,0.0,100.0,100.0,0.0,0.0,none,0,{},{}
pullback,1m,6,25,0.005,3,1.0,0.6,0.5,0.25,1.2,2,0.5,-1000000000.0,2026-07-29 23:00:00+00:00,2026-08-05 03:27:00+00:00,6.185416666666667,6,0.9700235769619401,16.666666666666664,3.005258587173032,56.350943656364606,-0.955464983514426,0.16252584111587187,4.489300211497834,100.0,95.51069978850217,-4.489300211497829,-0.7257878415355197,none,0,"{""sized_down"": 6}","{""AUDUSD=X"": -3.054531, ""EURUSD=X"": -0.940128, ""GBPUSD=X"": -0.347783, ""NZDUSD=X"": -0.146859}",2026-08-05 03:25:00+00:00,2026-08-06 12:29:00+00:00,1.3777777777777778,1,0.7258064516129032,0.0,0.0,79.34567085261071,-1.7095945606075995,0.0,1.00176942416536,100.0,98.99823057583464,-1.0017694241653639,-0.7270907110877641,none,0,"{""sized_down"": 1}","{""EURUSD=X"": -1.001769}"
pullback,1m,6,25,0.005,3,1.0,0.6,0.5,0.1,0.5,2,1.0,-1000000000.0,2026-07-29 23:00:00+00:00,2026-08-05 03:27:00+00:00,6.185416666666667,0,0.0,0.0,0.0,0.0,0.0,0.0,0.0,100.0,100.0,0.0,0.0,none,0,{},{},2026-08-05 03:25:00+00:00,2026-08-06 12:29:00+00:00,1.3777777777777778,0,0.0,0.0,0.0,0.0,0.0,0.0,0.0,100.0,100.0,0.0,0.0,none,0,{},{}
pullback,1m,6,25,0.005,3,1.0,0.6,0.5,0.1,0.8,2,1.0,-1000000000.0,2026-07-29 23:00:00+00:00,2026-08-05 03:27:00+00:00,6.185416666666667,6,0.9700235769619401,50.0,18.761280689940868,81.23871931005912,-0.482245876579985,0.25745446082133616,2.577095802852355,100.0,97.42290419714764,-2.5770958028523414,-0.4166406148094051,none,0,"{""gross_leverage"": 1, ""sized_down"": 7}","{""AUDUSD=X"": -1.264355, ""EURUSD=X"": -1.67489, ""GBPUSD=X"": 0.36215}",2026-08-05 03:25:00+00:00,2026-08-06 12:29:00+00:00,1.3777777777777778,0,0.0,0.0,0.0,0.0,0.0,0.0,0.0,100.0,100.0,0.0,0.0,none,0,{},{}
pullback,1m,6,25,0.005,3,1.0,0.6,0.5,0.1,1.2,2,1.0,-1000000000.0,2026-07-29 23:00:00+00:00,2026-08-05 03:27:00+00:00,6.185416666666667,13,2.1017177500842035,38.46153846153847,17.70944658123682,64.47751902773146,-0.6910529412560334,0.19786200246637375,6.40757130895372,100.0,93.59242869104628,-6.407571308953726,-1.0359158734583322,none,0,"{""gross_leverage"": 1, ""sized_down"": 14}","{""AUDUSD=X"": -2.606565, ""EURUSD=X"": -3.428108, ""GBPUSD=X"": -0.226039, ""NZDUSD=X"": -0.146859}",2026-08-05 03:25:00+00:00,2026-08-06 12:29:00+00:00,1.3777777777777778,3,2.1774193548387095,0.0,0.0,56.15060804490177,-1.429308913138235,0.0,2.5419013963422685,100.0,97.45809860365773,-2.5419013963422676,-1.8449284328290652,none,0,"{""sized_down"": 3}","{""AUDUSD=X"": -1.156196, ""EURUSD=X"": -1.385705}"
pullback,1m,6,25,0.005,3,1.0,0.6,0.5,0.25,0.5,2,1.0,-1000000000.0,2026-07-29 23:00:00+00:00,2026-08-05 03:27:00+00:00,6.185416666666667,0,0.0,0.0,0.0,0.0,0.0,0.0,0.0,100.0,100.0,0.0,0.0,none,0,{},{},2026-08-05 03:25:00+00:00,2026-08-06 12:29:00+00:00,1.3777777777777778,0,0.0,0.0,0.0,0.0,0.0,0.0,0.0,100.0,100.0,0.0,0.0,none,0,{},{}
pullback,1m,6,25,0.005,3,1.0,0.6,0.5,0.25,0.8,2,1.0,-1000000000.0,2026-07-29 23:00:00+00:00,2026-08-05 03:27:00+00:00,6.185416666666667,6,0.9700235769619401,50.0,18.761280689940868,81.23871931005912,-0.4583542600347222,0.27481143293980653,2.6058940424231594,100.0,97.39410595757684,-2.6058940424231456,-0.42129644336918487,none,0,"{""gross_leverage"": 1, ""sized_down"": 7}","{""AUDUSD=X"": -1.338737, ""EURUSD=X"": -1.686789, ""GBPUSD=X"": 0.419632}",2026-08-05 03:25:00+00:00,2026-08-06 12:29:00+00:00,1.3777777777777778,0,0.0,0.0,0.0,0.0,0.0,0.0,0.0,100.0,100.0,0.0,0.0,none,0,{},{}
pullback,1m,6,25,0.005,3,1.0,0.6,0.5,0.25,1.2,2,1.0,-1000000000.0,2026-07-29 23:00:00+00:00,2026-08-05 03:27:00+00:00,6.185416666666667,14,2.263388346244527,42.857142857142854,21.380509930400528,67.40973309713064,-0.5733248555929504,0.24439568893577604,6.255264145305603,100.0,93.7447358546944,-6.2552641453056195,-1.011292283511855,none,0,"{""gross_leverage"": 2, ""sized_down"": 16}","{""AUDUSD=X"": -2.770745, ""EURUSD=X"": -3.408816, ""GBPUSD=X"": 0.071155, ""NZDUSD=X"": -0.146859}",2026-08-05 03:25:00+00:00,2026-08-06 12:29:00+00:00,1.3777777777777778,3,2.1774193548387095,0.0,0.0,56.15060804490177,-1.3764820707974517,0.0,2.648093882968624,100.0,97.35190611703138,-2.648093882968623,-1.9220036247352907,none,0,"{""sized_down"": 3}","{""AUDUSD=X"": -1.230956, ""EURUSD=X"": -1.417138}"
pullback,1m,6,15,0.005,3,1.0,0.6,0.5,0.1,0.5,3,0.5,-1000000000.0,2026-07-29 23:00:00+00:00,2026-08-05 03:27:00+00:00,6.185416666666667,0,0.0,0.0,0.0,0.0,0.0,0.0,0.0,100.0,100.0,0.0,0.0,none,0,{},{},2026-08-05 03:25:00+00:00,2026-08-06 12:29:00+00:00,1.3777777777777778,0,0.0,0.0,0.0,0.0,0.0,0.0,0.0,100.0,100.0,0.0,0.0,none,0,{},{}
pullback,1m,6,15,0.005,3,1.0,0.6,0.5,0.1,0.8,3,0.5,-1000000000.0,2026-07-29 23:00:00+00:00,2026-08-05 03:27:00+00:00,6.185416666666667,0,0.0,0.0,0.0,0.0,0.0,0.0,0.0,100.0,100.0,0.0,0.0,none,0,{},{},2026-08-05 03:25:00+00:00,2026-08-06 12:29:00+00:00,1.3777777777777778,0,0.0,0.0,0.0,0.0,0.0,0.0,0.0,100.0,100.0,0.0,0.0,none,0,{},{}
pullback,1m,6,15,0.005,3,1.0,0.6,0.5,0.1,1.2,3,0.5,-1000000000.0,2026-07-29 23:00:00+00:00,2026-08-05 03:27:00+00:00,6.185416666666667,5,0.8083529808016167,20.0,3.6223160969787447,62.44717358814613,-0.81690756180056,0.13830517417209146,2.4005876077923745,100.0,97.59941239220763,-2.4005876077923847,-0.3881044296868793,none,0,"{""sized_down"": 5}","{""EURUSD=X"": -0.940128, ""GBPUSD=X"": -1.313601, ""NZDUSD=X"": -0.146859}",2026-08-05 03:25:00+00:00,2026-08-06 12:29:00+00:00,1.3777777777777778,1,0.7258064516129032,0.0,0.0,79.34567085261071,-1.7498167229178094,0.0,0.9703364889959829,100.0,99.02966351100402,-0.9703364889959795,-0.7042764839486948,none,0,"{""sized_down"": 1}","{""EURUSD=X"": -0.970336}"
pullback,1m,6,15,0.005,3,1.0,0.6,0.5,0.25,0.5,3,0.5,-1000000000.0,2026-07-29 23:00:00+00:00,2026-08-05 03:27:00+00:00,6.185416666666667,0,0.0,0.0,0.0,0.0,0.0,0.0,0.0,100.0,100.0,0.0,0.0,none,0,{},{},2026-08-05 03:25:00+00:00,2026-08-06 12:29:00+00:00,1.3777777777777778,0,0.0,0.0,0.0,0.0,0.0,0.0,0.0,100.0,100.0,0.0,0.0,none,0,{},{}
pullback,1m,6,15,0.005,3,1.0,0.6,0.5,0.25,0.8,3,0.5,-1000000000.0,2026-07-29 23:00:00+00:00,2026-08-05 03:27:00+00:00,6.185416666666667,0,0.0,0.0,0.0,0.0,0.0,0.0,0.0,100.0,100.0,0.0,0.0,none,0,{},{},2026-08-05 03:25:00+00:00,2026-08-06 12:29:00+00:00,1.3777777777777778,0,0.0,0.0,0.0,0.0,0.0,0.0,0.0,100.0,100.0,0.0,0.0,none,0,{},{}
pullback,1m,6,15,0.005,3,1.0,0.6,0.5,0.25,1.2,3,0.5,-1000000000.0,2026-07-29 23:00:00+00:00,2026-08-05 03:27:00+00:00,6.185416666666667,6,0.9700235769619401,16.666666666666664,3.005258587173032,56.350943656364606,-0.8053190277381511,0.13082083465449695,3.0672391734810702,100.0,96.93276082651893,-3.0672391734810898,-0.4958823857429852,none,0,"{""sized_down"": 6}","{""EURUSD=X"": -0.940128, ""GBPUSD=X"": -1.980252, ""NZDUSD=X"": -0.146859}",2026-08-05 03:25:00+00:00,2026-08-06 12:29:00+00:00,1.3777777777777778,1,0.7258064516129032,0.0,0.0,79.34567085261071,-1.7095945606075995,0.0,1.00176942416536,100.0,98.99823057583464,-1.0017694241653639,-0.7270907110877641,none,0,"{""sized_down"": 1}","{""EURUSD=X"": -1.001769}"
pullback,1m,6,15,0.005,3,1.0,0.6,0.5,0.1,0.5,3,1.0,-1000000000.0,2026-07-29 23:00:00+00:00,2026-08-05 03:27:00+00:00,6.185416666666667,0,0.0,0.0,0.0,0.0,0.0,0.0,0.0,100.0,100.0,0.0,0.0,none,0,{},{},2026-08-05 03:25:00+00:00,2026-08-06 12:29:00+00:00,1.3777777777777778,0,0.0,0.0,0.0,0.0,0.0,0.0,0.0,100.0,100.0,0.0,0.0,none,0,{},{}
pullback,1m,6,15,0.005,3,1.0,0.6,0.5,0.1,0.8,3,1.0,-1000000000.0,2026-07-29 23:00:00+00:00,2026-08-05 03:27:00+00:00,6.185416666666667,3,0.48501178848097004,66.66666666666666,20.76549551264879,93.85096847238394,-0.0828891071695095,0.7827431046826413,0.6788662290573058,100.0,99.8525116307392,-0.1474883692607945,-0.023844532585106555,none,0,"{""gross_leverage"": 1, ""sized_down"": 4}","{""AUDUSD=X"": 0.283786, ""EURUSD=X"": -0.431274}",2026-08-05 03:25:00+00:00,2026-08-06 12:29:00+00:00,1.3777777777777778,0,0.0,0.0,0.0,0.0,0.0,0.0,0.0,100.0,100.0,0.0,0.0,none,0,{},{}
pullback,1m,6,15,0.005,3,1.0,0.6,0.5,0.1,1.2,3,1.0,-1000000000.0,2026-07-29 23:00:00+00:00,2026-08-05 03:27:00+00:00,6.185416666666667,10,1.6167059616032333,50.0,23.65895936154873,76.34104063845126,-0.36149356899843077,0.3783596829366295,2.668311004638852,100.0,97.84616739954262,-2.153832600457401,-0.34821140054548755,none,0,"{""gross_leverage"": 1, ""sized_down"": 11}","{""AUDUSD=X"": 0.544031, ""EURUSD=X"": -1.237404, ""GBPUSD=X"": -1.313601, ""NZDUSD=X"": -0.146859}",2026-08-05 03:25:00+00:00,2026-08-06 12:29:00+00:00,1.3777777777777778,2,1.4516129032258065,0.0,0.0,65.76280471103807,-1.2515522352280657,0.0,1.3857051365713602,100.0,98.61429486342864,-1.3857051365713577,-1.0057537281566307,none,0,"{""sized_down"": 2}","{""EURUSD=X"": -1.385705}"
pullback,1m,6,15,0.005,3,1.0,0.6,0.5,0.25,0.5,3,1.0,-1000000000.0,2026-07-29 23:00:00+00:00,2026-08-05 03:27:00+00:00,6.185416666666667,0,0.0,0.0,0.0,0.0,0.0,0.0,0.0,100.0,100.0,0.0,0.0,none,0,{},{},2026-08-05 03:25:00+00:00,2026-08-06 12:29:00+00:00,1.3777777777777778,0,0.0,0.0,0.0,0.0,0.0,0.0,0.0,100.0,100.0,0.0,0.0,none,0,{},{}
pullback,1m,6,15,0.005,3,1.0,0.6,0.5,0.25,0.8,3,1.0,-1000000000.0,2026-07-29 23:00:00+00:00,2026-08-05 03:27:00+00:00,6.185416666666667,3,0.48501178848097004,66.66666666666666,20.76549551264879,93.85096847238394,-0.06483578435582897,0.8365069787996211,0.6788662290573058,100.0,99.88901010922051,-0.11098989077948845,-0.01794380181008907,none,0,"{""gross_leverage"": 1, ""sized_down"": 4}","{""AUDUSD=X"": 0.283786, ""EURUSD=X"": -0.394776}",2026-08-05 03:25:00+00:00,2026-08-06 12:29:00+00:00,1.3777777777777778,0,0.0,0.0,0.0,0.0,0.0,0.0,0.0,100.0,100.0,0.0,0.0,none,0,{},{}
pullback,1m,6,15,0.005,3,1.0,0.6,0.5,0.25,1.2,3,1.0,-1000000000.0,2026-07-29 23:00:00+00:00,2026-08-05 03:27:00+00:00,6.185416666666667,12,1.9400471539238802,50.0,25.377817039342222,74.62218296065778,-0.31256669020662003,0.4300092907515676,2.6020711708074913,100.0,97.58069005114625,-2.419309948853769,-0.3911312817277902,none,0,"{""gross_leverage"": 2, ""sized_down"": 14}","{""AUDUSD=X"": 0.625459, ""EURUSD=X"": -1.169714, ""GBPUSD=X"": -1.691482, ""NZDUSD=X"": -0.183573}",2026-08-05 03:25:00+00:00,2026-08-06 12:29:00+00:00,1.3777777777777778,2,1.4516129032258065,0.0,0.0,65.76280471103807,-1.2129131157415554,0.0,1.4171380717407374,100.0,98.58286192825926,-1.4171380717407422,-1.0285679552957,none,0,"{""sized_down"": 2}","{""EURUSD=X"": -1.417138}"
pullback,1m,6,25,0.005,3,1.0,0.6,0.5,0.1,0.5,3,0.5,-1000000000.0,2026-07-29 23:00:00+00:00,2026-08-05 03:27:00+00:00,6.185416666666667,0,0.0,0.0,0.0,0.0,0.0,0.0,0.0,100.0,100.0,0.0,0.0,none,0,{},{},2026-08-05 03:25:00+00:00,2026-08-06 12:29:00+00:00,1.3777777777777778,0,0.0,0.0,0.0,0.0,0.0,0.0,0.0,100.0,100.0,0.0,0.0,none,0,{},{}
pullback,1m,6,25,0.005,3,1.0,0.6,0.5,0.1,0.8,3,0.5,-1000000000.0,2026-07-29 23:00:00+00:00,2026-08-05 03:27:00+00:00,6.185416666666667,0,0.0,0.0,0.0,0.0,0.0,0.0,0.0,100.0,100.0,0.0,0.0,none,0,{},{},2026-08-05 03:25:00+00:00,2026-08-06 12:29:00+00:00,1.3777777777777778,0,0.0,0.0,0.0,0.0,0.0,0.0,0.0,100.0,100.0,0.0,0.0,none,0,{},{}
pullback,1m,6,25,0.005,3,1.0,0.6,0.5,0.1,1.2,3,0.5,-1000000000.0,2026-07-29 23:00:00+00:00,2026-08-05 03:27:00+00:00,6.185416666666667,3,0.48501178848097004,0.0,0.0,56.15060804490177,-1.2326398480483614,0.0,2.2649085395675,100.0,97.7350914604325,-2.26490853956751,-0.3661691138404866,none,0,"{""sized_down"": 3}","{""EURUSD=X"": -0.940128, ""GBPUSD=X"": -1.141207, ""NZDUSD=X"": -0.183573}",2026-08-05 03:25:00+00:00,2026-08-06 12:29:00+00:00,1.3777777777777778,1,0.7258064516129032,0.0,0.0,79.34567085261071,-1.7498167229178094,0.0,0.9703364889959829,100.0,99.02966351100402,-0.9703364889959795,-0.7042764839486948,none,0,"{""sized_down"": 1}","{""EURUSD=X"": -0.970336}"
pullback,1m,6,25,0.005,3,1.0,0.6,0.5,0.25,0.5,3,0.5,-1000000000.0,2026-07-29 23:00:00+00:00,2026-08-05 03:27:00+00:00,6.185416666666667,0,0.0,0.0,0.0,0.0,0.0,0.0,0.0,100.0,100.0,0.0,0.0,none,0,{},{},2026-08-05 03:25:00+00:00,2026-08-06 12:29:00+00:00,1.3777777777777778,0,0.0,0.0,0.0,0.0,0.0,0.0,0.0,100.0,100.0,0.0,0.0,none,0,{},{}
pullback,1m,6,25,0.005,3,1.0,0.6,0.5,0.25,0.8,3,0.5,-1000000000.0,2026-07-29 23:00:00+00:00,2026-08-05 03:27:00+00:00,6.185416666666667,0,0.0,0.0,0.0,0.0,0.0,0.0,0.0,100.0,100.0,0.0,0.0,none,0,{},{},2026-08-05 03:25:00+00:00,2026-08-06 12:29:00+00:00,1.3777777777777778,0,0.0,0.0,0.0,0.0,0.0,0.0,0.0,100.0,100.0,0.0,0.0,none,0,{},{}
pullback,1m,6,25,0.005,3,1.0,0.6,0.5,0.25,1.2,3,0.5,-1000000000.0,2026-07-29 23:00:00+00:00,2026-08-05 03:27:00+00:00,6.185416666666667,3,0.48501178848097004,0.0,0.0,56.15060804490177,-1.169817300808395,0.0,2.3059932906289475,100.0,97.69400670937105,-2.3059932906289595,-0.37281131003768964,none,0,"{""sized_down"": 3}","{""EURUSD=X"": -0.940128, ""GBPUSD=X"": -1.219007, ""NZDUSD=X"": -0.146859}",2026-08-05 03:25:00+00:00,2026-08-06 12:29:00+00:00,1.3777777777777778,1,0.7258064516129032,0.0,0.0,79.34567085261071,-1.7095945606075995,0.0,1.00176942416536,100.0,98.99823057583464,-1.0017694241653639,-0.7270907110877641,none,0,"{""sized_down"": 1}","{""EURUSD=X"": -1.001769}"
pullback,1m,6,25,0.005,3,1.0,0.6,0.5,0.1,0.5,3,1.0,-1000000000.0,2026-07-29 23:00:00+00:00,2026-08-05 03:27:00+00:00,6.185416666666667,0,0.0,0.0,0.0,0.0,0.0,0.0,0.0,100.0,100.0,0.0,0.0,none,0,{},{},2026-08-05 03:25:00+00:00,2026-08-06 12:29:00+00:00,1.3777777777777778,0,0.0,0.0,0.0,0.0,0.0,0.0,0.0,100.0,100.0,0.0,0.0,none,0,{},{}
pullback,1m,6,25,0.005,3,1.0,0.6,0.5,0.1,0.8,3,1.0,-1000000000.0,2026-07-29 23:00:00+00:00,2026-08-05 03:27:00+00:00,6.185416666666667,3,0.48501178848097004,66.66666666666666,20.76549551264879,93.85096847238394,-0.0828891071695095,0.7827431046826413,0.6788662290573058,100.0,99.8525116307392,-0.1474883692607945,-0.023844532585106555,none,0,"{""gross_leverage"": 1, ""sized_down"": 4}","{""AUDUSD=X"": 0.283786, ""EURUSD=X"": -0.431274}",2026-08-05 03:25:00+00:00,2026-08-06 12:29:00+00:00,1.3777777777777778,0,0.0,0.0,0.0,0.0,0.0,0.0,0.0,100.0,100.0,0.0,0.0,none,0,{},{}
pullback,1m,6,25,0.005,3,1.0,0.6,0.5,0.1,1.2,3,1.0,-1000000000.0,2026-07-29 23:00:00+00:00,2026-08-05 03:27:00+00:00,6.185416666666667,8,1.2933647692825867,50.0,21.521252682444185,78.47874731755581,-0.403539678140824,0.3144334431620588,2.4959172991344616,100.0,97.9818464677675,-2.0181535322325264,-0.32627608469909486,none,0,"{""gross_leverage"": 1, ""sized_down"": 9}","{""AUDUSD=X"": 0.544031, ""EURUSD=X"": -1.237404, ""GBPUSD=X"": -1.141207, ""NZDUSD=X"": -0.183573}",2026-08-05 03:25:00+00:00,2026-08-06 12:29:00+00:00,1.3777777777777778,2,1.4516129032258065,0.0,0.0,65.76280471103807,-1.2515522352280657,0.0,1.3857051365713602,100.0,98.61429486342864,-1.3857051365713577,-1.0057537281566307,none,0,"{""sized_down"": 2}","{""EURUSD=X"": -1.385705}"
pullback,1m,6,25,0.005,3,1.0,0.6,0.5,0.25,0.5,3,1.0,-1000000000.0,2026-07-29 23:00:00+00:00,2026-08-05 03:27:00+00:00,6.185416666666667,0,0.0,0.0,0.0,0.0,0.0,0.0,0.0,100.0,100.0,0.0,0.0,none,0,{},{},2026-08-05 03:25:00+00:00,2026-08-06 12:29:00+00:00,1.3777777777777778,0,0.0,0.0,0.0,0.0,0.0,0.0,0.0,100.0,100.0,0.0,0.0,none,0,{},{}
pullback,1m,6,25,0.005,3,1.0,0.6,0.5,0.25,0.8,3,1.0,-1000000000.0,2026-07-29 23:00:00+00:00,2026-08-05 03:27:00+00:00,6.185416666666667,3,0.48501178848097004,66.66666666666666,20.76549551264879,93.85096847238394,-0.06483578435582897,0.8365069787996211,0.6788662290573058,100.0,99.88901010922051,-0.11098989077948845,-0.01794380181008907,none,0,"{""gross_leverage"": 1, ""sized_down"": 4}","{""AUDUSD=X"": 0.283786, ""EURUSD=X"": -0.394776}",2026-08-05 03:25:00+00:00,2026-08-06 12:29:00+00:00,1.3777777777777778,0,0.0,0.0,0.0,0.0,0.0,0.0,0.0,100.0,100.0,0.0,0.0,none,0,{},{}
pullback,1m,6,25,0.005,3,1.0,0.6,0.5,0.25,1.2,3,1.0,-1000000000.0,2026-07-29 23:00:00+00:00,2026-08-05 03:27:00+00:00,6.185416666666667,9,1.45503536544291,55.55555555555556,26.66473457440297,81.1224570528086,-0.26981533538619096,0.45125819196618994,2.5060269280844523,100.0,98.34193593399837,-1.6580640660016388,-0.26806020602249464,none,0,"{""gross_leverage"": 2, ""sized_down"": 11}","{""AUDUSD=X"": 0.625459, ""EURUSD=X"": -1.169714, ""GBPUSD=X"": -0.930236, ""NZDUSD=X"": -0.183573}",2026-08-05 03:25:00+00:00,2026-08-06 12:29:00+00:00,1.3777777777777778,2,1.4516129032258065,0.0,0.0,65.76280471103807,-1.2129131157415554,0.0,1.4171380717407374,100.0,98.58286192825926,-1.4171380717407422,-1.0285679552957,none,0,"{""sized_down"": 2}","{""EURUSD=X"": -1.417138}"
