timeframe,adx_min,regime_mode,z_atr,rsi_edge,distance_mode,sl_value,tp_value,score,dev_start_utc,dev_end_utc,dev_span_days,dev_trades,dev_trades_per_day,dev_win_rate,dev_win_ci_low,dev_win_ci_high,dev_expectancy_r,dev_profit_factor,dev_max_drawdown_pct,dev_start_equity,dev_end_equity,dev_net_pnl,dev_profit_per_day,dev_halt_reason,dev_ambiguous_exits,dev_skipped_entries,dev_per_symbol_pnl,val_start_utc,val_end_utc,val_span_days,val_trades,val_trades_per_day,val_win_rate,val_win_ci_low,val_win_ci_high,val_expectancy_r,val_profit_factor,val_max_drawdown_pct,val_start_equity,val_end_equity,val_net_pnl,val_profit_per_day,val_halt_reason,val_ambiguous_exits,val_skipped_entries,val_per_symbol_pnl
5m,12,range,0.25,40,atr,2.0,0.75,-1000000000.0,2026-05-18 23:00:00+00:00,2026-07-07 08:15:00+00:00,49.385416666666664,36,0.7289601349926176,77.77777777777779,61.91498017214091,88.2838070251604,-0.05659576919250006,0.557508181386435,5.145419319600879,100.0,95.33221734098038,-4.667782659019663,-0.09451742992319925,none,0,"{""gross_leverage"": 1, ""max_positions"": 21, ""sized_down"": 8}","{""AUDUSD=X"": -1.434608, ""EURUSD=X"": -0.466937, ""GBPUSD=X"": -0.103271, ""NZDUSD=X"": -2.662966}",2026-07-07 08:15:00+00:00,2026-07-23 02:50:00+00:00,15.774305555555555,3,0.19018269865727494,0.0,0.0,56.15060804490177,-0.7559547165979689,0.0,4.0904469454288375,100.0,95.90955305457116,-4.090446945428848,-0.2593107462653551,none,0,{},"{""GBPUSD=X"": -2.458497, ""NZDUSD=X"": -1.63195}"
5m,12,range,0.25,40,atr,2.0,1.0,-131.75525786483152,2026-05-18 23:00:00+00:00,2026-07-07 08:15:00+00:00,49.385416666666664,84,1.700906981649441,60.71428571428571,50.021610091409684,70.46981993718724,-0.23825129555307928,0.3290050841923026,28.474732918705474,100.0,71.98758900489351,-28.012410995106535,-0.5672203027905985,none,0,"{""gross_leverage"": 21, ""max_positions"": 41, ""sized_down"": 46}","{""AUDUSD=X"": -14.573283, ""EURUSD=X"": -4.675696, ""GBPUSD=X"": -0.140493, ""NZDUSD=X"": -8.622939}",2026-07-07 08:15:00+00:00,2026-07-23 02:50:00+00:00,15.774305555555555,25,1.5848558221439577,60.0,40.739127785127344,76.59694233580909,-0.2920079128650103,0.2652976556048641,13.483206156766345,100.0,87.9867908011167,-12.013209198883331,-0.7615681816593439,none,0,"{""gross_leverage"": 5, ""sized_down"": 13}","{""AUDUSD=X"": 1.213837, ""EURUSD=X"": -3.064788, ""GBPUSD=X"": -5.94296, ""NZDUSD=X"": -4.219298}"
5m,12,range,0.25,40,atr,2.0,1.5,-136.65382548687526,2026-05-18 23:00:00+00:00,2026-07-07 08:15:00+00:00,49.385416666666664,91,1.842649230120228,48.35164835164835,38.36068307058106,58.476148024634554,-0.33483724634955103,0.3815184291034307,31.086691198150984,100.0,69.37364587443408,-30.626354125565896,-0.6201497566028952,max_drawdown 31.09%,0,"{""gross_leverage"": 22, ""max_drawdown"": 18251, ""max_positions"": 72, ""sized_down"": 80}","{""AUDUSD=X"": -13.854412, ""EURUSD=X"": -4.925367, ""GBPUSD=X"": -9.391905, ""NZDUSD=X"": -2.45467}",2026-07-07 08:15:00+00:00,2026-07-23 02:50:00+00:00,15.774305555555555,57,3.613471274488224,50.877192982456144,38.25968032903235,63.38393193625982,-0.2962006458646691,0.4173015009066277,18.6484498088613,100.0,82.98541735308584,-17.01458264691416,-1.0786264147724582,none,0,"{""gross_leverage"": 8, ""max_positions"": 16, ""sized_down"": 46}","{""AUDUSD=X"": -2.429091, ""EURUSD=X"": -4.86042, ""GBPUSD=X"": -7.855249, ""NZDUSD=X"": -1.869823}"
5m,12,range,0.25,40,atr,5.0,0.75,-1000000000.0,2026-05-18 23:00:00+00:00,2026-07-07 08:15:00+00:00,49.385416666666664,23,0.4657245306897279,91.30434782608695,73.20359570190598,97.58205045927666,0.04837587024931422,4.97476975711214,0.22835132473204395,100.0,101.57652303031512,1.5765230303150952,0.031922845583262846,none,0,"{""max_positions"": 10, ""min_units"": 21}","{""AUDUSD=X"": 0.749276, ""NZDUSD=X"": 0.827247}",2026-07-07 08:15:00+00:00,2026-07-23 02:50:00+00:00,15.774305555555555,2,0.12678846577151662,0.0,0.0,65.76280471103807,-0.20497869688260797,0.0,0.5439832484722018,100.0,99.4560167515278,-0.5439832484722138,-0.03448540073959885,none,0,"{""min_units"": 1}","{""NZDUSD=X"": -0.543983}"
5m,12,range,0.25,40,atr,5.0,1.0,-107.96372425265038,2026-05-18 23:00:00+00:00,2026-07-07 08:15:00+00:00,49.385416666666664,65,1.3161780215144485,63.07692307692307,50.92359303460251,73.77077781093274,-0.10188753333156997,0.3677508270144542,9.546509405582286,100.0,90.70120953474748,-9.298790465252502,-0.1882902098005147,none,0,"{""max_positions"": 58, ""min_units"": 43}","{""AUDUSD=X"": -3.058774, ""EURUSD=X"": -1.7817, ""GBPUSD=X"": -1.736065, ""NZDUSD=X"": -2.722252}",2026-07-07 08:15:00+00:00,2026-07-23 02:50:00+00:00,15.774305555555555,20,1.2678846577151661,60.0,38.65779423152061,78.11960325858074,-0.09577863617137852,0.2842947466489807,4.289952795185586,100.0,96.53340087056138,-3.466599129438622,-0.219762392533199,none,0,"{""max_positions"": 11, ""min_units"": 5}","{""AUDUSD=X"": 0.423642, ""EURUSD=X"": -0.916817, ""GBPUSD=X"": 0.394453, ""NZDUSD=X"": -3.367877}"
5m,12,range,0.25,40,atr,5.0,1.5,-114.96176568322421,2026-05-18 23:00:00+00:00,2026-07-07 08:15:00+00:00,49.385416666666664,140,2.834844969415735,52.142857142857146,43.92177246283011,60.24948258438852,-0.13429925059507702,0.379060770596176,25.245436526001715,100.0,75.2468062261165,-24.75319377388349,-0.5012247631919036,none,0,"{""gross_leverage"": 1, ""max_positions"": 141, ""min_units"": 58, ""sized_down"": 3}","{""AUDUSD=X"": -5.901357, ""EURUSD=X"": -5.775621, ""GBPUSD=X"": -8.253224, ""NZDUSD=X"": -4.822992}",2026-07-07 08:15:00+00:00,2026-07-23 02:50:00+00:00,15.774305555555555,53,3.3598943429451906,52.83018867924528,39.65985230075645,65.61797239101857,-0.1285221606033332,0.34942978104573563,11.427897710172935,100.0,89.14607126559571,-10.85392873440427,-0.6880764859142483,none,0,"{""max_positions"": 37, ""min_units"": 6}","{""AUDUSD=X"": -2.734972, ""EURUSD=X"": -1.441313, ""GBPUSD=X"": -3.39169, ""NZDUSD=X"": -3.285955}"
5m,12,range,0.25,40,atr,10.0,0.75,-1000000000.0,2026-05-18 23:00:00+00:00,2026-07-07 08:15:00+00:00,49.385416666666664,0,0.0,0.0,0.0,0.0,0.0,0.0,0.0,100.0,100.0,0.0,0.0,none,0,"{""min_units"": 49}",{},2026-07-07 08:15:00+00:00,2026-07-23 02:50:00+00:00,15.774305555555555,0,0.0,0.0,0.0,0.0,0.0,0.0,0.0,100.0,100.0,0.0,0.0,none,0,"{""min_units"": 4}",{}
5m,12,range,0.25,40,atr,10.0,1.0,-1000000000.0,2026-05-18 23:00:00+00:00,2026-07-07 08:15:00+00:00,49.385416666666664,21,0.4252267454123603,57.14285714285714,36.546216297032444,75.53030051347895,-0.07015456011603301,0.24710443128369072,2.88537818670261,100.0,97.31654882754631,-2.6834511724536987,-0.05433691469216517,none,0,"{""max_positions"": 12, ""min_units"": 106}","{""AUDUSD=X"": -0.785456, ""NZDUSD=X"": -1.897995}",2026-07-07 08:15:00+00:00,2026-07-23 02:50:00+00:00,15.774305555555555,6,0.3803653973145499,50.0,18.761280689940868,81.23871931005912,-0.09829134357486992,0.18858725598677348,1.1372846775364809,100.0,99.00439672521179,-0.9956032747882071,-0.06311550586374723,none,0,"{""min_units"": 24}","{""AUDUSD=X"": 0.071234, ""NZDUSD=X"": -1.066838}"
5m,12,range,0.25,40,atr,10.0,1.5,-105.501880973429,2026-05-18 23:00:00+00:00,2026-07-07 08:15:00+00:00,49.385416666666664,62,1.255431343598397,53.2258064516129,40.98381737584801,65.09136913237779,-0.08117059467889798,0.32544837084906447,7.44667353561968,100.0,92.55332646438032,-7.446673535619654,-0.15078689293809044,none,0,"{""max_positions"": 36, ""min_units"": 178}","{""AUDUSD=X"": -3.181402, ""NZDUSD=X"": -4.265271}",2026-07-07 08:15:00+00:00,2026-07-23 02:50:00+00:00,15.774305555555555,24,1.5214615892581995,54.166666666666664,35.07455355310663,72.10894164831856,-0.07476104173478465,0.3328225671289789,3.079144454132433,100.0,97.14591247950281,-2.8540875204971696,-0.18093268895073406,none,0,"{""max_positions"": 14, ""min_units"": 48}","{""AUDUSD=X"": -1.799764, ""NZDUSD=X"": -1.054324}"
5m,12,range,0.25,45,atr,2.0,0.75,-1000000000.0,2026-05-18 23:00:00+00:00,2026-07-07 08:15:00+00:00,49.385416666666664,81,1.6401603037333896,72.8395061728395,62.28437147614009,81.32631007630587,-0.13932646928008577,0.398046393945893,18.67568557279357,100.0,81.85612010053335,-18.14387989946666,-0.36739347613347384,none,0,"{""gross_leverage"": 1, ""max_positions"": 42, ""sized_down"": 10}","{""AUDUSD=X"": -5.097673, ""EURUSD=X"": -6.080011, ""GBPUSD=X"": -0.578776, ""NZDUSD=X"": -6.38742}",2026-07-07 08:15:00+00:00,2026-07-23 02:50:00+00:00,15.774305555555555,9,0.5705480959718248,55.55555555555556,26.66473457440297,81.1224570528086,-0.25944874418874475,0.21209050311276656,4.868234273164375,100.0,95.60941081983718,-4.390589180162816,-0.2783380329929322,none,0,"{""gross_leverage"": 1, ""max_positions"": 10, ""sized_down"": 2}","{""AUDUSD=X"": 0.248146, ""GBPUSD=X"": -2.458497, ""NZDUSD=X"": -2.180238}"
5m,12,range,0.25,45,atr,2.0,1.0,-129.76141467930844,2026-05-18 23:00:00+00:00,2026-07-07 08:15:00+00:00,49.385416666666664,85,1.721155874288125,56.470588235294116,45.87719281568645,66.50439418859983,-0.2679390743036714,0.3069632001002148,30.336104169401196,100.0,69.6638958305988,-30.336104169401214,-0.6142725164021339,max_drawdown 30.34%,0,"{""gross_leverage"": 25, ""max_drawdown"": 21344, ""max_positions"": 20, ""sized_down"": 45}","{""AUDUSD=X"": -17.126797, ""EURUSD=X"": -4.83801, ""GBPUSD=X"": -6.284931, ""NZDUSD=X"": -2.086366}",2026-07-07 08:15:00+00:00,2026-07-23 02:50:00+00:00,15.774305555555555,60,3.8036539731454986,65.0,52.36238380947751,75.8323982761845,-0.19550286125569022,0.39684853471164605,19.559140955638917,100.0,82.47889627388608,-17.52110372611391,-1.110736930028793,none,0,"{""gross_leverage"": 11, ""max_positions"": 20, ""sized_down"": 28}","{""AUDUSD=X"": 2.931745, ""EURUSD=X"": -3.512024, ""GBPUSD=X"": -9.214876, ""NZDUSD=X"": -7.725949}"
5m,12,range,0.25,45,atr,2.0,1.5,-141.61390539612992,2026-05-18 23:00:00+00:00,2026-07-07 08:15:00+00:00,49.385416666666664,92,1.8628981227589116,47.82608695652174,37.91196487621324,57.91448209462197,-0.36325583676023615,0.3851375305738642,30.24507190142552,100.0,69.75492809857448,-30.245071901425487,-0.6124292137812375,max_drawdown 30.25%,0,"{""daily_loss"": 551, ""gross_leverage"": 35, ""max_drawdown"": 30496, ""max_positions"": 37, ""sized_down"": 95}","{""AUDUSD=X"": -6.104203, ""EURUSD=X"": -6.155193, ""GBPUSD=X"": -10.330389, ""NZDUSD=X"": -7.655287}",2026-07-07 08:15:00+00:00,2026-07-23 02:50:00+00:00,15.774305555555555,89,5.642086726832489,46.06741573033708,36.08954818482133,56.3707282429869,-0.38338791546733775,0.3507162020695536,30.4460014586984,100.0,70.39612597142047,-29.60387402857951,-1.8767148844884216,max_drawdown 30.05%,0,"{""daily_loss"": 347, ""gross_leverage"": 53, ""max_drawdown"": 3970, ""max_positions"": 35, ""sized_down"": 116}","{""AUDUSD=X"": -4.953634, ""EURUSD=X"": -8.317422, ""GBPUSD=X"": -9.638394, ""NZDUSD=X"": -6.694424}"
5m,12,range,0.25,45,atr,5.0,0.75,-1000000000.0,2026-05-18 23:00:00+00:00,2026-07-07 08:15:00+00:00,49.385416666666664,47,0.9516979540181397,80.85106382978722,67.4557199356223,89.58418439468988,-0.022778417544773014,0.7351982001298227,3.5331976170675903,100.0,98.73167299577173,-1.2683270042282868,-0.025682217339362063,none,0,"{""max_positions"": 20, ""min_units"": 52}","{""AUDUSD=X"": -0.748176, ""NZDUSD=X"": -0.520151}",2026-07-07 08:15:00+00:00,2026-07-23 02:50:00+00:00,15.774305555555555,9,0.5705480959718248,55.55555555555556,26.66473457440297,81.1224570528086,-0.0995443960981059,0.23463623405212955,1.4713558652527619,100.0,98.64997041004052,-1.3500295899594899,-0.0855840902285567,none,0,"{""max_positions"": 10, ""min_units"": 1}","{""AUDUSD=X"": 0.124073, ""NZDUSD=X"": -1.474103}"
5m,12,range,0.25,45,atr,5.0,1.0,-113.29074988019458,2026-05-18 23:00:00+00:00,2026-07-07 08:15:00+00:00,49.385416666666664,149,3.01708500316389,57.71812080536913,49.68980248970705,65.35845662299526,-0.12364351820073594,0.29762712148540105,23.012009833164146,100.0,77.32092851315296,-22.679071486847057,-0.4592260836822016,none,0,"{""max_positions"": 119, ""min_units"": 122}","{""AUDUSD=X"": -8.655045, ""EURUSD=X"": -4.992338, ""GBPUSD=X"": -1.991776, ""NZDUSD=X"": -7.039912}",2026-07-07 08:15:00+00:00,2026-07-23 02:50:00+00:00,15.774305555555555,55,3.486682808716707,63.63636363636363,50.422518148683714,75.06965065705916,-0.09572594821016776,0.3106202736324368,10.26171545736783,100.0,90.67885979311787,-9.32114020688209,-0.5909065330358886,none,0,"{""max_positions"": 41, ""min_units"": 12}","{""AUDUSD=X"": 0.862282, ""EURUSD=X"": -1.140435, ""GBPUSD=X"": -2.383041, ""NZDUSD=X"": -6.659946}"
5m,12,range,0.25,45,atr,5.0,1.5,-121.12031831359793,2026-05-18 23:00:00+00:00,2026-07-07 08:15:00+00:00,49.385416666666664,135,2.733600506222316,49.629629629629626,41.32310749842746,57.95664727247695,-0.177523715617441,0.3005192168086754,31.048257573248172,100.0,69.16740709526157,-30.83259290473841,-0.6243258635002926,max_drawdown 31.05%,0,"{""gross_leverage"": 2, ""max_drawdown"": 24764, ""max_positions"": 149, ""min_units"": 30, ""sized_down"": 3}","{""AUDUSD=X"": -7.703404, ""EURUSD=X"": -5.534135, ""GBPUSD=X"": -11.536949, ""NZDUSD=X"": -6.058104}",2026-07-07 08:15:00+00:00,2026-07-23 02:50:00+00:00,15.774305555555555,120,7.607307946290997,55.00000000000001,46.08138181106076,63.60841547837995,-0.13589914052509408,0.3486850086477131,24.01421703650259,100.0,76.91711400849525,-23.082885991504725,-1.4633218502208587,none,0,"{""gross_leverage"": 2, ""max_positions"": 148, ""min_units"": 25, ""sized_down"": 2}","{""AUDUSD=X"": -6.100396, ""EURUSD=X"": -4.881704, ""GBPUSD=X"": -4.100288, ""NZDUSD=X"": -8.000498}"
5m,12,range,0.25,45,atr,10.0,0.75,-1000000000.0,2026-05-18 23:00:00+00:00,2026-07-07 08:15:00+00:00,49.385416666666664,0,0.0,0.0,0.0,0.0,0.0,0.0,0.0,100.0,100.0,0.0,0.0,none,0,"{""min_units"": 127}",{},2026-07-07 08:15:00+00:00,2026-07-23 02:50:00+00:00,15.774305555555555,0,0.0,0.0,0.0,0.0,0.0,0.0,0.0,100.0,100.0,0.0,0.0,none,0,"{""min_units"": 17}",{}
5m,12,range,0.25,45,atr,10.0,1.0,-102.40297593479602,2026-05-18 23:00:00+00:00,2026-07-07 08:15:00+00:00,49.385416666666664,50,1.012444631934191,60.0,46.18118910275937,72.39181021375425,-0.056188758173608716,0.28360332118188264,5.415933672538766,100.0,94.8648072040083,-5.135192795991675,-0.10398196760497803,none,0,"{""max_positions"": 18, ""min_units"": 291}","{""AUDUSD=X"": -0.959936, ""NZDUSD=X"": -4.175257}",2026-07-07 08:15:00+00:00,2026-07-23 02:50:00+00:00,15.774305555555555,28,1.7750385208012327,75.0,56.6439747592954,87.32366505779922,-0.027619066154290835,0.5256996546815205,1.6891419066171698,100.0,98.59158735684007,-1.4084126431599484,-0.08928523909972819,none,0,"{""max_positions"": 2, ""min_units"": 57}","{""AUDUSD=X"": 0.206206, ""NZDUSD=X"": -1.614619}"
5m,12,range,0.25,45,atr,10.0,1.5,-111.11533360306008,2026-05-18 23:00:00+00:00,2026-07-07 08:15:00+00:00,49.385416666666664,146,2.956338325247838,50.68493150684932,42.6622086271126,58.67253419464053,-0.10169414341176135,0.2661163032566037,21.016792409186397,100.0,79.02028856498852,-20.979711435011517,-0.4248159244381155,none,0,"{""max_positions"": 98, ""min_units"": 534}","{""AUDUSD=X"": -7.952611, ""NZDUSD=X"": -13.0271}",2026-07-07 08:15:00+00:00,2026-07-23 02:50:00+00:00,15.774305555555555,70,4.437596302003081,60.0,48.293583076211256,70.66591942644307,-0.05978103390002258,0.43982747774712805,6.793826395329095,100.0,93.54551636712885,-6.4544836328711295,-0.40917703857954774,none,0,"{""max_positions"": 42, ""min_units"": 124}","{""AUDUSD=X"": -3.90245, ""NZDUSD=X"": -2.552034}"
5m,12,range,0.75,40,atr,2.0,0.75,-1000000000.0,2026-05-18 23:00:00+00:00,2026-07-07 08:15:00+00:00,49.385416666666664,36,0.7289601349926176,77.77777777777779,61.91498017214091,88.2838070251604,-0.05659576919250006,0.557508181386435,5.145419319600879,100.0,95.33221734098038,-4.667782659019663,-0.09451742992319925,none,0,"{""gross_leverage"": 1, ""max_positions"": 21, ""sized_down"": 8}","{""AUDUSD=X"": -1.434608, ""EURUSD=X"": -0.466937, ""GBPUSD=X"": -0.103271, ""NZDUSD=X"": -2.662966}",2026-07-07 08:15:00+00:00,2026-07-23 02:50:00+00:00,15.774305555555555,3,0.19018269865727494,0.0,0.0,56.15060804490177,-0.7559547165979689,0.0,4.0904469454288375,100.0,95.90955305457116,-4.090446945428848,-0.2593107462653551,none,0,{},"{""GBPUSD=X"": -2.458497, ""NZDUSD=X"": -1.63195}"
5m,12,range,0.75,40,atr,2.0,1.0,-131.75525786483152,2026-05-18 23:00:00+00:00,2026-07-07 08:15:00+00:00,49.385416666666664,84,1.700906981649441,60.71428571428571,50.021610091409684,70.46981993718724,-0.23825129555307928,0.3290050841923026,28.474732918705474,100.0,71.98758900489351,-28.012410995106535,-0.5672203027905985,none,0,"{""gross_leverage"": 21, ""max_positions"": 41, ""sized_down"": 46}","{""AUDUSD=X"": -14.573283, ""EURUSD=X"": -4.675696, ""GBPUSD=X"": -0.140493, ""NZDUSD=X"": -8.622939}",2026-07-07 08:15:00+00:00,2026-07-23 02:50:00+00:00,15.774305555555555,25,1.5848558221439577,60.0,40.739127785127344,76.59694233580909,-0.2920079128650103,0.2652976556048641,13.483206156766345,100.0,87.9867908011167,-12.013209198883331,-0.7615681816593439,none,0,"{""gross_leverage"": 5, ""sized_down"": 13}","{""AUDUSD=X"": 1.213837, ""EURUSD=X"": -3.064788, ""GBPUSD=X"": -5.94296, ""NZDUSD=X"": -4.219298}"
5m,12,range,0.75,40,atr,2.0,1.5,-136.65382548687526,2026-05-18 23:00:00+00:00,2026-07-07 08:15:00+00:00,49.385416666666664,91,1.842649230120228,48.35164835164835,38.36068307058106,58.476148024634554,-0.33483724634955103,0.3815184291034307,31.086691198150984,100.0,69.37364587443408,-30.626354125565896,-0.6201497566028952,max_drawdown 31.09%,0,"{""gross_leverage"": 22, ""max_drawdown"": 18251, ""max_positions"": 72, ""sized_down"": 80}","{""AUDUSD=X"": -13.854412, ""EURUSD=X"": -4.925367, ""GBPUSD=X"": -9.391905, ""NZDUSD=X"": -2.45467}",2026-07-07 08:15:00+00:00,2026-07-23 02:50:00+00:00,15.774305555555555,57,3.613471274488224,50.877192982456144,38.25968032903235,63.38393193625982,-0.2962006458646691,0.4173015009066277,18.6484498088613,100.0,82.98541735308584,-17.01458264691416,-1.0786264147724582,none,0,"{""gross_leverage"": 8, ""max_positions"": 16, ""sized_down"": 46}","{""AUDUSD=X"": -2.429091, ""EURUSD=X"": -4.86042, ""GBPUSD=X"": -7.855249, ""NZDUSD=X"": -1.869823}"
5m,12,range,0.75,40,atr,5.0,0.75,-1000000000.0,2026-05-18 23:00:00+00:00,2026-07-07 08:15:00+00:00,49.385416666666664,23,0.4657245306897279,91.30434782608695,73.20359570190598,97.58205045927666,0.04837587024931422,4.97476975711214,0.22835132473204395,100.0,101.57652303031512,1.5765230303150952,0.031922845583262846,none,0,"{""max_positions"": 10, ""min_units"": 21}","{""AUDUSD=X"": 0.749276, ""NZDUSD=X"": 0.827247}",2026-07-07 08:15:00+00:00,2026-07-23 02:50:00+00:00,15.774305555555555,2,0.12678846577151662,0.0,0.0,65.76280471103807,-0.20497869688260797,0.0,0.5439832484722018,100.0,99.4560167515278,-0.5439832484722138,-0.03448540073959885,none,0,"{""min_units"": 1}","{""NZDUSD=X"": -0.543983}"
5m,12,range,0.75,40,atr,5.0,1.0,-107.96372425265038,2026-05-18 23:00:00+00:00,2026-07-07 08:15:00+00:00,49.385416666666664,65,1.3161780215144485,63.07692307692307,50.92359303460251,73.77077781093274,-0.10188753333156997,0.3677508270144542,9.546509405582286,100.0,90.70120953474748,-9.298790465252502,-0.1882902098005147,none,0,"{""max_positions"": 58, ""min_units"": 43}","{""AUDUSD=X"": -3.058774, ""EURUSD=X"": -1.7817, ""GBPUSD=X"": -1.736065, ""NZDUSD=X"": -2.722252}",2026-07-07 08:15:00+00:00,2026-07-23 02:50:00+00:00,15.774305555555555,20,1.2678846577151661,60.0,38.65779423152061,78.11960325858074,-0.09577863617137852,0.2842947466489807,4.289952795185586,100.0,96.53340087056138,-3.466599129438622,-0.219762392533199,none,0,"{""max_positions"": 11, ""min_units"": 5}","{""AUDUSD=X"": 0.423642, ""EURUSD=X"": -0.916817, ""GBPUSD=X"": 0.394453, ""NZDUSD=X"": -3.367877}"
5m,12,range,0.75,40,atr,5.0,1.5,-114.96176568322421,2026-05-18 23:00:00+00:00,2026-07-07 08:15:00+00:00,49.385416666666664,140,2.834844969415735,52.142857142857146,43.92177246283011,60.24948258438852,-0.13429925059507702,0.379060770596176,25.245436526001715,100.0,75.2468062261165,-24.75319377388349,-0.5012247631919036,none,0,"{""gross_leverage"": 1, ""max_positions"": 141, ""min_units"": 58, ""sized_down"": 3}","{""AUDUSD=X"": -5.901357, ""EURUSD=X"": -5.775621, ""GBPUSD=X"": -8.253224, ""NZDUSD=X"": -4.822992}",2026-07-07 08:15:00+00:00,2026-07-23 02:50:00+00:00,15.774305555555555,53,3.3598943429451906,52.83018867924528,39.65985230075645,65.61797239101857,-0.1285221606033332,0.34942978104573563,11.427897710172935,100.0,89.14607126559571,-10.85392873440427,-0.6880764859142483,none,0,"{""max_positions"": 37, ""min_units"": 6}","{""AUDUSD=X"": -2.734972, ""EURUSD=X"": -1.441313, ""GBPUSD=X"": -3.39169, ""NZDUSD=X"": -3.285955}"
5m,12,range,0.75,40,atr,10.0,0.75,-1000000000.0,2026-05-18 23:00:00+00:00,2026-07-07 08:15:00+00:00,49.385416666666664,0,0.0,0.0,0.0,0.0,0.0,0.0,0.0,100.0,100.0,0.0,0.0,none,0,"{""min_units"": 49}",{},2026-07-07 08:15:00+00:00,2026-07-23 02:50:00+00:00,15.774305555555555,0,0.0,0.0,0.0,0.0,0.0,0.0,0.0,100.0,100.0,0.0,0.0,none,0,"{""min_units"": 4}",{}
5m,12,range,0.75,40,atr,10.0,1.0,-1000000000.0,2026-05-18 23:00:00+00:00,2026-07-07 08:15:00+00:00,49.385416666666664,21,0.4252267454123603,57.14285714285714,36.546216297032444,75.53030051347895,-0.07015456011603301,0.24710443128369072,2.88537818670261,100.0,97.31654882754631,-2.6834511724536987,-0.05433691469216517,none,0,"{""max_positions"": 12, ""min_units"": 106}","{""AUDUSD=X"": -0.785456, ""NZDUSD=X"": -1.897995}",2026-07-07 08:15:00+00:00,2026-07-23 02:50:00+00:00,15.774305555555555,6,0.3803653973145499,50.0,18.761280689940868,81.23871931005912,-0.09829134357486992,0.18858725598677348,1.1372846775364809,100.0,99.00439672521179,-0.9956032747882071,-0.06311550586374723,none,0,"{""min_units"": 24}","{""AUDUSD=X"": 0.071234, ""NZDUSD=X"": -1.066838}"
5m,12,range,0.75,40,atr,10.0,1.5,-105.501880973429,2026-05-18 23:00:00+00:00,2026-07-07 08:15:00+00:00,49.385416666666664,62,1.255431343598397,53.2258064516129,40.98381737584801,65.09136913237779,-0.08117059467889798,0.32544837084906447,7.44667353561968,100.0,92.55332646438032,-7.446673535619654,-0.15078689293809044,none,0,"{""max_positions"": 36, ""min_units"": 178}","{""AUDUSD=X"": -3.181402, ""NZDUSD=X"": -4.265271}",2026-07-07 08:15:00+00:00,2026-07-23 02:50:00+00:00,15.774305555555555,24,1.5214615892581995,54.166666666666664,35.07455355310663,72.10894164831856,-0.07476104173478465,0.3328225671289789,3.079144454132433,100.0,97.14591247950281,-2.8540875204971696,-0.18093268895073406,none,0,"{""max_positions"": 14, ""min_units"": 48}","{""AUDUSD=X"": -1.799764, ""NZDUSD=X"": -1.054324}"
5m,12,range,0.75,45,atr,2.0,0.75,-1000000000.0,2026-05-18 23:00:00+00:00,2026-07-07 08:15:00+00:00,49.385416666666664,81,1.6401603037333896,72.8395061728395,62.28437147614009,81.32631007630587,-0.13932646928008577,0.398046393945893,18.67568557279357,100.0,81.85612010053335,-18.14387989946666,-0.36739347613347384,none,0,"{""gross_leverage"": 1, ""max_positions"": 42, ""sized_down"": 10}","{""AUDUSD=X"": -5.097673, ""EURUSD=X"": -6.080011, ""GBPUSD=X"": -0.578776, ""NZDUSD=X"": -6.38742}",2026-07-07 08:15:00+00:00,2026-07-23 02:50:00+00:00,15.774305555555555,9,0.5705480959718248,55.55555555555556,26.66473457440297,81.1224570528086,-0.25944874418874475,0.21209050311276656,4.868234273164375,100.0,95.60941081983718,-4.390589180162816,-0.2783380329929322,none,0,"{""gross_leverage"": 1, ""max_positions"": 10, ""sized_down"": 2}","{""AUDUSD=X"": 0.248146, ""GBPUSD=X"": -2.458497, ""NZDUSD=X"": -2.180238}"
5m,12,range,0.75,45,atr,2.0,1.0,-131.1550331812181,2026-05-18 23:00:00+00:00,2026-07-07 08:15:00+00:00,49.385416666666664,85,1.721155874288125,56.470588235294116,45.87719281568645,66.50439418859983,-0.27891126454512855,0.30068261957085307,31.396090469869776,100.0,68.60390953013022,-31.39609046986977,-0.6357360651987973,max_drawdown 31.40%,0,"{""gross_leverage"": 24, ""max_drawdown"": 21148, ""max_positions"": 20, ""sized_down"": 45}","{""AUDUSD=X"": -17.995229, ""EURUSD=X"": -5.398773, ""GBPUSD=X"": -5.915722, ""NZDUSD=X"": -2.086366}",2026-07-07 08:15:00+00:00,2026-07-23 02:50:00+00:00,15.774305555555555,59,3.74025974025974,64.40677966101694,51.655259672266006,75.39688413056523,-0.20236754135627966,0.38778242622548065,19.756357240752955,100.0,82.28000287549884,-17.71999712450113,-1.1233456244455922,none,0,"{""gross_leverage"": 11, ""max_positions"": 20, ""sized_down"": 27}","{""AUDUSD=X"": 2.931745, ""EURUSD=X"": -3.512024, ""GBPUSD=X"": -9.214876, ""NZDUSD=X"": -7.924842}"
5m,12,range,0.75,45,atr,2.0,1.5,-141.51344781619875,2026-05-18 23:00:00+00:00,2026-07-07 08:15:00+00:00,49.385416666666664,91,1.842649230120228,48.35164835164835,38.36068307058106,58.476148024634554,-0.3756892192635758,0.3825673456623512,30.744403847116715,100.0,69.25559615288329,-30.744403847116686,-0.6225401327406037,max_drawdown 30.74%,0,"{""daily_loss"": 551, ""gross_leverage"": 32, ""max_drawdown"": 30212, ""max_positions"": 37, ""sized_down"": 93}","{""AUDUSD=X"": -6.104203, ""EURUSD=X"": -6.339207, ""GBPUSD=X"": -9.630331, ""NZDUSD=X"": -8.670662}",2026-07-07 08:15:00+00:00,2026-07-23 02:50:00+00:00,15.774305555555555,87,5.515298261060973,45.97701149425287,35.89691971689781,56.397359556034424,-0.3812959314041295,0.34539966535254507,30.20242974809864,100.0,70.64264673488562,-29.357353265114345,-1.8610868897981359,max_drawdown 30.20%,0,"{""daily_loss"": 347, ""gross_leverage"": 53, ""max_drawdown"": 3968, ""max_positions"": 35, ""sized_down"": 114}","{""AUDUSD=X"": -4.953634, ""EURUSD=X"": -7.570513, ""GBPUSD=X"": -9.638394, ""NZDUSD=X"": -7.194812}"
5m,12,range,0.75,45,atr,5.0,0.75,-1000000000.0,2026-05-18 23:00:00+00:00,2026-07-07 08:15:00+00:00,49.385416666666664,47,0.9516979540181397,80.85106382978722,67.4557199356223,89.58418439468988,-0.022778417544773014,0.7351982001298227,3.5331976170675903,100.0,98.73167299577173,-1.2683270042282868,-0.025682217339362063,none,0,"{""max_positions"": 20, ""min_units"": 51}","{""AUDUSD=X"": -0.748176, ""NZDUSD=X"": -0.520151}",2026-07-07 08:15:00+00:00,2026-07-23 02:50:00+00:00,15.774305555555555,9,0.5705480959718248,55.55555555555556,26.66473457440297,81.1224570528086,-0.0995443960981059,0.23463623405212955,1.4713558652527619,100.0,98.64997041004052,-1.3500295899594899,-0.0855840902285567,none,0,"{""max_positions"": 10, ""min_units"": 1}","{""AUDUSD=X"": 0.124073, ""NZDUSD=X"": -1.474103}"
5m,12,range,0.75,45,atr,5.0,1.0,-113.3052051112449,2026-05-18 23:00:00+00:00,2026-07-07 08:15:00+00:00,49.385416666666664,147,2.976587217886522,57.82312925170068,49.74033448364638,65.50744862127958,-0.12383001810381461,0.2967470159372931,22.84826407734509,100.0,77.48493512255878,-22.515064877441233,-0.45590513145630845,none,0,"{""max_positions"": 119, ""min_units"": 119}","{""AUDUSD=X"": -8.381425, ""EURUSD=X"": -5.101952, ""GBPUSD=X"": -1.991776, ""NZDUSD=X"": -7.039912}",2026-07-07 08:15:00+00:00,2026-07-23 02:50:00+00:00,15.774305555555555,53,3.3598943429451906,62.264150943396224,48.80665023609231,74.06392342826616,-0.10217854354406823,0.2904436346409665,10.413135050375688,100.0,90.40605037655132,-9.593949623448635,-0.6082010767231361,none,0,"{""max_positions"": 41, ""min_units"": 13}","{""AUDUSD=X"": 0.862282, ""EURUSD=X"": -1.140435, ""GBPUSD=X"": -2.503751, ""NZDUSD=X"": -6.812046}"
5m,12,range,0.75,45,atr,5.0,1.5,-120.86141173970304,2026-05-18 23:00:00+00:00,2026-07-07 08:15:00+00:00,49.385416666666664,132,2.672853828306265,50.75757575757576,42.32876070549146,59.14354232980846,-0.17704523531732563,0.30593708096124006,30.50152189960565,100.0,69.71585282819584,-30.284147171804143,-0.6132204447359624,max_drawdown 30.50%,0,"{""max_drawdown"": 24764, ""max_positions"": 148, ""min_units"": 26}","{""AUDUSD=X"": -7.703404, ""EURUSD=X"": -5.521333, ""GBPUSD=X"": -9.521015, ""NZDUSD=X"": -7.538395}",2026-07-07 08:15:00+00:00,2026-07-23 02:50:00+00:00,15.774305555555555,118,7.48051948051948,55.08474576271186,46.090731181144314,63.758121755783634,-0.12752825292938944,0.36650970189618215,22.162098467419703,100.0,78.78516194377659,-21.214838056223385,-1.3448983843698734,none,0,"{""gross_leverage"": 2, ""max_positions"": 148, ""min_units"": 24, ""sized_down"": 3}","{""AUDUSD=X"": -6.100396, ""EURUSD=X"": -3.41538, ""GBPUSD=X"": -3.672537, ""NZDUSD=X"": -8.026525}"
5m,12,range,0.75,45,atr,10.0,0.75,-1000000000.0,2026-05-18 23:00:00+00:00,2026-07-07 08:15:00+00:00,49.385416666666664,0,0.0,0.0,0.0,0.0,0.0,0.0,0.0,100.0,100.0,0.0,0.0,none,0,"{""min_units"": 126}",{},2026-07-07 08:15:00+00:00,2026-07-23 02:50:00+00:00,15.774305555555555,0,0.0,0.0,0.0,0.0,0.0,0.0,0.0,100.0,100.0,0.0,0.0,none,0,"{""min_units"": 17}",{}
5m,12,range,0.75,45,atr,10.0,1.0,-102.5324262021421,2026-05-18 23:00:00+00:00,2026-07-07 08:15:00+00:00,49.385416666666664,49,0.9921957392955073,59.183673469387756,45.24706997204626,71.78496539402894,-0.056895438499245755,0.27871651653836016,5.377911877092158,100.0,94.90285731860592,-5.09714268139405,-0.1032114949196011,none,0,"{""max_positions"": 18, ""min_units"": 286}","{""AUDUSD=X"": -0.749584, ""NZDUSD=X"": -4.347559}",2026-07-07 08:15:00+00:00,2026-07-23 02:50:00+00:00,15.774305555555555,27,1.7116442879154743,74.07407407407408,55.321069597384295,86.82979157713322,-0.030193944639109477,0.5000889069076375,1.7650301207171588,100.0,98.5155374417988,-1.4844625582012225,-0.09410636512479685,none,0,"{""max_positions"": 2, ""min_units"": 57}","{""AUDUSD=X"": 0.206206, ""NZDUSD=X"": -1.690669}"
5m,12,range,0.75,45,atr,10.0,1.5,-110.95304786452122,2026-05-18 23:00:00+00:00,2026-07-07 08:15:00+00:00,49.385416666666664,145,2.9360894326091542,51.03448275862069,42.97671411640899,59.03885142440755,-0.10100713538558304,0.26862143541861416,20.750316223513625,100.0,79.28688985569134,-20.7131101443087,-0.41941754352533966,none,0,"{""max_positions"": 98, ""min_units"": 517}","{""AUDUSD=X"": -7.68601, ""NZDUSD=X"": -13.0271}",2026-07-07 08:15:00+00:00,2026-07-23 02:50:00+00:00,15.774305555555555,68,4.310807836231565,58.82352941176471,46.96125189030847,69.74216228754949,-0.06421742746824577,0.41155827663761024,7.118854032819414,100.0,93.21978975857994,-6.780210241420055,-0.42982622705898654,none,0,"{""max_positions"": 42, ""min_units"": 123}","{""AUDUSD=X"": -3.90245, ""NZDUSD=X"": -2.877761}"
5m,12,trend,0.25,40,atr,2.0,0.75,-1000000000.0,2026-05-18 23:00:00+00:00,2026-07-07 08:15:00+00:00,49.385416666666664,87,1.7616536595654926,51.724137931034484,41.37493791703159,61.92751382314034,-0.32927803705845626,0.22737988199686118,30.797507481914092,100.0,69.2024925180859,-30.797507481914067,-0.6236154225403397,max_drawdown 30.46%,0,"{""gross_leverage"": 5, ""max_drawdown"": 13695, ""max_positions"": 64, ""sized_down"": 22}","{""AUDUSD=X"": -15.409401, ""EURUSD=X"": -2.718014, ""GBPUSD=X"": -5.063833, ""NZDUSD=X"": -7.606259}",2026-07-07 08:15:00+00:00,2026-07-23 02:50:00+00:00,15.774305555555555,6,0.3803653973145499,16.666666666666664,3.005258587173032,56.350943656364606,-0.840684389588953,0.03526930234016692,7.60242172049925,100.0,92.6459919326649,-7.3540080673351,-0.46620170006438666,none,0,"{""max_positions"": 3, ""min_units"": 1, ""sized_down"": 1}","{""AUDUSD=X"": -3.109313, ""EURUSD=X"": -1.081647, ""GBPUSD=X"": -1.166548, ""NZDUSD=X"": -1.996501}"
5m,12,trend,0.25,40,atr,2.0,1.0,-136.5266845974442,2026-05-18 23:00:00+00:00,2026-07-07 08:15:00+00:00,49.385416666666664,73,1.478169162623919,47.94520547945205,36.877263024700824,59.2186017152317,-0.3274020058843008,0.24733120558391247,30.56850274119952,100.0,69.43149725880048,-30.568502741199485,-0.6189783301318605,max_drawdown 30.57%,0,"{""daily_loss"": 490, ""gross_leverage"": 27, ""max_drawdown"": 30672, ""max_positions"": 31, ""sized_down"": 45}","{""AUDUSD=X"": -15.203204, ""EURUSD=X"": -6.703829, ""GBPUSD=X"": -3.206007, ""NZDUSD=X"": -5.455464}",2026-07-07 08:15:00+00:00,2026-07-23 02:50:00+00:00,15.774305555555555,46,2.9161347127448822,69.56521739130434,55.19408125976183,80.9203291925511,-0.21004746232976984,0.3456835335428036,15.473737577199898,100.0,84.85004795585367,-15.149952044146382,-0.9604195880946859,none,0,"{""gross_leverage"": 12, ""max_positions"": 12, ""min_units"": 1, ""sized_down"": 35}","{""AUDUSD=X"": -4.671685, ""EURUSD=X"": 0.351644, ""GBPUSD=X"": -6.184434, ""NZDUSD=X"": -4.645477}"
5m,12,trend,0.25,40,atr,2.0,1.5,-143.17772489014305,2026-05-18 23:00:00+00:00,2026-07-07 08:15:00+00:00,49.385416666666664,90,1.822400337481544,46.666666666666664,36.70825183252626,56.89799529028493,-0.2899367258597806,0.3708137208348247,30.56420373721403,100.0,69.69305405310155,-30.306945946898367,-0.6136820946851389,max_drawdown 30.56%,0,"{""daily_loss"": 422, ""gross_leverage"": 46, ""max_drawdown"": 32636, ""max_positions"": 43, ""sized_down"": 91}","{""AUDUSD=X"": -18.388852, ""EURUSD=X"": -3.578419, ""GBPUSD=X"": -3.487581, ""NZDUSD=X"": -4.852095}",2026-07-07 08:15:00+00:00,2026-07-23 02:50:00+00:00,15.774305555555555,71,4.50099053488884,49.29577464788733,38.00495431702562,60.658890389661565,-0.3964102074272455,0.29953068058588306,30.301135033708633,100.0,69.69886496629137,-30.301135033708565,-1.9209172110297308,max_drawdown 30.30%,0,"{""daily_loss"": 211, ""gross_leverage"": 27, ""max_drawdown"": 5368, ""max_positions"": 28, ""min_units"": 1, ""sized_down"": 75}","{""AUDUSD=X"": -11.993402, ""EURUSD=X"": -0.315764, ""GBPUSD=X"": -9.274353, ""NZDUSD=X"": -8.717616}"
5m,12,trend,0.25,40,atr,5.0,0.75,-1000000000.0,2026-05-18 23:00:00+00:00,2026-07-07 08:15:00+00:00,49.385416666666664,67,1.356675806791816,52.23880597014925,40.48498852683164,63.749811364757456,-0.15912649253447397,0.18211125850602577,14.414493491829926,100.0,85.93881712198237,-14.061182878017645,-0.2847233824698785,none,0,"{""max_positions"": 92, ""min_units"": 68}","{""AUDUSD=X"": -8.48454, ""NZDUSD=X"": -5.576642}",2026-07-07 08:15:00+00:00,2026-07-23 02:50:00+00:00,15.774305555555555,3,0.19018269865727494,33.33333333333333,6.14903152761605,79.23450448735122,-0.4632165299731741,0.02975235531323625,2.257572594646305,100.0,97.80812326533459,-2.1918767346654144,-0.13895234417425475,none,0,"{""min_units"": 4}","{""AUDUSD=X"": -1.083598, ""NZDUSD=X"": -1.108279}"
5m,12,trend,0.25,40,atr,5.0,1.0,-123.1108031667638,2026-05-18 23:00:00+00:00,2026-07-07 08:15:00+00:00,49.385416666666664,137,2.774098291499684,48.9051094890511,40.67917131500425,57.19077620050255,-0.19270921285089457,0.21074012666478079,30.76270392786701,100.0,69.34404344320346,-30.65595655679647,-0.6207491730547271,max_drawdown 30.76%,0,"{""max_drawdown"": 9824, ""max_positions"": 135, ""min_units"": 120}","{""AUDUSD=X"": -17.199244, ""EURUSD=X"": -0.600638, ""GBPUSD=X"": 0.436315, ""NZDUSD=X"": -13.29239}",2026-07-07 08:15:00+00:00,2026-07-23 02:50:00+00:00,15.774305555555555,37,2.3455866167730575,72.97297297297297,57.02152452607867,84.60270175300933,-0.07383390210816833,0.35995191501827184,5.249179162638626,100.0,94.75082083736137,-5.249179162638624,-0.3327676862953827,none,0,"{""max_positions"": 20, ""min_units"": 22}","{""AUDUSD=X"": -2.312941, ""EURUSD=X"": -0.168634, ""GBPUSD=X"": -0.956835, ""NZDUSD=X"": -1.810769}"
5m,12,trend,0.25,40,atr,5.0,1.5,-121.26334237829572,2026-05-18 23:00:00+00:00,2026-07-07 08:15:00+00:00,49.385416666666664,147,2.976587217886522,46.93877551020408,39.0520123628165,54.98146381351682,-0.17268850199685562,0.32302005754716606,30.394695636186476,100.0,70.08940174375253,-29.910598256247475,-0.6056564928495587,max_drawdown 30.39%,0,"{""gross_leverage"": 4, ""max_drawdown"": 26068, ""max_positions"": 199, ""min_units"": 72, ""sized_down"": 12}","{""AUDUSD=X"": -11.613971, ""EURUSD=X"": -4.674423, ""GBPUSD=X"": -7.282954, ""NZDUSD=X"": -6.33925}",2026-07-07 08:15:00+00:00,2026-07-23 02:50:00+00:00,15.774305555555555,111,7.036759850319172,48.64864864864865,39.55223460801761,57.8354715890399,-0.17768134008180217,0.2620077361475858,25.92548625639452,100.0,74.07451374360548,-25.925486256394475,-1.6435263134143978,none,0,"{""gross_leverage"": 1, ""max_positions"": 136, ""min_units"": 28, ""sized_down"": 4}","{""AUDUSD=X"": -7.80025, ""EURUSD=X"": -5.200354, ""GBPUSD=X"": -6.255199, ""NZDUSD=X"": -6.669683}"
5m,12,trend,0.25,40,atr,10.0,0.75,-1000000000.0,2026-05-18 23:00:00+00:00,2026-07-07 08:15:00+00:00,49.385416666666664,0,0.0,0.0,0.0,0.0,0.0,0.0,0.0,100.0,100.0,0.0,0.0,none,0,"{""min_units"": 155}",{},2026-07-07 08:15:00+00:00,2026-07-23 02:50:00+00:00,15.774305555555555,0,0.0,0.0,0.0,0.0,0.0,0.0,0.0,100.0,100.0,0.0,0.0,none,0,"{""min_units"": 9}",{}
5m,12,trend,0.25,40,atr,10.0,1.0,-104.45048214048624,2026-05-18 23:00:00+00:00,2026-07-07 08:15:00+00:00,49.385416666666664,48,0.9719468466568235,58.333333333333336,44.281082215364655,71.15054026542299,-0.07165018182924258,0.24637163792147,6.319123363338104,100.0,94.151427748544,-5.848572251455997,-0.11842711160931782,none,0,"{""max_positions"": 2, ""min_units"": 323}","{""AUDUSD=X"": -0.506689, ""NZDUSD=X"": -5.341883}",2026-07-07 08:15:00+00:00,2026-07-23 02:50:00+00:00,15.774305555555555,21,1.3312788906009245,76.19047619047619,54.90841802765406,89.37214361088773,-0.02764888923170237,0.5209639295289108,1.3877130120141885,100.0,98.92834966574378,-1.0716503342562418,-0.06793645086194093,none,0,"{""min_units"": 47}","{""AUDUSD=X"": -0.800283, ""NZDUSD=X"": -0.271367}"
5m,12,trend,0.25,40,atr,10.0,1.5,-108.43144945414346,2026-05-18 23:00:00+00:00,2026-07-07 08:15:00+00:00,49.385416666666664,149,3.01708500316389,51.006711409395976,43.05603987697198,58.906776529032676,-0.08030914895639578,0.31585943621619356,18.056941763011736,100.0,82.34318004659248,-17.65681995340748,-0.3575310515771184,none,0,"{""max_positions"": 110, ""min_units"": 571}","{""AUDUSD=X"": -8.962821, ""NZDUSD=X"": -8.693999}",2026-07-07 08:15:00+00:00,2026-07-23 02:50:00+00:00,15.774305555555555,54,3.4232885758309486,48.148148148148145,35.39375603654322,61.14852495153457,-0.08283742679432554,0.30131170163200544,6.940792757954128,100.0,93.05920724204587,-6.9407927579541715,-0.44000623250953147,none,0,"{""max_positions"": 32, ""min_units"": 107}","{""AUDUSD=X"": -5.375838, ""NZDUSD=X"": -1.564954}"
5m,12,trend,0.25,45,atr,2.0,0.75,-1000000000.0,2026-05-18 23:00:00+00:00,2026-07-07 08:15:00+00:00,49.385416666666664,87,1.7616536595654926,51.724137931034484,41.37493791703159,61.92751382314034,-0.32927803705845626,0.22737988199686118,30.797507481914092,100.0,69.2024925180859,-30.797507481914067,-0.6236154225403397,max_drawdown 30.46%,0,"{""gross_leverage"": 5, ""max_drawdown"": 13695, ""max_positions"": 64, ""sized_down"": 22}","{""AUDUSD=X"": -15.409401, ""EURUSD=X"": -2.718014, ""GBPUSD=X"": -5.063833, ""NZDUSD=X"": -7.606259}",2026-07-07 08:15:00+00:00,2026-07-23 02:50:00+00:00,15.774305555555555,6,0.3803653973145499,16.666666666666664,3.005258587173032,56.350943656364606,-0.840684389588953,0.03526930234016692,7.60242172049925,100.0,92.6459919326649,-7.3540080673351,-0.46620170006438666,none,0,"{""max_positions"": 3, ""min_units"": 1, ""sized_down"": 1}","{""AUDUSD=X"": -3.109313, ""EURUSD=X"": -1.081647, ""GBPUSD=X"": -1.166548, ""NZDUSD=X"": -1.996501}"
5m,12,trend,0.25,45,atr,2.0,1.0,-136.5266845974442,2026-05-18 23:00:00+00:00,2026-07-07 08:15:00+00:00,49.385416666666664,73,1.478169162623919,47.94520547945205,36.877263024700824,59.2186017152317,-0.3274020058843008,0.24733120558391247,30.56850274119952,100.0,69.43149725880048,-30.568502741199485,-0.6189783301318605,max_drawdown 30.57%,0,"{""daily_loss"": 490, ""gross_leverage"": 27, ""max_drawdown"": 30672, ""max_positions"": 31, ""sized_down"": 45}","{""AUDUSD=X"": -15.203204, ""EURUSD=X"": -6.703829, ""GBPUSD=X"": -3.206007, ""NZDUSD=X"": -5.455464}",2026-07-07 08:15:00+00:00,2026-07-23 02:50:00+00:00,15.774305555555555,46,2.9161347127448822,69.56521739130434,55.19408125976183,80.9203291925511,-0.21004746232976984,0.3456835335428036,15.473737577199898,100.0,84.85004795585367,-15.149952044146382,-0.9604195880946859,none,0,"{""gross_leverage"": 12, ""max_positions"": 12, ""min_units"": 1, ""sized_down"": 35}","{""AUDUSD=X"": -4.671685, ""EURUSD=X"": 0.351644, ""GBPUSD=X"": -6.184434, ""NZDUSD=X"": -4.645477}"
5m,12,trend,0.25,45,atr,2.0,1.5,-143.17772489014305,2026-05-18 23:00:00+00:00,2026-07-07 08:15:00+00:00,49.385416666666664,90,1.822400337481544,46.666666666666664,36.70825183252626,56.89799529028493,-0.2899367258597806,0.3708137208348247,30.56420373721403,100.0,69.69305405310155,-30.306945946898367,-0.6136820946851389,max_drawdown 30.56%,0,"{""daily_loss"": 422, ""gross_leverage"": 46, ""max_drawdown"": 32636, ""max_positions"": 43, ""sized_down"": 91}","{""AUDUSD=X"": -18.388852, ""EURUSD=X"": -3.578419, ""GBPUSD=X"": -3.487581, ""NZDUSD=X"": -4.852095}",2026-07-07 08:15:00+00:00,2026-07-23 02:50:00+00:00,15.774305555555555,71,4.50099053488884,49.29577464788733,38.00495431702562,60.658890389661565,-0.3964102074272455,0.29953068058588306,30.301135033708633,100.0,69.69886496629137,-30.301135033708565,-1.9209172110297308,max_drawdown 30.30%,0,"{""daily_loss"": 211, ""gross_leverage"": 27, ""max_drawdown"": 5368, ""max_positions"": 28, ""min_units"": 1, ""sized_down"": 75}","{""AUDUSD=X"": -11.993402, ""EURUSD=X"": -0.315764, ""GBPUSD=X"": -9.274353, ""NZDUSD=X"": -8.717616}"
5m,12,trend,0.25,45,atr,5.0,0.75,-1000000000.0,2026-05-18 23:00:00+00:00,2026-07-07 08:15:00+00:00,49.385416666666664,67,1.356675806791816,52.23880597014925,40.48498852683164,63.749811364757456,-0.15912649253447397,0.18211125850602577,14.414493491829926,100.0,85.93881712198237,-14.061182878017645,-0.2847233824698785,none,0,"{""max_positions"": 92, ""min_units"": 68}","{""AUDUSD=X"": -8.48454, ""NZDUSD=X"": -5.576642}",2026-07-07 08:15:00+00:00,2026-07-23 02:50:00+00:00,15.774305555555555,3,0.19018269865727494,33.33333333333333,6.14903152761605,79.23450448735122,-0.4632165299731741,0.02975235531323625,2.257572594646305,100.0,97.80812326533459,-2.1918767346654144,-0.13895234417425475,none,0,"{""min_units"": 4}","{""AUDUSD=X"": -1.083598, ""NZDUSD=X"": -1.108279}"
5m,12,trend,0.25,45,atr,5.0,1.0,-123.1108031667638,2026-05-18 23:00:00+00:00,2026-07-07 08:15:00+00:00,49.385416666666664,137,2.774098291499684,48.9051094890511,40.67917131500425,57.19077620050255,-0.19270921285089457,0.21074012666478079,30.76270392786701,100.0,69.34404344320346,-30.65595655679647,-0.6207491730547271,max_drawdown 30.76%,0,"{""max_drawdown"": 9824, ""max_positions"": 135, ""min_units"": 120}","{""AUDUSD=X"": -17.199244, ""EURUSD=X"": -0.600638, ""GBPUSD=X"": 0.436315, ""NZDUSD=X"": -13.29239}",2026-07-07 08:15:00+00:00,2026-07-23 02:50:00+00:00,15.774305555555555,37,2.3455866167730575,72.97297297297297,57.02152452607867,84.60270175300933,-0.07383390210816833,0.35995191501827184,5.249179162638626,100.0,94.75082083736137,-5.249179162638624,-0.3327676862953827,none,0,"{""max_positions"": 20, ""min_units"": 22}","{""AUDUSD=X"": -2.312941, ""EURUSD=X"": -0.168634, ""GBPUSD=X"": -0.956835, ""NZDUSD=X"": -1.810769}"
5m,12,trend,0.25,45,atr,5.0,1.5,-121.26334237829572,2026-05-18 23:00:00+00:00,2026-07-07 08:15:00+00:00,49.385416666666664,147,2.976587217886522,46.93877551020408,39.0520123628165,54.98146381351682,-0.17268850199685562,0.32302005754716606,30.394695636186476,100.0,70.08940174375253,-29.910598256247475,-0.6056564928495587,max_drawdown 30.39%,0,"{""gross_leverage"": 4, ""max_drawdown"": 26068, ""max_positions"": 199, ""min_units"": 72, ""sized_down"": 12}","{""AUDUSD=X"": -11.613971, ""EURUSD=X"": -4.674423, ""GBPUSD=X"": -7.282954, ""NZDUSD=X"": -6.33925}",2026-07-07 08:15:00+00:00,2026-07-23 02:50:00+00:00,15.774305555555555,111,7.036759850319172,48.64864864864865,39.55223460801761,57.8354715890399,-0.17768134008180217,0.2620077361475858,25.92548625639452,100.0,74.07451374360548,-25.925486256394475,-1.6435263134143978,none,0,"{""gross_leverage"": 1, ""max_positions"": 136, ""min_units"": 28, ""sized_down"": 4}","{""AUDUSD=X"": -7.80025, ""EURUSD=X"": -5.200354, ""GBPUSD=X"": -6.255199, ""NZDUSD=X"": -6.669683}"
5m,12,trend,0.25,45,atr,10.0,0.75,-1000000000.0,2026-05-18 23:00:00+00:00,2026-07-07 08:15:00+00:00,49.385416666666664,0,0.0,0.0,0.0,0.0,0.0,0.0,0.0,100.0,100.0,0.0,0.0,none,0,"{""min_units"": 155}",{},2026-07-07 08:15:00+00:00,2026-07-23 02:50:00+00:00,15.774305555555555,0,0.0,0.0,0.0,0.0,0.0,0.0,0.0,100.0,100.0,0.0,0.0,none,0,"{""min_units"": 9}",{}
5m,12,trend,0.25,45,atr,10.0,1.0,-104.45048214048624,2026-05-18 23:00:00+00:00,2026-07-07 08:15:00+00:00,49.385416666666664,48,0.9719468466568235,58.333333333333336,44.281082215364655,71.15054026542299,-0.07165018182924258,0.24637163792147,6.319123363338104,100.0,94.151427748544,-5.848572251455997,-0.11842711160931782,none,0,"{""max_positions"": 2, ""min_units"": 323}","{""AUDUSD=X"": -0.506689, ""NZDUSD=X"": -5.341883}",2026-07-07 08:15:00+00:00,2026-07-23 02:50:00+00:00,15.774305555555555,21,1.3312788906009245,76.19047619047619,54.90841802765406,89.37214361088773,-0.02764888923170237,0.5209639295289108,1.3877130120141885,100.0,98.92834966574378,-1.0716503342562418,-0.06793645086194093,none,0,"{""min_units"": 47}","{""AUDUSD=X"": -0.800283, ""NZDUSD=X"": -0.271367}"
5m,12,trend,0.25,45,atr,10.0,1.5,-108.43144945414346,2026-05-18 23:00:00+00:00,2026-07-07 08:15:00+00:00,49.385416666666664,149,3.01708500316389,51.006711409395976,43.05603987697198,58.906776529032676,-0.08030914895639578,0.31585943621619356,18.056941763011736,100.0,82.34318004659248,-17.65681995340748,-0.3575310515771184,none,0,"{""max_positions"": 110, ""min_units"": 571}","{""AUDUSD=X"": -8.962821, ""NZDUSD=X"": -8.693999}",2026-07-07 08:15:00+00:00,2026-07-23 02:50:00+00:00,15.774305555555555,54,3.4232885758309486,48.148148148148145,35.39375603654322,61.14852495153457,-0.08283742679432554,0.30131170163200544,6.940792757954128,100.0,93.05920724204587,-6.9407927579541715,-0.44000623250953147,none,0,"{""max_positions"": 32, ""min_units"": 107}","{""AUDUSD=X"": -5.375838, ""NZDUSD=X"": -1.564954}"
5m,12,trend,0.75,40,atr,2.0,0.75,-1000000000.0,2026-05-18 23:00:00+00:00,2026-07-07 08:15:00+00:00,49.385416666666664,87,1.7616536595654926,51.724137931034484,41.37493791703159,61.92751382314034,-0.32927803705845626,0.22737988199686118,30.797507481914092,100.0,69.2024925180859,-30.797507481914067,-0.6236154225403397,max_drawdown 30.46%,0,"{""gross_leverage"": 5, ""max_drawdown"": 13695, ""max_positions"": 64, ""sized_down"": 22}","{""AUDUSD=X"": -15.409401, ""EURUSD=X"": -2.718014, ""GBPUSD=X"": -5.063833, ""NZDUSD=X"": -7.606259}",2026-07-07 08:15:00+00:00,2026-07-23 02:50:00+00:00,15.774305555555555,6,0.3803653973145499,16.666666666666664,3.005258587173032,56.350943656364606,-0.840684389588953,0.03526930234016692,7.60242172049925,100.0,92.6459919326649,-7.3540080673351,-0.46620170006438666,none,0,"{""max_positions"": 3, ""min_units"": 1, ""sized_down"": 1}","{""AUDUSD=X"": -3.109313, ""EURUSD=X"": -1.081647, ""GBPUSD=X"": -1.166548, ""NZDUSD=X"": -1.996501}"
5m,12,trend,0.75,40,atr,2.0,1.0,-136.5266845974442,2026-05-18 23:00:00+00:00,2026-07-07 08:15:00+00:00,49.385416666666664,73,1.478169162623919,47.94520547945205,36.877263024700824,59.2186017152317,-0.3274020058843008,0.24733120558391247,30.56850274119952,100.0,69.43149725880048,-30.568502741199485,-0.6189783301318605,max_drawdown 30.57%,0,"{""daily_loss"": 490, ""gross_leverage"": 27, ""max_drawdown"": 30672, ""max_positions"": 31, ""sized_down"": 45}","{""AUDUSD=X"": -15.203204, ""EURUSD=X"": -6.703829, ""GBPUSD=X"": -3.206007, ""NZDUSD=X"": -5.455464}",2026-07-07 08:15:00+00:00,2026-07-23 02:50:00+00:00,15.774305555555555,46,2.9161347127448822,69.56521739130434,55.19408125976183,80.9203291925511,-0.21004746232976984,0.3456835335428036,15.473737577199898,100.0,84.85004795585367,-15.149952044146382,-0.9604195880946859,none,0,"{""gross_leverage"": 12, ""max_positions"": 12, ""min_units"": 1, ""sized_down"": 35}","{""AUDUSD=X"": -4.671685, ""EURUSD=X"": 0.351644, ""GBPUSD=X"": -6.184434, ""NZDUSD=X"": -4.645477}"
5m,12,trend,0.75,40,atr,2.0,1.5,-143.17772489014305,2026-05-18 23:00:00+00:00,2026-07-07 08:15:00+00:00,49.385416666666664,90,1.822400337481544,46.666666666666664,36.70825183252626,56.89799529028493,-0.2899367258597806,0.3708137208348247,30.56420373721403,100.0,69.69305405310155,-30.306945946898367,-0.6136820946851389,max_drawdown 30.56%,0,"{""daily_loss"": 422, ""gross_leverage"": 46, ""max_drawdown"": 32636, ""max_positions"": 43, ""sized_down"": 91}","{""AUDUSD=X"": -18.388852, ""EURUSD=X"": -3.578419, ""GBPUSD=X"": -3.487581, ""NZDUSD=X"": -4.852095}",2026-07-07 08:15:00+00:00,2026-07-23 02:50:00+00:00,15.774305555555555,71,4.50099053488884,49.29577464788733,38.00495431702562,60.658890389661565,-0.3964102074272455,0.29953068058588306,30.301135033708633,100.0,69.69886496629137,-30.301135033708565,-1.9209172110297308,max_drawdown 30.30%,0,"{""daily_loss"": 211, ""gross_leverage"": 27, ""max_drawdown"": 5368, ""max_positions"": 28, ""min_units"": 1, ""sized_down"": 75}","{""AUDUSD=X"": -11.993402, ""EURUSD=X"": -0.315764, ""GBPUSD=X"": -9.274353, ""NZDUSD=X"": -8.717616}"
5m,12,trend,0.75,40,atr,5.0,0.75,-1000000000.0,2026-05-18 23:00:00+00:00,2026-07-07 08:15:00+00:00,49.385416666666664,67,1.356675806791816,52.23880597014925,40.48498852683164,63.749811364757456,-0.15912649253447397,0.18211125850602577,14.414493491829926,100.0,85.93881712198237,-14.061182878017645,-0.2847233824698785,none,0,"{""max_positions"": 92, ""min_units"": 68}","{""AUDUSD=X"": -8.48454, ""NZDUSD=X"": -5.576642}",2026-07-07 08:15:00+00:00,2026-07-23 02:50:00+00:00,15.774305555555555,3,0.19018269865727494,33.33333333333333,6.14903152761605,79.23450448735122,-0.4632165299731741,0.02975235531323625,2.257572594646305,100.0,97.80812326533459,-2.1918767346654144,-0.13895234417425475,none,0,"{""min_units"": 4}","{""AUDUSD=X"": -1.083598, ""NZDUSD=X"": -1.108279}"
5m,12,trend,0.75,40,atr,5.0,1.0,-123.1108031667638,2026-05-18 23:00:00+00:00,2026-07-07 08:15:00+00:00,49.385416666666664,137,2.774098291499684,48.9051094890511,40.67917131500425,57.19077620050255,-0.19270921285089457,0.21074012666478079,30.76270392786701,100.0,69.34404344320346,-30.65595655679647,-0.6207491730547271,max_drawdown 30.76%,0,"{""max_drawdown"": 9824, ""max_positions"": 135, ""min_units"": 120}","{""AUDUSD=X"": -17.199244, ""EURUSD=X"": -0.600638, ""GBPUSD=X"": 0.436315, ""NZDUSD=X"": -13.29239}",2026-07-07 08:15:00+00:00,2026-07-23 02:50:00+00:00,15.774305555555555,37,2.3455866167730575,72.97297297297297,57.02152452607867,84.60270175300933,-0.07383390210816833,0.35995191501827184,5.249179162638626,100.0,94.75082083736137,-5.249179162638624,-0.3327676862953827,none,0,"{""max_positions"": 20, ""min_units"": 22}","{""AUDUSD=X"": -2.312941, ""EURUSD=X"": -0.168634, ""GBPUSD=X"": -0.956835, ""NZDUSD=X"": -1.810769}"
5m,12,trend,0.75,40,atr,5.0,1.5,-121.26334237829572,2026-05-18 23:00:00+00:00,2026-07-07 08:15:00+00:00,49.385416666666664,147,2.976587217886522,46.93877551020408,39.0520123628165,54.98146381351682,-0.17268850199685562,0.32302005754716606,30.394695636186476,100.0,70.08940174375253,-29.910598256247475,-0.6056564928495587,max_drawdown 30.39%,0,"{""gross_leverage"": 4, ""max_drawdown"": 26068, ""max_positions"": 199, ""min_units"": 72, ""sized_down"": 12}","{""AUDUSD=X"": -11.613971, ""EURUSD=X"": -4.674423, ""GBPUSD=X"": -7.282954, ""NZDUSD=X"": -6.33925}",2026-07-07 08:15:00+00:00,2026-07-23 02:50:00+00:00,15.774305555555555,111,7.036759850319172,48.64864864864865,39.55223460801761,57.8354715890399,-0.17768134008180217,0.2620077361475858,25.92548625639452,100.0,74.07451374360548,-25.925486256394475,-1.6435263134143978,none,0,"{""gross_leverage"": 1, ""max_positions"": 136, ""min_units"": 28, ""sized_down"": 4}","{""AUDUSD=X"": -7.80025, ""EURUSD=X"": -5.200354, ""GBPUSD=X"": -6.255199, ""NZDUSD=X"": -6.669683}"
5m,12,trend,0.75,40,atr,10.0,0.75,-1000000000.0,2026-05-18 23:00:00+00:00,2026-07-07 08:15:00+00:00,49.385416666666664,0,0.0,0.0,0.0,0.0,0.0,0.0,0.0,100.0,100.0,0.0,0.0,none,0,"{""min_units"": 155}",{},2026-07-07 08:15:00+00:00,2026-07-23 02:50:00+00:00,15.774305555555555,0,0.0,0.0,0.0,0.0,0.0,0.0,0.0,100.0,100.0,0.0,0.0,none,0,"{""min_units"": 9}",{}
5m,12,trend,0.75,40,atr,10.0,1.0,-104.45048214048624,2026-05-18 23:00:00+00:00,2026-07-07 08:15:00+00:00,49.385416666666664,48,0.9719468466568235,58.333333333333336,44.281082215364655,71.15054026542299,-0.07165018182924258,0.24637163792147,6.319123363338104,100.0,94.151427748544,-5.848572251455997,-0.11842711160931782,none,0,"{""max_positions"": 2, ""min_units"": 323}","{""AUDUSD=X"": -0.506689, ""NZDUSD=X"": -5.341883}",2026-07-07 08:15:00+00:00,2026-07-23 02:50:00+00:00,15.774305555555555,21,1.3312788906009245,76.19047619047619,54.90841802765406,89.37214361088773,-0.02764888923170237,0.5209639295289108,1.3877130120141885,100.0,98.92834966574378,-1.0716503342562418,-0.06793645086194093,none,0,"{""min_units"": 47}","{""AUDUSD=X"": -0.800283, ""NZDUSD=X"": -0.271367}"
5m,12,trend,0.75,40,atr,10.0,1.5,-108.43144945414346,2026-05-18 23:00:00+00:00,2026-07-07 08:15:00+00:00,49.385416666666664,149,3.01708500316389,51.006711409395976,43.05603987697198,58.906776529032676,-0.08030914895639578,0.31585943621619356,18.056941763011736,100.0,82.34318004659248,-17.65681995340748,-0.3575310515771184,none,0,"{""max_positions"": 110, ""min_units"": 571}","{""AUDUSD=X"": -8.962821, ""NZDUSD=X"": -8.693999}",2026-07-07 08:15:00+00:00,2026-07-23 02:50:00+00:00,15.774305555555555,54,3.4232885758309486,48.148148148148145,35.39375603654322,61.14852495153457,-0.08283742679432554,0.30131170163200544,6.940792757954128,100.0,93.05920724204587,-6.9407927579541715,-0.44000623250953147,none,0,"{""max_positions"": 32, ""min_units"": 107}","{""AUDUSD=X"": -5.375838, ""NZDUSD=X"": -1.564954}"
5m,12,trend,0.75,45,atr,2.0,0.75,-1000000000.0,2026-05-18 23:00:00+00:00,2026-07-07 08:15:00+00:00,49.385416666666664,87,1.7616536595654926,51.724137931034484,41.37493791703159,61.92751382314034,-0.32927803705845626,0.22737988199686118,30.797507481914092,100.0,69.2024925180859,-30.797507481914067,-0.6236154225403397,max_drawdown 30.46%,0,"{""gross_leverage"": 5, ""max_drawdown"": 13695, ""max_positions"": 64, ""sized_down"": 22}","{""AUDUSD=X"": -15.409401, ""EURUSD=X"": -2.718014, ""GBPUSD=X"": -5.063833, ""NZDUSD=X"": -7.606259}",2026-07-07 08:15:00+00:00,2026-07-23 02:50:00+00:00,15.774305555555555,6,0.3803653973145499,16.666666666666664,3.005258587173032,56.350943656364606,-0.840684389588953,0.03526930234016692,7.60242172049925,100.0,92.6459919326649,-7.3540080673351,-0.46620170006438666,none,0,"{""max_positions"": 3, ""min_units"": 1, ""sized_down"": 1}","{""AUDUSD=X"": -3.109313, ""EURUSD=X"": -1.081647, ""GBPUSD=X"": -1.166548, ""NZDUSD=X"": -1.996501}"
5m,12,trend,0.75,45,atr,2.0,1.0,-136.5266845974442,2026-05-18 23:00:00+00:00,2026-07-07 08:15:00+00:00,49.385416666666664,73,1.478169162623919,47.94520547945205,36.877263024700824,59.2186017152317,-0.3274020058843008,0.24733120558391247,30.56850274119952,100.0,69.43149725880048,-30.568502741199485,-0.6189783301318605,max_drawdown 30.57%,0,"{""daily_loss"": 490, ""gross_leverage"": 27, ""max_drawdown"": 30672, ""max_positions"": 31, ""sized_down"": 45}","{""AUDUSD=X"": -15.203204, ""EURUSD=X"": -6.703829, ""GBPUSD=X"": -3.206007, ""NZDUSD=X"": -5.455464}",2026-07-07 08:15:00+00:00,2026-07-23 02:50:00+00:00,15.774305555555555,46,2.9161347127448822,69.56521739130434,55.19408125976183,80.9203291925511,-0.21004746232976984,0.3456835335428036,15.473737577199898,100.0,84.85004795585367,-15.149952044146382,-0.9604195880946859,none,0,"{""gross_leverage"": 12, ""max_positions"": 12, ""min_units"": 1, ""sized_down"": 35}","{""AUDUSD=X"": -4.671685, ""EURUSD=X"": 0.351644, ""GBPUSD=X"": -6.184434, ""NZDUSD=X"": -4.645477}"
5m,12,trend,0.75,45,atr,2.0,1.5,-143.17772489014305,2026-05-18 23:00:00+00:00,2026-07-07 08:15:00+00:00,49.385416666666664,90,1.822400337481544,46.666666666666664,36.70825183252626,56.89799529028493,-0.2899367258597806,0.3708137208348247,30.56420373721403,100.0,69.69305405310155,-30.306945946898367,-0.6136820946851389,max_drawdown 30.56%,0,"{""daily_loss"": 422, ""gross_leverage"": 46, ""max_drawdown"": 32636, ""max_positions"": 43, ""sized_down"": 91}","{""AUDUSD=X"": -18.388852, ""EURUSD=X"": -3.578419, ""GBPUSD=X"": -3.487581, ""NZDUSD=X"": -4.852095}",2026-07-07 08:15:00+00:00,2026-07-23 02:50:00+00:00,15.774305555555555,71,4.50099053488884,49.29577464788733,38.00495431702562,60.658890389661565,-0.3964102074272455,0.29953068058588306,30.301135033708633,100.0,69.69886496629137,-30.301135033708565,-1.9209172110297308,max_drawdown 30.30%,0,"{""daily_loss"": 211, ""gross_leverage"": 27, ""max_drawdown"": 5368, ""max_positions"": 28, ""min_units"": 1, ""sized_down"": 75}","{""AUDUSD=X"": -11.993402, ""EURUSD=X"": -0.315764, ""GBPUSD=X"": -9.274353, ""NZDUSD=X"": -8.717616}"
5m,12,trend,0.75,45,atr,5.0,0.75,-1000000000.0,2026-05-18 23:00:00+00:00,2026-07-07 08:15:00+00:00,49.385416666666664,67,1.356675806791816,52.23880597014925,40.48498852683164,63.749811364757456,-0.15912649253447397,0.18211125850602577,14.414493491829926,100.0,85.93881712198237,-14.061182878017645,-0.2847233824698785,none,0,"{""max_positions"": 92, ""min_units"": 68}","{""AUDUSD=X"": -8.48454, ""NZDUSD=X"": -5.576642}",2026-07-07 08:15:00+00:00,2026-07-23 02:50:00+00:00,15.774305555555555,3,0.19018269865727494,33.33333333333333,6.14903152761605,79.23450448735122,-0.4632165299731741,0.02975235531323625,2.257572594646305,100.0,97.80812326533459,-2.1918767346654144,-0.13895234417425475,none,0,"{""min_units"": 4}","{""AUDUSD=X"": -1.083598, ""NZDUSD=X"": -1.108279}"
5m,12,trend,0.75,45,atr,5.0,1.0,-123.1108031667638,2026-05-18 23:00:00+00:00,2026-07-07 08:15:00+00:00,49.385416666666664,137,2.774098291499684,48.9051094890511,40.67917131500425,57.19077620050255,-0.19270921285089457,0.21074012666478079,30.76270392786701,100.0,69.34404344320346,-30.65595655679647,-0.6207491730547271,max_drawdown 30.76%,0,"{""max_drawdown"": 9824, ""max_positions"": 135, ""min_units"": 120}","{""AUDUSD=X"": -17.199244, ""EURUSD=X"": -0.600638, ""GBPUSD=X"": 0.436315, ""NZDUSD=X"": -13.29239}",2026-07-07 08:15:00+00:00,2026-07-23 02:50:00+00:00,15.774305555555555,37,2.3455866167730575,72.97297297297297,57.02152452607867,84.60270175300933,-0.07383390210816833,0.35995191501827184,5.249179162638626,100.0,94.75082083736137,-5.249179162638624,-0.3327676862953827,none,0,"{""max_positions"": 20, ""min_units"": 22}","{""AUDUSD=X"": -2.312941, ""EURUSD=X"": -0.168634, ""GBPUSD=X"": -0.956835, ""NZDUSD=X"": -1.810769}"
5m,12,trend,0.75,45,atr,5.0,1.5,-121.26334237829572,2026-05-18 23:00:00+00:00,2026-07-07 08:15:00+00:00,49.385416666666664,147,2.976587217886522,46.93877551020408,39.0520123628165,54.98146381351682,-0.17268850199685562,0.32302005754716606,30.394695636186476,100.0,70.08940174375253,-29.910598256247475,-0.6056564928495587,max_drawdown 30.39%,0,"{""gross_leverage"": 4, ""max_drawdown"": 26068, ""max_positions"": 199, ""min_units"": 72, ""sized_down"": 12}","{""AUDUSD=X"": -11.613971, ""EURUSD=X"": -4.674423, ""GBPUSD=X"": -7.282954, ""NZDUSD=X"": -6.33925}",2026-07-07 08:15:00+00:00,2026-07-23 02:50:00+00:00,15.774305555555555,111,7.036759850319172,48.64864864864865,39.55223460801761,57.8354715890399,-0.17768134008180217,0.2620077361475858,25.92548625639452,100.0,74.07451374360548,-25.925486256394475,-1.6435263134143978,none,0,"{""gross_leverage"": 1, ""max_positions"": 136, ""min_units"": 28, ""sized_down"": 4}","{""AUDUSD=X"": -7.80025, ""EURUSD=X"": -5.200354, ""GBPUSD=X"": -6.255199, ""NZDUSD=X"": -6.669683}"
5m,12,trend,0.75,45,atr,10.0,0.75,-1000000000.0,2026-05-18 23:00:00+00:00,2026-07-07 08:15:00+00:00,49.385416666666664,0,0.0,0.0,0.0,0.0,0.0,0.0,0.0,100.0,100.0,0.0,0.0,none,0,"{""min_units"": 155}",{},2026-07-07 08:15:00+00:00,2026-07-23 02:50:00+00:00,15.774305555555555,0,0.0,0.0,0.0,0.0,0.0,0.0,0.0,100.0,100.0,0.0,0.0,none,0,"{""min_units"": 9}",{}
5m,12,trend,0.75,45,atr,10.0,1.0,-104.45048214048624,2026-05-18 23:00:00+00:00,2026-07-07 08:15:00+00:00,49.385416666666664,48,0.9719468466568235,58.333333333333336,44.281082215364655,71.15054026542299,-0.07165018182924258,0.24637163792147,6.319123363338104,100.0,94.151427748544,-5.848572251455997,-0.11842711160931782,none,0,"{""max_positions"": 2, ""min_units"": 323}","{""AUDUSD=X"": -0.506689, ""NZDUSD=X"": -5.341883}",2026-07-07 08:15:00+00:00,2026-07-23 02:50:00+00:00,15.774305555555555,21,1.3312788906009245,76.19047619047619,54.90841802765406,89.37214361088773,-0.02764888923170237,0.5209639295289108,1.3877130120141885,100.0,98.92834966574378,-1.0716503342562418,-0.06793645086194093,none,0,"{""min_units"": 47}","{""AUDUSD=X"": -0.800283, ""NZDUSD=X"": -0.271367}"
5m,12,trend,0.75,45,atr,10.0,1.5,-108.43144945414346,2026-05-18 23:00:00+00:00,2026-07-07 08:15:00+00:00,49.385416666666664,149,3.01708500316389,51.006711409395976,43.05603987697198,58.906776529032676,-0.08030914895639578,0.31585943621619356,18.056941763011736,100.0,82.34318004659248,-17.65681995340748,-0.3575310515771184,none,0,"{""max_positions"": 110, ""min_units"": 571}","{""AUDUSD=X"": -8.962821, ""NZDUSD=X"": -8.693999}",2026-07-07 08:15:00+00:00,2026-07-23 02:50:00+00:00,15.774305555555555,54,3.4232885758309486,48.148148148148145,35.39375603654322,61.14852495153457,-0.08283742679432554,0.30131170163200544,6.940792757954128,100.0,93.05920724204587,-6.9407927579541715,-0.44000623250953147,none,0,"{""max_positions"": 32, ""min_units"": 107}","{""AUDUSD=X"": -5.375838, ""NZDUSD=X"": -1.564954}"
5m,12,both,0.25,40,atr,2.0,0.75,-1000000000.0,2026-05-18 23:00:00+00:00,2026-07-07 08:15:00+00:00,49.385416666666664,109,2.207129297616537,59.63302752293578,50.24644394796234,68.36371400796881,-0.23933830369444542,0.287430163090945,30.130606299637126,100.0,69.86939370036288,-30.13060629963708,-0.6101114120998017,max_drawdown 30.13%,0,"{""gross_leverage"": 7, ""max_drawdown"": 14408, ""max_positions"": 78, ""sized_down"": 30}","{""AUDUSD=X"": -15.66453, ""EURUSD=X"": -2.455848, ""GBPUSD=X"": -4.782172, ""NZDUSD=X"": -7.228056}",2026-07-07 08:15:00+00:00,2026-07-23 02:50:00+00:00,15.774305555555555,9,0.5705480959718248,11.11111111111111,1.9890371327130536,43.50062147680601,-0.812441165258625,0.025643978254335918,10.455948274422033,100.0,89.78479358724216,-10.215206412757844,-0.6475851743064625,daily_loss 8.83%,0,"{""daily_loss"": 539, ""max_positions"": 3, ""min_units"": 1, ""sized_down"": 1}","{""AUDUSD=X"": -3.109313, ""EURUSD=X"": -1.081647, ""GBPUSD=X"": -2.395797, ""NZDUSD=X"": -3.62845}"
5m,12,both,0.25,40,atr,2.0,1.0,-130.53954159080598,2026-05-18 23:00:00+00:00,2026-07-07 08:15:00+00:00,49.385416666666664,90,1.822400337481544,52.22222222222223,42.02438257848399,62.238119339641884,-0.27161118420298486,0.3010498246034473,31.07257382103225,100.0,68.92742617896775,-31.07257382103223,-0.6291852113096592,max_drawdown 31.07%,0,"{""gross_leverage"": 34, ""max_drawdown"": 30704, ""max_positions"": 47, ""sized_down"": 54}","{""AUDUSD=X"": -16.815568, ""EURUSD=X"": -6.703829, ""GBPUSD=X"": -2.550688, ""NZDUSD=X"": -5.002489}",2026-07-07 08:15:00+00:00,2026-07-23 02:50:00+00:00,15.774305555555555,69,4.374202069117324,66.66666666666666,54.92625453552142,76.64910899301172,-0.22997644401008532,0.34462842322769327,21.672016463620196,100.0,78.61489879403791,-21.385101205962133,-1.3556920861362745,daily_loss 8.18%,0,"{""daily_loss"": 507, ""gross_leverage"": 17, ""max_positions"": 9, ""min_units"": 1, ""sized_down"": 41}","{""AUDUSD=X"": -3.700641, ""EURUSD=X"": -2.525719, ""GBPUSD=X"": -7.921272, ""NZDUSD=X"": -7.237469}"
5m,12,both,0.25,40,atr,2.0,1.5,-143.21701926639219,2026-05-18 23:00:00+00:00,2026-07-07 08:15:00+00:00,49.385416666666664,112,2.267875975532588,49.107142857142854,40.03286554620758,58.24063896339864,-0.24141537417662576,0.45199306172522385,30.01647582552182,100.0,70.71029733402439,-29.28970266597551,-0.5930840447023095,max_drawdown 30.02%,0,"{""daily_loss"": 291, ""gross_leverage"": 64, ""max_drawdown"": 32560, ""max_positions"": 75, ""sized_down"": 123}","{""AUDUSD=X"": -16.995898, ""EURUSD=X"": -4.278151, ""GBPUSD=X"": -3.801849, ""NZDUSD=X"": -4.213804}",2026-07-07 08:15:00+00:00,2026-07-23 02:50:00+00:00,15.774305555555555,80,5.0715386308606645,46.25,35.74781238878701,57.09583563319731,-0.39907015608825896,0.33816595689000434,30.614059353384675,100.0,69.38594064661532,-30.61405935338462,-1.940754808226892,max_drawdown 30.61%,0,"{""daily_loss"": 869, ""gross_leverage"": 35, ""max_drawdown"": 6496, ""max_positions"": 18, ""min_units"": 1, ""sized_down"": 87}","{""AUDUSD=X"": -12.026313, ""EURUSD=X"": -2.353379, ""GBPUSD=X"": -12.658235, ""NZDUSD=X"": -3.576133}"
5m,12,both,0.25,40,atr,5.0,0.75,-1000000000.0,2026-05-18 23:00:00+00:00,2026-07-07 08:15:00+00:00,49.385416666666664,89,1.8021514448428602,61.79775280898876,51.41392792900943,71.20524278756588,-0.10824868591040433,0.2808653469383293,13.007747893097921,100.0,87.35136999079133,-12.648630009208707,-0.2561207510829015,none,0,"{""max_positions"": 102, ""min_units"": 91}","{""AUDUSD=X"": -7.899234, ""NZDUSD=X"": -4.749396}",2026-07-07 08:15:00+00:00,2026-07-23 02:50:00+00:00,15.774305555555555,5,0.31697116442879153,20.0,3.6223160969787447,62.44717358814613,-0.3599213967369476,0.023978413086502212,2.8011904598954116,100.0,97.26414001686238,-2.7358599831376282,-0.1734377449138536,none,0,"{""min_units"": 5}","{""AUDUSD=X"": -1.083598, ""NZDUSD=X"": -1.652262}"
5m,12,both,0.25,40,atr,5.0,1.0,-119.73094939521086,2026-05-18 23:00:00+00:00,2026-07-07 08:15:00+00:00,49.385416666666664,158,3.199325036912044,51.26582278481012,43.53481244196621,58.93673998954706,-0.16333010631482897,0.24545651023103107,30.67364483864174,100.0,69.43323984026979,-30.566760159730133,-0.6189430447867734,max_drawdown 30.67%,0,"{""max_drawdown"": 13683, ""max_positions"": 171, ""min_units"": 130}","{""AUDUSD=X"": -18.841247, ""EURUSD=X"": -0.799662, ""GBPUSD=X"": 0.428288, ""NZDUSD=X"": -11.35414}",2026-07-07 08:15:00+00:00,2026-07-23 02:50:00+00:00,15.774305555555555,55,3.486682808716707,69.0909090909091,55.971160848617274,79.71787547942276,-0.08496005141754855,0.355198547658425,7.614416905812149,100.0,92.38558309418785,-7.61441690581214,-0.48271011861631,none,0,"{""max_positions"": 38, ""min_units"": 29}","{""AUDUSD=X"": -1.176405, ""EURUSD=X"": -1.010367, ""GBPUSD=X"": -0.696927, ""NZDUSD=X"": -4.730718}"
5m,12,both,0.25,40,atr,5.0,1.5,-118.98831172420664,2026-05-18 23:00:00+00:00,2026-07-07 08:15:00+00:00,49.385416666666664,170,3.44231174857625,47.05882352941176,39.70365959173555,54.543977337514974,-0.15056462260708703,0.36568205514929547,30.11669638191849,100.0,70.60274274485437,-29.39725725514564,-0.5952619060312131,max_drawdown 30.12%,0,"{""gross_leverage"": 2, ""max_drawdown"": 28124, ""max_positions"": 264, ""min_units"": 66, ""sized_down"": 12}","{""AUDUSD=X"": -11.251249, ""EURUSD=X"": -3.730219, ""GBPUSD=X"": -8.413914, ""NZDUSD=X"": -6.001875}",2026-07-07 08:15:00+00:00,2026-07-23 02:50:00+00:00,15.774305555555555,144,9.128769535549196,51.388888888888886,43.29596384827971,59.40963457597975,-0.15786777590152565,0.30338258271241436,30.350939945492673,100.0,69.64906005450733,-30.350939945492616,-1.9240745552062235,max_drawdown 30.35%,0,"{""gross_leverage"": 1, ""max_drawdown"": 927, ""max_positions"": 181, ""min_units"": 38, ""sized_down"": 4}","{""AUDUSD=X"": -10.34498, ""EURUSD=X"": -6.146052, ""GBPUSD=X"": -7.417369, ""NZDUSD=X"": -6.442539}"
5m,12,both,0.25,40,atr,10.0,0.75,-1000000000.0,2026-05-18 23:00:00+00:00,2026-07-07 08:15:00+00:00,49.385416666666664,0,0.0,0.0,0.0,0.0,0.0,0.0,0.0,100.0,100.0,0.0,0.0,none,0,"{""min_units"": 204}",{},2026-07-07 08:15:00+00:00,2026-07-23 02:50:00+00:00,15.774305555555555,0,0.0,0.0,0.0,0.0,0.0,0.0,0.0,100.0,100.0,0.0,0.0,none,0,"{""min_units"": 13}",{}
5m,12,both,0.25,40,atr,10.0,1.0,-104.70375418080256,2026-05-18 23:00:00+00:00,2026-07-07 08:15:00+00:00,49.385416666666664,63,1.275680236237081,57.14285714285714,44.86139508259402,68.60327362671276,-0.07036364007848568,0.24411777727213332,7.745895807572353,100.0,92.39979454994248,-7.600205450057538,-0.15389574419015475,none,0,"{""max_positions"": 4, ""min_units"": 434}","{""AUDUSD=X"": -1.361544, ""NZDUSD=X"": -6.238662}",2026-07-07 08:15:00+00:00,2026-07-23 02:50:00+00:00,15.774305555555555,27,1.7116442879154743,70.37037037037037,51.5189666191624,84.14714668235244,-0.04334721241907293,0.40323452074588617,2.2635772590978576,100.0,97.93274639095557,-2.067253609044449,-0.13105195672568817,none,0,"{""max_positions"": 10, ""min_units"": 70}","{""AUDUSD=X"": -0.729049, ""NZDUSD=X"": -1.338205}"
5m,12,both,0.25,40,atr,10.0,1.5,-109.94255918425205,2026-05-18 23:00:00+00:00,2026-07-07 08:15:00+00:00,49.385416666666664,180,3.644800674963088,49.44444444444444,42.22872271676107,56.68338422747789,-0.0860070156682309,0.2882143890482994,22.43914297727294,100.0,77.8361312617572,-22.163868738242712,-0.4487937985385574,none,0,"{""max_positions"": 120, ""min_units"": 782}","{""AUDUSD=X"": -9.107691, ""NZDUSD=X"": -13.056178}",2026-07-07 08:15:00+00:00,2026-07-23 02:50:00+00:00,15.774305555555555,75,4.754567466431873,48.0,37.068921756788065,59.125980426830736,-0.0868471001541464,0.28104329484727003,10.275706268403416,100.0,89.78226853847484,-10.217731461525185,-0.6477452478360672,none,0,"{""max_positions"": 66, ""min_units"": 154}","{""AUDUSD=X"": -7.323251, ""NZDUSD=X"": -2.894481}"
5m,12,both,0.25,45,atr,2.0,0.75,-1000000000.0,2026-05-18 23:00:00+00:00,2026-07-07 08:15:00+00:00,49.385416666666664,100,2.024889263868382,59.0,49.20125056109662,68.13284290433533,-0.26081115146504336,0.28061331522337263,30.62178547314099,100.0,69.37821452685901,-30.621785473140985,-0.6200572464504397,max_drawdown 30.62%,0,"{""daily_loss"": 167, ""gross_leverage"": 12, ""max_drawdown"": 20119, ""max_positions"": 66, ""sized_down"": 26}","{""AUDUSD=X"": -10.504425, ""EURUSD=X"": -4.640621, ""GBPUSD=X"": -4.8918, ""NZDUSD=X"": -10.584939}",2026-07-07 08:15:00+00:00,2026-07-23 02:50:00+00:00,15.774305555555555,13,0.824125027514858,30.76923076923077,12.680497161618087,57.63111218666236,-0.6442022865633755,0.07174935709723503,12.420113071200788,100.0,88.21018316694693,-11.789816833053063,-0.7474063939949994,daily_loss 9.34%,0,"{""daily_loss"": 567, ""max_positions"": 3, ""min_units"": 1, ""sized_down"": 1}","{""AUDUSD=X"": -2.158853, ""EURUSD=X"": -1.081647, ""GBPUSD=X"": -2.395797, ""NZDUSD=X"": -6.153521}"
5m,12,both,0.25,45,atr,2.0,1.0,-126.94651044271184,2026-05-18 23:00:00+00:00,2026-07-07 08:15:00+00:00,49.385416666666664,98,1.9843914785910146,55.10204081632652,45.247368335883685,64.57180182640755,-0.24035810546358602,0.3151799395851692,30.157441427536224,100.0,69.84255857246377,-30.1574414275362,-0.6106547937235763,max_drawdown 30.16%,0,"{""daily_loss"": 577, ""gross_leverage"": 39, ""max_drawdown"": 32560, ""max_positions"": 61, ""sized_down"": 65}","{""AUDUSD=X"": -18.247376, ""EURUSD=X"": -4.772781, ""GBPUSD=X"": -3.289656, ""NZDUSD=X"": -3.847629}",2026-07-07 08:15:00+00:00,2026-07-23 02:50:00+00:00,15.774305555555555,96,6.085846357032798,67.70833333333334,57.82964352989827,76.22429791334785,-0.20402832430056014,0.385559176369692,26.019773571661105,100.0,75.17989664060784,-24.820103359392217,-1.5734514126139023,daily_loss 9.70%,0,"{""daily_loss"": 567, ""gross_leverage"": 29, ""max_positions"": 19, ""min_units"": 1, ""sized_down"": 66}","{""AUDUSD=X"": -1.792753, ""EURUSD=X"": -2.41366, ""GBPUSD=X"": -11.169822, ""NZDUSD=X"": -9.443868}"
5m,12,both,0.25,45,atr,2.0,1.5,-137.25946121520064,2026-05-18 23:00:00+00:00,2026-07-07 08:15:00+00:00,49.385416666666664,96,1.943893693313647,51.041666666666664,41.19586242091965,60.80731060515364,-0.2581850660578427,0.4225488731083228,30.60758263854248,100.0,70.08729034083187,-29.912709659168076,-0.6056992464206149,max_drawdown 30.61%,0,"{""daily_loss"": 622, ""gross_leverage"": 53, ""max_drawdown"": 35324, ""max_positions"": 66, ""sized_down"": 100}","{""AUDUSD=X"": -16.807628, ""EURUSD=X"": -0.539686, ""GBPUSD=X"": -7.161494, ""NZDUSD=X"": -5.403902}",2026-07-07 08:15:00+00:00,2026-07-23 02:50:00+00:00,15.774305555555555,92,5.8322694254897645,50.0,39.989654939501506,60.010345060498494,-0.34128062825623806,0.37173943335608434,31.126718441417182,100.0,68.87328155858282,-31.12671844141719,-1.9732544378446293,max_drawdown 31.13%,0,"{""daily_loss"": 1190, ""gross_leverage"": 76, ""max_drawdown"": 6364, ""max_positions"": 31, ""min_units"": 1, ""sized_down"": 141}","{""AUDUSD=X"": -10.741686, ""EURUSD=X"": -1.972962, ""GBPUSD=X"": -13.391556, ""NZDUSD=X"": -5.020514}"
5m,12,both,0.25,45,atr,5.0,0.75,-1000000000.0,2026-05-18 23:00:00+00:00,2026-07-07 08:15:00+00:00,49.385416666666664,110,2.2273781902552203,64.54545454545455,55.25323623689828,72.85599624050893,-0.10639517664659097,0.296651125684186,15.547939716251967,100.0,84.80069185086641,-15.1993081491336,-0.3077691588940784,none,0,"{""max_positions"": 112, ""min_units"": 126}","{""AUDUSD=X"": -9.483511, ""NZDUSD=X"": -5.715797}",2026-07-07 08:15:00+00:00,2026-07-23 02:50:00+00:00,15.774305555555555,11,0.6973365617433415,54.54545454545454,28.008775568998818,78.72904245601195,-0.16738884225418602,0.13870303010505497,2.9191517254830135,100.0,97.26660954100751,-2.7333904589925018,-0.17328119132508046,none,0,"{""max_positions"": 2, ""min_units"": 7}","{""AUDUSD=X"": -1.00043, ""NZDUSD=X"": -1.732961}"
5m,12,both,0.25,45,atr,5.0,1.0,-118.45944481021311,2026-05-18 23:00:00+00:00,2026-07-07 08:15:00+00:00,49.385416666666664,159,3.219573929550728,54.71698113207547,46.959458983493775,62.25194645590256,-0.15415253121961192,0.24941303262813772,30.040167989715922,100.0,70.06769335917109,-29.932306640828834,-0.6060960635983059,max_drawdown 30.04%,0,"{""max_drawdown"": 19296, ""max_positions"": 170, ""min_units"": 133}","{""AUDUSD=X"": -17.69156, ""EURUSD=X"": -3.115116, ""GBPUSD=X"": 0.421836, ""NZDUSD=X"": -9.547467}",2026-07-07 08:15:00+00:00,2026-07-23 02:50:00+00:00,15.774305555555555,85,5.3885097952894565,70.58823529411765,60.1813482581798,79.214610391822,-0.07841777722196594,0.36088273046082703,12.094036320959177,100.0,88.5819175798549,-11.418082420145064,-0.723840576051459,none,0,"{""max_positions"": 86, ""min_units"": 37}","{""AUDUSD=X"": -0.7923, ""EURUSD=X"": -1.233985, ""GBPUSD=X"": -1.794334, ""NZDUSD=X"": -7.597464}"
5m,12,both,0.25,45,atr,5.0,1.5,-119.76788510957022,2026-05-18 23:00:00+00:00,2026-07-07 08:15:00+00:00,49.385416666666664,165,3.341067285382831,47.878787878787875,40.39168991076268,55.46241239577788,-0.14914706597594368,0.3410118995070916,30.185619279827307,100.0,69.8143807201727,-30.185619279827307,-0.6112253640294076,max_drawdown 30.19%,0,"{""daily_loss"": 174, ""gross_leverage"": 5, ""max_drawdown"": 30591, ""max_positions"": 274, ""min_units"": 87, ""sized_down"": 11}","{""AUDUSD=X"": -10.170132, ""EURUSD=X"": -5.25642, ""GBPUSD=X"": -8.410312, ""NZDUSD=X"": -6.348755}",2026-07-07 08:15:00+00:00,2026-07-23 02:50:00+00:00,15.774305555555555,144,9.128769535549196,50.69444444444444,42.617292171311405,58.735507040818334,-0.1642666411964684,0.302229874861084,30.98987940390247,100.0,69.02417255469797,-30.97582744530199,-1.9636888188965382,max_drawdown 30.31%,0,"{""gross_leverage"": 6, ""max_drawdown"": 4252, ""max_positions"": 267, ""min_units"": 50, ""sized_down"": 9}","{""AUDUSD=X"": -10.618991, ""EURUSD=X"": -5.540758, ""GBPUSD=X"": -8.432556, ""NZDUSD=X"": -6.383523}"
5m,12,both,0.25,45,atr,10.0,0.75,-1000000000.0,2026-05-18 23:00:00+00:00,2026-07-07 08:15:00+00:00,49.385416666666664,0,0.0,0.0,0.0,0.0,0.0,0.0,0.0,100.0,100.0,0.0,0.0,none,0,"{""min_units"": 282}",{},2026-07-07 08:15:00+00:00,2026-07-23 02:50:00+00:00,15.774305555555555,0,0.0,0.0,0.0,0.0,0.0,0.0,0.0,100.0,100.0,0.0,0.0,none,0,"{""min_units"": 26}",{}
5m,12,both,0.25,45,atr,10.0,1.0,-104.5716435724903,2026-05-18 23:00:00+00:00,2026-07-07 08:15:00+00:00,49.385416666666664,82,1.6604091963720735,57.3170731707317,46.52101259866271,67.45822357587272,-0.06542604302860276,0.2511311080643273,9.598439391776255,100.0,90.74288231815633,-9.257117681843688,-0.18744638208331452,none,0,"{""max_positions"": 6, ""min_units"": 625}","{""AUDUSD=X"": -1.011074, ""NZDUSD=X"": -8.246044}",2026-07-07 08:15:00+00:00,2026-07-23 02:50:00+00:00,15.774305555555555,46,2.9161347127448822,76.08695652173914,62.06458383088198,86.0879634388686,-0.028520309328403607,0.5199931688021425,2.755248319932221,100.0,97.6080541980267,-2.391945801973343,-0.15163556922041005,none,0,"{""max_positions"": 14, ""min_units"": 104}","{""AUDUSD=X"": -0.440075, ""NZDUSD=X"": -1.951871}"
5m,12,both,0.25,45,atr,10.0,1.5,-111.18591558810085,2026-05-18 23:00:00+00:00,2026-07-07 08:15:00+00:00,49.385416666666664,238,4.81923644800675,52.94117647058824,46.60345384507384,59.18545922860744,-0.08810232574258717,0.30044762271984315,28.958781934124982,100.0,71.1053142215525,-28.894685778447496,-0.5850853901562877,none,0,"{""max_positions"": 162, ""min_units"": 1179}","{""AUDUSD=X"": -11.42117, ""NZDUSD=X"": -17.473516}",2026-07-07 08:15:00+00:00,2026-07-23 02:50:00+00:00,15.774305555555555,108,6.846577151661897,52.77777777777778,43.42949982627799,61.93523029203219,-0.07994863335207673,0.32320811477690253,13.6747099545422,100.0,86.617312779767,-13.38268722023303,-0.8483851902767142,none,0,"{""max_positions"": 62, ""min_units"": 246}","{""AUDUSD=X"": -8.806503, ""NZDUSD=X"": -4.576184}"
5m,12,both,0.75,40,atr,2.0,0.75,-1000000000.0,2026-05-18 23:00:00+00:00,2026-07-07 08:15:00+00:00,49.385416666666664,109,2.207129297616537,59.63302752293578,50.24644394796234,68.36371400796881,-0.23933830369444542,0.287430163090945,30.130606299637126,100.0,69.86939370036288,-30.13060629963708,-0.6101114120998017,max_drawdown 30.13%,0,"{""gross_leverage"": 7, ""max_drawdown"": 14408, ""max_positions"": 78, ""sized_down"": 30}","{""AUDUSD=X"": -15.66453, ""EURUSD=X"": -2.455848, ""GBPUSD=X"": -4.782172, ""NZDUSD=X"": -7.228056}",2026-07-07 08:15:00+00:00,2026-07-23 02:50:00+00:00,15.774305555555555,9,0.5705480959718248,11.11111111111111,1.9890371327130536,43.50062147680601,-0.812441165258625,0.025643978254335918,10.455948274422033,100.0,89.78479358724216,-10.215206412757844,-0.6475851743064625,daily_loss 8.83%,0,"{""daily_loss"": 539, ""max_positions"": 3, ""min_units"": 1, ""sized_down"": 1}","{""AUDUSD=X"": -3.109313, ""EURUSD=X"": -1.081647, ""GBPUSD=X"": -2.395797, ""NZDUSD=X"": -3.62845}"
5m,12,both,0.75,40,atr,2.0,1.0,-130.53954159080598,2026-05-18 23:00:00+00:00,2026-07-07 08:15:00+00:00,49.385416666666664,90,1.822400337481544,52.22222222222223,42.02438257848399,62.238119339641884,-0.27161118420298486,0.3010498246034473,31.07257382103225,100.0,68.92742617896775,-31.07257382103223,-0.6291852113096592,max_drawdown 31.07%,0,"{""gross_leverage"": 34, ""max_drawdown"": 30704, ""max_positions"": 47, ""sized_down"": 54}","{""AUDUSD=X"": -16.815568, ""EURUSD=X"": -6.703829, ""GBPUSD=X"": -2.550688, ""NZDUSD=X"": -5.002489}",2026-07-07 08:15:00+00:00,2026-07-23 02:50:00+00:00,15.774305555555555,69,4.374202069117324,66.66666666666666,54.92625453552142,76.64910899301172,-0.22997644401008532,0.34462842322769327,21.672016463620196,100.0,78.61489879403791,-21.385101205962133,-1.3556920861362745,daily_loss 8.18%,0,"{""daily_loss"": 507, ""gross_leverage"": 17, ""max_positions"": 9, ""min_units"": 1, ""sized_down"": 41}","{""AUDUSD=X"": -3.700641, ""EURUSD=X"": -2.525719, ""GBPUSD=X"": -7.921272, ""NZDUSD=X"": -7.237469}"
5m,12,both,0.75,40,atr,2.0,1.5,-143.21701926639219,2026-05-18 23:00:00+00:00,2026-07-07 08:15:00+00:00,49.385416666666664,112,2.267875975532588,49.107142857142854,40.03286554620758,58.24063896339864,-0.24141537417662576,0.45199306172522385,30.01647582552182,100.0,70.71029733402439,-29.28970266597551,-0.5930840447023095,max_drawdown 30.02%,0,"{""daily_loss"": 291, ""gross_leverage"": 64, ""max_drawdown"": 32560, ""max_positions"": 75, ""sized_down"": 123}","{""AUDUSD=X"": -16.995898, ""EURUSD=X"": -4.278151, ""GBPUSD=X"": -3.801849, ""NZDUSD=X"": -4.213804}",2026-07-07 08:15:00+00:00,2026-07-23 02:50:00+00:00,15.774305555555555,80,5.0715386308606645,46.25,35.74781238878701,57.09583563319731,-0.39907015608825896,0.33816595689000434,30.614059353384675,100.0,69.38594064661532,-30.61405935338462,-1.940754808226892,max_drawdown 30.61%,0,"{""daily_loss"": 869, ""gross_leverage"": 35, ""max_drawdown"": 6496, ""max_positions"": 18, ""min_units"": 1, ""sized_down"": 87}","{""AUDUSD=X"": -12.026313, ""EURUSD=X"": -2.353379, ""GBPUSD=X"": -12.658235, ""NZDUSD=X"": -3.576133}"
5m,12,both,0.75,40,atr,5.0,0.75,-1000000000.0,2026-05-18 23:00:00+00:00,2026-07-07 08:15:00+00:00,49.385416666666664,89,1.8021514448428602,61.79775280898876,51.41392792900943,71.20524278756588,-0.10824868591040433,0.2808653469383293,13.007747893097921,100.0,87.35136999079133,-12.648630009208707,-0.2561207510829015,none,0,"{""max_positions"": 102, ""min_units"": 91}","{""AUDUSD=X"": -7.899234, ""NZDUSD=X"": -4.749396}",2026-07-07 08:15:00+00:00,2026-07-23 02:50:00+00:00,15.774305555555555,5,0.31697116442879153,20.0,3.6223160969787447,62.44717358814613,-0.3599213967369476,0.023978413086502212,2.8011904598954116,100.0,97.26414001686238,-2.7358599831376282,-0.1734377449138536,none,0,"{""min_units"": 5}","{""AUDUSD=X"": -1.083598, ""NZDUSD=X"": -1.652262}"
5m,12,both,0.75,40,atr,5.0,1.0,-119.73094939521086,2026-05-18 23:00:00+00:00,2026-07-07 08:15:00+00:00,49.385416666666664,158,3.199325036912044,51.26582278481012,43.53481244196621,58.93673998954706,-0.16333010631482897,0.24545651023103107,30.67364483864174,100.0,69.43323984026979,-30.566760159730133,-0.6189430447867734,max_drawdown 30.67%,0,"{""max_drawdown"": 13683, ""max_positions"": 171, ""min_units"": 130}","{""AUDUSD=X"": -18.841247, ""EURUSD=X"": -0.799662, ""GBPUSD=X"": 0.428288, ""NZDUSD=X"": -11.35414}",2026-07-07 08:15:00+00:00,2026-07-23 02:50:00+00:00,15.774305555555555,55,3.486682808716707,69.0909090909091,55.971160848617274,79.71787547942276,-0.08496005141754855,0.355198547658425,7.614416905812149,100.0,92.38558309418785,-7.61441690581214,-0.48271011861631,none,0,"{""max_positions"": 38, ""min_units"": 29}","{""AUDUSD=X"": -1.176405, ""EURUSD=X"": -1.010367, ""GBPUSD=X"": -0.696927, ""NZDUSD=X"": -4.730718}"
5m,12,both,0.75,40,atr,5.0,1.5,-118.98831172420664,2026-05-18 23:00:00+00:00,2026-07-07 08:15:00+00:00,49.385416666666664,170,3.44231174857625,47.05882352941176,39.70365959173555,54.543977337514974,-0.15056462260708703,0.36568205514929547,30.11669638191849,100.0,70.60274274485437,-29.39725725514564,-0.5952619060312131,max_drawdown 30.12%,0,"{""gross_leverage"": 2, ""max_drawdown"": 28124, ""max_positions"": 264, ""min_units"": 66, ""sized_down"": 12}","{""AUDUSD=X"": -11.251249, ""EURUSD=X"": -3.730219, ""GBPUSD=X"": -8.413914, ""NZDUSD=X"": -6.001875}",2026-07-07 08:15:00+00:00,2026-07-23 02:50:00+00:00,15.774305555555555,144,9.128769535549196,51.388888888888886,43.29596384827971,59.40963457597975,-0.15786777590152565,0.30338258271241436,30.350939945492673,100.0,69.64906005450733,-30.350939945492616,-1.9240745552062235,max_drawdown 30.35%,0,"{""gross_leverage"": 1, ""max_drawdown"": 927, ""max_positions"": 181, ""min_units"": 38, ""sized_down"": 4}","{""AUDUSD=X"": -10.34498, ""EURUSD=X"": -6.146052, ""GBPUSD=X"": -7.417369, ""NZDUSD=X"": -6.442539}"
5m,12,both,0.75,40,atr,10.0,0.75,-1000000000.0,2026-05-18 23:00:00+00:00,2026-07-07 08:15:00+00:00,49.385416666666664,0,0.0,0.0,0.0,0.0,0.0,0.0,0.0,100.0,100.0,0.0,0.0,none,0,"{""min_units"": 204}",{},2026-07-07 08:15:00+00:00,2026-07-23 02:50:00+00:00,15.774305555555555,0,0.0,0.0,0.0,0.0,0.0,0.0,0.0,100.0,100.0,0.0,0.0,none,0,"{""min_units"": 13}",{}
5m,12,both,0.75,40,atr,10.0,1.0,-104.70375418080256,2026-05-18 23:00:00+00:00,2026-07-07 08:15:00+00:00,49.385416666666664,63,1.275680236237081,57.14285714285714,44.86139508259402,68.60327362671276,-0.07036364007848568,0.24411777727213332,7.745895807572353,100.0,92.39979454994248,-7.600205450057538,-0.15389574419015475,none,0,"{""max_positions"": 4, ""min_units"": 434}","{""AUDUSD=X"": -1.361544, ""NZDUSD=X"": -6.238662}",2026-07-07 08:15:00+00:00,2026-07-23 02:50:00+00:00,15.774305555555555,27,1.7116442879154743,70.37037037037037,51.5189666191624,84.14714668235244,-0.04334721241907293,0.40323452074588617,2.2635772590978576,100.0,97.93274639095557,-2.067253609044449,-0.13105195672568817,none,0,"{""max_positions"": 10, ""min_units"": 70}","{""AUDUSD=X"": -0.729049, ""NZDUSD=X"": -1.338205}"
5m,12,both,0.75,40,atr,10.0,1.5,-109.94255918425205,2026-05-18 23:00:00+00:00,2026-07-07 08:15:00+00:00,49.385416666666664,180,3.644800674963088,49.44444444444444,42.22872271676107,56.68338422747789,-0.0860070156682309,0.2882143890482994,22.43914297727294,100.0,77.8361312617572,-22.163868738242712,-0.4487937985385574,none,0,"{""max_positions"": 120, ""min_units"": 782}","{""AUDUSD=X"": -9.107691, ""NZDUSD=X"": -13.056178}",2026-07-07 08:15:00+00:00,2026-07-23 02:50:00+00:00,15.774305555555555,75,4.754567466431873,48.0,37.068921756788065,59.125980426830736,-0.0868471001541464,0.28104329484727003,10.275706268403416,100.0,89.78226853847484,-10.217731461525185,-0.6477452478360672,none,0,"{""max_positions"": 66, ""min_units"": 154}","{""AUDUSD=X"": -7.323251, ""NZDUSD=X"": -2.894481}"
5m,12,both,0.75,45,atr,2.0,0.75,-1000000000.0,2026-05-18 23:00:00+00:00,2026-07-07 08:15:00+00:00,49.385416666666664,100,2.024889263868382,59.0,49.20125056109662,68.13284290433533,-0.26081115146504336,0.28061331522337263,30.62178547314099,100.0,69.37821452685901,-30.621785473140985,-0.6200572464504397,max_drawdown 30.62%,0,"{""daily_loss"": 167, ""gross_leverage"": 11, ""max_drawdown"": 20119, ""max_positions"": 66, ""sized_down"": 25}","{""AUDUSD=X"": -10.504425, ""EURUSD=X"": -4.640621, ""GBPUSD=X"": -4.8918, ""NZDUSD=X"": -10.584939}",2026-07-07 08:15:00+00:00,2026-07-23 02:50:00+00:00,15.774305555555555,13,0.824125027514858,30.76923076923077,12.680497161618087,57.63111218666236,-0.6442022865633755,0.07174935709723503,12.420113071200788,100.0,88.21018316694693,-11.789816833053063,-0.7474063939949994,daily_loss 9.34%,0,"{""daily_loss"": 567, ""max_positions"": 3, ""min_units"": 1, ""sized_down"": 1}","{""AUDUSD=X"": -2.158853, ""EURUSD=X"": -1.081647, ""GBPUSD=X"": -2.395797, ""NZDUSD=X"": -6.153521}"
5m,12,both,0.75,45,atr,2.0,1.0,-127.58757960877276,2026-05-18 23:00:00+00:00,2026-07-07 08:15:00+00:00,49.385416666666664,97,1.964142585952331,54.63917525773196,44.74391434787439,64.18097379352757,-0.24553781438368416,0.3091260884002923,30.424035052741004,100.0,69.575964947259,-30.424035052740976,-0.6160530194185053,max_drawdown 30.42%,0,"{""daily_loss"": 577, ""gross_leverage"": 38, ""max_drawdown"": 32560, ""max_positions"": 60, ""sized_down"": 64}","{""AUDUSD=X"": -18.247376, ""EURUSD=X"": -4.772781, ""GBPUSD=X"": -3.556249, ""NZDUSD=X"": -3.847629}",2026-07-07 08:15:00+00:00,2026-07-23 02:50:00+00:00,15.774305555555555,95,6.02245212414704,67.36842105263158,57.42532416248356,75.96142797426857,-0.2083813936582406,0.3738544451544903,26.492581737041093,100.0,74.70708847522785,-25.292911524772194,-1.6034247235602888,daily_loss 9.70%,0,"{""daily_loss"": 567, ""gross_leverage"": 29, ""max_positions"": 19, ""min_units"": 1, ""sized_down"": 67}","{""AUDUSD=X"": -1.792753, ""EURUSD=X"": -2.41366, ""GBPUSD=X"": -11.169822, ""NZDUSD=X"": -9.916677}"
5m,12,both,0.75,45,atr,2.0,1.5,-137.25946121520064,2026-05-18 23:00:00+00:00,2026-07-07 08:15:00+00:00,49.385416666666664,96,1.943893693313647,51.041666666666664,41.19586242091965,60.80731060515364,-0.2581850660578427,0.4225488731083228,30.60758263854248,100.0,70.08729034083187,-29.912709659168076,-0.6056992464206149,max_drawdown 30.61%,0,"{""daily_loss"": 622, ""gross_leverage"": 52, ""max_drawdown"": 35324, ""max_positions"": 66, ""sized_down"": 99}","{""AUDUSD=X"": -16.807628, ""EURUSD=X"": -0.539686, ""GBPUSD=X"": -7.161494, ""NZDUSD=X"": -5.403902}",2026-07-07 08:15:00+00:00,2026-07-23 02:50:00+00:00,15.774305555555555,92,5.8322694254897645,50.0,39.989654939501506,60.010345060498494,-0.34128062825623806,0.37173943335608434,31.126718441417182,100.0,68.87328155858282,-31.12671844141719,-1.9732544378446293,max_drawdown 31.13%,0,"{""daily_loss"": 1190, ""gross_leverage"": 76, ""max_drawdown"": 6364, ""max_positions"": 31, ""min_units"": 1, ""sized_down"": 141}","{""AUDUSD=X"": -10.741686, ""EURUSD=X"": -1.972962, ""GBPUSD=X"": -13.391556, ""NZDUSD=X"": -5.020514}"
5m,12,both,0.75,45,atr,5.0,0.75,-1000000000.0,2026-05-18 23:00:00+00:00,2026-07-07 08:15:00+00:00,49.385416666666664,110,2.2273781902552203,64.54545454545455,55.25323623689828,72.85599624050893,-0.10639517664659097,0.296651125684186,15.547939716251967,100.0,84.80069185086641,-15.1993081491336,-0.3077691588940784,none,0,"{""max_positions"": 112, ""min_units"": 125}","{""AUDUSD=X"": -9.483511, ""NZDUSD=X"": -5.715797}",2026-07-07 08:15:00+00:00,2026-07-23 02:50:00+00:00,15.774305555555555,11,0.6973365617433415,54.54545454545454,28.008775568998818,78.72904245601195,-0.16738884225418602,0.13870303010505497,2.9191517254830135,100.0,97.26660954100751,-2.7333904589925018,-0.17328119132508046,none,0,"{""max_positions"": 2, ""min_units"": 7}","{""AUDUSD=X"": -1.00043, ""NZDUSD=X"": -1.732961}"
5m,12,both,0.75,45,atr,5.0,1.0,-118.84281865070015,2026-05-18 23:00:00+00:00,2026-07-07 08:15:00+00:00,49.385416666666664,159,3.219573929550728,54.088050314465406,46.33702852356416,61.646189523912675,-0.1561611714349657,0.24426101094509678,30.54138066833981,100.0,69.56570793032694,-30.43429206967298,-0.6162607126531546,max_drawdown 30.54%,0,"{""max_drawdown"": 19147, ""max_positions"": 180, ""min_units"": 144}","{""AUDUSD=X"": -17.842771, ""EURUSD=X"": -3.22473, ""GBPUSD=X"": 0.421836, ""NZDUSD=X"": -9.788627}",2026-07-07 08:15:00+00:00,2026-07-23 02:50:00+00:00,15.774305555555555,84,5.325115562403698,70.23809523809523,59.75071368472344,78.95532081373742,-0.08034900440165149,0.35662590236470887,12.170086236000444,100.0,88.50586766481364,-11.494132335186336,-0.7286617020765276,none,0,"{""max_positions"": 86, ""min_units"": 37}","{""AUDUSD=X"": -0.7923, ""EURUSD=X"": -1.233985, ""GBPUSD=X"": -1.794334, ""NZDUSD=X"": -7.673513}"
5m,12,both,0.75,45,atr,5.0,1.5,-120.06442413627751,2026-05-18 23:00:00+00:00,2026-07-07 08:15:00+00:00,49.385416666666664,167,3.3815650706601983,47.90419161676647,40.46003918373654,55.44259811303427,-0.14693489725500028,0.3437312136560123,30.176461317028224,100.0,69.94495175191338,-30.05504824808662,-0.6085814452259684,max_drawdown 30.18%,0,"{""daily_loss"": 174, ""gross_leverage"": 4, ""max_drawdown"": 30544, ""max_positions"": 277, ""min_units"": 87, ""sized_down"": 10}","{""AUDUSD=X"": -10.170132, ""EURUSD=X"": -5.466039, ""GBPUSD=X"": -7.162887, ""NZDUSD=X"": -7.255991}",2026-07-07 08:15:00+00:00,2026-07-23 02:50:00+00:00,15.774305555555555,143,9.065375302663439,50.349650349650354,42.25343337316655,58.42757255430905,-0.1667007107563852,0.2984725848614208,31.156641305533796,100.0,68.85737669672346,-31.142623303276498,-1.974262714361354,max_drawdown 30.47%,0,"{""gross_leverage"": 6, ""max_drawdown"": 4252, ""max_positions"": 267, ""min_units"": 50, ""sized_down"": 9}","{""AUDUSD=X"": -10.618991, ""EURUSD=X"": -5.540758, ""GBPUSD=X"": -8.432556, ""NZDUSD=X"": -6.550319}"
5m,12,both,0.75,45,atr,10.0,0.75,-1000000000.0,2026-05-18 23:00:00+00:00,2026-07-07 08:15:00+00:00,49.385416666666664,0,0.0,0.0,0.0,0.0,0.0,0.0,0.0,100.0,100.0,0.0,0.0,none,0,"{""min_units"": 281}",{},2026-07-07 08:15:00+00:00,2026-07-23 02:50:00+00:00,15.774305555555555,0,0.0,0.0,0.0,0.0,0.0,0.0,0.0,100.0,100.0,0.0,0.0,none,0,"{""min_units"": 26}",{}
5m,12,both,0.75,45,atr,10.0,1.0,-104.31887949883316,2026-05-18 23:00:00+00:00,2026-07-07 08:15:00+00:00,49.385416666666664,81,1.6401603037333896,58.0246913580247,47.1534628313757,68.16920906542964,-0.06431468871819095,0.2583751024630414,9.306179011162028,100.0,91.03535258923283,-8.96464741076718,-0.18152418296427952,none,0,"{""max_positions"": 6, ""min_units"": 620}","{""AUDUSD=X"": -0.800721, ""NZDUSD=X"": -8.163926}",2026-07-07 08:15:00+00:00,2026-07-23 02:50:00+00:00,15.774305555555555,45,2.852740479859124,75.55555555555556,61.326339415209866,85.76466497449071,-0.030085264045386195,0.5047317533044701,2.831298234973488,100.0,97.53200428298543,-2.4679957170146167,-0.15645669524547867,none,0,"{""max_positions"": 14, ""min_units"": 104}","{""AUDUSD=X"": -0.440075, ""NZDUSD=X"": -2.02792}"
5m,12,both,0.75,45,atr,10.0,1.5,-110.9300864500178,2026-05-18 23:00:00+00:00,2026-07-07 08:15:00+00:00,49.385416666666664,237,4.798987555368066,53.16455696202531,46.81172782030431,59.41643209891231,-0.08665102784327673,0.3045156213593451,28.40699811373428,100.0,71.65709804194321,-28.342901958056792,-0.5739123788174335,none,0,"{""max_positions"": 166, ""min_units"": 1162}","{""AUDUSD=X"": -10.869386, ""NZDUSD=X"": -17.473516}",2026-07-07 08:15:00+00:00,2026-07-23 02:50:00+00:00,15.774305555555555,106,6.719788685890381,51.886792452830186,42.47656250772565,61.16504504351177,-0.0831751424232398,0.3067354047867998,13.999859828074246,100.0,86.29158617121809,-13.708413828781955,-0.869034378756153,none,0,"{""max_positions"": 62, ""min_units"": 244}","{""AUDUSD=X"": -8.806503, ""NZDUSD=X"": -4.901911}"
5m,20,range,0.25,40,atr,2.0,0.75,-1000000000.0,2026-05-18 23:00:00+00:00,2026-07-07 08:15:00+00:00,49.385416666666664,75,1.5186669479012866,62.66666666666667,51.35475597239507,72.74419686468588,-0.25841788819362826,0.2435463078933127,26.97579841937295,100.0,73.02420158062705,-26.975798419372914,-0.5462300460366589,none,0,"{""gross_leverage"": 7, ""max_positions"": 24, ""min_units"": 2, ""sized_down"": 15}","{""AUDUSD=X"": -2.916537, ""EURUSD=X"": -4.880119, ""GBPUSD=X"": -5.560817, ""NZDUSD=X"": -13.618326}",2026-07-07 08:15:00+00:00,2026-07-23 02:50:00+00:00,15.774305555555555,7,0.4437596302003082,42.857142857142854,15.821692226262684,74.95457695909742,-0.4405139666362531,0.12399486324149334,5.698165995563571,100.0,94.54640380399576,-5.453596196004258,-0.3457265473143796,none,0,"{""gross_leverage"": 2, ""sized_down"": 2}","{""GBPUSD=X"": -2.458497, ""NZDUSD=X"": -2.995099}"
5m,20,range,0.25,40,atr,2.0,1.0,-142.17325814539308,2026-05-18 23:00:00+00:00,2026-07-07 08:15:00+00:00,49.385416666666664,76,1.5389158405399705,53.94736842105263,42.82242601460334,64.69245344673011,-0.3410518119383594,0.2661958541739358,30.553687632083975,100.0,69.44631236791602,-30.553687632084,-0.6186783405779507,max_drawdown 30.55%,0,"{""gross_leverage"": 12, ""max_drawdown"": 23616, ""max_positions"": 28, ""sized_down"": 43}","{""AUDUSD=X"": -10.261792, ""EURUSD=X"": -2.63527, ""GBPUSD=X"": -6.260814, ""NZDUSD=X"": -11.395812}",2026-07-07 08:15:00+00:00,2026-07-23 02:50:00+00:00,15.774305555555555,40,2.5357693154303322,52.5,37.497106853929736,67.06477044981831,-0.3850647003170665,0.22315928365072377,23.56135335055035,100.0,77.58926110403918,-22.41073889596082,-1.4207116007124623,none,0,"{""gross_leverage"": 16, ""max_positions"": 4, ""sized_down"": 28}","{""AUDUSD=X"": -2.054995, ""EURUSD=X"": -3.41057, ""GBPUSD=X"": -8.681782, ""NZDUSD=X"": -8.263392}"
5m,20,range,0.25,40,atr,2.0,1.5,-140.10565109005617,2026-05-18 23:00:00+00:00,2026-07-07 08:15:00+00:00,49.385416666666664,86,1.7414047669268087,45.348837209302324,35.25142050420289,55.84401857969586,-0.3683204926911785,0.3594916895756153,30.39885137728217,100.0,69.60114862271783,-30.39885137728212,-0.6155430778778915,max_drawdown 30.40%,0,"{""daily_loss"": 833, ""gross_leverage"": 18, ""max_drawdown"": 28837, ""max_positions"": 54, ""sized_down"": 73}","{""AUDUSD=X"": -8.850381, ""EURUSD=X"": -2.343659, ""GBPUSD=X"": -10.954615, ""NZDUSD=X"": -8.250196}",2026-07-07 08:15:00+00:00,2026-07-23 02:50:00+00:00,15.774305555555555,92,5.8322694254897645,54.347826086956516,44.19960344126341,64.14750261706617,-0.25856363209561384,0.45397421715491976,25.111533166666895,100.0,77.22479551349514,-22.77520448650486,-1.4438166172382567,none,0,"{""gross_leverage"": 39, ""max_positions"": 33, ""sized_down"": 104}","{""AUDUSD=X"": -2.677912, ""EURUSD=X"": -4.938447, ""GBPUSD=X"": -13.221775, ""NZDUSD=X"": -1.93707}"
5m,20,range,0.25,40,atr,5.0,0.75,-1000000000.0,2026-05-18 23:00:00+00:00,2026-07-07 08:15:00+00:00,49.385416666666664,43,0.8707023834634043,72.09302325581395,57.30868709987059,83.25354817817285,-0.067461489619187,0.4632327645452795,3.3969006764888974,100.0,96.69294471008433,-3.307055289915693,-0.06696420751569426,none,0,"{""max_positions"": 16, ""min_units"": 56}","{""AUDUSD=X"": -0.432738, ""NZDUSD=X"": -2.874318}",2026-07-07 08:15:00+00:00,2026-07-23 02:50:00+00:00,15.774305555555555,6,0.3803653973145499,50.0,18.761280689940868,81.23871931005912,-0.10301716344591087,0.22254143553099515,0.8932761933459934,100.0,99.25737949797089,-0.7426205020291148,-0.047077857051372456,none,0,"{""max_positions"": 8, ""min_units"": 1}","{""AUDUSD=X"": 0.080728, ""NZDUSD=X"": -0.823349}"
5m,20,range,0.25,40,atr,5.0,1.0,-112.56292137936936,2026-05-18 23:00:00+00:00,2026-07-07 08:15:00+00:00,49.385416666666664,125,2.531111579835478,63.2,54.46970725427289,71.14313828629786,-0.09206114950281025,0.3867278907082361,15.250997439452163,100.0,84.86810615829103,-15.131893841708992,-0.3064040938207263,none,0,"{""max_positions"": 99, ""min_units"": 109}","{""AUDUSD=X"": -4.103671, ""EURUSD=X"": -2.45891, ""GBPUSD=X"": -1.351113, ""NZDUSD=X"": -7.218199}",2026-07-07 08:15:00+00:00,2026-07-23 02:50:00+00:00,15.774305555555555,36,2.282192383887299,50.0,34.47406762473052,65.52593237526946,-0.12739310738351944,0.22936197225250374,7.76701323046369,100.0,92.97004659788931,-7.029953402110667,-0.44565850314943256,none,0,"{""max_positions"": 60, ""min_units"": 12}","{""AUDUSD=X"": -0.614957, ""EURUSD=X"": -0.916716, ""GBPUSD=X"": 0.387505, ""NZDUSD=X"": -5.885786}"
5m,20,range,0.25,40,atr,5.0,1.5,-117.9286320199555,2026-05-18 23:00:00+00:00,2026-07-07 08:15:00+00:00,49.385416666666664,155,3.1385783589959924,49.67741935483871,41.90959919093806,57.46084280914251,-0.150874541442261,0.34986616208733706,30.18066563102969,100.0,70.36680347357438,-29.633196526425646,-0.6000394150046113,max_drawdown 30.18%,0,"{""gross_leverage"": 1, ""max_drawdown"": 15616, ""max_positions"": 125, ""min_units"": 83, ""sized_down"": 3}","{""AUDUSD=X"": -6.81311, ""EURUSD=X"": -3.86506, ""GBPUSD=X"": -9.038086, ""NZDUSD=X"": -9.916942}",2026-07-07 08:15:00+00:00,2026-07-23 02:50:00+00:00,15.774305555555555,94,5.959057891261281,53.191489361702125,43.17808473355929,62.95427614361362,-0.12078177801278948,0.36212916500816633,18.05094971953806,100.0,82.92399485026142,-17.07600514973856,-1.0825202472209345,none,0,"{""max_positions"": 102, ""min_units"": 18, ""sized_down"": 1}","{""AUDUSD=X"": -4.07622, ""EURUSD=X"": -2.166362, ""GBPUSD=X"": -6.209462, ""NZDUSD=X"": -4.623961}"
5m,20,range,0.25,40,atr,10.0,0.75,-1000000000.0,2026-05-18 23:00:00+00:00,2026-07-07 08:15:00+00:00,49.385416666666664,0,0.0,0.0,0.0,0.0,0.0,0.0,0.0,100.0,100.0,0.0,0.0,none,0,"{""min_units"": 114}",{},2026-07-07 08:15:00+00:00,2026-07-23 02:50:00+00:00,15.774305555555555,0,0.0,0.0,0.0,0.0,0.0,0.0,0.0,100.0,100.0,0.0,0.0,none,0,"{""min_units"": 18}",{}
5m,20,range,0.25,40,atr,10.0,1.0,-1000000000.0,2026-05-18 23:00:00+00:00,2026-07-07 08:15:00+00:00,49.385416666666664,36,0.7289601349926176,61.111111111111114,44.864170296743474,75.21534458217704,-0.05197901480227238,0.31156881800767516,3.4736399369576674,100.0,96.5938640831202,-3.406135916879817,-0.0689704804936643,none,0,"{""max_positions"": 12, ""min_units"": 249}","{""AUDUSD=X"": -0.722836, ""NZDUSD=X"": -2.6833}",2026-07-07 08:15:00+00:00,2026-07-23 02:50:00+00:00,15.774305555555555,13,0.824125027514858,30.76923076923077,12.680497161618087,57.63111218666236,-0.131327558830292,0.09066127974276324,3.1070972100148992,100.0,96.96192380598612,-3.0380761940139,-0.19259650976799542,none,0,"{""max_positions"": 2, ""min_units"": 58}","{""AUDUSD=X"": -0.883113, ""NZDUSD=X"": -2.154963}"
5m,20,range,0.25,40,atr,10.0,1.5,-107.16168895122274,2026-05-18 23:00:00+00:00,2026-07-07 08:15:00+00:00,49.385416666666664,93,1.8831470153975955,49.46236559139785,39.525719013807574,59.44166690298852,-0.08478674299913394,0.2924061632812819,11.602543198381156,100.0,88.39745680161884,-11.602543198381117,-0.23493865155971044,none,0,"{""max_positions"": 34, ""min_units"": 391}","{""AUDUSD=X"": -4.043965, ""NZDUSD=X"": -7.558579}",2026-07-07 08:15:00+00:00,2026-07-23 02:50:00+00:00,15.774305555555555,41,2.5991635483160906,51.21951219512195,36.48425931586519,65.7458127600643,-0.07397906479632275,0.32484813488967296,5.367544325470655,100.0,94.96520257830618,-5.034797421693803,-0.3191771202834724,none,0,"{""max_positions"": 42, ""min_units"": 110}","{""AUDUSD=X"": -3.030217, ""NZDUSD=X"": -2.00458}"
5m,20,range,0.25,45,atr,2.0,0.75,-131.8045561797559,2026-05-18 23:00:00+00:00,2026-07-07 08:15:00+00:00,49.385416666666664,81,1.6401603037333896,60.49382716049383,49.60527758726388,70.43206258548157,-0.2841935018256105,0.23671952495819892,30.68654154573098,100.0,69.31345845426902,-30.68654154573103,-0.6213684852120184,max_drawdown 30.69%,0,"{""daily_loss"": 291, ""gross_leverage"": 11, ""max_drawdown"": 14508, ""max_positions"": 50, ""sized_down"": 18}","{""AUDUSD=X"": -4.695877, ""EURUSD=X"": -4.925572, ""GBPUSD=X"": -4.214827, ""NZDUSD=X"": -16.850265}",2026-07-07 08:15:00+00:00,2026-07-23 02:50:00+00:00,15.774305555555555,17,1.0777019590578913,58.82352941176471,36.00507438551554,78.38921396086862,-0.22294014177786342,0.2595327831878055,7.1092818775961115,100.0,93.60787942137048,-6.392120578629534,-0.40522358059548885,none,0,"{""gross_leverage"": 3, ""max_positions"": 24, ""sized_down"": 6}","{""AUDUSD=X"": 0.452223, ""GBPUSD=X"": -2.842493, ""NZDUSD=X"": -4.00185}"
5m,20,range,0.25,45,atr,2.0,1.0,-130.55022409687348,2026-05-18 23:00:00+00:00,2026-07-07 08:15:00+00:00,49.385416666666664,91,1.842649230120228,56.043956043956044,45.80695230915244,65.79133367505703,-0.27479813557279675,0.31725795574918253,30.94118202022223,100.0,69.05881797977777,-30.941182020222186,-0.6265246728414533,max_drawdown 30.94%,0,"{""daily_loss"": 660, ""gross_leverage"": 28, ""max_drawdown"": 29136, ""max_positions"": 48, ""sized_down"": 52}","{""AUDUSD=X"": -12.019575, ""EURUSD=X"": -2.06372, ""GBPUSD=X"": -7.254795, ""NZDUSD=X"": -9.603092}",2026-07-07 08:15:00+00:00,2026-07-23 02:50:00+00:00,15.774305555555555,88,5.578692493946732,61.36363636363637,50.91856433622111,70.85805976440432,-0.2522704472999992,0.35105582656603995,29.277302633100298,100.0,72.32608605214666,-27.673913947853357,-1.754366545670651,daily_loss 9.27%,0,"{""daily_loss"": 295, ""gross_leverage"": 37, ""max_positions"": 20, ""sized_down"": 65}","{""AUDUSD=X"": -3.77462, ""EURUSD=X"": -3.969683, ""GBPUSD=X"": -8.350669, ""NZDUSD=X"": -11.578942}"
5m,20,range,0.25,45,atr,2.0,1.5,-134.29905868088758,2026-05-18 23:00:00+00:00,2026-07-07 08:15:00+00:00,49.385416666666664,96,1.943893693313647,47.91666666666667,38.19724566925992,57.7964082785935,-0.3089368442872644,0.3935950735008011,30.03973349520254,100.0,69.96026650479746,-30.039733495202526,-0.6082713384390303,max_drawdown 30.04%,0,"{""daily_loss"": 849, ""gross_leverage"": 47, ""max_drawdown"": 33036, ""max_positions"": 34, ""sized_down"": 103}","{""AUDUSD=X"": -6.393166, ""EURUSD=X"": -5.790352, ""GBPUSD=X"": -6.435757, ""NZDUSD=X"": -11.420459}",2026-07-07 08:15:00+00:00,2026-07-23 02:50:00+00:00,15.774305555555555,118,7.48051948051948,50.0,41.121731418502065,58.87826858149793,-0.31303016185332855,0.4132917326801691,30.605741001556403,100.0,69.70556959339794,-30.294430406602128,-1.920492176337533,max_drawdown 30.61%,0,"{""gross_leverage"": 80, ""max_drawdown"": 5003, ""max_positions"": 70, ""sized_down"": 166}","{""AUDUSD=X"": -8.706602, ""EURUSD=X"": -8.007618, ""GBPUSD=X"": -10.193922, ""NZDUSD=X"": -3.386289}"
5m,20,range,0.25,45,atr,5.0,0.75,-105.54486182190254,2026-05-18 23:00:00+00:00,2026-07-07 08:15:00+00:00,49.385416666666664,71,1.4376713773465515,69.01408450704226,57.51576839846767,78.56042452097819,-0.08466160994857305,0.35690054197785137,7.777815020084603,100.0,92.28786011440397,-7.71213988559604,-0.15616229255794556,none,0,"{""max_positions"": 46, ""min_units"": 113}","{""AUDUSD=X"": -2.233352, ""NZDUSD=X"": -5.478788}",2026-07-07 08:15:00+00:00,2026-07-23 02:50:00+00:00,15.774305555555555,16,1.014307726172133,62.5,38.64064709793481,81.5190174452472,-0.07549958700125826,0.31772135381002026,1.7897420775462438,100.0,98.33140470641007,-1.668595293589937,-0.10577931863392073,none,0,"{""max_positions"": 24, ""min_units"": 2}","{""AUDUSD=X"": 0.272827, ""NZDUSD=X"": -1.941422}"
5m,20,range,0.25,45,atr,5.0,1.0,-114.96680237776884,2026-05-18 23:00:00+00:00,2026-07-07 08:15:00+00:00,49.385416666666664,219,4.434507487871757,60.73059360730594,54.13100796069061,66.96020660606892,-0.11230421730039751,0.32418674407602216,29.550884452546498,100.0,70.72681888001378,-29.27318111998621,-0.592749501691347,none,0,"{""max_positions"": 185, ""min_units"": 260}","{""AUDUSD=X"": -12.939914, ""EURUSD=X"": -3.816228, ""GBPUSD=X"": 0.26233, ""NZDUSD=X"": -12.779368}",2026-07-07 08:15:00+00:00,2026-07-23 02:50:00+00:00,15.774305555555555,82,5.198327096632181,57.3170731707317,46.52101259866271,67.45822357587272,-0.12312445571815525,0.24046690509319454,16.644889105265083,100.0,84.05925589697702,-15.94074410302292,-1.0105512440393134,none,0,"{""max_positions"": 98, ""min_units"": 27}","{""AUDUSD=X"": -1.913544, ""EURUSD=X"": -0.673076, ""GBPUSD=X"": -2.503018, ""NZDUSD=X"": -10.851106}"
5m,20,range,0.25,45,atr,5.0,1.5,-118.60356181202856,2026-05-18 23:00:00+00:00,2026-07-07 08:15:00+00:00,49.385416666666664,166,3.3613161780215144,48.795180722891565,41.304805209145975,56.34005918214567,-0.15263345032116865,0.33737591970659153,31.884211365169822,100.0,68.21046445863621,-31.789535541363836,-0.6437028922107,max_drawdown 31.88%,0,"{""gross_leverage"": 6, ""max_drawdown"": 27079, ""max_positions"": 221, ""min_units"": 71, ""sized_down"": 9}","{""AUDUSD=X"": -6.263868, ""EURUSD=X"": -7.759301, ""GBPUSD=X"": -10.444111, ""NZDUSD=X"": -7.322255}",2026-07-07 08:15:00+00:00,2026-07-23 02:50:00+00:00,15.774305555555555,180,11.410961919436495,54.44444444444444,47.15181636893998,61.55132807714838,-0.12088148610368911,0.38131776911026993,29.013931616085237,100.0,71.83976881657402,-28.160231183425925,-1.7851962537588963,none,0,"{""gross_leverage"": 9, ""max_positions"": 279, ""min_units"": 50, ""sized_down"": 14}","{""AUDUSD=X"": -9.569375, ""EURUSD=X"": -3.960578, ""GBPUSD=X"": -5.593298, ""NZDUSD=X"": -9.03698}"
5m,20,range,0.25,45,atr,10.0,0.75,-1000000000.0,2026-05-18 23:00:00+00:00,2026-07-07 08:15:00+00:00,49.385416666666664,0,0.0,0.0,0.0,0.0,0.0,0.0,0.0,100.0,100.0,0.0,0.0,none,0,"{""min_units"": 243}",{},2026-07-07 08:15:00+00:00,2026-07-23 02:50:00+00:00,15.774305555555555,0,0.0,0.0,0.0,0.0,0.0,0.0,0.0,100.0,100.0,0.0,0.0,none,0,"{""min_units"": 37}",{}
5m,20,range,0.25,45,atr,10.0,1.0,-103.61135394196808,2026-05-18 23:00:00+00:00,2026-07-07 08:15:00+00:00,49.385416666666664,74,1.498418055262603,64.86486486486487,53.50055040184238,74.76197246510795,-0.04269593476529406,0.3633427090740246,5.861385995489826,100.0,94.34890738044497,-5.651092619554987,-0.11442836774462746,none,0,"{""max_positions"": 8, ""min_units"": 538}","{""AUDUSD=X"": -0.408442, ""NZDUSD=X"": -5.24265}",2026-07-07 08:15:00+00:00,2026-07-23 02:50:00+00:00,15.774305555555555,41,2.5991635483160906,58.536585365853654,43.3668353568366,72.24366917466985,-0.06616639038030189,0.26380792367049977,5.010589526516942,100.0,95.10130273597612,-4.8986972640239035,-0.31054915519235843,none,0,"{""max_positions"": 22, ""min_units"": 109}","{""AUDUSD=X"": -1.432795, ""NZDUSD=X"": -3.465902}"
5m,20,range,0.25,45,atr,10.0,1.5,-111.58295467266412,2026-05-18 23:00:00+00:00,2026-07-07 08:15:00+00:00,49.385416666666664,189,3.8270407087112424,49.735449735449734,42.6837257396125,56.79771394974913,-0.0962205577831931,0.266268692284745,25.41228379539082,100.0,74.58771620460918,-25.412283795390884,-0.5145706062766346,none,0,"{""max_positions"": 144, ""min_units"": 961}","{""AUDUSD=X"": -8.937007, ""NZDUSD=X"": -16.475276}",2026-07-07 08:15:00+00:00,2026-07-23 02:50:00+00:00,15.774305555555555,94,5.959057891261281,55.319148936170215,45.25680493989119,64.96379652206366,-0.07363240742401791,0.3560435675497565,11.19160447159297,100.0,89.13828088096226,-10.861719119037707,-0.68857035137197,none,0,"{""max_positions"": 90, ""min_units"": 235}","{""AUDUSD=X"": -6.268037, ""NZDUSD=X"": -4.593682}"
5m,20,range,0.75,40,atr,2.0,0.75,-1000000000.0,2026-05-18 23:00:00+00:00,2026-07-07 08:15:00+00:00,49.385416666666664,75,1.5186669479012866,62.66666666666667,51.35475597239507,72.74419686468588,-0.25841788819362826,0.2435463078933127,26.97579841937295,100.0,73.02420158062705,-26.975798419372914,-0.5462300460366589,none,0,"{""gross_leverage"": 7, ""max_positions"": 24, ""min_units"": 2, ""sized_down"": 15}","{""AUDUSD=X"": -2.916537, ""EURUSD=X"": -4.880119, ""GBPUSD=X"": -5.560817, ""NZDUSD=X"": -13.618326}",2026-07-07 08:15:00+00:00,2026-07-23 02:50:00+00:00,15.774305555555555,7,0.4437596302003082,42.857142857142854,15.821692226262684,74.95457695909742,-0.4405139666362531,0.12399486324149334,5.698165995563571,100.0,94.54640380399576,-5.453596196004258,-0.3457265473143796,none,0,"{""gross_leverage"": 2, ""sized_down"": 2}","{""GBPUSD=X"": -2.458497, ""NZDUSD=X"": -2.995099}"
5m,20,range,0.75,40,atr,2.0,1.0,-142.17325814539308,2026-05-18 23:00:00+00:00,2026-07-07 08:15:00+00:00,49.385416666666664,76,1.5389158405399705,53.94736842105263,42.82242601460334,64.69245344673011,-0.3410518119383594,0.2661958541739358,30.553687632083975,100.0,69.44631236791602,-30.553687632084,-0.6186783405779507,max_drawdown 30.55%,0,"{""gross_leverage"": 12, ""max_drawdown"": 23616, ""max_positions"": 28, ""sized_down"": 43}","{""AUDUSD=X"": -10.261792, ""EURUSD=X"": -2.63527, ""GBPUSD=X"": -6.260814, ""NZDUSD=X"": -11.395812}",2026-07-07 08:15:00+00:00,2026-07-23 02:50:00+00:00,15.774305555555555,40,2.5357693154303322,52.5,37.497106853929736,67.06477044981831,-0.3850647003170665,0.22315928365072377,23.56135335055035,100.0,77.58926110403918,-22.41073889596082,-1.4207116007124623,none,0,"{""gross_leverage"": 16, ""max_positions"": 4, ""sized_down"": 28}","{""AUDUSD=X"": -2.054995, ""EURUSD=X"": -3.41057, ""GBPUSD=X"": -8.681782, ""NZDUSD=X"": -8.263392}"
5m,20,range,0.75,40,atr,2.0,1.5,-140.10565109005617,2026-05-18 23:00:00+00:00,2026-07-07 08:15:00+00:00,49.385416666666664,86,1.7414047669268087,45.348837209302324,35.25142050420289,55.84401857969586,-0.3683204926911785,0.3594916895756153,30.39885137728217,100.0,69.60114862271783,-30.39885137728212,-0.6155430778778915,max_drawdown 30.40%,0,"{""daily_loss"": 833, ""gross_leverage"": 18, ""max_drawdown"": 28837, ""max_positions"": 54, ""sized_down"": 73}","{""AUDUSD=X"": -8.850381, ""EURUSD=X"": -2.343659, ""GBPUSD=X"": -10.954615, ""NZDUSD=X"": -8.250196}",2026-07-07 08:15:00+00:00,2026-07-23 02:50:00+00:00,15.774305555555555,92,5.8322694254897645,54.347826086956516,44.19960344126341,64.14750261706617,-0.25856363209561384,0.45397421715491976,25.111533166666895,100.0,77.22479551349514,-22.77520448650486,-1.4438166172382567,none,0,"{""gross_leverage"": 39, ""max_positions"": 33, ""sized_down"": 104}","{""AUDUSD=X"": -2.677912, ""EURUSD=X"": -4.938447, ""GBPUSD=X"": -13.221775, ""NZDUSD=X"": -1.93707}"
5m,20,range,0.75,40,atr,5.0,0.75,-1000000000.0,2026-05-18 23:00:00+00:00,2026-07-07 08:15:00+00:00,49.385416666666664,43,0.8707023834634043,72.09302325581395,57.30868709987059,83.25354817817285,-0.067461489619187,0.4632327645452795,3.3969006764888974,100.0,96.69294471008433,-3.307055289915693,-0.06696420751569426,none,0,"{""max_positions"": 16, ""min_units"": 56}","{""AUDUSD=X"": -0.432738, ""NZDUSD=X"": -2.874318}",2026-07-07 08:15:00+00:00,2026-07-23 02:50:00+00:00,15.774305555555555,6,0.3803653973145499,50.0,18.761280689940868,81.23871931005912,-0.10301716344591087,0.22254143553099515,0.8932761933459934,100.0,99.25737949797089,-0.7426205020291148,-0.047077857051372456,none,0,"{""max_positions"": 8, ""min_units"": 1}","{""AUDUSD=X"": 0.080728, ""NZDUSD=X"": -0.823349}"
5m,20,range,0.75,40,atr,5.0,1.0,-112.56292137936936,2026-05-18 23:00:00+00:00,2026-07-07 08:15:00+00:00,49.385416666666664,125,2.531111579835478,63.2,54.46970725427289,71.14313828629786,-0.09206114950281025,0.3867278907082361,15.250997439452163,100.0,84.86810615829103,-15.131893841708992,-0.3064040938207263,none,0,"{""max_positions"": 99, ""min_units"": 109}","{""AUDUSD=X"": -4.103671, ""EURUSD=X"": -2.45891, ""GBPUSD=X"": -1.351113, ""NZDUSD=X"": -7.218199}",2026-07-07 08:15:00+00:00,2026-07-23 02:50:00+00:00,15.774305555555555,36,2.282192383887299,50.0,34.47406762473052,65.52593237526946,-0.12739310738351944,0.22936197225250374,7.76701323046369,100.0,92.97004659788931,-7.029953402110667,-0.44565850314943256,none,0,"{""max_positions"": 60, ""min_units"": 12}","{""AUDUSD=X"": -0.614957, ""EURUSD=X"": -0.916716, ""GBPUSD=X"": 0.387505, ""NZDUSD=X"": -5.885786}"
5m,20,range,0.75,40,atr,5.0,1.5,-117.9286320199555,2026-05-18 23:00:00+00:00,2026-07-07 08:15:00+00:00,49.385416666666664,155,3.1385783589959924,49.67741935483871,41.90959919093806,57.46084280914251,-0.150874541442261,0.34986616208733706,30.18066563102969,100.0,70.36680347357438,-29.633196526425646,-0.6000394150046113,max_drawdown 30.18%,0,"{""gross_leverage"": 1, ""max_drawdown"": 15616, ""max_positions"": 125, ""min_units"": 83, ""sized_down"": 3}","{""AUDUSD=X"": -6.81311, ""EURUSD=X"": -3.86506, ""GBPUSD=X"": -9.038086, ""NZDUSD=X"": -9.916942}",2026-07-07 08:15:00+00:00,2026-07-23 02:50:00+00:00,15.774305555555555,94,5.959057891261281,53.191489361702125,43.17808473355929,62.95427614361362,-0.12078177801278948,0.36212916500816633,18.05094971953806,100.0,82.92399485026142,-17.07600514973856,-1.0825202472209345,none,0,"{""max_positions"": 102, ""min_units"": 18, ""sized_down"": 1}","{""AUDUSD=X"": -4.07622, ""EURUSD=X"": -2.166362, ""GBPUSD=X"": -6.209462, ""NZDUSD=X"": -4.623961}"
5m,20,range,0.75,40,atr,10.0,0.75,-1000000000.0,2026-05-18 23:00:00+00:00,2026-07-07 08:15:00+00:00,49.385416666666664,0,0.0,0.0,0.0,0.0,0.0,0.0,0.0,100.0,100.0,0.0,0.0,none,0,"{""min_units"": 114}",{},2026-07-07 08:15:00+00:00,2026-07-23 02:50:00+00:00,15.774305555555555,0,0.0,0.0,0.0,0.0,0.0,0.0,0.0,100.0,100.0,0.0,0.0,none,0,"{""min_units"": 18}",{}
5m,20,range,0.75,40,atr,10.0,1.0,-1000000000.0,2026-05-18 23:00:00+00:00,2026-07-07 08:15:00+00:00,49.385416666666664,36,0.7289601349926176,61.111111111111114,44.864170296743474,75.21534458217704,-0.05197901480227238,0.31156881800767516,3.4736399369576674,100.0,96.5938640831202,-3.406135916879817,-0.0689704804936643,none,0,"{""max_positions"": 12, ""min_units"": 249}","{""AUDUSD=X"": -0.722836, ""NZDUSD=X"": -2.6833}",2026-07-07 08:15:00+00:00,2026-07-23 02:50:00+00:00,15.774305555555555,13,0.824125027514858,30.76923076923077,12.680497161618087,57.63111218666236,-0.131327558830292,0.09066127974276324,3.1070972100148992,100.0,96.96192380598612,-3.0380761940139,-0.19259650976799542,none,0,"{""max_positions"": 2, ""min_units"": 58}","{""AUDUSD=X"": -0.883113, ""NZDUSD=X"": -2.154963}"
5m,20,range,0.75,40,atr,10.0,1.5,-107.16168895122274,2026-05-18 23:00:00+00:00,2026-07-07 08:15:00+00:00,49.385416666666664,93,1.8831470153975955,49.46236559139785,39.525719013807574,59.44166690298852,-0.08478674299913394,0.2924061632812819,11.602543198381156,100.0,88.39745680161884,-11.602543198381117,-0.23493865155971044,none,0,"{""max_positions"": 34, ""min_units"": 391}","{""AUDUSD=X"": -4.043965, ""NZDUSD=X"": -7.558579}",2026-07-07 08:15:00+00:00,2026-07-23 02:50:00+00:00,15.774305555555555,41,2.5991635483160906,51.21951219512195,36.48425931586519,65.7458127600643,-0.07397906479632275,0.32484813488967296,5.367544325470655,100.0,94.96520257830618,-5.034797421693803,-0.3191771202834724,none,0,"{""max_positions"": 42, ""min_units"": 110}","{""AUDUSD=X"": -3.030217, ""NZDUSD=X"": -2.00458}"
5m,20,range,0.75,45,atr,2.0,0.75,-130.9123878515999,2026-05-18 23:00:00+00:00,2026-07-07 08:15:00+00:00,49.385416666666664,93,1.8831470153975955,62.365591397849464,52.21342705133758,71.5366968623524,-0.26283294557734105,0.2701161057109375,30.43686431390833,100.0,69.56313568609167,-30.436864313908362,-0.6163127977505174,max_drawdown 30.44%,0,"{""daily_loss"": 291, ""gross_leverage"": 13, ""max_drawdown"": 11376, ""max_positions"": 63, ""min_units"": 1, ""sized_down"": 24}","{""AUDUSD=X"": -6.066103, ""EURUSD=X"": -4.389659, ""GBPUSD=X"": -4.760855, ""NZDUSD=X"": -15.220248}",2026-07-07 08:15:00+00:00,2026-07-23 02:50:00+00:00,15.774305555555555,15,0.9509134932863746,53.333333333333336,30.11663015105079,75.19077474025354,-0.27244121468900134,0.22632920102353785,7.39526857055584,100.0,93.3212478244307,-6.678752175569311,-0.4233943708043059,none,0,"{""gross_leverage"": 3, ""max_positions"": 18, ""sized_down"": 5}","{""AUDUSD=X"": 0.248146, ""GBPUSD=X"": -2.842493, ""NZDUSD=X"": -4.084406}"
5m,20,range,0.75,45,atr,2.0,1.0,-136.22869719950035,2026-05-18 23:00:00+00:00,2026-07-07 08:15:00+00:00,49.385416666666664,87,1.7616536595654926,56.32183908045977,45.851365231750215,66.25762448221343,-0.27676107964025815,0.31531789583593345,30.49231246795021,100.0,69.50768753204979,-30.492312467950164,-0.617435561468723,max_drawdown 30.49%,0,"{""daily_loss"": 660, ""gross_leverage"": 26, ""max_drawdown"": 29136, ""max_positions"": 49, ""sized_down"": 50}","{""AUDUSD=X"": -11.751525, ""EURUSD=X"": -2.147432, ""GBPUSD=X"": -6.355173, ""NZDUSD=X"": -10.238183}",2026-07-07 08:15:00+00:00,2026-07-23 02:50:00+00:00,15.774305555555555,71,4.50099053488884,57.74647887323944,46.15053870345554,68.54716952298539,-0.33122057067927485,0.28721959649136924,30.04980116999864,100.0,70.52440265587484,-29.47559734412516,-1.8685828824803095,max_drawdown 30.05%,0,"{""daily_loss"": 295, ""gross_leverage"": 33, ""max_drawdown"": 3641, ""max_positions"": 20, ""sized_down"": 56}","{""AUDUSD=X"": -4.637755, ""EURUSD=X"": -3.874804, ""GBPUSD=X"": -8.254604, ""NZDUSD=X"": -12.708435}"
5m,20,range,0.75,45,atr,2.0,1.5,-135.41122737165483,2026-05-18 23:00:00+00:00,2026-07-07 08:15:00+00:00,49.385416666666664,92,1.8628981227589116,47.82608695652174,37.91196487621324,57.91448209462197,-0.32433755795571156,0.38374388194102715,30.103910788127962,100.0,69.89608921187204,-30.10391078812795,-0.6095708575533186,max_drawdown 30.10%,0,"{""daily_loss"": 849, ""gross_leverage"": 43, ""max_drawdown"": 33036, ""max_positions"": 34, ""sized_down"": 97}","{""AUDUSD=X"": -6.287963, ""EURUSD=X"": -5.716249, ""GBPUSD=X"": -6.044148, ""NZDUSD=X"": -12.055551}",2026-07-07 08:15:00+00:00,2026-07-23 02:50:00+00:00,15.774305555555555,121,7.670702179176756,50.413223140495866,41.62985233990828,59.17116270635834,-0.30725584700401876,0.42688433390655384,30.267720208115012,100.0,70.49588721122265,-29.50411278877741,-1.8703905972194352,max_drawdown 30.27%,0,"{""gross_leverage"": 83, ""max_drawdown"": 4236, ""max_positions"": 80, ""sized_down"": 174}","{""AUDUSD=X"": -7.448205, ""EURUSD=X"": -7.438098, ""GBPUSD=X"": -10.09398, ""NZDUSD=X"": -4.523829}"
5m,20,range,0.75,45,atr,5.0,0.75,-1000000000.0,2026-05-18 23:00:00+00:00,2026-07-07 08:15:00+00:00,49.385416666666664,70,1.4174224847078676,71.42857142857143,59.949581954633835,80.67792340819688,-0.07242407185443331,0.40969683932090795,6.397565921885856,100.0,93.66126381822978,-6.338736181770242,-0.12835238840960625,none,0,"{""max_positions"": 46, ""min_units"": 106}","{""AUDUSD=X"": -2.10501, ""NZDUSD=X"": -4.233726}",2026-07-07 08:15:00+00:00,2026-07-23 02:50:00+00:00,15.774305555555555,14,0.8875192604006163,57.14285714285714,32.59026690286936,78.61949006959948,-0.0947605511474758,0.25614983354479776,1.9402378658343111,100.0,98.18082407559677,-1.8191759244032317,-0.11532526221178313,none,0,"{""max_positions"": 18, ""min_units"": 2}","{""AUDUSD=X"": 0.204801, ""NZDUSD=X"": -2.023977}"
5m,20,range,0.75,45,atr,5.0,1.0,-115.23422648191024,2026-05-18 23:00:00+00:00,2026-07-07 08:15:00+00:00,49.385416666666664,215,4.353511917317022,60.93023255813953,54.2711175167548,67.20560354541985,-0.1123227481590014,0.32412101998472825,29.15588250040919,100.0,71.12182083215109,-28.878179167848913,-0.5847511495704484,none,0,"{""max_positions"": 185, ""min_units"": 246}","{""AUDUSD=X"": -12.351275, ""EURUSD=X"": -3.925842, ""GBPUSD=X"": 0.26233, ""NZDUSD=X"": -12.863391}",2026-07-07 08:15:00+00:00,2026-07-23 02:50:00+00:00,15.774305555555555,79,5.008144397974906,56.9620253164557,45.97200056030372,67.30635234451705,-0.12632353950241887,0.23719400800271886,16.378858391592853,100.0,84.25216657468249,-15.74783342531746,-0.998321819610704,none,0,"{""max_positions"": 94, ""min_units"": 27}","{""AUDUSD=X"": -1.987529, ""EURUSD=X"": -0.673076, ""GBPUSD=X"": -2.503018, ""NZDUSD=X"": -10.58421}"
5m,20,range,0.75,45,atr,5.0,1.5,-118.20095167113612,2026-05-18 23:00:00+00:00,2026-07-07 08:15:00+00:00,49.385416666666664,163,3.300569500105463,49.079754601226995,41.51513247890235,56.68675482018851,-0.1507838648649803,0.3394188534980792,31.07493042882263,100.0,69.02087023462595,-30.97912976537411,-0.6272930726589148,max_drawdown 31.07%,0,"{""gross_leverage"": 3, ""max_drawdown"": 27079, ""max_positions"": 238, ""min_units"": 61, ""sized_down"": 5}","{""AUDUSD=X"": -5.241154, ""EURUSD=X"": -8.193838, ""GBPUSD=X"": -8.59147, ""NZDUSD=X"": -8.952667}",2026-07-07 08:15:00+00:00,2026-07-23 02:50:00+00:00,15.774305555555555,175,11.093990755007704,56.00000000000001,48.59482240271056,63.14741206622734,-0.11667333371763543,0.3887534894460085,28.879414309503353,100.0,72.55725591846942,-27.442744081530552,-1.7397117093288135,none,0,"{""gross_leverage"": 7, ""max_positions"": 266, ""min_units"": 47, ""sized_down"": 12}","{""AUDUSD=X"": -7.672571, ""EURUSD=X"": -2.961208, ""GBPUSD=X"": -6.148048, ""NZDUSD=X"": -10.660917}"
5m,20,range,0.75,45,atr,10.0,0.75,-1000000000.0,2026-05-18 23:00:00+00:00,2026-07-07 08:15:00+00:00,49.385416666666664,0,0.0,0.0,0.0,0.0,0.0,0.0,0.0,100.0,100.0,0.0,0.0,none,0,"{""min_units"": 229}",{},2026-07-07 08:15:00+00:00,2026-07-23 02:50:00+00:00,15.774305555555555,0,0.0,0.0,0.0,0.0,0.0,0.0,0.0,100.0,100.0,0.0,0.0,none,0,"{""min_units"": 34}",{}
5m,20,range,0.75,45,atr,10.0,1.0,-104.3531554861146,2026-05-18 23:00:00+00:00,2026-07-07 08:15:00+00:00,49.385416666666664,71,1.4376713773465515,64.7887323943662,53.18184572117227,74.87741543839675,-0.04353108436910058,0.35883848411447833,5.725931340114997,100.0,94.4843620358198,-5.515637964180156,-0.11168556097053259,none,0,"{""max_positions"": 8, ""min_units"": 510}","{""AUDUSD=X"": -0.19809, ""NZDUSD=X"": -5.317548}",2026-07-07 08:15:00+00:00,2026-07-23 02:50:00+00:00,15.774305555555555,39,2.4723750825445743,56.41025641025641,40.9754234745221,70.69547583829534,-0.07166499231875566,0.24173261073498167,5.157413331342623,100.0,94.95441134912657,-5.045588650873461,-0.3198612219792113,none,0,"{""max_positions"": 22, ""min_units"": 105}","{""AUDUSD=X"": -1.432795, ""NZDUSD=X"": -3.612793}"
5m,20,range,0.75,45,atr,10.0,1.5,-111.26778392800983,2026-05-18 23:00:00+00:00,2026-07-07 08:15:00+00:00,49.385416666666664,189,3.8270407087112424,50.264550264550266,43.20228605025087,57.3162742603875,-0.09458038093479604,0.27175760037658936,25.02326982378952,100.0,74.97673017621048,-25.023269823789594,-0.5066935041307321,none,0,"{""max_positions"": 146, ""min_units"": 902}","{""AUDUSD=X"": -8.412079, ""NZDUSD=X"": -16.61119}",2026-07-07 08:15:00+00:00,2026-07-23 02:50:00+00:00,15.774305555555555,94,5.959057891261281,57.446808510638306,47.35305411590489,66.95578793083187,-0.06498409545309689,0.4008522090639565,10.074114493335978,100.0,90.36273236121457,-9.637267638785401,-0.6109471890755438,none,0,"{""max_positions"": 96, ""min_units"": 218}","{""AUDUSD=X"": -5.160316, ""NZDUSD=X"": -4.476952}"
5m,20,trend,0.25,40,atr,2.0,0.75,-1000000000.0,2026-05-18 23:00:00+00:00,2026-07-07 08:15:00+00:00,49.385416666666664,82,1.6604091963720735,54.87804878048781,44.130583571145195,65.18890721187844,-0.30826816030889587,0.2341246259610768,30.392920050108614,100.0,69.60707994989139,-30.392920050108614,-0.6154229750707503,max_drawdown 30.39%,0,"{""gross_leverage"": 6, ""max_drawdown"": 9888, ""max_positions"": 52, ""sized_down"": 18}","{""AUDUSD=X"": -16.887737, ""EURUSD=X"": -0.76444, ""GBPUSD=X"": -7.063466, ""NZDUSD=X"": -5.677277}",2026-07-07 08:15:00+00:00,2026-07-23 02:50:00+00:00,15.774305555555555,6,0.3803653973145499,16.666666666666664,3.005258587173032,56.350943656364606,-0.840684389588953,0.03526930234016692,7.60242172049925,100.0,92.6459919326649,-7.3540080673351,-0.46620170006438666,none,0,"{""max_positions"": 3, ""min_units"": 1, ""sized_down"": 1}","{""AUDUSD=X"": -3.109313, ""EURUSD=X"": -1.081647, ""GBPUSD=X"": -1.166548, ""NZDUSD=X"": -1.996501}"
5m,20,trend,0.25,40,atr,2.0,1.0,-138.97820837002465,2026-05-18 23:00:00+00:00,2026-07-07 08:15:00+00:00,49.385416666666664,70,1.4174224847078676,48.57142857142857,37.245682382738124,60.04581725973982,-0.35268190976438724,0.2413246400010192,30.23130157947446,100.0,69.76869842052554,-30.231301579474405,-0.6121503800104499,max_drawdown 30.23%,0,"{""daily_loss"": 255, ""gross_leverage"": 22, ""max_drawdown"": 28476, ""max_positions"": 33, ""sized_down"": 41}","{""AUDUSD=X"": -16.609173, ""EURUSD=X"": -4.778021, ""GBPUSD=X"": -0.601, ""NZDUSD=X"": -8.243107}",2026-07-07 08:15:00+00:00,2026-07-23 02:50:00+00:00,15.774305555555555,37,2.3455866167730575,70.27027027027027,54.21656082795643,82.5106976535918,-0.18763351742402395,0.37774585946270295,11.935574090821632,100.0,88.06442590917837,-11.93557409082164,-0.7566465635387701,none,0,"{""gross_leverage"": 10, ""max_positions"": 4, ""min_units"": 1, ""sized_down"": 23}","{""AUDUSD=X"": -4.21741, ""EURUSD=X"": 0.351644, ""GBPUSD=X"": -6.991505, ""NZDUSD=X"": -1.078303}"
5m,20,trend,0.25,40,atr,2.0,1.5,-142.47072296717877,2026-05-18 23:00:00+00:00,2026-07-07 08:15:00+00:00,49.385416666666664,84,1.700906981649441,42.857142857142854,32.81580631787752,53.52324032972452,-0.3558861068409459,0.3173108716531258,30.800534559512137,100.0,69.45584763135186,-30.54415236864806,-0.6184852620523548,max_drawdown 30.80%,0,"{""gross_leverage"": 35, ""max_drawdown"": 31664, ""max_positions"": 74, ""sized_down"": 75}","{""AUDUSD=X"": -18.751156, ""EURUSD=X"": -3.691279, ""GBPUSD=X"": -2.241818, ""NZDUSD=X"": -5.859899}",2026-07-07 08:15:00+00:00,2026-07-23 02:50:00+00:00,15.774305555555555,77,4.88135593220339,49.35064935064935,38.48283063647114,60.28018246569409,-0.3871876875257015,0.3100372470329705,30.078396157195712,100.0,69.92160384280429,-30.078396157195655,-1.9067968508193591,max_drawdown 30.08%,0,"{""daily_loss"": 606, ""gross_leverage"": 23, ""max_drawdown"": 3232, ""max_positions"": 30, ""min_units"": 1, ""sized_down"": 73}","{""AUDUSD=X"": -11.957443, ""EURUSD=X"": -5.174387, ""GBPUSD=X"": -8.119405, ""NZDUSD=X"": -4.827161}"
5m,20,trend,0.25,40,atr,5.0,0.75,-1000000000.0,2026-05-18 23:00:00+00:00,2026-07-07 08:15:00+00:00,49.385416666666664,54,1.0934402024889265,50.0,37.11436198892329,62.88563801107671,-0.175533369976421,0.16173279908513113,13.099095319665327,100.0,87.25964546748561,-12.740354532514376,-0.2579780711076524,none,0,"{""max_positions"": 84, ""min_units"": 57}","{""AUDUSD=X"": -7.813525, ""NZDUSD=X"": -4.92683}",2026-07-07 08:15:00+00:00,2026-07-23 02:50:00+00:00,15.774305555555555,3,0.19018269865727494,33.33333333333333,6.14903152761605,79.23450448735122,-0.4632165299731741,0.02975235531323625,2.257572594646305,100.0,97.80812326533459,-2.1918767346654144,-0.13895234417425475,none,0,"{""min_units"": 4}","{""AUDUSD=X"": -1.083598, ""NZDUSD=X"": -1.108279}"
5m,20,trend,0.25,40,atr,5.0,1.0,-121.67883469065032,2026-05-18 23:00:00+00:00,2026-07-07 08:15:00+00:00,49.385416666666664,126,2.551360472474162,50.79365079365079,42.17081082666577,59.36952755486987,-0.18248685610560336,0.20050697094209602,28.992525550144222,100.0,71.50358503733402,-28.496414962665913,-0.5770208471664053,none,0,"{""max_positions"": 127, ""min_units"": 133}","{""AUDUSD=X"": -14.400413, ""EURUSD=X"": -0.937941, ""GBPUSD=X"": 0.286099, ""NZDUSD=X"": -13.44416}",2026-07-07 08:15:00+00:00,2026-07-23 02:50:00+00:00,15.774305555555555,29,1.838432753686991,72.41379310344827,54.28252365556403,85.30141866149725,-0.06508283721988753,0.4103720813717766,3.4536239641053186,100.0,96.54637603589468,-3.4536239641053017,-0.2189398418803273,none,0,"{""max_positions"": 12, ""min_units"": 20}","{""AUDUSD=X"": -0.99992, ""EURUSD=X"": -0.168634, ""GBPUSD=X"": -0.956835, ""NZDUSD=X"": -1.328235}"
5m,20,trend,0.25,40,atr,5.0,1.5,-125.04538823388991,2026-05-18 23:00:00+00:00,2026-07-07 08:15:00+00:00,49.385416666666664,115,2.32862265344864,42.608695652173914,33.95354804293768,51.74169671983897,-0.2121855898254127,0.2463891323223509,30.15401237434559,100.0,70.33175893170461,-29.668241068295355,-0.6007490281705029,max_drawdown 30.15%,0,"{""daily_loss"": 174, ""gross_leverage"": 2, ""max_drawdown"": 26752, ""max_positions"": 185, ""min_units"": 62, ""sized_down"": 8}","{""AUDUSD=X"": -11.577949, ""EURUSD=X"": -4.453043, ""GBPUSD=X"": -7.714609, ""NZDUSD=X"": -5.92264}",2026-07-07 08:15:00+00:00,2026-07-23 02:50:00+00:00,15.774305555555555,90,5.705480959718248,50.0,39.883544540986605,60.116455459013395,-0.18815768806873762,0.26031424040104667,22.79771702510908,100.0,77.20228297489092,-22.79771702510908,-1.4452437823533821,none,0,"{""max_positions"": 98, ""min_units"": 24}","{""AUDUSD=X"": -7.076297, ""EURUSD=X"": -5.106936, ""GBPUSD=X"": -6.553879, ""NZDUSD=X"": -4.060606}"
5m,20,trend,0.25,40,atr,10.0,0.75,-1000000000.0,2026-05-18 23:00:00+00:00,2026-07-07 08:15:00+00:00,49.385416666666664,0,0.0,0.0,0.0,0.0,0.0,0.0,0.0,100.0,100.0,0.0,0.0,none,0,"{""min_units"": 129}",{},2026-07-07 08:15:00+00:00,2026-07-23 02:50:00+00:00,15.774305555555555,0,0.0,0.0,0.0,0.0,0.0,0.0,0.0,100.0,100.0,0.0,0.0,none,0,"{""min_units"": 9}",{}
5m,20,trend,0.25,40,atr,10.0,1.0,-1000000000.0,2026-05-18 23:00:00+00:00,2026-07-07 08:15:00+00:00,49.385416666666664,36,0.7289601349926176,61.111111111111114,44.864170296743474,75.21534458217704,-0.07153865074831652,0.25650691459312436,4.718005765561026,100.0,95.63199272257947,-4.36800727742054,-0.08844731040547815,none,0,"{""min_units"": 266}","{""AUDUSD=X"": 0.07076, ""NZDUSD=X"": -4.438767}",2026-07-07 08:15:00+00:00,2026-07-23 02:50:00+00:00,15.774305555555555,14,0.8875192604006163,78.57142857142857,52.410276226791716,92.42875166308363,-0.008340013590231076,0.7796508895844829,0.547290494438587,100.0,99.76529929825232,-0.23470070174770102,-0.01487867094504466,none,0,"{""min_units"": 43}","{""AUDUSD=X"": -0.087389, ""NZDUSD=X"": -0.147311}"
5m,20,trend,0.25,40,atr,10.0,1.5,-108.57527739721309,2026-05-18 23:00:00+00:00,2026-07-07 08:15:00+00:00,49.385416666666664,122,2.4703649019194263,50.0,41.26397315375602,58.73602684624397,-0.08730827913248897,0.287400674452934,16.351620109656764,100.0,83.94022887417245,-16.059771125827485,-0.32519258132871515,none,0,"{""max_positions"": 104, ""min_units"": 449}","{""AUDUSD=X"": -8.887297, ""NZDUSD=X"": -7.172475}",2026-07-07 08:15:00+00:00,2026-07-23 02:50:00+00:00,15.774305555555555,39,2.4723750825445743,48.717948717948715,33.86492878313309,63.800891354303424,-0.07336763694488956,0.3279498096561853,4.792237407964411,100.0,95.34106151580802,-4.658938484192006,-0.2953498312672898,none,0,"{""max_positions"": 16, ""min_units"": 93}","{""AUDUSD=X"": -4.390615, ""NZDUSD=X"": -0.268324}"
5m,20,trend,0.25,45,atr,2.0,0.75,-1000000000.0,2026-05-18 23:00:00+00:00,2026-07-07 08:15:00+00:00,49.385416666666664,82,1.6604091963720735,54.87804878048781,44.130583571145195,65.18890721187844,-0.30826816030889587,0.2341246259610768,30.392920050108614,100.0,69.60707994989139,-30.392920050108614,-0.6154229750707503,max_drawdown 30.39%,0,"{""gross_leverage"": 6, ""max_drawdown"": 9888, ""max_positions"": 52, ""sized_down"": 18}","{""AUDUSD=X"": -16.887737, ""EURUSD=X"": -0.76444, ""GBPUSD=X"": -7.063466, ""NZDUSD=X"": -5.677277}",2026-07-07 08:15:00+00:00,2026-07-23 02:50:00+00:00,15.774305555555555,6,0.3803653973145499,16.666666666666664,3.005258587173032,56.350943656364606,-0.840684389588953,0.03526930234016692,7.60242172049925,100.0,92.6459919326649,-7.3540080673351,-0.46620170006438666,none,0,"{""max_positions"": 3, ""min_units"": 1, ""sized_down"": 1}","{""AUDUSD=X"": -3.109313, ""EURUSD=X"": -1.081647, ""GBPUSD=X"": -1.166548, ""NZDUSD=X"": -1.996501}"
5m,20,trend,0.25,45,atr,2.0,1.0,-138.97820837002465,2026-05-18 23:00:00+00:00,2026-07-07 08:15:00+00:00,49.385416666666664,70,1.4174224847078676,48.57142857142857,37.245682382738124,60.04581725973982,-0.35268190976438724,0.2413246400010192,30.23130157947446,100.0,69.76869842052554,-30.231301579474405,-0.6121503800104499,max_drawdown 30.23%,0,"{""daily_loss"": 255, ""gross_leverage"": 22, ""max_drawdown"": 28476, ""max_positions"": 33, ""sized_down"": 41}","{""AUDUSD=X"": -16.609173, ""EURUSD=X"": -4.778021, ""GBPUSD=X"": -0.601, ""NZDUSD=X"": -8.243107}",2026-07-07 08:15:00+00:00,2026-07-23 02:50:00+00:00,15.774305555555555,37,2.3455866167730575,70.27027027027027,54.21656082795643,82.5106976535918,-0.18763351742402395,0.37774585946270295,11.935574090821632,100.0,88.06442590917837,-11.93557409082164,-0.7566465635387701,none,0,"{""gross_leverage"": 10, ""max_positions"": 4, ""min_units"": 1, ""sized_down"": 23}","{""AUDUSD=X"": -4.21741, ""EURUSD=X"": 0.351644, ""GBPUSD=X"": -6.991505, ""NZDUSD=X"": -1.078303}"
5m,20,trend,0.25,45,atr,2.0,1.5,-142.47072296717877,2026-05-18 23:00:00+00:00,2026-07-07 08:15:00+00:00,49.385416666666664,84,1.700906981649441,42.857142857142854,32.81580631787752,53.52324032972452,-0.3558861068409459,0.3173108716531258,30.800534559512137,100.0,69.45584763135186,-30.54415236864806,-0.6184852620523548,max_drawdown 30.80%,0,"{""gross_leverage"": 35, ""max_drawdown"": 31664, ""max_positions"": 74, ""sized_down"": 75}","{""AUDUSD=X"": -18.751156, ""EURUSD=X"": -3.691279, ""GBPUSD=X"": -2.241818, ""NZDUSD=X"": -5.859899}",2026-07-07 08:15:00+00:00,2026-07-23 02:50:00+00:00,15.774305555555555,77,4.88135593220339,49.35064935064935,38.48283063647114,60.28018246569409,-0.3871876875257015,0.3100372470329705,30.078396157195712,100.0,69.92160384280429,-30.078396157195655,-1.9067968508193591,max_drawdown 30.08%,0,"{""daily_loss"": 606, ""gross_leverage"": 23, ""max_drawdown"": 3232, ""max_positions"": 30, ""min_units"": 1, ""sized_down"": 73}","{""AUDUSD=X"": -11.957443, ""EURUSD=X"": -5.174387, ""GBPUSD=X"": -8.119405, ""NZDUSD=X"": -4.827161}"
5m,20,trend,0.25,45,atr,5.0,0.75,-1000000000.0,2026-05-18 23:00:00+00:00,2026-07-07 08:15:00+00:00,49.385416666666664,54,1.0934402024889265,50.0,37.11436198892329,62.88563801107671,-0.175533369976421,0.16173279908513113,13.099095319665327,100.0,87.25964546748561,-12.740354532514376,-0.2579780711076524,none,0,"{""max_positions"": 84, ""min_units"": 57}","{""AUDUSD=X"": -7.813525, ""NZDUSD=X"": -4.92683}",2026-07-07 08:15:00+00:00,2026-07-23 02:50:00+00:00,15.774305555555555,3,0.19018269865727494,33.33333333333333,6.14903152761605,79.23450448735122,-0.4632165299731741,0.02975235531323625,2.257572594646305,100.0,97.80812326533459,-2.1918767346654144,-0.13895234417425475,none,0,"{""min_units"": 4}","{""AUDUSD=X"": -1.083598, ""NZDUSD=X"": -1.108279}"
5m,20,trend,0.25,45,atr,5.0,1.0,-121.67883469065032,2026-05-18 23:00:00+00:00,2026-07-07 08:15:00+00:00,49.385416666666664,126,2.551360472474162,50.79365079365079,42.17081082666577,59.36952755486987,-0.18248685610560336,0.20050697094209602,28.992525550144222,100.0,71.50358503733402,-28.496414962665913,-0.5770208471664053,none,0,"{""max_positions"": 127, ""min_units"": 133}","{""AUDUSD=X"": -14.400413, ""EURUSD=X"": -0.937941, ""GBPUSD=X"": 0.286099, ""NZDUSD=X"": -13.44416}",2026-07-07 08:15:00+00:00,2026-07-23 02:50:00+00:00,15.774305555555555,29,1.838432753686991,72.41379310344827,54.28252365556403,85.30141866149725,-0.06508283721988753,0.4103720813717766,3.4536239641053186,100.0,96.54637603589468,-3.4536239641053017,-0.2189398418803273,none,0,"{""max_positions"": 12, ""min_units"": 20}","{""AUDUSD=X"": -0.99992, ""EURUSD=X"": -0.168634, ""GBPUSD=X"": -0.956835, ""NZDUSD=X"": -1.328235}"
5m,20,trend,0.25,45,atr,5.0,1.5,-125.04538823388991,2026-05-18 23:00:00+00:00,2026-07-07 08:15:00+00:00,49.385416666666664,115,2.32862265344864,42.608695652173914,33.95354804293768,51.74169671983897,-0.2121855898254127,0.2463891323223509,30.15401237434559,100.0,70.33175893170461,-29.668241068295355,-0.6007490281705029,max_drawdown 30.15%,0,"{""daily_loss"": 174, ""gross_leverage"": 2, ""max_drawdown"": 26752, ""max_positions"": 185, ""min_units"": 62, ""sized_down"": 8}","{""AUDUSD=X"": -11.577949, ""EURUSD=X"": -4.453043, ""GBPUSD=X"": -7.714609, ""NZDUSD=X"": -5.92264}",2026-07-07 08:15:00+00:00,2026-07-23 02:50:00+00:00,15.774305555555555,90,5.705480959718248,50.0,39.883544540986605,60.116455459013395,-0.18815768806873762,0.26031424040104667,22.79771702510908,100.0,77.20228297489092,-22.79771702510908,-1.4452437823533821,none,0,"{""max_positions"": 98, ""min_units"": 24}","{""AUDUSD=X"": -7.076297, ""EURUSD=X"": -5.106936, ""GBPUSD=X"": -6.553879, ""NZDUSD=X"": -4.060606}"
5m,20,trend,0.25,45,atr,10.0,0.75,-1000000000.0,2026-05-18 23:00:00+00:00,2026-07-07 08:15:00+00:00,49.385416666666664,0,0.0,0.0,0.0,0.0,0.0,0.0,0.0,100.0,100.0,0.0,0.0,none,0,"{""min_units"": 129}",{},2026-07-07 08:15:00+00:00,2026-07-23 02:50:00+00:00,15.774305555555555,0,0.0,0.0,0.0,0.0,0.0,0.0,0.0,100.0,100.0,0.0,0.0,none,0,"{""min_units"": 9}",{}
5m,20,trend,0.25,45,atr,10.0,1.0,-1000000000.0,2026-05-18 23:00:00+00:00,2026-07-07 08:15:00+00:00,49.385416666666664,36,0.7289601349926176,61.111111111111114,44.864170296743474,75.21534458217704,-0.07153865074831652,0.25650691459312436,4.718005765561026,100.0,95.63199272257947,-4.36800727742054,-0.08844731040547815,none,0,"{""min_units"": 266}","{""AUDUSD=X"": 0.07076, ""NZDUSD=X"": -4.438767}",2026-07-07 08:15:00+00:00,2026-07-23 02:50:00+00:00,15.774305555555555,14,0.8875192604006163,78.57142857142857,52.410276226791716,92.42875166308363,-0.008340013590231076,0.7796508895844829,0.547290494438587,100.0,99.76529929825232,-0.23470070174770102,-0.01487867094504466,none,0,"{""min_units"": 43}","{""AUDUSD=X"": -0.087389, ""NZDUSD=X"": -0.147311}"
5m,20,trend,0.25,45,atr,10.0,1.5,-108.57527739721309,2026-05-18 23:00:00+00:00,2026-07-07 08:15:00+00:00,49.385416666666664,122,2.4703649019194263,50.0,41.26397315375602,58.73602684624397,-0.08730827913248897,0.287400674452934,16.351620109656764,100.0,83.94022887417245,-16.059771125827485,-0.32519258132871515,none,0,"{""max_positions"": 104, ""min_units"": 449}","{""AUDUSD=X"": -8.887297, ""NZDUSD=X"": -7.172475}",2026-07-07 08:15:00+00:00,2026-07-23 02:50:00+00:00,15.774305555555555,39,2.4723750825445743,48.717948717948715,33.86492878313309,63.800891354303424,-0.07336763694488956,0.3279498096561853,4.792237407964411,100.0,95.34106151580802,-4.658938484192006,-0.2953498312672898,none,0,"{""max_positions"": 16, ""min_units"": 93}","{""AUDUSD=X"": -4.390615, ""NZDUSD=X"": -0.268324}"
5m,20,trend,0.75,40,atr,2.0,0.75,-1000000000.0,2026-05-18 23:00:00+00:00,2026-07-07 08:15:00+00:00,49.385416666666664,82,1.6604091963720735,54.87804878048781,44.130583571145195,65.18890721187844,-0.30826816030889587,0.2341246259610768,30.392920050108614,100.0,69.60707994989139,-30.392920050108614,-0.6154229750707503,max_drawdown 30.39%,0,"{""gross_leverage"": 6, ""max_drawdown"": 9888, ""max_positions"": 52, ""sized_down"": 18}","{""AUDUSD=X"": -16.887737, ""EURUSD=X"": -0.76444, ""GBPUSD=X"": -7.063466, ""NZDUSD=X"": -5.677277}",2026-07-07 08:15:00+00:00,2026-07-23 02:50:00+00:00,15.774305555555555,6,0.3803653973145499,16.666666666666664,3.005258587173032,56.350943656364606,-0.840684389588953,0.03526930234016692,7.60242172049925,100.0,92.6459919326649,-7.3540080673351,-0.46620170006438666,none,0,"{""max_positions"": 3, ""min_units"": 1, ""sized_down"": 1}","{""AUDUSD=X"": -3.109313, ""EURUSD=X"": -1.081647, ""GBPUSD=X"": -1.166548, ""NZDUSD=X"": -1.996501}"
5m,20,trend,0.75,40,atr,2.0,1.0,-138.97820837002465,2026-05-18 23:00:00+00:00,2026-07-07 08:15:00+00:00,49.385416666666664,70,1.4174224847078676,48.57142857142857,37.245682382738124,60.04581725973982,-0.35268190976438724,0.2413246400010192,30.23130157947446,100.0,69.76869842052554,-30.231301579474405,-0.6121503800104499,max_drawdown 30.23%,0,"{""daily_loss"": 255, ""gross_leverage"": 22, ""max_drawdown"": 28476, ""max_positions"": 33, ""sized_down"": 41}","{""AUDUSD=X"": -16.609173, ""EURUSD=X"": -4.778021, ""GBPUSD=X"": -0.601, ""NZDUSD=X"": -8.243107}",2026-07-07 08:15:00+00:00,2026-07-23 02:50:00+00:00,15.774305555555555,37,2.3455866167730575,70.27027027027027,54.21656082795643,82.5106976535918,-0.18763351742402395,0.37774585946270295,11.935574090821632,100.0,88.06442590917837,-11.93557409082164,-0.7566465635387701,none,0,"{""gross_leverage"": 10, ""max_positions"": 4, ""min_units"": 1, ""sized_down"": 23}","{""AUDUSD=X"": -4.21741, ""EURUSD=X"": 0.351644, ""GBPUSD=X"": -6.991505, ""NZDUSD=X"": -1.078303}"
5m,20,trend,0.75,40,atr,2.0,1.5,-142.47072296717877,2026-05-18 23:00:00+00:00,2026-07-07 08:15:00+00:00,49.385416666666664,84,1.700906981649441,42.857142857142854,32.81580631787752,53.52324032972452,-0.3558861068409459,0.3173108716531258,30.800534559512137,100.0,69.45584763135186,-30.54415236864806,-0.6184852620523548,max_drawdown 30.80%,0,"{""gross_leverage"": 35, ""max_drawdown"": 31664, ""max_positions"": 74, ""sized_down"": 75}","{""AUDUSD=X"": -18.751156, ""EURUSD=X"": -3.691279, ""GBPUSD=X"": -2.241818, ""NZDUSD=X"": -5.859899}",2026-07-07 08:15:00+00:00,2026-07-23 02:50:00+00:00,15.774305555555555,77,4.88135593220339,49.35064935064935,38.48283063647114,60.28018246569409,-0.3871876875257015,0.3100372470329705,30.078396157195712,100.0,69.92160384280429,-30.078396157195655,-1.9067968508193591,max_drawdown 30.08%,0,"{""daily_loss"": 606, ""gross_leverage"": 23, ""max_drawdown"": 3232, ""max_positions"": 30, ""min_units"": 1, ""sized_down"": 73}","{""AUDUSD=X"": -11.957443, ""EURUSD=X"": -5.174387, ""GBPUSD=X"": -8.119405, ""NZDUSD=X"": -4.827161}"
5m,20,trend,0.75,40,atr,5.0,0.75,-1000000000.0,2026-05-18 23:00:00+00:00,2026-07-07 08:15:00+00:00,49.385416666666664,54,1.0934402024889265,50.0,37.11436198892329,62.88563801107671,-0.175533369976421,0.16173279908513113,13.099095319665327,100.0,87.25964546748561,-12.740354532514376,-0.2579780711076524,none,0,"{""max_positions"": 84, ""min_units"": 57}","{""AUDUSD=X"": -7.813525, ""NZDUSD=X"": -4.92683}",2026-07-07 08:15:00+00:00,2026-07-23 02:50:00+00:00,15.774305555555555,3,0.19018269865727494,33.33333333333333,6.14903152761605,79.23450448735122,-0.4632165299731741,0.02975235531323625,2.257572594646305,100.0,97.80812326533459,-2.1918767346654144,-0.13895234417425475,none,0,"{""min_units"": 4}","{""AUDUSD=X"": -1.083598, ""NZDUSD=X"": -1.108279}"
5m,20,trend,0.75,40,atr,5.0,1.0,-121.67883469065032,2026-05-18 23:00:00+00:00,2026-07-07 08:15:00+00:00,49.385416666666664,126,2.551360472474162,50.79365079365079,42.17081082666577,59.36952755486987,-0.18248685610560336,0.20050697094209602,28.992525550144222,100.0,71.50358503733402,-28.496414962665913,-0.5770208471664053,none,0,"{""max_positions"": 127, ""min_units"": 133}","{""AUDUSD=X"": -14.400413, ""EURUSD=X"": -0.937941, ""GBPUSD=X"": 0.286099, ""NZDUSD=X"": -13.44416}",2026-07-07 08:15:00+00:00,2026-07-23 02:50:00+00:00,15.774305555555555,29,1.838432753686991,72.41379310344827,54.28252365556403,85.30141866149725,-0.06508283721988753,0.4103720813717766,3.4536239641053186,100.0,96.54637603589468,-3.4536239641053017,-0.2189398418803273,none,0,"{""max_positions"": 12, ""min_units"": 20}","{""AUDUSD=X"": -0.99992, ""EURUSD=X"": -0.168634, ""GBPUSD=X"": -0.956835, ""NZDUSD=X"": -1.328235}"
5m,20,trend,0.75,40,atr,5.0,1.5,-125.04538823388991,2026-05-18 23:00:00+00:00,2026-07-07 08:15:00+00:00,49.385416666666664,115,2.32862265344864,42.608695652173914,33.95354804293768,51.74169671983897,-0.2121855898254127,0.2463891323223509,30.15401237434559,100.0,70.33175893170461,-29.668241068295355,-0.6007490281705029,max_drawdown 30.15%,0,"{""daily_loss"": 174, ""gross_leverage"": 2, ""max_drawdown"": 26752, ""max_positions"": 185, ""min_units"": 62, ""sized_down"": 8}","{""AUDUSD=X"": -11.577949, ""EURUSD=X"": -4.453043, ""GBPUSD=X"": -7.714609, ""NZDUSD=X"": -5.92264}",2026-07-07 08:15:00+00:00,2026-07-23 02:50:00+00:00,15.774305555555555,90,5.705480959718248,50.0,39.883544540986605,60.116455459013395,-0.18815768806873762,0.26031424040104667,22.79771702510908,100.0,77.20228297489092,-22.79771702510908,-1.4452437823533821,none,0,"{""max_positions"": 98, ""min_units"": 24}","{""AUDUSD=X"": -7.076297, ""EURUSD=X"": -5.106936, ""GBPUSD=X"": -6.553879, ""NZDUSD=X"": -4.060606}"
5m,20,trend,0.75,40,atr,10.0,0.75,-1000000000.0,2026-05-18 23:00:00+00:00,2026-07-07 08:15:00+00:00,49.385416666666664,0,0.0,0.0,0.0,0.0,0.0,0.0,0.0,100.0,100.0,0.0,0.0,none,0,"{""min_units"": 129}",{},2026-07-07 08:15:00+00:00,2026-07-23 02:50:00+00:00,15.774305555555555,0,0.0,0.0,0.0,0.0,0.0,0.0,0.0,100.0,100.0,0.0,0.0,none,0,"{""min_units"": 9}",{}
5m,20,trend,0.75,40,atr,10.0,1.0,-1000000000.0,2026-05-18 23:00:00+00:00,2026-07-07 08:15:00+00:00,49.385416666666664,36,0.7289601349926176,61.111111111111114,44.864170296743474,75.21534458217704,-0.07153865074831652,0.25650691459312436,4.718005765561026,100.0,95.63199272257947,-4.36800727742054,-0.08844731040547815,none,0,"{""min_units"": 266}","{""AUDUSD=X"": 0.07076, ""NZDUSD=X"": -4.438767}",2026-07-07 08:15:00+00:00,2026-07-23 02:50:00+00:00,15.774305555555555,14,0.8875192604006163,78.57142857142857,52.410276226791716,92.42875166308363,-0.008340013590231076,0.7796508895844829,0.547290494438587,100.0,99.76529929825232,-0.23470070174770102,-0.01487867094504466,none,0,"{""min_units"": 43}","{""AUDUSD=X"": -0.087389, ""NZDUSD=X"": -0.147311}"
5m,20,trend,0.75,40,atr,10.0,1.5,-108.57527739721309,2026-05-18 23:00:00+00:00,2026-07-07 08:15:00+00:00,49.385416666666664,122,2.4703649019194263,50.0,41.26397315375602,58.73602684624397,-0.08730827913248897,0.287400674452934,16.351620109656764,100.0,83.94022887417245,-16.059771125827485,-0.32519258132871515,none,0,"{""max_positions"": 104, ""min_units"": 449}","{""AUDUSD=X"": -8.887297, ""NZDUSD=X"": -7.172475}",2026-07-07 08:15:00+00:00,2026-07-23 02:50:00+00:00,15.774305555555555,39,2.4723750825445743,48.717948717948715,33.86492878313309,63.800891354303424,-0.07336763694488956,0.3279498096561853,4.792237407964411,100.0,95.34106151580802,-4.658938484192006,-0.2953498312672898,none,0,"{""max_positions"": 16, ""min_units"": 93}","{""AUDUSD=X"": -4.390615, ""NZDUSD=X"": -0.268324}"
5m,20,trend,0.75,45,atr,2.0,0.75,-1000000000.0,2026-05-18 23:00:00+00:00,2026-07-07 08:15:00+00:00,49.385416666666664,82,1.6604091963720735,54.87804878048781,44.130583571145195,65.18890721187844,-0.30826816030889587,0.2341246259610768,30.392920050108614,100.0,69.60707994989139,-30.392920050108614,-0.6154229750707503,max_drawdown 30.39%,0,"{""gross_leverage"": 6, ""max_drawdown"": 9888, ""max_positions"": 52, ""sized_down"": 18}","{""AUDUSD=X"": -16.887737, ""EURUSD=X"": -0.76444, ""GBPUSD=X"": -7.063466, ""NZDUSD=X"": -5.677277}",2026-07-07 08:15:00+00:00,2026-07-23 02:50:00+00:00,15.774305555555555,6,0.3803653973145499,16.666666666666664,3.005258587173032,56.350943656364606,-0.840684389588953,0.03526930234016692,7.60242172049925,100.0,92.6459919326649,-7.3540080673351,-0.46620170006438666,none,0,"{""max_positions"": 3, ""min_units"": 1, ""sized_down"": 1}","{""AUDUSD=X"": -3.109313, ""EURUSD=X"": -1.081647, ""GBPUSD=X"": -1.166548, ""NZDUSD=X"": -1.996501}"
5m,20,trend,0.75,45,atr,2.0,1.0,-138.97820837002465,2026-05-18 23:00:00+00:00,2026-07-07 08:15:00+00:00,49.385416666666664,70,1.4174224847078676,48.57142857142857,37.245682382738124,60.04581725973982,-0.35268190976438724,0.2413246400010192,30.23130157947446,100.0,69.76869842052554,-30.231301579474405,-0.6121503800104499,max_drawdown 30.23%,0,"{""daily_loss"": 255, ""gross_leverage"": 22, ""max_drawdown"": 28476, ""max_positions"": 33, ""sized_down"": 41}","{""AUDUSD=X"": -16.609173, ""EURUSD=X"": -4.778021, ""GBPUSD=X"": -0.601, ""NZDUSD=X"": -8.243107}",2026-07-07 08:15:00+00:00,2026-07-23 02:50:00+00:00,15.774305555555555,37,2.3455866167730575,70.27027027027027,54.21656082795643,82.5106976535918,-0.18763351742402395,0.37774585946270295,11.935574090821632,100.0,88.06442590917837,-11.93557409082164,-0.7566465635387701,none,0,"{""gross_leverage"": 10, ""max_positions"": 4, ""min_units"": 1, ""sized_down"": 23}","{""AUDUSD=X"": -4.21741, ""EURUSD=X"": 0.351644, ""GBPUSD=X"": -6.991505, ""NZDUSD=X"": -1.078303}"
5m,20,trend,0.75,45,atr,2.0,1.5,-142.47072296717877,2026-05-18 23:00:00+00:00,2026-07-07 08:15:00+00:00,49.385416666666664,84,1.700906981649441,42.857142857142854,32.81580631787752,53.52324032972452,-0.3558861068409459,0.3173108716531258,30.800534559512137,100.0,69.45584763135186,-30.54415236864806,-0.6184852620523548,max_drawdown 30.80%,0,"{""gross_leverage"": 35, ""max_drawdown"": 31664, ""max_positions"": 74, ""sized_down"": 75}","{""AUDUSD=X"": -18.751156, ""EURUSD=X"": -3.691279, ""GBPUSD=X"": -2.241818, ""NZDUSD=X"": -5.859899}",2026-07-07 08:15:00+00:00,2026-07-23 02:50:00+00:00,15.774305555555555,77,4.88135593220339,49.35064935064935,38.48283063647114,60.28018246569409,-0.3871876875257015,0.3100372470329705,30.078396157195712,100.0,69.92160384280429,-30.078396157195655,-1.9067968508193591,max_drawdown 30.08%,0,"{""daily_loss"": 606, ""gross_leverage"": 23, ""max_drawdown"": 3232, ""max_positions"": 30, ""min_units"": 1, ""sized_down"": 73}","{""AUDUSD=X"": -11.957443, ""EURUSD=X"": -5.174387, ""GBPUSD=X"": -8.119405, ""NZDUSD=X"": -4.827161}"
5m,20,trend,0.75,45,atr,5.0,0.75,-1000000000.0,2026-05-18 23:00:00+00:00,2026-07-07 08:15:00+00:00,49.385416666666664,54,1.0934402024889265,50.0,37.11436198892329,62.88563801107671,-0.175533369976421,0.16173279908513113,13.099095319665327,100.0,87.25964546748561,-12.740354532514376,-0.2579780711076524,none,0,"{""max_positions"": 84, ""min_units"": 57}","{""AUDUSD=X"": -7.813525, ""NZDUSD=X"": -4.92683}",2026-07-07 08:15:00+00:00,2026-07-23 02:50:00+00:00,15.774305555555555,3,0.19018269865727494,33.33333333333333,6.14903152761605,79.23450448735122,-0.4632165299731741,0.02975235531323625,2.257572594646305,100.0,97.80812326533459,-2.1918767346654144,-0.13895234417425475,none,0,"{""min_units"": 4}","{""AUDUSD=X"": -1.083598, ""NZDUSD=X"": -1.108279}"
5m,20,trend,0.75,45,atr,5.0,1.0,-121.67883469065032,2026-05-18 23:00:00+00:00,2026-07-07 08:15:00+00:00,49.385416666666664,126,2.551360472474162,50.79365079365079,42.17081082666577,59.36952755486987,-0.18248685610560336,0.20050697094209602,28.992525550144222,100.0,71.50358503733402,-28.496414962665913,-0.5770208471664053,none,0,"{""max_positions"": 127, ""min_units"": 133}","{""AUDUSD=X"": -14.400413, ""EURUSD=X"": -0.937941, ""GBPUSD=X"": 0.286099, ""NZDUSD=X"": -13.44416}",2026-07-07 08:15:00+00:00,2026-07-23 02:50:00+00:00,15.774305555555555,29,1.838432753686991,72.41379310344827,54.28252365556403,85.30141866149725,-0.06508283721988753,0.4103720813717766,3.4536239641053186,100.0,96.54637603589468,-3.4536239641053017,-0.2189398418803273,none,0,"{""max_positions"": 12, ""min_units"": 20}","{""AUDUSD=X"": -0.99992, ""EURUSD=X"": -0.168634, ""GBPUSD=X"": -0.956835, ""NZDUSD=X"": -1.328235}"
5m,20,trend,0.75,45,atr,5.0,1.5,-125.04538823388991,2026-05-18 23:00:00+00:00,2026-07-07 08:15:00+00:00,49.385416666666664,115,2.32862265344864,42.608695652173914,33.95354804293768,51.74169671983897,-0.2121855898254127,0.2463891323223509,30.15401237434559,100.0,70.33175893170461,-29.668241068295355,-0.6007490281705029,max_drawdown 30.15%,0,"{""daily_loss"": 174, ""gross_leverage"": 2, ""max_drawdown"": 26752, ""max_positions"": 185, ""min_units"": 62, ""sized_down"": 8}","{""AUDUSD=X"": -11.577949, ""EURUSD=X"": -4.453043, ""GBPUSD=X"": -7.714609, ""NZDUSD=X"": -5.92264}",2026-07-07 08:15:00+00:00,2026-07-23 02:50:00+00:00,15.774305555555555,90,5.705480959718248,50.0,39.883544540986605,60.116455459013395,-0.18815768806873762,0.26031424040104667,22.79771702510908,100.0,77.20228297489092,-22.79771702510908,-1.4452437823533821,none,0,"{""max_positions"": 98, ""min_units"": 24}","{""AUDUSD=X"": -7.076297, ""EURUSD=X"": -5.106936, ""GBPUSD=X"": -6.553879, ""NZDUSD=X"": -4.060606}"
5m,20,trend,0.75,45,atr,10.0,0.75,-1000000000.0,2026-05-18 23:00:00+00:00,2026-07-07 08:15:00+00:00,49.385416666666664,0,0.0,0.0,0.0,0.0,0.0,0.0,0.0,100.0,100.0,0.0,0.0,none,0,"{""min_units"": 129}",{},2026-07-07 08:15:00+00:00,2026-07-23 02:50:00+00:00,15.774305555555555,0,0.0,0.0,0.0,0.0,0.0,0.0,0.0,100.0,100.0,0.0,0.0,none,0,"{""min_units"": 9}",{}
5m,20,trend,0.75,45,atr,10.0,1.0,-1000000000.0,2026-05-18 23:00:00+00:00,2026-07-07 08:15:00+00:00,49.385416666666664,36,0.7289601349926176,61.111111111111114,44.864170296743474,75.21534458217704,-0.07153865074831652,0.25650691459312436,4.718005765561026,100.0,95.63199272257947,-4.36800727742054,-0.08844731040547815,none,0,"{""min_units"": 266}","{""AUDUSD=X"": 0.07076, ""NZDUSD=X"": -4.438767}",2026-07-07 08:15:00+00:00,2026-07-23 02:50:00+00:00,15.774305555555555,14,0.8875192604006163,78.57142857142857,52.410276226791716,92.42875166308363,-0.008340013590231076,0.7796508895844829,0.547290494438587,100.0,99.76529929825232,-0.23470070174770102,-0.01487867094504466,none,0,"{""min_units"": 43}","{""AUDUSD=X"": -0.087389, ""NZDUSD=X"": -0.147311}"
5m,20,trend,0.75,45,atr,10.0,1.5,-108.57527739721309,2026-05-18 23:00:00+00:00,2026-07-07 08:15:00+00:00,49.385416666666664,122,2.4703649019194263,50.0,41.26397315375602,58.73602684624397,-0.08730827913248897,0.287400674452934,16.351620109656764,100.0,83.94022887417245,-16.059771125827485,-0.32519258132871515,none,0,"{""max_positions"": 104, ""min_units"": 449}","{""AUDUSD=X"": -8.887297, ""NZDUSD=X"": -7.172475}",2026-07-07 08:15:00+00:00,2026-07-23 02:50:00+00:00,15.774305555555555,39,2.4723750825445743,48.717948717948715,33.86492878313309,63.800891354303424,-0.07336763694488956,0.3279498096561853,4.792237407964411,100.0,95.34106151580802,-4.658938484192006,-0.2953498312672898,none,0,"{""max_positions"": 16, ""min_units"": 93}","{""AUDUSD=X"": -4.390615, ""NZDUSD=X"": -0.268324}"
5m,20,both,0.25,40,atr,2.0,0.75,-1000000000.0,2026-05-18 23:00:00+00:00,2026-07-07 08:15:00+00:00,49.385416666666664,88,1.7819025522041765,59.09090909090909,48.64789444675971,68.77340483374064,-0.2748499967160854,0.22737916794705754,30.67164011478401,100.0,69.32835988521599,-30.67164011478402,-0.6210667477366095,max_drawdown 30.67%,0,"{""daily_loss"": 291, ""gross_leverage"": 4, ""max_drawdown"": 20240, ""max_positions"": 63, ""sized_down"": 17}","{""AUDUSD=X"": -8.397884, ""EURUSD=X"": -2.046641, ""GBPUSD=X"": -6.8817, ""NZDUSD=X"": -13.345415}",2026-07-07 08:15:00+00:00,2026-07-23 02:50:00+00:00,15.774305555555555,12,0.7607307946290998,25.0,8.894003962896138,53.231033912065996,-0.6901392221009752,0.05503569099359663,12.343733011339577,100.0,88.07536083425816,-11.924639165741851,-0.7559533523516736,daily_loss 8.83%,0,"{""daily_loss"": 539, ""max_positions"": 3, ""min_units"": 1, ""sized_down"": 1}","{""AUDUSD=X"": -3.109313, ""EURUSD=X"": -1.081647, ""GBPUSD=X"": -2.395797, ""NZDUSD=X"": -5.337883}"
5m,20,both,0.25,40,atr,2.0,1.0,-130.91999349272982,2026-05-18 23:00:00+00:00,2026-07-07 08:15:00+00:00,49.385416666666664,99,2.0046403712296983,54.54545454545454,44.75051831195513,64.00080411009974,-0.261871948988877,0.3267880371495279,30.974956860201132,100.0,69.02504313979887,-30.974956860201125,-0.6272085759500755,max_drawdown 30.97%,0,"{""daily_loss"": 652, ""gross_leverage"": 27, ""max_drawdown"": 31916, ""max_positions"": 79, ""sized_down"": 50}","{""AUDUSD=X"": -16.098524, ""EURUSD=X"": -4.598435, ""GBPUSD=X"": 0.042893, ""NZDUSD=X"": -10.320892}",2026-07-07 08:15:00+00:00,2026-07-23 02:50:00+00:00,15.774305555555555,73,4.6277790006603565,61.64383561643836,50.173872543054145,71.94956059732816,-0.2777496597461771,0.31414858279619495,28.632331604159344,100.0,72.98817977581702,-27.011820224183037,-1.7123936219600957,daily_loss 8.04%,0,"{""daily_loss"": 539, ""gross_leverage"": 23, ""max_positions"": 11, ""min_units"": 1, ""sized_down"": 41}","{""AUDUSD=X"": -6.087447, ""EURUSD=X"": -2.983377, ""GBPUSD=X"": -11.586569, ""NZDUSD=X"": -6.354427}"
5m,20,both,0.25,40,atr,2.0,1.5,-137.55984923980452,2026-05-18 23:00:00+00:00,2026-07-07 08:15:00+00:00,49.385416666666664,88,1.7819025522041765,43.18181818181818,33.33250852294768,53.60151701667708,-0.34111660724235426,0.3706181286654869,30.496309532608716,100.0,69.50369046739128,-30.49630953260867,-0.617516497601863,max_drawdown 30.08%,0,"{""daily_loss"": 514, ""gross_leverage"": 47, ""max_drawdown"": 35021, ""max_positions"": 92, ""sized_down"": 87}","{""AUDUSD=X"": -16.863363, ""EURUSD=X"": -1.319421, ""GBPUSD=X"": -3.766106, ""NZDUSD=X"": -8.547419}",2026-07-07 08:15:00+00:00,2026-07-23 02:50:00+00:00,15.774305555555555,92,5.8322694254897645,51.08695652173913,41.035314036206955,61.05146247837545,-0.3294583583918946,0.3816962726414809,30.910621803272363,100.0,70.08501947028343,-29.914980529716544,-1.896437242473776,max_drawdown 30.91%,0,"{""daily_loss"": 1018, ""gross_leverage"": 40, ""max_drawdown"": 6348, ""max_positions"": 34, ""min_units"": 1, ""sized_down"": 106}","{""AUDUSD=X"": -9.574052, ""EURUSD=X"": -3.630527, ""GBPUSD=X"": -14.85293, ""NZDUSD=X"": -1.857472}"
5m,20,both,0.25,40,atr,5.0,0.75,-1000000000.0,2026-05-18 23:00:00+00:00,2026-07-07 08:15:00+00:00,49.385416666666664,95,1.9236448006749631,58.94736842105262,48.89523520569727,68.30400074353868,-0.1320638402775567,0.23405033676866296,16.36030274902093,100.0,83.63969725097907,-16.36030274902095,-0.331278013901289,none,0,"{""max_positions"": 100, ""min_units"": 116}","{""AUDUSD=X"": -8.559155, ""NZDUSD=X"": -7.801147}",2026-07-07 08:15:00+00:00,2026-07-23 02:50:00+00:00,15.774305555555555,9,0.5705480959718248,44.44444444444444,18.8775429471914,73.33526542559703,-0.22308361895499862,0.0870436234695756,2.9996942925792798,100.0,97.06550276330547,-2.934497236694529,-0.18603020122562722,none,0,"{""max_positions"": 8, ""min_units"": 5}","{""AUDUSD=X"": -1.002869, ""NZDUSD=X"": -1.931628}"
5m,20,both,0.25,40,atr,5.0,1.0,-119.21831259231844,2026-05-18 23:00:00+00:00,2026-07-07 08:15:00+00:00,49.385416666666664,157,3.17907614427336,53.503184713375795,45.71076474232955,61.12826197712611,-0.15981415891914916,0.24407493643882705,30.437168159629767,100.0,69.67008110983102,-30.32991889016897,-0.6141472713470199,max_drawdown 30.44%,0,"{""max_drawdown"": 14808, ""max_positions"": 139, ""min_units"": 163}","{""AUDUSD=X"": -16.803923, ""EURUSD=X"": -0.918047, ""GBPUSD=X"": 0.554881, ""NZDUSD=X"": -13.162829}",2026-07-07 08:15:00+00:00,2026-07-23 02:50:00+00:00,15.774305555555555,63,3.9938366718027734,60.317460317460316,47.98069406075243,71.46827185269069,-0.09564173598906289,0.31190362867637733,9.55678869073933,100.0,90.6592420261245,-9.340757973875458,-0.5921501863253648,none,0,"{""max_positions"": 74, ""min_units"": 35}","{""AUDUSD=X"": -1.752989, ""EURUSD=X"": -1.08535, ""GBPUSD=X"": 0.259908, ""NZDUSD=X"": -6.762326}"
5m,20,both,0.25,40,atr,5.0,1.5,-119.33610429314075,2026-05-18 23:00:00+00:00,2026-07-07 08:15:00+00:00,49.385416666666664,152,3.077831681079941,46.05263157894737,38.32356823282931,53.976305485099665,-0.16043029040821172,0.31935972539474683,30.491299636816994,100.0,69.77032089403686,-30.229679105963164,-0.6121175267185117,max_drawdown 30.49%,0,"{""gross_leverage"": 2, ""max_drawdown"": 29532, ""max_positions"": 237, ""min_units"": 79, ""sized_down"": 10}","{""AUDUSD=X"": -9.352601, ""EURUSD=X"": -3.380324, ""GBPUSD=X"": -10.948941, ""NZDUSD=X"": -6.547813}",2026-07-07 08:15:00+00:00,2026-07-23 02:50:00+00:00,15.774305555555555,154,9.76271186440678,51.94805194805194,44.10604558891508,59.69523366826427,-0.15075253478484332,0.3278024303704194,30.61672084161073,100.0,69.38327915838927,-30.616720841610725,-1.9409235312313204,max_drawdown 30.62%,0,"{""daily_loss"": 290, ""gross_leverage"": 1, ""max_drawdown"": 1888, ""max_positions"": 203, ""min_units"": 45, ""sized_down"": 3}","{""AUDUSD=X"": -8.324152, ""EURUSD=X"": -6.730432, ""GBPUSD=X"": -8.031467, ""NZDUSD=X"": -7.530669}"
5m,20,both,0.25,40,atr,10.0,0.75,-1000000000.0,2026-05-18 23:00:00+00:00,2026-07-07 08:15:00+00:00,49.385416666666664,0,0.0,0.0,0.0,0.0,0.0,0.0,0.0,100.0,100.0,0.0,0.0,none,0,"{""min_units"": 243}",{},2026-07-07 08:15:00+00:00,2026-07-23 02:50:00+00:00,15.774305555555555,0,0.0,0.0,0.0,0.0,0.0,0.0,0.0,100.0,100.0,0.0,0.0,none,0,"{""min_units"": 27}",{}
5m,20,both,0.25,40,atr,10.0,1.0,-104.23302390177501,2026-05-18 23:00:00+00:00,2026-07-07 08:15:00+00:00,49.385416666666664,64,1.2959291288757646,60.9375,48.691694294402396,71.94461145310355,-0.054054582934834935,0.3123250473290466,6.074815649815534,100.0,94.15502670424368,-5.844973295756351,-0.1183542367417443,none,0,"{""min_units"": 522}","{""AUDUSD=X"": 0.191726, ""NZDUSD=X"": -6.036699}",2026-07-07 08:15:00+00:00,2026-07-23 02:50:00+00:00,15.774305555555555,25,1.5848558221439577,56.00000000000001,37.06701701956444,73.33462505299744,-0.06980527964211984,0.2543637211119006,3.185387469530184,100.0,96.88122471605023,-3.1187752839498106,-0.1977123666690613,none,0,"{""max_positions"": 2, ""min_units"": 103}","{""AUDUSD=X"": -0.816501, ""NZDUSD=X"": -2.302274}"
5m,20,both,0.25,40,atr,10.0,1.5,-109.58287671145644,2026-05-18 23:00:00+00:00,2026-07-07 08:15:00+00:00,49.385416666666664,181,3.665049567601772,50.27624309392266,43.06241976265874,57.47858399407135,-0.0848718391359069,0.290348630007295,22.258903402299854,100.0,78.01686158231315,-21.983138417686767,-0.44513420968106515,none,0,"{""max_positions"": 116, ""min_units"": 887}","{""AUDUSD=X"": -9.688256, ""NZDUSD=X"": -12.294883}",2026-07-07 08:15:00+00:00,2026-07-23 02:50:00+00:00,15.774305555555555,77,4.88135593220339,49.35064935064935,38.48283063647114,60.28018246569409,-0.07907092595075688,0.30779884277924674,10.323931481495544,100.0,89.99761922427578,-10.002380775724218,-0.6340932563082929,none,0,"{""max_positions"": 68, ""min_units"": 204}","{""AUDUSD=X"": -7.491159, ""NZDUSD=X"": -2.511222}"
5m,20,both,0.25,45,atr,2.0,0.75,-158.75445304851334,2026-05-18 23:00:00+00:00,2026-07-07 08:15:00+00:00,49.385416666666664,95,1.9236448006749631,57.89473684210527,47.84945348956803,67.3263429362284,-0.2696954078705103,0.2558238816228767,31.33173850894016,100.0,68.66826149105984,-31.331738508940187,-0.6344330092508454,max_drawdown 31.33%,0,"{""daily_loss"": 439, ""gross_leverage"": 6, ""max_drawdown"": 21235, ""max_positions"": 71, ""sized_down"": 19}","{""AUDUSD=X"": -7.710756, ""EURUSD=X"": -4.192389, ""GBPUSD=X"": -6.070748, ""NZDUSD=X"": -13.357845}",2026-07-07 08:15:00+00:00,2026-07-23 02:50:00+00:00,15.774305555555555,19,1.204490424829408,36.84210526315789,19.149272376273842,58.96084250184328,-0.5341395270736888,0.09393109184165652,15.081310443563268,100.0,85.71925739833291,-14.280742601667098,-0.905316722271654,daily_loss 9.34%,0,"{""daily_loss"": 567, ""gross_leverage"": 1, ""max_positions"": 11, ""min_units"": 1, ""sized_down"": 3}","{""AUDUSD=X"": -1.954776, ""EURUSD=X"": -1.081647, ""GBPUSD=X"": -2.779793, ""NZDUSD=X"": -8.464527}"
5m,20,both,0.25,45,atr,2.0,1.0,-131.96744873185892,2026-05-18 23:00:00+00:00,2026-07-07 08:15:00+00:00,49.385416666666664,102,2.06538704914575,58.82352941176471,49.12158108035628,67.88496455009526,-0.23247128827888658,0.3508845516440624,30.29346164073199,100.0,69.70653835926801,-30.293461640731948,-0.613409052417268,max_drawdown 30.29%,0,"{""daily_loss"": 1181, ""gross_leverage"": 47, ""max_drawdown"": 32612, ""max_positions"": 60, ""sized_down"": 73}","{""AUDUSD=X"": -14.533974, ""EURUSD=X"": -3.852681, ""GBPUSD=X"": 0.970226, ""NZDUSD=X"": -12.877033}",2026-07-07 08:15:00+00:00,2026-07-23 02:50:00+00:00,15.774305555555555,89,5.642086726832489,60.67415730337079,50.28634843406101,70.17861554760239,-0.2896147969930584,0.30017078825632393,31.03123000717922,100.0,69.67123402663681,-30.328765973363236,-1.9226688532530514,max_drawdown 31.03%,0,"{""daily_loss"": 567, ""gross_leverage"": 34, ""max_drawdown"": 4236, ""max_positions"": 47, ""min_units"": 1, ""sized_down"": 74}","{""AUDUSD=X"": -5.073354, ""EURUSD=X"": -3.058744, ""GBPUSD=X"": -12.372492, ""NZDUSD=X"": -9.824176}"
5m,20,both,0.25,45,atr,2.0,1.5,-137.00533645664524,2026-05-18 23:00:00+00:00,2026-07-07 08:15:00+00:00,49.385416666666664,77,1.5591647331786544,48.05194805194805,37.252850502875475,59.03618880362019,-0.3203968731301397,0.34559979330980695,30.406798680850034,100.0,69.59320131914997,-30.40679868085004,-0.6157040019746054,max_drawdown 30.41%,0,"{""daily_loss"": 1688, ""gross_leverage"": 53, ""max_drawdown"": 35725, ""max_positions"": 34, ""sized_down"": 87}","{""AUDUSD=X"": -16.403688, ""EURUSD=X"": 0.022768, ""GBPUSD=X"": -3.169249, ""NZDUSD=X"": -10.856629}",2026-07-07 08:15:00+00:00,2026-07-23 02:50:00+00:00,15.774305555555555,104,6.593000220118864,50.0,40.563022613791986,59.436977386208014,-0.3376810786555596,0.3863394350827363,30.083538258585236,100.0,69.91646174141476,-30.083538258585246,-1.907122830392373,max_drawdown 30.08%,0,"{""daily_loss"": 1138, ""gross_leverage"": 90, ""max_drawdown"": 6520, ""max_positions"": 60, ""min_units"": 1, ""sized_down"": 165}","{""AUDUSD=X"": -7.295425, ""EURUSD=X"": -3.430545, ""GBPUSD=X"": -13.888651, ""NZDUSD=X"": -5.468918}"
5m,20,both,0.25,45,atr,5.0,0.75,-113.57726634617468,2026-05-18 23:00:00+00:00,2026-07-07 08:15:00+00:00,49.385416666666664,121,2.4501160092807424,61.15702479338842,52.25701530506783,69.37039094413113,-0.12772306524658888,0.2432840195689872,20.294158161367946,100.0,79.70584183863205,-20.294158161367942,-0.41093422980200855,none,0,"{""max_positions"": 122, ""min_units"": 178}","{""AUDUSD=X"": -10.269537, ""NZDUSD=X"": -10.024622}",2026-07-07 08:15:00+00:00,2026-07-23 02:50:00+00:00,15.774305555555555,18,1.1410961919436495,61.111111111111114,38.61866858065617,79.69500807306883,-0.11963172732962361,0.2083719468958191,3.2373242042128365,100.0,96.94804383737706,-3.0519561626229486,-0.19347641973044447,none,0,"{""max_positions"": 16, ""min_units"": 8}","{""AUDUSD=X"": -0.851676, ""NZDUSD=X"": -2.20028}"
5m,20,both,0.25,45,atr,5.0,1.0,-116.5939314913099,2026-05-18 23:00:00+00:00,2026-07-07 08:15:00+00:00,49.385416666666664,185,3.746045138156507,57.2972972972973,50.09220625233591,64.20549086524835,-0.13792372028773123,0.28271538385482214,30.567632069596982,100.0,69.53941605567998,-30.460583944320007,-0.616793094000152,max_drawdown 30.57%,0,"{""max_drawdown"": 20108, ""max_positions"": 183, ""min_units"": 181}","{""AUDUSD=X"": -17.415483, ""EURUSD=X"": -2.303846, ""GBPUSD=X"": 0.548429, ""NZDUSD=X"": -11.289684}",2026-07-07 08:15:00+00:00,2026-07-23 02:50:00+00:00,15.774305555555555,106,6.719788685890381,63.20754716981132,53.71525943196658,71.77599342669534,-0.10029876626707455,0.3014277294085003,16.76824499165047,100.0,84.09002942119335,-15.909970578806611,-1.0086003800784293,none,0,"{""max_positions"": 126, ""min_units"": 47}","{""AUDUSD=X"": -3.03461, ""EURUSD=X"": -0.84171, ""GBPUSD=X"": -1.793602, ""NZDUSD=X"": -10.240048}"
5m,20,both,0.25,45,atr,5.0,1.5,-118.95896658086474,2026-05-18 23:00:00+00:00,2026-07-07 08:15:00+00:00,49.385416666666664,150,3.0373338958025733,47.333333333333336,39.509757671394595,55.29008840404923,-0.15660918247399067,0.3026586454164439,30.53443324633973,100.0,69.46556675366027,-30.534433246339766,-0.6182884605881919,max_drawdown 30.53%,0,"{""daily_loss"": 511, ""gross_leverage"": 3, ""max_drawdown"": 32788, ""max_positions"": 257, ""min_units"": 69, ""sized_down"": 10}","{""AUDUSD=X"": -6.863841, ""EURUSD=X"": -5.084525, ""GBPUSD=X"": -9.018043, ""NZDUSD=X"": -9.568024}",2026-07-07 08:15:00+00:00,2026-07-23 02:50:00+00:00,15.774305555555555,160,10.143077261721329,51.87500000000001,44.1800830487905,59.481990563771895,-0.1526557645840539,0.3323170088304515,30.40762623554804,100.0,69.60654428243681,-30.39345571756318,-1.9267698099621828,max_drawdown 30.41%,0,"{""gross_leverage"": 15, ""max_drawdown"": 4364, ""max_positions"": 295, ""min_units"": 65, ""sized_down"": 17}","{""AUDUSD=X"": -12.36937, ""EURUSD=X"": -5.349031, ""GBPUSD=X"": -6.20924, ""NZDUSD=X"": -6.465814}"
5m,20,both,0.25,45,atr,10.0,0.75,-1000000000.0,2026-05-18 23:00:00+00:00,2026-07-07 08:15:00+00:00,49.385416666666664,0,0.0,0.0,0.0,0.0,0.0,0.0,0.0,100.0,100.0,0.0,0.0,none,0,"{""min_units"": 372}",{},2026-07-07 08:15:00+00:00,2026-07-23 02:50:00+00:00,15.774305555555555,0,0.0,0.0,0.0,0.0,0.0,0.0,0.0,100.0,100.0,0.0,0.0,none,0,"{""min_units"": 46}",{}
5m,20,both,0.25,45,atr,10.0,1.0,-104.0287652492275,2026-05-18 23:00:00+00:00,2026-07-07 08:15:00+00:00,49.385416666666664,93,1.8831470153975955,60.215053763440864,50.05293284970952,69.56673473116483,-0.06160703846891408,0.2710378290567458,10.06590115240607,100.0,90.13267287339514,-9.86732712660485,-0.19980244761739416,none,0,"{""max_positions"": 4, ""min_units"": 821}","{""AUDUSD=X"": -0.798417, ""NZDUSD=X"": -9.06891}",2026-07-07 08:15:00+00:00,2026-07-23 02:50:00+00:00,15.774305555555555,50,3.1697116442879154,62.0,48.150195022393575,74.13740415742278,-0.05735282289078662,0.3063063607475747,5.267980445112272,100.0,94.80018882155444,-5.199811178445594,-0.32963804080834935,none,0,"{""max_positions"": 24, ""min_units"": 155}","{""AUDUSD=X"": -1.432795, ""NZDUSD=X"": -3.767016}"
5m,20,both,0.25,45,atr,10.0,1.5,-112.95022737631935,2026-05-18 23:00:00+00:00,2026-07-07 08:15:00+00:00,49.385416666666664,218,4.414258595233074,51.8348623853211,45.227766332481394,58.3784103269008,-0.09943465613270269,0.25921655900601487,30.22690586652071,100.0,69.77309413347929,-30.226905866520724,-0.6120613716907803,max_drawdown 30.23%,0,"{""max_drawdown"": 4316, ""max_positions"": 146, ""min_units"": 1353}","{""AUDUSD=X"": -10.390805, ""NZDUSD=X"": -19.836101}",2026-07-07 08:15:00+00:00,2026-07-23 02:50:00+00:00,15.774305555555555,116,7.353731014747964,52.58620689655172,43.5628576899866,61.443751033528436,-0.07686785935405849,0.3207062484943723,14.569784650356565,100.0,85.72065044403082,-14.279349555969125,-0.9052284112082563,none,0,"{""max_positions"": 94, ""min_units"": 348}","{""AUDUSD=X"": -10.467486, ""NZDUSD=X"": -3.811864}"
5m,20,both,0.75,40,atr,2.0,0.75,-1000000000.0,2026-05-18 23:00:00+00:00,2026-07-07 08:15:00+00:00,49.385416666666664,88,1.7819025522041765,59.09090909090909,48.64789444675971,68.77340483374064,-0.2748499967160854,0.22737916794705754,30.67164011478401,100.0,69.32835988521599,-30.67164011478402,-0.6210667477366095,max_drawdown 30.67%,0,"{""daily_loss"": 291, ""gross_leverage"": 4, ""max_drawdown"": 20240, ""max_positions"": 63, ""sized_down"": 17}","{""AUDUSD=X"": -8.397884, ""EURUSD=X"": -2.046641, ""GBPUSD=X"": -6.8817, ""NZDUSD=X"": -13.345415}",2026-07-07 08:15:00+00:00,2026-07-23 02:50:00+00:00,15.774305555555555,12,0.7607307946290998,25.0,8.894003962896138,53.231033912065996,-0.6901392221009752,0.05503569099359663,12.343733011339577,100.0,88.07536083425816,-11.924639165741851,-0.7559533523516736,daily_loss 8.83%,0,"{""daily_loss"": 539, ""max_positions"": 3, ""min_units"": 1, ""sized_down"": 1}","{""AUDUSD=X"": -3.109313, ""EURUSD=X"": -1.081647, ""GBPUSD=X"": -2.395797, ""NZDUSD=X"": -5.337883}"
5m,20,both,0.75,40,atr,2.0,1.0,-130.91999349272982,2026-05-18 23:00:00+00:00,2026-07-07 08:15:00+00:00,49.385416666666664,99,2.0046403712296983,54.54545454545454,44.75051831195513,64.00080411009974,-0.261871948988877,0.3267880371495279,30.974956860201132,100.0,69.02504313979887,-30.974956860201125,-0.6272085759500755,max_drawdown 30.97%,0,"{""daily_loss"": 652, ""gross_leverage"": 27, ""max_drawdown"": 31916, ""max_positions"": 79, ""sized_down"": 50}","{""AUDUSD=X"": -16.098524, ""EURUSD=X"": -4.598435, ""GBPUSD=X"": 0.042893, ""NZDUSD=X"": -10.320892}",2026-07-07 08:15:00+00:00,2026-07-23 02:50:00+00:00,15.774305555555555,73,4.6277790006603565,61.64383561643836,50.173872543054145,71.94956059732816,-0.2777496597461771,0.31414858279619495,28.632331604159344,100.0,72.98817977581702,-27.011820224183037,-1.7123936219600957,daily_loss 8.04%,0,"{""daily_loss"": 539, ""gross_leverage"": 23, ""max_positions"": 11, ""min_units"": 1, ""sized_down"": 41}","{""AUDUSD=X"": -6.087447, ""EURUSD=X"": -2.983377, ""GBPUSD=X"": -11.586569, ""NZDUSD=X"": -6.354427}"
5m,20,both,0.75,40,atr,2.0,1.5,-137.55984923980452,2026-05-18 23:00:00+00:00,2026-07-07 08:15:00+00:00,49.385416666666664,88,1.7819025522041765,43.18181818181818,33.33250852294768,53.60151701667708,-0.34111660724235426,0.3706181286654869,30.496309532608716,100.0,69.50369046739128,-30.49630953260867,-0.617516497601863,max_drawdown 30.08%,0,"{""daily_loss"": 514, ""gross_leverage"": 47, ""max_drawdown"": 35021, ""max_positions"": 92, ""sized_down"": 87}","{""AUDUSD=X"": -16.863363, ""EURUSD=X"": -1.319421, ""GBPUSD=X"": -3.766106, ""NZDUSD=X"": -8.547419}",2026-07-07 08:15:00+00:00,2026-07-23 02:50:00+00:00,15.774305555555555,92,5.8322694254897645,51.08695652173913,41.035314036206955,61.05146247837545,-0.3294583583918946,0.3816962726414809,30.910621803272363,100.0,70.08501947028343,-29.914980529716544,-1.896437242473776,max_drawdown 30.91%,0,"{""daily_loss"": 1018, ""gross_leverage"": 40, ""max_drawdown"": 6348, ""max_positions"": 34, ""min_units"": 1, ""sized_down"": 106}","{""AUDUSD=X"": -9.574052, ""EURUSD=X"": -3.630527, ""GBPUSD=X"": -14.85293, ""NZDUSD=X"": -1.857472}"
5m,20,both,0.75,40,atr,5.0,0.75,-1000000000.0,2026-05-18 23:00:00+00:00,2026-07-07 08:15:00+00:00,49.385416666666664,95,1.9236448006749631,58.94736842105262,48.89523520569727,68.30400074353868,-0.1320638402775567,0.23405033676866296,16.36030274902093,100.0,83.63969725097907,-16.36030274902095,-0.331278013901289,none,0,"{""max_positions"": 100, ""min_units"": 116}","{""AUDUSD=X"": -8.559155, ""NZDUSD=X"": -7.801147}",2026-07-07 08:15:00+00:00,2026-07-23 02:50:00+00:00,15.774305555555555,9,0.5705480959718248,44.44444444444444,18.8775429471914,73.33526542559703,-0.22308361895499862,0.0870436234695756,2.9996942925792798,100.0,97.06550276330547,-2.934497236694529,-0.18603020122562722,none,0,"{""max_positions"": 8, ""min_units"": 5}","{""AUDUSD=X"": -1.002869, ""NZDUSD=X"": -1.931628}"
5m,20,both,0.75,40,atr,5.0,1.0,-119.21831259231844,2026-05-18 23:00:00+00:00,2026-07-07 08:15:00+00:00,49.385416666666664,157,3.17907614427336,53.503184713375795,45.71076474232955,61.12826197712611,-0.15981415891914916,0.24407493643882705,30.437168159629767,100.0,69.67008110983102,-30.32991889016897,-0.6141472713470199,max_drawdown 30.44%,0,"{""max_drawdown"": 14808, ""max_positions"": 139, ""min_units"": 163}","{""AUDUSD=X"": -16.803923, ""EURUSD=X"": -0.918047, ""GBPUSD=X"": 0.554881, ""NZDUSD=X"": -13.162829}",2026-07-07 08:15:00+00:00,2026-07-23 02:50:00+00:00,15.774305555555555,63,3.9938366718027734,60.317460317460316,47.98069406075243,71.46827185269069,-0.09564173598906289,0.31190362867637733,9.55678869073933,100.0,90.6592420261245,-9.340757973875458,-0.5921501863253648,none,0,"{""max_positions"": 74, ""min_units"": 35}","{""AUDUSD=X"": -1.752989, ""EURUSD=X"": -1.08535, ""GBPUSD=X"": 0.259908, ""NZDUSD=X"": -6.762326}"
5m,20,both,0.75,40,atr,5.0,1.5,-119.33610429314075,2026-05-18 23:00:00+00:00,2026-07-07 08:15:00+00:00,49.385416666666664,152,3.077831681079941,46.05263157894737,38.32356823282931,53.976305485099665,-0.16043029040821172,0.31935972539474683,30.491299636816994,100.0,69.77032089403686,-30.229679105963164,-0.6121175267185117,max_drawdown 30.49%,0,"{""gross_leverage"": 2, ""max_drawdown"": 29532, ""max_positions"": 237, ""min_units"": 79, ""sized_down"": 10}","{""AUDUSD=X"": -9.352601, ""EURUSD=X"": -3.380324, ""GBPUSD=X"": -10.948941, ""NZDUSD=X"": -6.547813}",2026-07-07 08:15:00+00:00,2026-07-23 02:50:00+00:00,15.774305555555555,154,9.76271186440678,51.94805194805194,44.10604558891508,59.69523366826427,-0.15075253478484332,0.3278024303704194,30.61672084161073,100.0,69.38327915838927,-30.616720841610725,-1.9409235312313204,max_drawdown 30.62%,0,"{""daily_loss"": 290, ""gross_leverage"": 1, ""max_drawdown"": 1888, ""max_positions"": 203, ""min_units"": 45, ""sized_down"": 3}","{""AUDUSD=X"": -8.324152, ""EURUSD=X"": -6.730432, ""GBPUSD=X"": -8.031467, ""NZDUSD=X"": -7.530669}"
5m,20,both,0.75,40,atr,10.0,0.75,-1000000000.0,2026-05-18 23:00:00+00:00,2026-07-07 08:15:00+00:00,49.385416666666664,0,0.0,0.0,0.0,0.0,0.0,0.0,0.0,100.0,100.0,0.0,0.0,none,0,"{""min_units"": 243}",{},2026-07-07 08:15:00+00:00,2026-07-23 02:50:00+00:00,15.774305555555555,0,0.0,0.0,0.0,0.0,0.0,0.0,0.0,100.0,100.0,0.0,0.0,none,0,"{""min_units"": 27}",{}
5m,20,both,0.75,40,atr,10.0,1.0,-104.23302390177501,2026-05-18 23:00:00+00:00,2026-07-07 08:15:00+00:00,49.385416666666664,64,1.2959291288757646,60.9375,48.691694294402396,71.94461145310355,-0.054054582934834935,0.3123250473290466,6.074815649815534,100.0,94.15502670424368,-5.844973295756351,-0.1183542367417443,none,0,"{""min_units"": 522}","{""AUDUSD=X"": 0.191726, ""NZDUSD=X"": -6.036699}",2026-07-07 08:15:00+00:00,2026-07-23 02:50:00+00:00,15.774305555555555,25,1.5848558221439577,56.00000000000001,37.06701701956444,73.33462505299744,-0.06980527964211984,0.2543637211119006,3.185387469530184,100.0,96.88122471605023,-3.1187752839498106,-0.1977123666690613,none,0,"{""max_positions"": 2, ""min_units"": 103}","{""AUDUSD=X"": -0.816501, ""NZDUSD=X"": -2.302274}"
5m,20,both,0.75,40,atr,10.0,1.5,-109.58287671145644,2026-05-18 23:00:00+00:00,2026-07-07 08:15:00+00:00,49.385416666666664,181,3.665049567601772,50.27624309392266,43.06241976265874,57.47858399407135,-0.0848718391359069,0.290348630007295,22.258903402299854,100.0,78.01686158231315,-21.983138417686767,-0.44513420968106515,none,0,"{""max_positions"": 116, ""min_units"": 887}","{""AUDUSD=X"": -9.688256, ""NZDUSD=X"": -12.294883}",2026-07-07 08:15:00+00:00,2026-07-23 02:50:00+00:00,15.774305555555555,77,4.88135593220339,49.35064935064935,38.48283063647114,60.28018246569409,-0.07907092595075688,0.30779884277924674,10.323931481495544,100.0,89.99761922427578,-10.002380775724218,-0.6340932563082929,none,0,"{""max_positions"": 68, ""min_units"": 204}","{""AUDUSD=X"": -7.491159, ""NZDUSD=X"": -2.511222}"
5m,20,both,0.75,45,atr,2.0,0.75,-162.38570755457232,2026-05-18 23:00:00+00:00,2026-07-07 08:15:00+00:00,49.385416666666664,93,1.8831470153975955,60.215053763440864,50.05293284970952,69.56673473116483,-0.25733602205462086,0.2681722317059533,30.065464743205823,100.0,69.93453525679418,-30.06546474320586,-0.6087923677173092,max_drawdown 30.07%,0,"{""daily_loss"": 439, ""gross_leverage"": 5, ""max_drawdown"": 21235, ""max_positions"": 58, ""sized_down"": 18}","{""AUDUSD=X"": -7.185665, ""EURUSD=X"": -2.899827, ""GBPUSD=X"": -6.070748, ""NZDUSD=X"": -13.909225}",2026-07-07 08:15:00+00:00,2026-07-23 02:50:00+00:00,15.774305555555555,18,1.1410961919436495,33.33333333333333,16.27855436366286,56.25093065574964,-0.5711208782880228,0.080983072914645,15.284382994690448,100.0,85.51518094914319,-14.484819050856824,-0.9182539922180861,daily_loss 9.34%,0,"{""daily_loss"": 567, ""max_positions"": 11, ""min_units"": 1, ""sized_down"": 2}","{""AUDUSD=X"": -2.158853, ""EURUSD=X"": -1.081647, ""GBPUSD=X"": -2.779793, ""NZDUSD=X"": -8.464527}"
5m,20,both,0.75,45,atr,2.0,1.0,-132.90510610592614,2026-05-18 23:00:00+00:00,2026-07-07 08:15:00+00:00,49.385416666666664,99,2.0046403712296983,58.58585858585859,48.73961776347183,67.79065792263185,-0.23668130546050026,0.34257408174341236,30.624151823519806,100.0,69.37584817648019,-30.624151823519778,-0.6201051624252054,max_drawdown 30.62%,0,"{""daily_loss"": 1177, ""gross_leverage"": 41, ""max_drawdown"": 32636, ""max_positions"": 59, ""min_units"": 1, ""sized_down"": 63}","{""AUDUSD=X"": -15.894287, ""EURUSD=X"": -2.966576, ""GBPUSD=X"": 1.748835, ""NZDUSD=X"": -13.512124}",2026-07-07 08:15:00+00:00,2026-07-23 02:50:00+00:00,15.774305555555555,86,5.451904028175215,60.46511627906976,49.897526698784006,70.13773536244373,-0.29755757126392146,0.2885481858482139,31.288315575009683,100.0,69.411529978514,-30.588470021486064,-1.939132592161124,max_drawdown 31.29%,0,"{""daily_loss"": 567, ""gross_leverage"": 33, ""max_drawdown"": 4236, ""max_positions"": 39, ""min_units"": 1, ""sized_down"": 71}","{""AUDUSD=X"": -5.338707, ""EURUSD=X"": -2.955366, ""GBPUSD=X"": -12.372492, ""NZDUSD=X"": -9.921905}"
5m,20,both,0.75,45,atr,2.0,1.5,-135.08015456249447,2026-05-18 23:00:00+00:00,2026-07-07 08:15:00+00:00,49.385416666666664,73,1.478169162623919,47.94520547945205,36.877263024700824,59.2186017152317,-0.31755793273328825,0.3345014505259352,30.06641537700359,100.0,69.9335846229964,-30.0664153770036,-0.6088116169990183,max_drawdown 30.07%,0,"{""daily_loss"": 1692, ""gross_leverage"": 51, ""max_drawdown"": 35725, ""max_positions"": 32, ""sized_down"": 83}","{""AUDUSD=X"": -15.043376, ""EURUSD=X"": 0.022768, ""GBPUSD=X"": -2.320372, ""NZDUSD=X"": -12.725435}",2026-07-07 08:15:00+00:00,2026-07-23 02:50:00+00:00,15.774305555555555,105,6.656394453004623,51.42857142857142,41.98832356208336,60.76797550003994,-0.3134357466907906,0.40065446096072693,30.463416760646062,100.0,70.21216790165397,-29.787832098346037,-1.8883767652044152,max_drawdown 30.46%,0,"{""daily_loss"": 1090, ""gross_leverage"": 97, ""max_drawdown"": 6412, ""max_positions"": 56, ""min_units"": 1, ""sized_down"": 172}","{""AUDUSD=X"": -5.338421, ""EURUSD=X"": -3.460207, ""GBPUSD=X"": -15.116539, ""NZDUSD=X"": -5.872666}"
5m,20,both,0.75,45,atr,5.0,0.75,-115.11913246830892,2026-05-18 23:00:00+00:00,2026-07-07 08:15:00+00:00,49.385416666666664,120,2.429867116642059,62.5,53.57678452838708,70.64770869521469,-0.1209433468191575,0.2598871005244637,18.92075445754213,100.0,81.07924554245787,-18.92075445754214,-0.3831243256536692,none,0,"{""max_positions"": 122, ""min_units"": 170}","{""AUDUSD=X"": -10.141194, ""NZDUSD=X"": -8.77956}",2026-07-07 08:15:00+00:00,2026-07-23 02:50:00+00:00,15.774305555555555,16,1.014307726172133,56.25,33.17819560677652,76.90163666481448,-0.1420015884986096,0.16931376740234955,3.3877189642531196,100.0,96.79746320656376,-3.2025367934362436,-0.2030223633083069,none,0,"{""max_positions"": 10, ""min_units"": 8}","{""AUDUSD=X"": -0.919701, ""NZDUSD=X"": -2.282836}"
5m,20,both,0.75,45,atr,5.0,1.0,-116.58949054170634,2026-05-18 23:00:00+00:00,2026-07-07 08:15:00+00:00,49.385416666666664,183,3.7055473528791394,57.377049180327866,50.132706241054926,64.31803706236359,-0.13822959946765775,0.2819508651200732,30.403877929956746,100.0,69.7034226650858,-30.296577334914183,-0.6134721417742589,max_drawdown 30.40%,0,"{""max_drawdown"": 20108, ""max_positions"": 183, ""min_units"": 172}","{""AUDUSD=X"": -17.141862, ""EURUSD=X"": -2.41346, ""GBPUSD=X"": 0.548429, ""NZDUSD=X"": -11.289684}",2026-07-07 08:15:00+00:00,2026-07-23 02:50:00+00:00,15.774305555555555,103,6.529605987233106,63.10679611650486,53.47390366684422,71.79715180218659,-0.10208760656419676,0.2993476036586464,16.502214277978243,100.0,84.28294009889882,-15.717059901101152,-0.9963709556498199,none,0,"{""max_positions"": 122, ""min_units"": 47}","{""AUDUSD=X"": -3.108595, ""EURUSD=X"": -0.84171, ""GBPUSD=X"": -1.793602, ""NZDUSD=X"": -9.973152}"
5m,20,both,0.75,45,atr,5.0,1.5,-119.18740995148981,2026-05-18 23:00:00+00:00,2026-07-07 08:15:00+00:00,49.385416666666664,147,2.976587217886522,46.93877551020408,39.0520123628165,54.98146381351682,-0.15896108760260874,0.29808963451415954,30.18325018950837,100.0,69.81674981049163,-30.183250189508406,-0.6111773925738889,max_drawdown 30.18%,0,"{""daily_loss"": 500, ""gross_leverage"": 3, ""max_drawdown"": 32832, ""max_positions"": 254, ""min_units"": 65, ""sized_down"": 10}","{""AUDUSD=X"": -6.998697, ""EURUSD=X"": -5.084525, ""GBPUSD=X"": -7.204044, ""NZDUSD=X"": -10.895985}",2026-07-07 08:15:00+00:00,2026-07-23 02:50:00+00:00,15.774305555555555,169,10.713625357693154,52.071005917159766,44.57701492002412,59.472936017713096,-0.14635220924045936,0.35427415482555574,30.30070488797167,100.0,69.94072245155174,-30.05927754844825,-1.9055848412839744,max_drawdown 30.30%,0,"{""gross_leverage"": 16, ""max_drawdown"": 4222, ""max_positions"": 311, ""min_units"": 57, ""sized_down"": 18}","{""AUDUSD=X"": -10.95738, ""EURUSD=X"": -5.628639, ""GBPUSD=X"": -6.285373, ""NZDUSD=X"": -7.187885}"
5m,20,both,0.75,45,atr,10.0,0.75,-1000000000.0,2026-05-18 23:00:00+00:00,2026-07-07 08:15:00+00:00,49.385416666666664,0,0.0,0.0,0.0,0.0,0.0,0.0,0.0,100.0,100.0,0.0,0.0,none,0,"{""min_units"": 358}",{},2026-07-07 08:15:00+00:00,2026-07-23 02:50:00+00:00,15.774305555555555,0,0.0,0.0,0.0,0.0,0.0,0.0,0.0,100.0,100.0,0.0,0.0,none,0,"{""min_units"": 43}",{}
5m,20,both,0.75,45,atr,10.0,1.0,-103.82443512965864,2026-05-18 23:00:00+00:00,2026-07-07 08:15:00+00:00,49.385416666666664,92,1.8628981227589116,60.86956521739131,50.65323092393207,70.2145342218919,-0.05879398806829021,0.28507488716445295,9.619028474092062,100.0,90.6573702199122,-9.342629780087787,-0.18917790737996784,none,0,"{""max_positions"": 4, ""min_units"": 789}","{""AUDUSD=X"": -0.588065, ""NZDUSD=X"": -8.754565}",2026-07-07 08:15:00+00:00,2026-07-23 02:50:00+00:00,15.774305555555555,48,3.042923178516399,60.416666666666664,46.310154596935114,72.97937350404942,-0.061453204987050515,0.28670995287397866,5.414871831961818,100.0,94.6532974347049,-5.346702565295149,-0.33895010759520205,none,0,"{""max_positions"": 24, ""min_units"": 151}","{""AUDUSD=X"": -1.432795, ""NZDUSD=X"": -3.913907}"
5m,20,both,0.75,45,atr,10.0,1.5,-112.67093959651454,2026-05-18 23:00:00+00:00,2026-07-07 08:15:00+00:00,49.385416666666664,223,4.515503058426493,52.46636771300448,45.925627001157345,58.923571734876965,-0.0975023343001263,0.2658607537521723,30.202615118707936,100.0,69.79738488129206,-30.202615118707957,-0.6115695109462063,max_drawdown 30.20%,0,"{""max_drawdown"": 3216, ""max_positions"": 150, ""min_units"": 1334}","{""AUDUSD=X"": -10.072959, ""NZDUSD=X"": -20.129656}",2026-07-07 08:15:00+00:00,2026-07-23 02:50:00+00:00,15.774305555555555,117,7.417125247633722,53.84615384615385,44.8345288401061,62.61323749201792,-0.07734267940485204,0.3273347855247442,15.02306544125967,100.0,85.51635937775893,-14.483640622241058,-0.918179286639979,none,0,"{""max_positions"": 90, ""min_units"": 330}","{""AUDUSD=X"": -9.42698, ""NZDUSD=X"": -5.05666}"
1m,12,range,0.25,40,pips,10.0,3.0,-114.48807693913115,2026-07-29 23:00:00+00:00,2026-08-05 03:27:00+00:00,6.185416666666667,22,3.5567531155271133,54.54545454545454,34.65947328904156,73.07998556799515,-0.03503592501988308,0.7552210683044301,2.9496618183252514,100.0,99.02839154362634,-0.971608456373677,-0.15708051837634388,none,0,"{""max_positions"": 58}","{""AUDUSD=X"": -1.126598, ""NZDUSD=X"": 0.15499}",2026-08-05 03:25:00+00:00,2026-08-06 12:29:00+00:00,1.3777777777777778,9,6.532258064516129,11.11111111111111,1.9890371327130536,43.50062147680601,-0.15452776206864602,0.1226092398860258,1.390749858617795,100.0,98.6092501413822,-1.3907498586178153,-1.0094152199645434,none,0,"{""max_positions"": 22}","{""AUDUSD=X"": -0.502338, ""NZDUSD=X"": -0.888412}"
1m,12,range,0.25,40,pips,10.0,5.0,-128.43903463080315,2026-07-29 23:00:00+00:00,2026-08-05 03:27:00+00:00,6.185416666666667,76,12.286965308184573,25.0,16.628799382577895,35.77696402897699,-0.22944691802327877,0.18191949454344972,18.678186769484952,100.0,81.32181323051505,-18.678186769484917,-3.01971359021649,daily_loss 8.31%,0,"{""daily_loss"": 1843, ""max_positions"": 111}","{""AUDUSD=X"": -0.382352, ""EURUSD=X"": -6.618275, ""GBPUSD=X"": -11.602656, ""NZDUSD=X"": -0.074903}",2026-08-05 03:25:00+00:00,2026-08-06 12:29:00+00:00,1.3777777777777778,32,23.225806451612904,6.25,1.7310203195157234,20.14746724800358,-0.2623249692097644,0.06149283726336861,8.394399014711695,100.0,91.6056009852883,-8.394399014711713,-6.092708962290759,none,0,"{""max_positions"": 44}","{""AUDUSD=X"": -0.502338, ""EURUSD=X"": -2.646734, ""GBPUSD=X"": -4.162568, ""NZDUSD=X"": -1.082759}"
1m,12,range,0.25,40,pips,10.0,8.0,-127.85231616860283,2026-07-29 23:00:00+00:00,2026-08-05 03:27:00+00:00,6.185416666666667,75,12.12529471202425,22.666666666666664,14.661247942117505,33.33574856733942,-0.234772955703748,0.17716448696545847,18.84819267749687,100.0,81.15180732250313,-18.848192677496844,-3.047198546715556,daily_loss 8.31%,0,"{""daily_loss"": 1843, ""max_positions"": 108}","{""AUDUSD=X"": -0.235096, ""EURUSD=X"": -6.985476, ""GBPUSD=X"": -11.158389, ""NZDUSD=X"": -0.469232}",2026-08-05 03:25:00+00:00,2026-08-06 12:29:00+00:00,1.3777777777777778,31,22.5,6.451612903225806,1.7874407775063148,20.718988318746433,-0.2554418544231219,0.052508518223732814,8.165658255815728,100.0,92.08130251288392,-7.9186974871160825,-5.747441724519737,none,0,"{""max_positions"": 44}","{""AUDUSD=X"": -0.502338, ""EURUSD=X"": -2.747144, ""GBPUSD=X"": -3.586456, ""NZDUSD=X"": -1.082759}"
1m,12,range,0.25,40,pips,20.0,3.0,-1000000000.0,2026-07-29 23:00:00+00:00,2026-08-05 03:27:00+00:00,6.185416666666667,0,0.0,0.0,0.0,0.0,0.0,0.0,0.0,100.0,100.0,0.0,0.0,none,0,"{""min_units"": 27}",{},2026-08-05 03:25:00+00:00,2026-08-06 12:29:00+00:00,1.3777777777777778,0,0.0,0.0,0.0,0.0,0.0,0.0,0.0,100.0,100.0,0.0,0.0,none,0,"{""min_units"": 11}",{}
1m,12,range,0.25,40,pips,20.0,5.0,-1000000000.0,2026-07-29 23:00:00+00:00,2026-08-05 03:27:00+00:00,6.185416666666667,0,0.0,0.0,0.0,0.0,0.0,0.0,0.0,100.0,100.0,0.0,0.0,none,0,"{""min_units"": 131}",{},2026-08-05 03:25:00+00:00,2026-08-06 12:29:00+00:00,1.3777777777777778,0,0.0,0.0,0.0,0.0,0.0,0.0,0.0,100.0,100.0,0.0,0.0,none,0,"{""min_units"": 55}",{}
1m,12,range,0.25,40,pips,20.0,8.0,-1000000000.0,2026-07-29 23:00:00+00:00,2026-08-05 03:27:00+00:00,6.185416666666667,0,0.0,0.0,0.0,0.0,0.0,0.0,0.0,100.0,100.0,0.0,0.0,none,0,"{""min_units"": 131}",{},2026-08-05 03:25:00+00:00,2026-08-06 12:29:00+00:00,1.3777777777777778,0,0.0,0.0,0.0,0.0,0.0,0.0,0.0,100.0,100.0,0.0,0.0,none,0,"{""min_units"": 55}",{}
1m,12,range,0.25,40,pips,40.0,3.0,-1000000000.0,2026-07-29 23:00:00+00:00,2026-08-05 03:27:00+00:00,6.185416666666667,0,0.0,0.0,0.0,0.0,0.0,0.0,0.0,100.0,100.0,0.0,0.0,none,0,"{""min_units"": 27}",{},2026-08-05 03:25:00+00:00,2026-08-06 12:29:00+00:00,1.3777777777777778,0,0.0,0.0,0.0,0.0,0.0,0.0,0.0,100.0,100.0,0.0,0.0,none,0,"{""min_units"": 11}",{}
1m,12,range,0.25,40,pips,40.0,5.0,-1000000000.0,2026-07-29 23:00:00+00:00,2026-08-05 03:27:00+00:00,6.185416666666667,0,0.0,0.0,0.0,0.0,0.0,0.0,0.0,100.0,100.0,0.0,0.0,none,0,"{""min_units"": 131}",{},2026-08-05 03:25:00+00:00,2026-08-06 12:29:00+00:00,1.3777777777777778,0,0.0,0.0,0.0,0.0,0.0,0.0,0.0,100.0,100.0,0.0,0.0,none,0,"{""min_units"": 55}",{}
1m,12,range,0.25,40,pips,40.0,8.0,-1000000000.0,2026-07-29 23:00:00+00:00,2026-08-05 03:27:00+00:00,6.185416666666667,0,0.0,0.0,0.0,0.0,0.0,0.0,0.0,100.0,100.0,0.0,0.0,none,0,"{""min_units"": 131}",{},2026-08-05 03:25:00+00:00,2026-08-06 12:29:00+00:00,1.3777777777777778,0,0.0,0.0,0.0,0.0,0.0,0.0,0.0,100.0,100.0,0.0,0.0,none,0,"{""min_units"": 55}",{}
1m,12,range,0.25,45,pips,10.0,3.0,-111.82959611135925,2026-07-29 23:00:00+00:00,2026-08-05 03:27:00+00:00,6.185416666666667,58,9.376894577298753,39.6551724137931,28.08856895011114,52.50701719255011,-0.1160103510577182,0.3363847227859658,6.728600361347688,100.0,93.27139963865231,-6.728600361347661,-1.0878168317436434,none,0,"{""max_positions"": 200}","{""AUDUSD=X"": -4.338544, ""NZDUSD=X"": -2.390056}",2026-08-05 03:25:00+00:00,2026-08-06 12:29:00+00:00,1.3777777777777778,27,19.596774193548388,22.22222222222222,10.607095489408957,40.75729546307081,-0.1339424622941923,0.1458309821381935,4.296339734964829,100.0,95.86932845830911,-4.130671541690892,-2.9980680544530665,none,0,"{""max_positions"": 136}","{""AUDUSD=X"": -1.255192, ""NZDUSD=X"": -2.875479}"
1m,12,range,0.25,45,pips,10.0,5.0,-126.23302273907483,2026-07-29 23:00:00+00:00,2026-08-05 03:27:00+00:00,6.185416666666667,126,20.37049511620074,25.396825396825395,18.60228544733811,33.64722472505656,-0.23227272211559927,0.16537422614505462,30.05867426395183,100.0,69.94132573604817,-30.05867426395183,-4.859603788042061,max_drawdown 30.06%,0,"{""daily_loss"": 4059, ""gross_leverage"": 9, ""max_drawdown"": 2222, ""max_positions"": 307, ""sized_down"": 9}","{""AUDUSD=X"": -1.425173, ""EURUSD=X"": -9.932087, ""GBPUSD=X"": -17.94623, ""NZDUSD=X"": -0.755184}",2026-08-05 03:25:00+00:00,2026-08-06 12:29:00+00:00,1.3777777777777778,65,47.17741935483871,18.461538461538463,10.888765378062985,29.554222582704913,-0.22623810370153302,0.10605336959320488,15.13036505337545,100.0,85.05706010341679,-14.942939896583223,-10.845682183003952,daily_loss 8.69%,0,"{""daily_loss"": 1758, ""max_positions"": 155, ""sized_down"": 1}","{""AUDUSD=X"": -0.970392, ""EURUSD=X"": -3.892676, ""GBPUSD=X"": -8.155815, ""NZDUSD=X"": -1.924056}"
1m,12,range,0.25,45,pips,10.0,8.0,-125.6321819225402,2026-07-29 23:00:00+00:00,2026-08-05 03:27:00+00:00,6.185416666666667,125,20.208824520040416,23.200000000000003,16.666666666666668,31.33149541762909,-0.22894058360100938,0.1537130841260394,29.409884227512688,100.0,70.59011577248731,-29.40988422751269,-4.754713516068067,daily_loss 8.05%,0,"{""daily_loss"": 5612, ""gross_leverage"": 8, ""max_positions"": 296, ""sized_down"": 8}","{""AUDUSD=X"": -1.951512, ""EURUSD=X"": -10.113103, ""GBPUSD=X"": -16.058804, ""NZDUSD=X"": -1.286466}",2026-08-05 03:25:00+00:00,2026-08-06 12:29:00+00:00,1.3777777777777778,65,47.17741935483871,18.461538461538463,10.888765378062985,29.554222582704913,-0.2195682815955343,0.13198937867118724,14.697781928242318,100.0,85.49059854030665,-14.509401459693354,-10.531017188487112,daily_loss 8.26%,0,"{""daily_loss"": 1758, ""max_positions"": 157, ""sized_down"": 1}","{""AUDUSD=X"": -0.970392, ""EURUSD=X"": -3.993086, ""GBPUSD=X"": -7.621867, ""NZDUSD=X"": -1.924056}"
1m,12,range,0.25,45,pips,20.0,3.0,-1000000000.0,2026-07-29 23:00:00+00:00,2026-08-05 03:27:00+00:00,6.185416666666667,0,0.0,0.0,0.0,0.0,0.0,0.0,0.0,100.0,100.0,0.0,0.0,none,0,"{""min_units"": 88}",{},2026-08-05 03:25:00+00:00,2026-08-06 12:29:00+00:00,1.3777777777777778,0,0.0,0.0,0.0,0.0,0.0,0.0,0.0,100.0,100.0,0.0,0.0,none,0,"{""min_units"": 38}",{}
1m,12,range,0.25,45,pips,20.0,5.0,-1000000000.0,2026-07-29 23:00:00+00:00,2026-08-05 03:27:00+00:00,6.185416666666667,0,0.0,0.0,0.0,0.0,0.0,0.0,0.0,100.0,100.0,0.0,0.0,none,0,"{""min_units"": 332}",{},2026-08-05 03:25:00+00:00,2026-08-06 12:29:00+00:00,1.3777777777777778,0,0.0,0.0,0.0,0.0,0.0,0.0,0.0,100.0,100.0,0.0,0.0,none,0,"{""min_units"": 142}",{}
1m,12,range,0.25,45,pips,20.0,8.0,-1000000000.0,2026-07-29 23:00:00+00:00,2026-08-05 03:27:00+00:00,6.185416666666667,0,0.0,0.0,0.0,0.0,0.0,0.0,0.0,100.0,100.0,0.0,0.0,none,0,"{""min_units"": 332}",{},2026-08-05 03:25:00+00:00,2026-08-06 12:29:00+00:00,1.3777777777777778,0,0.0,0.0,0.0,0.0,0.0,0.0,0.0,100.0,100.0,0.0,0.0,none,0,"{""min_units"": 142}",{}
1m,12,range,0.25,45,pips,40.0,3.0,-1000000000.0,2026-07-29 23:00:00+00:00,2026-08-05 03:27:00+00:00,6.185416666666667,0,0.0,0.0,0.0,0.0,0.0,0.0,0.0,100.0,100.0,0.0,0.0,none,0,"{""min_units"": 88}",{},2026-08-05 03:25:00+00:00,2026-08-06 12:29:00+00:00,1.3777777777777778,0,0.0,0.0,0.0,0.0,0.0,0.0,0.0,100.0,100.0,0.0,0.0,none,0,"{""min_units"": 38}",{}
1m,12,range,0.25,45,pips,40.0,5.0,-1000000000.0,2026-07-29 23:00:00+00:00,2026-08-05 03:27:00+00:00,6.185416666666667,0,0.0,0.0,0.0,0.0,0.0,0.0,0.0,100.0,100.0,0.0,0.0,none,0,"{""min_units"": 332}",{},2026-08-05 03:25:00+00:00,2026-08-06 12:29:00+00:00,1.3777777777777778,0,0.0,0.0,0.0,0.0,0.0,0.0,0.0,100.0,100.0,0.0,0.0,none,0,"{""min_units"": 142}",{}
1m,12,range,0.25,45,pips,40.0,8.0,-1000000000.0,2026-07-29 23:00:00+00:00,2026-08-05 03:27:00+00:00,6.185416666666667,0,0.0,0.0,0.0,0.0,0.0,0.0,0.0,100.0,100.0,0.0,0.0,none,0,"{""min_units"": 332}",{},2026-08-05 03:25:00+00:00,2026-08-06 12:29:00+00:00,1.3777777777777778,0,0.0,0.0,0.0,0.0,0.0,0.0,0.0,100.0,100.0,0.0,0.0,none,0,"{""min_units"": 142}",{}
1m,12,range,0.75,40,pips,10.0,3.0,-114.48807693913115,2026-07-29 23:00:00+00:00,2026-08-05 03:27:00+00:00,6.185416666666667,22,3.5567531155271133,54.54545454545454,34.65947328904156,73.07998556799515,-0.03503592501988308,0.7552210683044301,2.9496618183252514,100.0,99.02839154362634,-0.971608456373677,-0.15708051837634388,none,0,"{""max_positions"": 58}","{""AUDUSD=X"": -1.126598, ""NZDUSD=X"": 0.15499}",2026-08-05 03:25:00+00:00,2026-08-06 12:29:00+00:00,1.3777777777777778,9,6.532258064516129,11.11111111111111,1.9890371327130536,43.50062147680601,-0.15452776206864602,0.1226092398860258,1.390749858617795,100.0,98.6092501413822,-1.3907498586178153,-1.0094152199645434,none,0,"{""max_positions"": 22}","{""AUDUSD=X"": -0.502338, ""NZDUSD=X"": -0.888412}"
1m,12,range,0.75,40,pips,10.0,5.0,-128.43903463080315,2026-07-29 23:00:00+00:00,2026-08-05 03:27:00+00:00,6.185416666666667,76,12.286965308184573,25.0,16.628799382577895,35.77696402897699,-0.22944691802327877,0.18191949454344972,18.678186769484952,100.0,81.32181323051505,-18.678186769484917,-3.01971359021649,daily_loss 8.31%,0,"{""daily_loss"": 1843, ""max_positions"": 111}","{""AUDUSD=X"": -0.382352, ""EURUSD=X"": -6.618275, ""GBPUSD=X"": -11.602656, ""NZDUSD=X"": -0.074903}",2026-08-05 03:25:00+00:00,2026-08-06 12:29:00+00:00,1.3777777777777778,32,23.225806451612904,6.25,1.7310203195157234,20.14746724800358,-0.2623249692097644,0.06149283726336861,8.394399014711695,100.0,91.6056009852883,-8.394399014711713,-6.092708962290759,none,0,"{""max_positions"": 44}","{""AUDUSD=X"": -0.502338, ""EURUSD=X"": -2.646734, ""GBPUSD=X"": -4.162568, ""NZDUSD=X"": -1.082759}"
1m,12,range,0.75,40,pips,10.0,8.0,-127.85231616860283,2026-07-29 23:00:00+00:00,2026-08-05 03:27:00+00:00,6.185416666666667,75,12.12529471202425,22.666666666666664,14.661247942117505,33.33574856733942,-0.234772955703748,0.17716448696545847,18.84819267749687,100.0,81.15180732250313,-18.848192677496844,-3.047198546715556,daily_loss 8.31%,0,"{""daily_loss"": 1843, ""max_positions"": 108}","{""AUDUSD=X"": -0.235096, ""EURUSD=X"": -6.985476, ""GBPUSD=X"": -11.158389, ""NZDUSD=X"": -0.469232}",2026-08-05 03:25:00+00:00,2026-08-06 12:29:00+00:00,1.3777777777777778,31,22.5,6.451612903225806,1.7874407775063148,20.718988318746433,-0.2554418544231219,0.052508518223732814,8.165658255815728,100.0,92.08130251288392,-7.9186974871160825,-5.747441724519737,none,0,"{""max_positions"": 44}","{""AUDUSD=X"": -0.502338, ""EURUSD=X"": -2.747144, ""GBPUSD=X"": -3.586456, ""NZDUSD=X"": -1.082759}"
1m,12,range,0.75,40,pips,20.0,3.0,-1000000000.0,2026-07-29 23:00:00+00:00,2026-08-05 03:27:00+00:00,6.185416666666667,0,0.0,0.0,0.0,0.0,0.0,0.0,0.0,100.0,100.0,0.0,0.0,none,0,"{""min_units"": 27}",{},2026-08-05 03:25:00+00:00,2026-08-06 12:29:00+00:00,1.3777777777777778,0,0.0,0.0,0.0,0.0,0.0,0.0,0.0,100.0,100.0,0.0,0.0,none,0,"{""min_units"": 11}",{}
1m,12,range,0.75,40,pips,20.0,5.0,-1000000000.0,2026-07-29 23:00:00+00:00,2026-08-05 03:27:00+00:00,6.185416666666667,0,0.0,0.0,0.0,0.0,0.0,0.0,0.0,100.0,100.0,0.0,0.0,none,0,"{""min_units"": 131}",{},2026-08-05 03:25:00+00:00,2026-08-06 12:29:00+00:00,1.3777777777777778,0,0.0,0.0,0.0,0.0,0.0,0.0,0.0,100.0,100.0,0.0,0.0,none,0,"{""min_units"": 55}",{}
1m,12,range,0.75,40,pips,20.0,8.0,-1000000000.0,2026-07-29 23:00:00+00:00,2026-08-05 03:27:00+00:00,6.185416666666667,0,0.0,0.0,0.0,0.0,0.0,0.0,0.0,100.0,100.0,0.0,0.0,none,0,"{""min_units"": 131}",{},2026-08-05 03:25:00+00:00,2026-08-06 12:29:00+00:00,1.3777777777777778,0,0.0,0.0,0.0,0.0,0.0,0.0,0.0,100.0,100.0,0.0,0.0,none,0,"{""min_units"": 55}",{}
1m,12,range,0.75,40,pips,40.0,3.0,-1000000000.0,2026-07-29 23:00:00+00:00,2026-08-05 03:27:00+00:00,6.185416666666667,0,0.0,0.0,0.0,0.0,0.0,0.0,0.0,100.0,100.0,0.0,0.0,none,0,"{""min_units"": 27}",{},2026-08-05 03:25:00+00:00,2026-08-06 12:29:00+00:00,1.3777777777777778,0,0.0,0.0,0.0,0.0,0.0,0.0,0.0,100.0,100.0,0.0,0.0,none,0,"{""min_units"": 11}",{}
1m,12,range,0.75,40,pips,40.0,5.0,-1000000000.0,2026-07-29 23:00:00+00:00,2026-08-05 03:27:00+00:00,6.185416666666667,0,0.0,0.0,0.0,0.0,0.0,0.0,0.0,100.0,100.0,0.0,0.0,none,0,"{""min_units"": 131}",{},2026-08-05 03:25:00+00:00,2026-08-06 12:29:00+00:00,1.3777777777777778,0,0.0,0.0,0.0,0.0,0.0,0.0,0.0,100.0,100.0,0.0,0.0,none,0,"{""min_units"": 55}",{}
1m,12,range,0.75,40,pips,40.0,8.0,-1000000000.0,2026-07-29 23:00:00+00:00,2026-08-05 03:27:00+00:00,6.185416666666667,0,0.0,0.0,0.0,0.0,0.0,0.0,0.0,100.0,100.0,0.0,0.0,none,0,"{""min_units"": 131}",{},2026-08-05 03:25:00+00:00,2026-08-06 12:29:00+00:00,1.3777777777777778,0,0.0,0.0,0.0,0.0,0.0,0.0,0.0,100.0,100.0,0.0,0.0,none,0,"{""min_units"": 55}",{}
1m,12,range,0.75,45,pips,10.0,3.0,-111.81040373742155,2026-07-29 23:00:00+00:00,2026-08-05 03:27:00+00:00,6.185416666666667,57,9.21522398113843,40.35087719298245,28.617323526539984,53.30294155524615,-0.11499699136667889,0.34225035710296503,6.554828507900723,100.0,93.44517149209928,-6.5548285079007025,-1.0597230326009892,none,0,"{""max_positions"": 200}","{""AUDUSD=X"": -4.164773, ""NZDUSD=X"": -2.390056}",2026-08-05 03:25:00+00:00,2026-08-06 12:29:00+00:00,1.3777777777777778,27,19.596774193548388,22.22222222222222,10.607095489408957,40.75729546307081,-0.1339424622941923,0.1458309821381935,4.296339734964829,100.0,95.86932845830911,-4.130671541690892,-2.9980680544530665,none,0,"{""max_positions"": 136}","{""AUDUSD=X"": -1.255192, ""NZDUSD=X"": -2.875479}"
1m,12,range,0.75,45,pips,10.0,5.0,-126.5900407240425,2026-07-29 23:00:00+00:00,2026-08-05 03:27:00+00:00,6.185416666666667,126,20.37049511620074,25.396825396825395,18.60228544733811,33.64722472505656,-0.23498768778075269,0.16381819248887508,30.40075993776111,100.0,69.59924006223889,-30.400759937761105,-4.914908982864712,max_drawdown 30.40%,0,"{""daily_loss"": 4059, ""gross_leverage"": 10, ""max_drawdown"": 2072, ""max_positions"": 298, ""sized_down"": 10}","{""AUDUSD=X"": -1.251401, ""EURUSD=X"": -10.139508, ""GBPUSD=X"": -18.254667, ""NZDUSD=X"": -0.755184}",2026-08-05 03:25:00+00:00,2026-08-06 12:29:00+00:00,1.3777777777777778,65,47.17741935483871,18.461538461538463,10.888765378062985,29.554222582704913,-0.22623810370153302,0.10605336959320488,15.13036505337545,100.0,85.05706010341679,-14.942939896583223,-10.845682183003952,daily_loss 8.69%,0,"{""daily_loss"": 1758, ""max_positions"": 155, ""sized_down"": 1}","{""AUDUSD=X"": -0.970392, ""EURUSD=X"": -3.892676, ""GBPUSD=X"": -8.155815, ""NZDUSD=X"": -1.924056}"
1m,12,range,0.75,45,pips,10.0,8.0,-125.6502024738634,2026-07-29 23:00:00+00:00,2026-08-05 03:27:00+00:00,6.185416666666667,123,19.885483327719772,23.577235772357724,16.947018225411902,31.80796436704988,-0.22958295197023001,0.15540736718931383,29.03101436972483,100.0,70.96898563027517,-29.031014369724826,-4.6934614002923265,daily_loss 8.02%,0,"{""daily_loss"": 5610, ""gross_leverage"": 8, ""max_positions"": 287, ""sized_down"": 8}","{""AUDUSD=X"": -1.77774, ""EURUSD=X"": -10.113103, ""GBPUSD=X"": -15.853706, ""NZDUSD=X"": -1.286466}",2026-08-05 03:25:00+00:00,2026-08-06 12:29:00+00:00,1.3777777777777778,65,47.17741935483871,18.461538461538463,10.888765378062985,29.554222582704913,-0.2195682815955343,0.13198937867118724,14.697781928242318,100.0,85.49059854030665,-14.509401459693354,-10.531017188487112,daily_loss 8.26%,0,"{""daily_loss"": 1758, ""max_positions"": 157, ""sized_down"": 1}","{""AUDUSD=X"": -0.970392, ""EURUSD=X"": -3.993086, ""GBPUSD=X"": -7.621867, ""NZDUSD=X"": -1.924056}"
1m,12,range,0.75,45,pips,20.0,3.0,-1000000000.0,2026-07-29 23:00:00+00:00,2026-08-05 03:27:00+00:00,6.185416666666667,0,0.0,0.0,0.0,0.0,0.0,0.0,0.0,100.0,100.0,0.0,0.0,none,0,"{""min_units"": 87}",{},2026-08-05 03:25:00+00:00,2026-08-06 12:29:00+00:00,1.3777777777777778,0,0.0,0.0,0.0,0.0,0.0,0.0,0.0,100.0,100.0,0.0,0.0,none,0,"{""min_units"": 38}",{}
1m,12,range,0.75,45,pips,20.0,5.0,-1000000000.0,2026-07-29 23:00:00+00:00,2026-08-05 03:27:00+00:00,6.185416666666667,0,0.0,0.0,0.0,0.0,0.0,0.0,0.0,100.0,100.0,0.0,0.0,none,0,"{""min_units"": 326}",{},2026-08-05 03:25:00+00:00,2026-08-06 12:29:00+00:00,1.3777777777777778,0,0.0,0.0,0.0,0.0,0.0,0.0,0.0,100.0,100.0,0.0,0.0,none,0,"{""min_units"": 142}",{}
1m,12,range,0.75,45,pips,20.0,8.0,-1000000000.0,2026-07-29 23:00:00+00:00,2026-08-05 03:27:00+00:00,6.185416666666667,0,0.0,0.0,0.0,0.0,0.0,0.0,0.0,100.0,100.0,0.0,0.0,none,0,"{""min_units"": 326}",{},2026-08-05 03:25:00+00:00,2026-08-06 12:29:00+00:00,1.3777777777777778,0,0.0,0.0,0.0,0.0,0.0,0.0,0.0,100.0,100.0,0.0,0.0,none,0,"{""min_units"": 142}",{}
1m,12,range,0.75,45,pips,40.0,3.0,-1000000000.0,2026-07-29 23:00:00+00:00,2026-08-05 03:27:00+00:00,6.185416666666667,0,0.0,0.0,0.0,0.0,0.0,0.0,0.0,100.0,100.0,0.0,0.0,none,0,"{""min_units"": 87}",{},2026-08-05 03:25:00+00:00,2026-08-06 12:29:00+00:00,1.3777777777777778,0,0.0,0.0,0.0,0.0,0.0,0.0,0.0,100.0,100.0,0.0,0.0,none,0,"{""min_units"": 38}",{}
1m,12,range,0.75,45,pips,40.0,5.0,-1000000000.0,2026-07-29 23:00:00+00:00,2026-08-05 03:27:00+00:00,6.185416666666667,0,0.0,0.0,0.0,0.0,0.0,0.0,0.0,100.0,100.0,0.0,0.0,none,0,"{""min_units"": 326}",{},2026-08-05 03:25:00+00:00,2026-08-06 12:29:00+00:00,1.3777777777777778,0,0.0,0.0,0.0,0.0,0.0,0.0,0.0,100.0,100.0,0.0,0.0,none,0,"{""min_units"": 142}",{}
1m,12,range,0.75,45,pips,40.0,8.0,-1000000000.0,2026-07-29 23:00:00+00:00,2026-08-05 03:27:00+00:00,6.185416666666667,0,0.0,0.0,0.0,0.0,0.0,0.0,0.0,100.0,100.0,0.0,0.0,none,0,"{""min_units"": 326}",{},2026-08-05 03:25:00+00:00,2026-08-06 12:29:00+00:00,1.3777777777777778,0,0.0,0.0,0.0,0.0,0.0,0.0,0.0,100.0,100.0,0.0,0.0,none,0,"{""min_units"": 142}",{}
1m,12,trend,0.25,40,pips,10.0,3.0,-119.15261966066096,2026-07-29 23:00:00+00:00,2026-08-05 03:27:00+00:00,6.185416666666667,44,7.1135062310542265,18.181818181818183,9.512692558258554,31.96083675514233,-0.1929758490215684,0.11281364215793674,9.27784894914108,100.0,90.8994804823397,-9.100519517660308,-1.4712864157888002,none,0,"{""max_positions"": 118}","{""AUDUSD=X"": -5.517134, ""NZDUSD=X"": -3.583386}",2026-08-05 03:25:00+00:00,2026-08-06 12:29:00+00:00,1.3777777777777778,18,13.064516129032258,16.666666666666664,5.836470400465757,39.222499638359245,-0.16127221816116266,0.1478192180569209,2.902899926900915,100.0,97.09710007309909,-2.9028999269009295,-2.1069434953313197,none,0,"{""max_positions"": 32}","{""AUDUSD=X"": -1.840878, ""NZDUSD=X"": -1.062022}"
1m,12,trend,0.25,40,pips,10.0,5.0,-130.69320757837298,2026-07-29 23:00:00+00:00,2026-08-05 03:27:00+00:00,6.185416666666667,111,17.94543617379589,19.81981981981982,13.468776471846022,28.189995262438416,-0.2680223672669664,0.13273465128501216,30.354946290623534,100.0,69.92047504424822,-30.07952495575184,-4.862974731815723,max_drawdown 30.35%,0,"{""daily_loss"": 5083, ""gross_leverage"": 6, ""max_drawdown"": 2612, ""max_positions"": 137, ""sized_down"": 6}","{""AUDUSD=X"": -3.675964, ""EURUSD=X"": -5.968912, ""GBPUSD=X"": -18.641809, ""NZDUSD=X"": -1.79284}",2026-08-05 03:25:00+00:00,2026-08-06 12:29:00+00:00,1.3777777777777778,55,39.91935483870968,14.545454545454545,7.559199016771778,26.16116208829674,-0.24139757000318446,0.055735513527487235,13.500975053310372,100.0,86.49902494668963,-13.500975053310395,-9.799094796757545,daily_loss 8.09%,0,"{""daily_loss"": 1893, ""max_positions"": 81}","{""AUDUSD=X"": -1.633246, ""EURUSD=X"": -2.893694, ""GBPUSD=X"": -8.236405, ""NZDUSD=X"": -0.73763}"
1m,12,trend,0.25,40,pips,10.0,8.0,-128.49491355900992,2026-07-29 23:00:00+00:00,2026-08-05 03:27:00+00:00,6.185416666666667,118,19.077130346918153,20.33898305084746,14.065893187319645,28.482464680600668,-0.2485443470437989,0.17827360793807467,30.03199480631162,100.0,70.34272485971316,-29.657275140286895,-4.794709352420919,max_drawdown 30.03%,0,"{""daily_loss"": 4589, ""gross_leverage"": 6, ""max_drawdown"": 2612, ""max_positions"": 155, ""sized_down"": 6}","{""AUDUSD=X"": -3.860957, ""EURUSD=X"": -6.301037, ""GBPUSD=X"": -17.895548, ""NZDUSD=X"": -1.599734}",2026-08-05 03:25:00+00:00,2026-08-06 12:29:00+00:00,1.3777777777777778,55,39.91935483870968,14.545454545454545,7.559199016771778,26.16116208829674,-0.24139757000318446,0.055735513527487235,13.500975053310372,100.0,86.49902494668963,-13.500975053310395,-9.799094796757545,daily_loss 8.09%,0,"{""daily_loss"": 1893, ""max_positions"": 81}","{""AUDUSD=X"": -1.633246, ""EURUSD=X"": -2.893694, ""GBPUSD=X"": -8.236405, ""NZDUSD=X"": -0.73763}"
1m,12,trend,0.25,40,pips,20.0,3.0,-1000000000.0,2026-07-29 23:00:00+00:00,2026-08-05 03:27:00+00:00,6.185416666666667,0,0.0,0.0,0.0,0.0,0.0,0.0,0.0,100.0,100.0,0.0,0.0,none,0,"{""min_units"": 55}",{},2026-08-05 03:25:00+00:00,2026-08-06 12:29:00+00:00,1.3777777777777778,0,0.0,0.0,0.0,0.0,0.0,0.0,0.0,100.0,100.0,0.0,0.0,none,0,"{""min_units"": 23}",{}
1m,12,trend,0.25,40,pips,20.0,5.0,-1000000000.0,2026-07-29 23:00:00+00:00,2026-08-05 03:27:00+00:00,6.185416666666667,0,0.0,0.0,0.0,0.0,0.0,0.0,0.0,100.0,100.0,0.0,0.0,none,0,"{""min_units"": 344}",{},2026-08-05 03:25:00+00:00,2026-08-06 12:29:00+00:00,1.3777777777777778,0,0.0,0.0,0.0,0.0,0.0,0.0,0.0,100.0,100.0,0.0,0.0,none,0,"{""min_units"": 124}",{}
1m,12,trend,0.25,40,pips,20.0,8.0,-1000000000.0,2026-07-29 23:00:00+00:00,2026-08-05 03:27:00+00:00,6.185416666666667,0,0.0,0.0,0.0,0.0,0.0,0.0,0.0,100.0,100.0,0.0,0.0,none,0,"{""min_units"": 344}",{},2026-08-05 03:25:00+00:00,2026-08-06 12:29:00+00:00,1.3777777777777778,0,0.0,0.0,0.0,0.0,0.0,0.0,0.0,100.0,100.0,0.0,0.0,none,0,"{""min_units"": 124}",{}
1m,12,trend,0.25,40,pips,40.0,3.0,-1000000000.0,2026-07-29 23:00:00+00:00,2026-08-05 03:27:00+00:00,6.185416666666667,0,0.0,0.0,0.0,0.0,0.0,0.0,0.0,100.0,100.0,0.0,0.0,none,0,"{""min_units"": 55}",{},2026-08-05 03:25:00+00:00,2026-08-06 12:29:00+00:00,1.3777777777777778,0,0.0,0.0,0.0,0.0,0.0,0.0,0.0,100.0,100.0,0.0,0.0,none,0,"{""min_units"": 23}",{}
1m,12,trend,0.25,40,pips,40.0,5.0,-1000000000.0,2026-07-29 23:00:00+00:00,2026-08-05 03:27:00+00:00,6.185416666666667,0,0.0,0.0,0.0,0.0,0.0,0.0,0.0,100.0,100.0,0.0,0.0,none,0,"{""min_units"": 344}",{},2026-08-05 03:25:00+00:00,2026-08-06 12:29:00+00:00,1.3777777777777778,0,0.0,0.0,0.0,0.0,0.0,0.0,0.0,100.0,100.0,0.0,0.0,none,0,"{""min_units"": 124}",{}
1m,12,trend,0.25,40,pips,40.0,8.0,-1000000000.0,2026-07-29 23:00:00+00:00,2026-08-05 03:27:00+00:00,6.185416666666667,0,0.0,0.0,0.0,0.0,0.0,0.0,0.0,100.0,100.0,0.0,0.0,none,0,"{""min_units"": 344}",{},2026-08-05 03:25:00+00:00,2026-08-06 12:29:00+00:00,1.3777777777777778,0,0.0,0.0,0.0,0.0,0.0,0.0,0.0,100.0,100.0,0.0,0.0,none,0,"{""min_units"": 124}",{}
1m,12,trend,0.25,45,pips,10.0,3.0,-119.15261966066096,2026-07-29 23:00:00+00:00,2026-08-05 03:27:00+00:00,6.185416666666667,44,7.1135062310542265,18.181818181818183,9.512692558258554,31.96083675514233,-0.1929758490215684,0.11281364215793674,9.27784894914108,100.0,90.8994804823397,-9.100519517660308,-1.4712864157888002,none,0,"{""max_positions"": 118}","{""AUDUSD=X"": -5.517134, ""NZDUSD=X"": -3.583386}",2026-08-05 03:25:00+00:00,2026-08-06 12:29:00+00:00,1.3777777777777778,18,13.064516129032258,16.666666666666664,5.836470400465757,39.222499638359245,-0.16127221816116266,0.1478192180569209,2.902899926900915,100.0,97.09710007309909,-2.9028999269009295,-2.1069434953313197,none,0,"{""max_positions"": 32}","{""AUDUSD=X"": -1.840878, ""NZDUSD=X"": -1.062022}"
1m,12,trend,0.25,45,pips,10.0,5.0,-130.69320757837298,2026-07-29 23:00:00+00:00,2026-08-05 03:27:00+00:00,6.185416666666667,111,17.94543617379589,19.81981981981982,13.468776471846022,28.189995262438416,-0.2680223672669664,0.13273465128501216,30.354946290623534,100.0,69.92047504424822,-30.07952495575184,-4.862974731815723,max_drawdown 30.35%,0,"{""daily_loss"": 5083, ""gross_leverage"": 6, ""max_drawdown"": 2612, ""max_positions"": 137, ""sized_down"": 6}","{""AUDUSD=X"": -3.675964, ""EURUSD=X"": -5.968912, ""GBPUSD=X"": -18.641809, ""NZDUSD=X"": -1.79284}",2026-08-05 03:25:00+00:00,2026-08-06 12:29:00+00:00,1.3777777777777778,55,39.91935483870968,14.545454545454545,7.559199016771778,26.16116208829674,-0.24139757000318446,0.055735513527487235,13.500975053310372,100.0,86.49902494668963,-13.500975053310395,-9.799094796757545,daily_loss 8.09%,0,"{""daily_loss"": 1893, ""max_positions"": 81}","{""AUDUSD=X"": -1.633246, ""EURUSD=X"": -2.893694, ""GBPUSD=X"": -8.236405, ""NZDUSD=X"": -0.73763}"
1m,12,trend,0.25,45,pips,10.0,8.0,-128.49491355900992,2026-07-29 23:00:00+00:00,2026-08-05 03:27:00+00:00,6.185416666666667,118,19.077130346918153,20.33898305084746,14.065893187319645,28.482464680600668,-0.2485443470437989,0.17827360793807467,30.03199480631162,100.0,70.34272485971316,-29.657275140286895,-4.794709352420919,max_drawdown 30.03%,0,"{""daily_loss"": 4589, ""gross_leverage"": 6, ""max_drawdown"": 2612, ""max_positions"": 155, ""sized_down"": 6}","{""AUDUSD=X"": -3.860957, ""EURUSD=X"": -6.301037, ""GBPUSD=X"": -17.895548, ""NZDUSD=X"": -1.599734}",2026-08-05 03:25:00+00:00,2026-08-06 12:29:00+00:00,1.3777777777777778,55,39.91935483870968,14.545454545454545,7.559199016771778,26.16116208829674,-0.24139757000318446,0.055735513527487235,13.500975053310372,100.0,86.49902494668963,-13.500975053310395,-9.799094796757545,daily_loss 8.09%,0,"{""daily_loss"": 1893, ""max_positions"": 81}","{""AUDUSD=X"": -1.633246, ""EURUSD=X"": -2.893694, ""GBPUSD=X"": -8.236405, ""NZDUSD=X"": -0.73763}"
1m,12,trend,0.25,45,pips,20.0,3.0,-1000000000.0,2026-07-29 23:00:00+00:00,2026-08-05 03:27:00+00:00,6.185416666666667,0,0.0,0.0,0.0,0.0,0.0,0.0,0.0,100.0,100.0,0.0,0.0,none,0,"{""min_units"": 55}",{},2026-08-05 03:25:00+00:00,2026-08-06 12:29:00+00:00,1.3777777777777778,0,0.0,0.0,0.0,0.0,0.0,0.0,0.0,100.0,100.0,0.0,0.0,none,0,"{""min_units"": 23}",{}
1m,12,trend,0.25,45,pips,20.0,5.0,-1000000000.0,2026-07-29 23:00:00+00:00,2026-08-05 03:27:00+00:00,6.185416666666667,0,0.0,0.0,0.0,0.0,0.0,0.0,0.0,100.0,100.0,0.0,0.0,none,0,"{""min_units"": 344}",{},2026-08-05 03:25:00+00:00,2026-08-06 12:29:00+00:00,1.3777777777777778,0,0.0,0.0,0.0,0.0,0.0,0.0,0.0,100.0,100.0,0.0,0.0,none,0,"{""min_units"": 124}",{}
1m,12,trend,0.25,45,pips,20.0,8.0,-1000000000.0,2026-07-29 23:00:00+00:00,2026-08-05 03:27:00+00:00,6.185416666666667,0,0.0,0.0,0.0,0.0,0.0,0.0,0.0,100.0,100.0,0.0,0.0,none,0,"{""min_units"": 344}",{},2026-08-05 03:25:00+00:00,2026-08-06 12:29:00+00:00,1.3777777777777778,0,0.0,0.0,0.0,0.0,0.0,0.0,0.0,100.0,100.0,0.0,0.0,none,0,"{""min_units"": 124}",{}
1m,12,trend,0.25,45,pips,40.0,3.0,-1000000000.0,2026-07-29 23:00:00+00:00,2026-08-05 03:27:00+00:00,6.185416666666667,0,0.0,0.0,0.0,0.0,0.0,0.0,0.0,100.0,100.0,0.0,0.0,none,0,"{""min_units"": 55}",{},2026-08-05 03:25:00+00:00,2026-08-06 12:29:00+00:00,1.3777777777777778,0,0.0,0.0,0.0,0.0,0.0,0.0,0.0,100.0,100.0,0.0,0.0,none,0,"{""min_units"": 23}",{}
1m,12,trend,0.25,45,pips,40.0,5.0,-1000000000.0,2026-07-29 23:00:00+00:00,2026-08-05 03:27:00+00:00,6.185416666666667,0,0.0,0.0,0.0,0.0,0.0,0.0,0.0,100.0,100.0,0.0,0.0,none,0,"{""min_units"": 344}",{},2026-08-05 03:25:00+00:00,2026-08-06 12:29:00+00:00,1.3777777777777778,0,0.0,0.0,0.0,0.0,0.0,0.0,0.0,100.0,100.0,0.0,0.0,none,0,"{""min_units"": 124}",{}
1m,12,trend,0.25,45,pips,40.0,8.0,-1000000000.0,2026-07-29 23:00:00+00:00,2026-08-05 03:27:00+00:00,6.185416666666667,0,0.0,0.0,0.0,0.0,0.0,0.0,0.0,100.0,100.0,0.0,0.0,none,0,"{""min_units"": 344}",{},2026-08-05 03:25:00+00:00,2026-08-06 12:29:00+00:00,1.3777777777777778,0,0.0,0.0,0.0,0.0,0.0,0.0,0.0,100.0,100.0,0.0,0.0,none,0,"{""min_units"": 124}",{}
1m,12,trend,0.75,40,pips,10.0,3.0,-119.15261966066096,2026-07-29 23:00:00+00:00,2026-08-05 03:27:00+00:00,6.185416666666667,44,7.1135062310542265,18.181818181818183,9.512692558258554,31.96083675514233,-0.1929758490215684,0.11281364215793674,9.27784894914108,100.0,90.8994804823397,-9.100519517660308,-1.4712864157888002,none,0,"{""max_positions"": 118}","{""AUDUSD=X"": -5.517134, ""NZDUSD=X"": -3.583386}",2026-08-05 03:25:00+00:00,2026-08-06 12:29:00+00:00,1.3777777777777778,18,13.064516129032258,16.666666666666664,5.836470400465757,39.222499638359245,-0.16127221816116266,0.1478192180569209,2.902899926900915,100.0,97.09710007309909,-2.9028999269009295,-2.1069434953313197,none,0,"{""max_positions"": 32}","{""AUDUSD=X"": -1.840878, ""NZDUSD=X"": -1.062022}"
1m,12,trend,0.75,40,pips,10.0,5.0,-130.69320757837298,2026-07-29 23:00:00+00:00,2026-08-05 03:27:00+00:00,6.185416666666667,111,17.94543617379589,19.81981981981982,13.468776471846022,28.189995262438416,-0.2680223672669664,0.13273465128501216,30.354946290623534,100.0,69.92047504424822,-30.07952495575184,-4.862974731815723,max_drawdown 30.35%,0,"{""daily_loss"": 5083, ""gross_leverage"": 6, ""max_drawdown"": 2612, ""max_positions"": 137, ""sized_down"": 6}","{""AUDUSD=X"": -3.675964, ""EURUSD=X"": -5.968912, ""GBPUSD=X"": -18.641809, ""NZDUSD=X"": -1.79284}",2026-08-05 03:25:00+00:00,2026-08-06 12:29:00+00:00,1.3777777777777778,55,39.91935483870968,14.545454545454545,7.559199016771778,26.16116208829674,-0.24139757000318446,0.055735513527487235,13.500975053310372,100.0,86.49902494668963,-13.500975053310395,-9.799094796757545,daily_loss 8.09%,0,"{""daily_loss"": 1893, ""max_positions"": 81}","{""AUDUSD=X"": -1.633246, ""EURUSD=X"": -2.893694, ""GBPUSD=X"": -8.236405, ""NZDUSD=X"": -0.73763}"
1m,12,trend,0.75,40,pips,10.0,8.0,-128.49491355900992,2026-07-29 23:00:00+00:00,2026-08-05 03:27:00+00:00,6.185416666666667,118,19.077130346918153,20.33898305084746,14.065893187319645,28.482464680600668,-0.2485443470437989,0.17827360793807467,30.03199480631162,100.0,70.34272485971316,-29.657275140286895,-4.794709352420919,max_drawdown 30.03%,0,"{""daily_loss"": 4589, ""gross_leverage"": 6, ""max_drawdown"": 2612, ""max_positions"": 155, ""sized_down"": 6}","{""AUDUSD=X"": -3.860957, ""EURUSD=X"": -6.301037, ""GBPUSD=X"": -17.895548, ""NZDUSD=X"": -1.599734}",2026-08-05 03:25:00+00:00,2026-08-06 12:29:00+00:00,1.3777777777777778,55,39.91935483870968,14.545454545454545,7.559199016771778,26.16116208829674,-0.24139757000318446,0.055735513527487235,13.500975053310372,100.0,86.49902494668963,-13.500975053310395,-9.799094796757545,daily_loss 8.09%,0,"{""daily_loss"": 1893, ""max_positions"": 81}","{""AUDUSD=X"": -1.633246, ""EURUSD=X"": -2.893694, ""GBPUSD=X"": -8.236405, ""NZDUSD=X"": -0.73763}"
1m,12,trend,0.75,40,pips,20.0,3.0,-1000000000.0,2026-07-29 23:00:00+00:00,2026-08-05 03:27:00+00:00,6.185416666666667,0,0.0,0.0,0.0,0.0,0.0,0.0,0.0,100.0,100.0,0.0,0.0,none,0,"{""min_units"": 55}",{},2026-08-05 03:25:00+00:00,2026-08-06 12:29:00+00:00,1.3777777777777778,0,0.0,0.0,0.0,0.0,0.0,0.0,0.0,100.0,100.0,0.0,0.0,none,0,"{""min_units"": 23}",{}
1m,12,trend,0.75,40,pips,20.0,5.0,-1000000000.0,2026-07-29 23:00:00+00:00,2026-08-05 03:27:00+00:00,6.185416666666667,0,0.0,0.0,0.0,0.0,0.0,0.0,0.0,100.0,100.0,0.0,0.0,none,0,"{""min_units"": 344}",{},2026-08-05 03:25:00+00:00,2026-08-06 12:29:00+00:00,1.3777777777777778,0,0.0,0.0,0.0,0.0,0.0,0.0,0.0,100.0,100.0,0.0,0.0,none,0,"{""min_units"": 124}",{}
1m,12,trend,0.75,40,pips,20.0,8.0,-1000000000.0,2026-07-29 23:00:00+00:00,2026-08-05 03:27:00+00:00,6.185416666666667,0,0.0,0.0,0.0,0.0,0.0,0.0,0.0,100.0,100.0,0.0,0.0,none,0,"{""min_units"": 344}",{},2026-08-05 03:25:00+00:00,2026-08-06 12:29:00+00:00,1.3777777777777778,0,0.0,0.0,0.0,0.0,0.0,0.0,0.0,100.0,100.0,0.0,0.0,none,0,"{""min_units"": 124}",{}
1m,12,trend,0.75,40,pips,40.0,3.0,-1000000000.0,2026-07-29 23:00:00+00:00,2026-08-05 03:27:00+00:00,6.185416666666667,0,0.0,0.0,0.0,0.0,0.0,0.0,0.0,100.0,100.0,0.0,0.0,none,0,"{""min_units"": 55}",{},2026-08-05 03:25:00+00:00,2026-08-06 12:29:00+00:00,1.3777777777777778,0,0.0,0.0,0.0,0.0,0.0,0.0,0.0,100.0,100.0,0.0,0.0,none,0,"{""min_units"": 23}",{}
1m,12,trend,0.75,40,pips,40.0,5.0,-1000000000.0,2026-07-29 23:00:00+00:00,2026-08-05 03:27:00+00:00,6.185416666666667,0,0.0,0.0,0.0,0.0,0.0,0.0,0.0,100.0,100.0,0.0,0.0,none,0,"{""min_units"": 344}",{},2026-08-05 03:25:00+00:00,2026-08-06 12:29:00+00:00,1.3777777777777778,0,0.0,0.0,0.0,0.0,0.0,0.0,0.0,100.0,100.0,0.0,0.0,none,0,"{""min_units"": 124}",{}
1m,12,trend,0.75,40,pips,40.0,8.0,-1000000000.0,2026-07-29 23:00:00+00:00,2026-08-05 03:27:00+00:00,6.185416666666667,0,0.0,0.0,0.0,0.0,0.0,0.0,0.0,100.0,100.0,0.0,0.0,none,0,"{""min_units"": 344}",{},2026-08-05 03:25:00+00:00,2026-08-06 12:29:00+00:00,1.3777777777777778,0,0.0,0.0,0.0,0.0,0.0,0.0,0.0,100.0,100.0,0.0,0.0,none,0,"{""min_units"": 124}",{}
1m,12,trend,0.75,45,pips,10.0,3.0,-119.15261966066096,2026-07-29 23:00:00+00:00,2026-08-05 03:27:00+00:00,6.185416666666667,44,7.1135062310542265,18.181818181818183,9.512692558258554,31.96083675514233,-0.1929758490215684,0.11281364215793674,9.27784894914108,100.0,90.8994804823397,-9.100519517660308,-1.4712864157888002,none,0,"{""max_positions"": 118}","{""AUDUSD=X"": -5.517134, ""NZDUSD=X"": -3.583386}",2026-08-05 03:25:00+00:00,2026-08-06 12:29:00+00:00,1.3777777777777778,18,13.064516129032258,16.666666666666664,5.836470400465757,39.222499638359245,-0.16127221816116266,0.1478192180569209,2.902899926900915,100.0,97.09710007309909,-2.9028999269009295,-2.1069434953313197,none,0,"{""max_positions"": 32}","{""AUDUSD=X"": -1.840878, ""NZDUSD=X"": -1.062022}"
1m,12,trend,0.75,45,pips,10.0,5.0,-130.69320757837298,2026-07-29 23:00:00+00:00,2026-08-05 03:27:00+00:00,6.185416666666667,111,17.94543617379589,19.81981981981982,13.468776471846022,28.189995262438416,-0.2680223672669664,0.13273465128501216,30.354946290623534,100.0,69.92047504424822,-30.07952495575184,-4.862974731815723,max_drawdown 30.35%,0,"{""daily_loss"": 5083, ""gross_leverage"": 6, ""max_drawdown"": 2612, ""max_positions"": 137, ""sized_down"": 6}","{""AUDUSD=X"": -3.675964, ""EURUSD=X"": -5.968912, ""GBPUSD=X"": -18.641809, ""NZDUSD=X"": -1.79284}",2026-08-05 03:25:00+00:00,2026-08-06 12:29:00+00:00,1.3777777777777778,55,39.91935483870968,14.545454545454545,7.559199016771778,26.16116208829674,-0.24139757000318446,0.055735513527487235,13.500975053310372,100.0,86.49902494668963,-13.500975053310395,-9.799094796757545,daily_loss 8.09%,0,"{""daily_loss"": 1893, ""max_positions"": 81}","{""AUDUSD=X"": -1.633246, ""EURUSD=X"": -2.893694, ""GBPUSD=X"": -8.236405, ""NZDUSD=X"": -0.73763}"
1m,12,trend,0.75,45,pips,10.0,8.0,-128.49491355900992,2026-07-29 23:00:00+00:00,2026-08-05 03:27:00+00:00,6.185416666666667,118,19.077130346918153,20.33898305084746,14.065893187319645,28.482464680600668,-0.2485443470437989,0.17827360793807467,30.03199480631162,100.0,70.34272485971316,-29.657275140286895,-4.794709352420919,max_drawdown 30.03%,0,"{""daily_loss"": 4589, ""gross_leverage"": 6, ""max_drawdown"": 2612, ""max_positions"": 155, ""sized_down"": 6}","{""AUDUSD=X"": -3.860957, ""EURUSD=X"": -6.301037, ""GBPUSD=X"": -17.895548, ""NZDUSD=X"": -1.599734}",2026-08-05 03:25:00+00:00,2026-08-06 12:29:00+00:00,1.3777777777777778,55,39.91935483870968,14.545454545454545,7.559199016771778,26.16116208829674,-0.24139757000318446,0.055735513527487235,13.500975053310372,100.0,86.49902494668963,-13.500975053310395,-9.799094796757545,daily_loss 8.09%,0,"{""daily_loss"": 1893, ""max_positions"": 81}","{""AUDUSD=X"": -1.633246, ""EURUSD=X"": -2.893694, ""GBPUSD=X"": -8.236405, ""NZDUSD=X"": -0.73763}"
1m,12,trend,0.75,45,pips,20.0,3.0,-1000000000.0,2026-07-29 23:00:00+00:00,2026-08-05 03:27:00+00:00,6.185416666666667,0,0.0,0.0,0.0,0.0,0.0,0.0,0.0,100.0,100.0,0.0,0.0,none,0,"{""min_units"": 55}",{},2026-08-05 03:25:00+00:00,2026-08-06 12:29:00+00:00,1.3777777777777778,0,0.0,0.0,0.0,0.0,0.0,0.0,0.0,100.0,100.0,0.0,0.0,none,0,"{""min_units"": 23}",{}
1m,12,trend,0.75,45,pips,20.0,5.0,-1000000000.0,2026-07-29 23:00:00+00:00,2026-08-05 03:27:00+00:00,6.185416666666667,0,0.0,0.0,0.0,0.0,0.0,0.0,0.0,100.0,100.0,0.0,0.0,none,0,"{""min_units"": 344}",{},2026-08-05 03:25:00+00:00,2026-08-06 12:29:00+00:00,1.3777777777777778,0,0.0,0.0,0.0,0.0,0.0,0.0,0.0,100.0,100.0,0.0,0.0,none,0,"{""min_units"": 124}",{}
1m,12,trend,0.75,45,pips,20.0,8.0,-1000000000.0,2026-07-29 23:00:00+00:00,2026-08-05 03:27:00+00:00,6.185416666666667,0,0.0,0.0,0.0,0.0,0.0,0.0,0.0,100.0,100.0,0.0,0.0,none,0,"{""min_units"": 344}",{},2026-08-05 03:25:00+00:00,2026-08-06 12:29:00+00:00,1.3777777777777778,0,0.0,0.0,0.0,0.0,0.0,0.0,0.0,100.0,100.0,0.0,0.0,none,0,"{""min_units"": 124}",{}
1m,12,trend,0.75,45,pips,40.0,3.0,-1000000000.0,2026-07-29 23:00:00+00:00,2026-08-05 03:27:00+00:00,6.185416666666667,0,0.0,0.0,0.0,0.0,0.0,0.0,0.0,100.0,100.0,0.0,0.0,none,0,"{""min_units"": 55}",{},2026-08-05 03:25:00+00:00,2026-08-06 12:29:00+00:00,1.3777777777777778,0,0.0,0.0,0.0,0.0,0.0,0.0,0.0,100.0,100.0,0.0,0.0,none,0,"{""min_units"": 23}",{}
1m,12,trend,0.75,45,pips,40.0,5.0,-1000000000.0,2026-07-29 23:00:00+00:00,2026-08-05 03:27:00+00:00,6.185416666666667,0,0.0,0.0,0.0,0.0,0.0,0.0,0.0,100.0,100.0,0.0,0.0,none,0,"{""min_units"": 344}",{},2026-08-05 03:25:00+00:00,2026-08-06 12:29:00+00:00,1.3777777777777778,0,0.0,0.0,0.0,0.0,0.0,0.0,0.0,100.0,100.0,0.0,0.0,none,0,"{""min_units"": 124}",{}
1m,12,trend,0.75,45,pips,40.0,8.0,-1000000000.0,2026-07-29 23:00:00+00:00,2026-08-05 03:27:00+00:00,6.185416666666667,0,0.0,0.0,0.0,0.0,0.0,0.0,0.0,100.0,100.0,0.0,0.0,none,0,"{""min_units"": 344}",{},2026-08-05 03:25:00+00:00,2026-08-06 12:29:00+00:00,1.3777777777777778,0,0.0,0.0,0.0,0.0,0.0,0.0,0.0,100.0,100.0,0.0,0.0,none,0,"{""min_units"": 124}",{}
1m,12,both,0.25,40,pips,10.0,3.0,-114.21567464903839,2026-07-29 23:00:00+00:00,2026-08-05 03:27:00+00:00,6.185416666666667,64,10.346918154260694,28.125,18.593226105484582,40.1341623995035,-0.14932092610747227,0.21061734229700996,9.880307143934864,100.0,90.2958446967598,-9.704155303240219,-1.5688765731072094,none,0,"{""max_positions"": 180}","{""AUDUSD=X"": -5.787786, ""NZDUSD=X"": -3.91637}",2026-08-05 03:25:00+00:00,2026-08-06 12:29:00+00:00,1.3777777777777778,25,18.14516129032258,16.0,6.403347608577989,34.65401398023816,-0.1393513345241585,0.16689140491069107,3.4837833631039388,100.0,96.51621663689606,-3.483783363103966,-2.5285524409625557,none,0,"{""max_positions"": 62}","{""AUDUSD=X"": -2.017868, ""NZDUSD=X"": -1.465915}"
1m,12,both,0.25,40,pips,10.0,5.0,-126.38431644953398,2026-07-29 23:00:00+00:00,2026-08-05 03:27:00+00:00,6.185416666666667,125,20.208824520040416,23.200000000000003,16.666666666666668,31.33149541762909,-0.22254884146693832,0.1596819495654482,29.058826183082086,100.0,70.94117381691791,-29.05882618308212,-4.6979577527381,daily_loss 8.09%,0,"{""daily_loss"": 7738, ""gross_leverage"": 7, ""max_positions"": 212, ""sized_down"": 7}","{""AUDUSD=X"": -1.111144, ""EURUSD=X"": -6.877609, ""GBPUSD=X"": -19.599767, ""NZDUSD=X"": -1.470306}",2026-08-05 03:25:00+00:00,2026-08-06 12:29:00+00:00,1.3777777777777778,63,45.725806451612904,11.11111111111111,5.487478965589834,21.20488028373993,-0.22989145458694396,0.056531264273862486,14.707270342112553,100.0,85.29272965788745,-14.707270342112587,-10.674631699920425,daily_loss 8.06%,0,"{""daily_loss"": 2159, ""max_positions"": 112}","{""AUDUSD=X"": -1.2576, ""EURUSD=X"": -2.275147, ""GBPUSD=X"": -10.053096, ""NZDUSD=X"": -1.121427}"
1m,12,both,0.25,40,pips,10.0,8.0,-128.49309520278717,2026-07-29 23:00:00+00:00,2026-08-05 03:27:00+00:00,6.185416666666667,114,18.43044796227686,20.175438596491226,13.836966525548048,28.45845376745544,-0.24722788233508455,0.1318439961006725,29.42419958591438,100.0,70.57580041408562,-29.424199585914394,-4.757027888595119,daily_loss 8.07%,0,"{""daily_loss"": 8168, ""gross_leverage"": 8, ""max_positions"": 207, ""sized_down"": 8}","{""AUDUSD=X"": -1.223631, ""EURUSD=X"": -8.02457, ""GBPUSD=X"": -19.107812, ""NZDUSD=X"": -1.068187}",2026-08-05 03:25:00+00:00,2026-08-06 12:29:00+00:00,1.3777777777777778,62,45.0,11.29032258064516,5.577792691334926,21.51996920995545,-0.22592677599002883,0.05133192076521824,14.231568814516935,100.0,85.76843118548307,-14.231568814516958,-10.329364462149405,daily_loss 8.09%,0,"{""daily_loss"": 2167, ""max_positions"": 109}","{""AUDUSD=X"": -1.2576, ""EURUSD=X"": -2.375558, ""GBPUSD=X"": -9.476984, ""NZDUSD=X"": -1.121427}"
1m,12,both,0.25,40,pips,20.0,3.0,-1000000000.0,2026-07-29 23:00:00+00:00,2026-08-05 03:27:00+00:00,6.185416666666667,0,0.0,0.0,0.0,0.0,0.0,0.0,0.0,100.0,100.0,0.0,0.0,none,0,"{""min_units"": 82}",{},2026-08-05 03:25:00+00:00,2026-08-06 12:29:00+00:00,1.3777777777777778,0,0.0,0.0,0.0,0.0,0.0,0.0,0.0,100.0,100.0,0.0,0.0,none,0,"{""min_units"": 34}",{}
1m,12,both,0.25,40,pips,20.0,5.0,-1000000000.0,2026-07-29 23:00:00+00:00,2026-08-05 03:27:00+00:00,6.185416666666667,0,0.0,0.0,0.0,0.0,0.0,0.0,0.0,100.0,100.0,0.0,0.0,none,0,"{""min_units"": 475}",{},2026-08-05 03:25:00+00:00,2026-08-06 12:29:00+00:00,1.3777777777777778,0,0.0,0.0,0.0,0.0,0.0,0.0,0.0,100.0,100.0,0.0,0.0,none,0,"{""min_units"": 179}",{}
1m,12,both,0.25,40,pips,20.0,8.0,-1000000000.0,2026-07-29 23:00:00+00:00,2026-08-05 03:27:00+00:00,6.185416666666667,0,0.0,0.0,0.0,0.0,0.0,0.0,0.0,100.0,100.0,0.0,0.0,none,0,"{""min_units"": 475}",{},2026-08-05 03:25:00+00:00,2026-08-06 12:29:00+00:00,1.3777777777777778,0,0.0,0.0,0.0,0.0,0.0,0.0,0.0,100.0,100.0,0.0,0.0,none,0,"{""min_units"": 179}",{}
1m,12,both,0.25,40,pips,40.0,3.0,-1000000000.0,2026-07-29 23:00:00+00:00,2026-08-05 03:27:00+00:00,6.185416666666667,0,0.0,0.0,0.0,0.0,0.0,0.0,0.0,100.0,100.0,0.0,0.0,none,0,"{""min_units"": 82}",{},2026-08-05 03:25:00+00:00,2026-08-06 12:29:00+00:00,1.3777777777777778,0,0.0,0.0,0.0,0.0,0.0,0.0,0.0,100.0,100.0,0.0,0.0,none,0,"{""min_units"": 34}",{}
1m,12,both,0.25,40,pips,40.0,5.0,-1000000000.0,2026-07-29 23:00:00+00:00,2026-08-05 03:27:00+00:00,6.185416666666667,0,0.0,0.0,0.0,0.0,0.0,0.0,0.0,100.0,100.0,0.0,0.0,none,0,"{""min_units"": 475}",{},2026-08-05 03:25:00+00:00,2026-08-06 12:29:00+00:00,1.3777777777777778,0,0.0,0.0,0.0,0.0,0.0,0.0,0.0,100.0,100.0,0.0,0.0,none,0,"{""min_units"": 179}",{}
1m,12,both,0.25,40,pips,40.0,8.0,-1000000000.0,2026-07-29 23:00:00+00:00,2026-08-05 03:27:00+00:00,6.185416666666667,0,0.0,0.0,0.0,0.0,0.0,0.0,0.0,100.0,100.0,0.0,0.0,none,0,"{""min_units"": 475}",{},2026-08-05 03:25:00+00:00,2026-08-06 12:29:00+00:00,1.3777777777777778,0,0.0,0.0,0.0,0.0,0.0,0.0,0.0,100.0,100.0,0.0,0.0,none,0,"{""min_units"": 179}",{}
1m,12,both,0.25,45,pips,10.0,3.0,-115.24669155815333,2026-07-29 23:00:00+00:00,2026-08-05 03:27:00+00:00,6.185416666666667,97,15.682047827551363,28.865979381443296,20.7901259917661,38.552050252958296,-0.15404445514237097,0.20755640279997,15.684069669577354,100.0,84.48073788642829,-15.51926211357173,-2.509008357869461,none,0,"{""max_positions"": 286}","{""AUDUSD=X"": -8.674059, ""NZDUSD=X"": -6.845203}",2026-08-05 03:25:00+00:00,2026-08-06 12:29:00+00:00,1.3777777777777778,39,28.306451612903228,20.51282051282051,10.779590197911117,35.53427296312862,-0.14985916045996184,0.14016463474087545,6.525061260564978,100.0,93.63674889564503,-6.363251104354989,-4.618488704773782,none,0,"{""max_positions"": 126}","{""AUDUSD=X"": -3.190208, ""NZDUSD=X"": -3.173043}"
1m,12,both,0.25,45,pips,10.0,5.0,-127.94446132632724,2026-07-29 23:00:00+00:00,2026-08-05 03:27:00+00:00,6.185416666666667,121,19.562142135399124,19.834710743801654,13.706713532662643,27.819188089873425,-0.24271881048347382,0.12175394951626177,30.161287345886933,100.0,69.83871265411307,-30.161287345887008,-4.876193306172369,max_drawdown 30.02%,0,"{""daily_loss"": 6516, ""gross_leverage"": 16, ""max_drawdown"": 2720, ""max_positions"": 251, ""sized_down"": 16}","{""AUDUSD=X"": -3.507463, ""EURUSD=X"": -7.898562, ""GBPUSD=X"": -16.848202, ""NZDUSD=X"": -1.907061}",2026-08-05 03:25:00+00:00,2026-08-06 12:29:00+00:00,1.3777777777777778,73,52.983870967741936,12.32876712328767,6.623676164045252,21.800510734717914,-0.22246579359658616,0.06339637640352475,16.46411163568564,100.0,83.53588836431436,-16.46411163568569,-11.949758445255743,daily_loss 8.35%,0,"{""daily_loss"": 2489, ""max_positions"": 176}","{""AUDUSD=X"": -1.317718, ""EURUSD=X"": -2.865193, ""GBPUSD=X"": -11.403162, ""NZDUSD=X"": -0.878039}"
1m,12,both,0.25,45,pips,10.0,8.0,-127.73458531962807,2026-07-29 23:00:00+00:00,2026-08-05 03:27:00+00:00,6.185416666666667,122,19.72381273155945,19.672131147540984,13.591035553474008,27.604880582366604,-0.2409566423052888,0.12371954223646627,30.189021638631775,100.0,69.81097836136823,-30.18902163863182,-4.880677125814508,max_drawdown 30.19%,0,"{""daily_loss"": 8579, ""gross_leverage"": 17, ""max_drawdown"": 619, ""max_positions"": 267, ""sized_down"": 17}","{""AUDUSD=X"": -2.850464, ""EURUSD=X"": -7.601174, ""GBPUSD=X"": -17.883335, ""NZDUSD=X"": -1.854049}",2026-08-05 03:25:00+00:00,2026-08-06 12:29:00+00:00,1.3777777777777778,72,52.25806451612903,12.5,6.717708293105555,22.08126219274917,-0.21755404088235233,0.06495248216496796,15.887999646664284,100.0,84.11200035333572,-15.88799964666433,-11.531612646772498,daily_loss 8.18%,0,"{""daily_loss"": 2480, ""max_positions"": 175}","{""AUDUSD=X"": -1.317718, ""EURUSD=X"": -2.865193, ""GBPUSD=X"": -10.82705, ""NZDUSD=X"": -0.878039}"
1m,12,both,0.25,45,pips,20.0,3.0,-1000000000.0,2026-07-29 23:00:00+00:00,2026-08-05 03:27:00+00:00,6.185416666666667,0,0.0,0.0,0.0,0.0,0.0,0.0,0.0,100.0,100.0,0.0,0.0,none,0,"{""min_units"": 143}",{},2026-08-05 03:25:00+00:00,2026-08-06 12:29:00+00:00,1.3777777777777778,0,0.0,0.0,0.0,0.0,0.0,0.0,0.0,100.0,100.0,0.0,0.0,none,0,"{""min_units"": 61}",{}
1m,12,both,0.25,45,pips,20.0,5.0,-1000000000.0,2026-07-29 23:00:00+00:00,2026-08-05 03:27:00+00:00,6.185416666666667,0,0.0,0.0,0.0,0.0,0.0,0.0,0.0,100.0,100.0,0.0,0.0,none,0,"{""min_units"": 676}",{},2026-08-05 03:25:00+00:00,2026-08-06 12:29:00+00:00,1.3777777777777778,0,0.0,0.0,0.0,0.0,0.0,0.0,0.0,100.0,100.0,0.0,0.0,none,0,"{""min_units"": 266}",{}
1m,12,both,0.25,45,pips,20.0,8.0,-1000000000.0,2026-07-29 23:00:00+00:00,2026-08-05 03:27:00+00:00,6.185416666666667,0,0.0,0.0,0.0,0.0,0.0,0.0,0.0,100.0,100.0,0.0,0.0,none,0,"{""min_units"": 676}",{},2026-08-05 03:25:00+00:00,2026-08-06 12:29:00+00:00,1.3777777777777778,0,0.0,0.0,0.0,0.0,0.0,0.0,0.0,100.0,100.0,0.0,0.0,none,0,"{""min_units"": 266}",{}
1m,12,both,0.25,45,pips,40.0,3.0,-1000000000.0,2026-07-29 23:00:00+00:00,2026-08-05 03:27:00+00:00,6.185416666666667,0,0.0,0.0,0.0,0.0,0.0,0.0,0.0,100.0,100.0,0.0,0.0,none,0,"{""min_units"": 143}",{},2026-08-05 03:25:00+00:00,2026-08-06 12:29:00+00:00,1.3777777777777778,0,0.0,0.0,0.0,0.0,0.0,0.0,0.0,100.0,100.0,0.0,0.0,none,0,"{""min_units"": 61}",{}
1m,12,both,0.25,45,pips,40.0,5.0,-1000000000.0,2026-07-29 23:00:00+00:00,2026-08-05 03:27:00+00:00,6.185416666666667,0,0.0,0.0,0.0,0.0,0.0,0.0,0.0,100.0,100.0,0.0,0.0,none,0,"{""min_units"": 676}",{},2026-08-05 03:25:00+00:00,2026-08-06 12:29:00+00:00,1.3777777777777778,0,0.0,0.0,0.0,0.0,0.0,0.0,0.0,100.0,100.0,0.0,0.0,none,0,"{""min_units"": 266}",{}
1m,12,both,0.25,45,pips,40.0,8.0,-1000000000.0,2026-07-29 23:00:00+00:00,2026-08-05 03:27:00+00:00,6.185416666666667,0,0.0,0.0,0.0,0.0,0.0,0.0,0.0,100.0,100.0,0.0,0.0,none,0,"{""min_units"": 676}",{},2026-08-05 03:25:00+00:00,2026-08-06 12:29:00+00:00,1.3777777777777778,0,0.0,0.0,0.0,0.0,0.0,0.0,0.0,100.0,100.0,0.0,0.0,none,0,"{""min_units"": 266}",{}
1m,12,both,0.75,40,pips,10.0,3.0,-114.21567464903839,2026-07-29 23:00:00+00:00,2026-08-05 03:27:00+00:00,6.185416666666667,64,10.346918154260694,28.125,18.593226105484582,40.1341623995035,-0.14932092610747227,0.21061734229700996,9.880307143934864,100.0,90.2958446967598,-9.704155303240219,-1.5688765731072094,none,0,"{""max_positions"": 180}","{""AUDUSD=X"": -5.787786, ""NZDUSD=X"": -3.91637}",2026-08-05 03:25:00+00:00,2026-08-06 12:29:00+00:00,1.3777777777777778,25,18.14516129032258,16.0,6.403347608577989,34.65401398023816,-0.1393513345241585,0.16689140491069107,3.4837833631039388,100.0,96.51621663689606,-3.483783363103966,-2.5285524409625557,none,0,"{""max_positions"": 62}","{""AUDUSD=X"": -2.017868, ""NZDUSD=X"": -1.465915}"
1m,12,both,0.75,40,pips,10.0,5.0,-126.38431644953398,2026-07-29 23:00:00+00:00,2026-08-05 03:27:00+00:00,6.185416666666667,125,20.208824520040416,23.200000000000003,16.666666666666668,31.33149541762909,-0.22254884146693832,0.1596819495654482,29.058826183082086,100.0,70.94117381691791,-29.05882618308212,-4.6979577527381,daily_loss 8.09%,0,"{""daily_loss"": 7738, ""gross_leverage"": 7, ""max_positions"": 212, ""sized_down"": 7}","{""AUDUSD=X"": -1.111144, ""EURUSD=X"": -6.877609, ""GBPUSD=X"": -19.599767, ""NZDUSD=X"": -1.470306}",2026-08-05 03:25:00+00:00,2026-08-06 12:29:00+00:00,1.3777777777777778,63,45.725806451612904,11.11111111111111,5.487478965589834,21.20488028373993,-0.22989145458694396,0.056531264273862486,14.707270342112553,100.0,85.29272965788745,-14.707270342112587,-10.674631699920425,daily_loss 8.06%,0,"{""daily_loss"": 2159, ""max_positions"": 112}","{""AUDUSD=X"": -1.2576, ""EURUSD=X"": -2.275147, ""GBPUSD=X"": -10.053096, ""NZDUSD=X"": -1.121427}"
1m,12,both,0.75,40,pips,10.0,8.0,-128.49309520278717,2026-07-29 23:00:00+00:00,2026-08-05 03:27:00+00:00,6.185416666666667,114,18.43044796227686,20.175438596491226,13.836966525548048,28.45845376745544,-0.24722788233508455,0.1318439961006725,29.42419958591438,100.0,70.57580041408562,-29.424199585914394,-4.757027888595119,daily_loss 8.07%,0,"{""daily_loss"": 8168, ""gross_leverage"": 8, ""max_positions"": 207, ""sized_down"": 8}","{""AUDUSD=X"": -1.223631, ""EURUSD=X"": -8.02457, ""GBPUSD=X"": -19.107812, ""NZDUSD=X"": -1.068187}",2026-08-05 03:25:00+00:00,2026-08-06 12:29:00+00:00,1.3777777777777778,62,45.0,11.29032258064516,5.577792691334926,21.51996920995545,-0.22592677599002883,0.05133192076521824,14.231568814516935,100.0,85.76843118548307,-14.231568814516958,-10.329364462149405,daily_loss 8.09%,0,"{""daily_loss"": 2167, ""max_positions"": 109}","{""AUDUSD=X"": -1.2576, ""EURUSD=X"": -2.375558, ""GBPUSD=X"": -9.476984, ""NZDUSD=X"": -1.121427}"
1m,12,both,0.75,40,pips,20.0,3.0,-1000000000.0,2026-07-29 23:00:00+00:00,2026-08-05 03:27:00+00:00,6.185416666666667,0,0.0,0.0,0.0,0.0,0.0,0.0,0.0,100.0,100.0,0.0,0.0,none,0,"{""min_units"": 82}",{},2026-08-05 03:25:00+00:00,2026-08-06 12:29:00+00:00,1.3777777777777778,0,0.0,0.0,0.0,0.0,0.0,0.0,0.0,100.0,100.0,0.0,0.0,none,0,"{""min_units"": 34}",{}
1m,12,both,0.75,40,pips,20.0,5.0,-1000000000.0,2026-07-29 23:00:00+00:00,2026-08-05 03:27:00+00:00,6.185416666666667,0,0.0,0.0,0.0,0.0,0.0,0.0,0.0,100.0,100.0,0.0,0.0,none,0,"{""min_units"": 475}",{},2026-08-05 03:25:00+00:00,2026-08-06 12:29:00+00:00,1.3777777777777778,0,0.0,0.0,0.0,0.0,0.0,0.0,0.0,100.0,100.0,0.0,0.0,none,0,"{""min_units"": 179}",{}
1m,12,both,0.75,40,pips,20.0,8.0,-1000000000.0,2026-07-29 23:00:00+00:00,2026-08-05 03:27:00+00:00,6.185416666666667,0,0.0,0.0,0.0,0.0,0.0,0.0,0.0,100.0,100.0,0.0,0.0,none,0,"{""min_units"": 475}",{},2026-08-05 03:25:00+00:00,2026-08-06 12:29:00+00:00,1.3777777777777778,0,0.0,0.0,0.0,0.0,0.0,0.0,0.0,100.0,100.0,0.0,0.0,none,0,"{""min_units"": 179}",{}
1m,12,both,0.75,40,pips,40.0,3.0,-1000000000.0,2026-07-29 23:00:00+00:00,2026-08-05 03:27:00+00:00,6.185416666666667,0,0.0,0.0,0.0,0.0,0.0,0.0,0.0,100.0,100.0,0.0,0.0,none,0,"{""min_units"": 82}",{},2026-08-05 03:25:00+00:00,2026-08-06 12:29:00+00:00,1.3777777777777778,0,0.0,0.0,0.0,0.0,0.0,0.0,0.0,100.0,100.0,0.0,0.0,none,0,"{""min_units"": 34}",{}
1m,12,both,0.75,40,pips,40.0,5.0,-1000000000.0,2026-07-29 23:00:00+00:00,2026-08-05 03:27:00+00:00,6.185416666666667,0,0.0,0.0,0.0,0.0,0.0,0.0,0.0,100.0,100.0,0.0,0.0,none,0,"{""min_units"": 475}",{},2026-08-05 03:25:00+00:00,2026-08-06 12:29:00+00:00,1.3777777777777778,0,0.0,0.0,0.0,0.0,0.0,0.0,0.0,100.0,100.0,0.0,0.0,none,0,"{""min_units"": 179}",{}
1m,12,both,0.75,40,pips,40.0,8.0,-1000000000.0,2026-07-29 23:00:00+00:00,2026-08-05 03:27:00+00:00,6.185416666666667,0,0.0,0.0,0.0,0.0,0.0,0.0,0.0,100.0,100.0,0.0,0.0,none,0,"{""min_units"": 475}",{},2026-08-05 03:25:00+00:00,2026-08-06 12:29:00+00:00,1.3777777777777778,0,0.0,0.0,0.0,0.0,0.0,0.0,0.0,100.0,100.0,0.0,0.0,none,0,"{""min_units"": 179}",{}
1m,12,both,0.75,45,pips,10.0,3.0,-115.20703456081692,2026-07-29 23:00:00+00:00,2026-08-05 03:27:00+00:00,6.185416666666667,96,15.520377231391041,29.166666666666668,21.016461419964404,38.92007805856961,-0.15383896141003148,0.20941456495130537,15.51063681547137,100.0,84.65450973987525,-15.34549026012477,-2.480914558726807,none,0,"{""max_positions"": 286}","{""AUDUSD=X"": -8.500287, ""NZDUSD=X"": -6.845203}",2026-08-05 03:25:00+00:00,2026-08-06 12:29:00+00:00,1.3777777777777778,39,28.306451612903228,20.51282051282051,10.779590197911117,35.53427296312862,-0.14985916045996184,0.14016463474087545,6.525061260564978,100.0,93.63674889564503,-6.363251104354989,-4.618488704773782,none,0,"{""max_positions"": 126}","{""AUDUSD=X"": -3.190208, ""NZDUSD=X"": -3.173043}"
1m,12,both,0.75,45,pips,10.0,5.0,-127.6564868710165,2026-07-29 23:00:00+00:00,2026-08-05 03:27:00+00:00,6.185416666666667,123,19.885483327719772,21.138211382113823,14.853303153973924,29.17137013933048,-0.23995909590064887,0.12385841081363123,30.307280073166364,100.0,69.69271992683363,-30.307280073166446,-4.899796037426707,max_drawdown 30.31%,0,"{""daily_loss"": 6516, ""gross_leverage"": 16, ""max_drawdown"": 2688, ""max_positions"": 260, ""sized_down"": 16}","{""AUDUSD=X"": -3.333691, ""EURUSD=X"": -7.840504, ""GBPUSD=X"": -17.226025, ""NZDUSD=X"": -1.907061}",2026-08-05 03:25:00+00:00,2026-08-06 12:29:00+00:00,1.3777777777777778,73,52.983870967741936,12.32876712328767,6.623676164045252,21.800510734717914,-0.22246579359658616,0.06339637640352475,16.46411163568564,100.0,83.53588836431436,-16.46411163568569,-11.949758445255743,daily_loss 8.35%,0,"{""daily_loss"": 2489, ""max_positions"": 176}","{""AUDUSD=X"": -1.317718, ""EURUSD=X"": -2.865193, ""GBPUSD=X"": -11.403162, ""NZDUSD=X"": -0.878039}"
1m,12,both,0.75,45,pips,10.0,8.0,-127.81104571065347,2026-07-29 23:00:00+00:00,2026-08-05 03:27:00+00:00,6.185416666666667,123,19.885483327719772,20.32520325203252,14.163211457761232,28.28469206915738,-0.2412661782125403,0.12386253927507222,30.468051197528993,100.0,69.531948802471,-30.468051197529064,-4.925788000947777,max_drawdown 30.05%,0,"{""daily_loss"": 6514, ""gross_leverage"": 16, ""max_drawdown"": 2691, ""max_positions"": 265, ""sized_down"": 16}","{""AUDUSD=X"": -3.293434, ""EURUSD=X"": -8.340984, ""GBPUSD=X"": -16.979583, ""NZDUSD=X"": -1.854049}",2026-08-05 03:25:00+00:00,2026-08-06 12:29:00+00:00,1.3777777777777778,72,52.25806451612903,12.5,6.717708293105555,22.08126219274917,-0.21755404088235233,0.06495248216496796,15.887999646664284,100.0,84.11200035333572,-15.88799964666433,-11.531612646772498,daily_loss 8.18%,0,"{""daily_loss"": 2480, ""max_positions"": 175}","{""AUDUSD=X"": -1.317718, ""EURUSD=X"": -2.865193, ""GBPUSD=X"": -10.82705, ""NZDUSD=X"": -0.878039}"
1m,12,both,0.75,45,pips,20.0,3.0,-1000000000.0,2026-07-29 23:00:00+00:00,2026-08-05 03:27:00+00:00,6.185416666666667,0,0.0,0.0,0.0,0.0,0.0,0.0,0.0,100.0,100.0,0.0,0.0,none,0,"{""min_units"": 142}",{},2026-08-05 03:25:00+00:00,2026-08-06 12:29:00+00:00,1.3777777777777778,0,0.0,0.0,0.0,0.0,0.0,0.0,0.0,100.0,100.0,0.0,0.0,none,0,"{""min_units"": 61}",{}
1m,12,both,0.75,45,pips,20.0,5.0,-1000000000.0,2026-07-29 23:00:00+00:00,2026-08-05 03:27:00+00:00,6.185416666666667,0,0.0,0.0,0.0,0.0,0.0,0.0,0.0,100.0,100.0,0.0,0.0,none,0,"{""min_units"": 670}",{},2026-08-05 03:25:00+00:00,2026-08-06 12:29:00+00:00,1.3777777777777778,0,0.0,0.0,0.0,0.0,0.0,0.0,0.0,100.0,100.0,0.0,0.0,none,0,"{""min_units"": 266}",{}
1m,12,both,0.75,45,pips,20.0,8.0,-1000000000.0,2026-07-29 23:00:00+00:00,2026-08-05 03:27:00+00:00,6.185416666666667,0,0.0,0.0,0.0,0.0,0.0,0.0,0.0,100.0,100.0,0.0,0.0,none,0,"{""min_units"": 670}",{},2026-08-05 03:25:00+00:00,2026-08-06 12:29:00+00:00,1.3777777777777778,0,0.0,0.0,0.0,0.0,0.0,0.0,0.0,100.0,100.0,0.0,0.0,none,0,"{""min_units"": 266}",{}
1m,12,both,0.75,45,pips,40.0,3.0,-1000000000.0,2026-07-29 23:00:00+00:00,2026-08-05 03:27:00+00:00,6.185416666666667,0,0.0,0.0,0.0,0.0,0.0,0.0,0.0,100.0,100.0,0.0,0.0,none,0,"{""min_units"": 142}",{},2026-08-05 03:25:00+00:00,2026-08-06 12:29:00+00:00,1.3777777777777778,0,0.0,0.0,0.0,0.0,0.0,0.0,0.0,100.0,100.0,0.0,0.0,none,0,"{""min_units"": 61}",{}
1m,12,both,0.75,45,pips,40.0,5.0,-1000000000.0,2026-07-29 23:00:00+00:00,2026-08-05 03:27:00+00:00,6.185416666666667,0,0.0,0.0,0.0,0.0,0.0,0.0,0.0,100.0,100.0,0.0,0.0,none,0,"{""min_units"": 670}",{},2026-08-05 03:25:00+00:00,2026-08-06 12:29:00+00:00,1.3777777777777778,0,0.0,0.0,0.0,0.0,0.0,0.0,0.0,100.0,100.0,0.0,0.0,none,0,"{""min_units"": 266}",{}
1m,12,both,0.75,45,pips,40.0,8.0,-1000000000.0,2026-07-29 23:00:00+00:00,2026-08-05 03:27:00+00:00,6.185416666666667,0,0.0,0.0,0.0,0.0,0.0,0.0,0.0,100.0,100.0,0.0,0.0,none,0,"{""min_units"": 670}",{},2026-08-05 03:25:00+00:00,2026-08-06 12:29:00+00:00,1.3777777777777778,0,0.0,0.0,0.0,0.0,0.0,0.0,0.0,100.0,100.0,0.0,0.0,none,0,"{""min_units"": 266}",{}
1m,20,range,0.25,40,pips,10.0,3.0,-105.11872462236504,2026-07-29 23:00:00+00:00,2026-08-05 03:27:00+00:00,6.185416666666667,53,8.568541596497138,43.39622641509434,30.950190698960345,56.73488502023123,-0.08479508064828756,0.39920756110674666,5.414266767569005,100.0,94.7511761021609,-5.248823897839088,-0.8485804887041974,none,0,"{""max_positions"": 120}","{""AUDUSD=X"": -3.842836, ""NZDUSD=X"": -1.405988}",2026-08-05 03:25:00+00:00,2026-08-06 12:29:00+00:00,1.3777777777777778,28,20.322580645161292,35.714285714285715,20.705611972458875,54.17002241777278,-0.08490938510213923,0.3309570109104557,2.7821208596230065,100.0,97.62253721714012,-2.377462782859901,-1.725577826269283,none,0,"{""max_positions"": 136}","{""AUDUSD=X"": -1.446351, ""NZDUSD=X"": -0.931112}"
1m,20,range,0.25,40,pips,10.0,5.0,-119.96881997658728,2026-07-29 23:00:00+00:00,2026-08-05 03:27:00+00:00,6.185416666666667,123,19.885483327719772,29.268292682926827,21.953047315444636,37.839323641717684,-0.18923719102776335,0.23789500813376485,24.51639549612996,100.0,75.48360450387004,-24.51639549612999,-3.963580275561602,daily_loss 8.00%,0,"{""daily_loss"": 2239, ""gross_leverage"": 2, ""max_positions"": 196, ""sized_down"": 2}","{""AUDUSD=X"": -0.809978, ""EURUSD=X"": -6.760749, ""GBPUSD=X"": -17.224467, ""NZDUSD=X"": 0.278798}",2026-08-05 03:25:00+00:00,2026-08-06 12:29:00+00:00,1.3777777777777778,58,42.096774193548384,22.413793103448278,13.593533332871566,34.66136304755843,-0.1621799174259703,0.19609716917823242,10.312083303929029,100.0,90.24247063159878,-9.757529368401238,-7.082077767387996,none,0,"{""gross_leverage"": 3, ""max_positions"": 151, ""sized_down"": 3}","{""AUDUSD=X"": -1.468677, ""EURUSD=X"": -2.770506, ""GBPUSD=X"": -4.937297, ""NZDUSD=X"": -0.581049}"
1m,20,range,0.25,40,pips,10.0,8.0,-120.43497139412813,2026-07-29 23:00:00+00:00,2026-08-05 03:27:00+00:00,6.185416666666667,123,19.885483327719772,26.82926829268293,19.78838248441644,35.273679173588505,-0.19374690442551512,0.23616963261451443,25.07109024405341,100.0,74.92890975594659,-25.071090244053423,-4.053258106145384,daily_loss 8.19%,0,"{""daily_loss"": 2215, ""gross_leverage"": 2, ""max_positions"": 202, ""sized_down"": 2}","{""AUDUSD=X"": -0.620974, ""EURUSD=X"": -7.433995, ""GBPUSD=X"": -16.900589, ""NZDUSD=X"": -0.115531}",2026-08-05 03:25:00+00:00,2026-08-06 12:29:00+00:00,1.3777777777777778,58,42.096774193548384,22.413793103448278,13.593533332871566,34.66136304755843,-0.15701119994297158,0.22079589102126973,10.012297689915144,100.0,90.54225624561266,-9.457743754387346,-6.864491434635977,none,0,"{""gross_leverage"": 3, ""max_positions"": 153, ""sized_down"": 3}","{""AUDUSD=X"": -1.468677, ""EURUSD=X"": -2.703703, ""GBPUSD=X"": -4.704315, ""NZDUSD=X"": -0.581049}"
1m,20,range,0.25,40,pips,20.0,3.0,-1000000000.0,2026-07-29 23:00:00+00:00,2026-08-05 03:27:00+00:00,6.185416666666667,0,0.0,0.0,0.0,0.0,0.0,0.0,0.0,100.0,100.0,0.0,0.0,none,0,"{""min_units"": 81}",{},2026-08-05 03:25:00+00:00,2026-08-06 12:29:00+00:00,1.3777777777777778,0,0.0,0.0,0.0,0.0,0.0,0.0,0.0,100.0,100.0,0.0,0.0,none,0,"{""min_units"": 42}",{}
1m,20,range,0.25,40,pips,20.0,5.0,-1000000000.0,2026-07-29 23:00:00+00:00,2026-08-05 03:27:00+00:00,6.185416666666667,0,0.0,0.0,0.0,0.0,0.0,0.0,0.0,100.0,100.0,0.0,0.0,none,0,"{""min_units"": 262}",{},2026-08-05 03:25:00+00:00,2026-08-06 12:29:00+00:00,1.3777777777777778,0,0.0,0.0,0.0,0.0,0.0,0.0,0.0,100.0,100.0,0.0,0.0,none,0,"{""min_units"": 114}",{}
1m,20,range,0.25,40,pips,20.0,8.0,-1000000000.0,2026-07-29 23:00:00+00:00,2026-08-05 03:27:00+00:00,6.185416666666667,0,0.0,0.0,0.0,0.0,0.0,0.0,0.0,100.0,100.0,0.0,0.0,none,0,"{""min_units"": 262}",{},2026-08-05 03:25:00+00:00,2026-08-06 12:29:00+00:00,1.3777777777777778,0,0.0,0.0,0.0,0.0,0.0,0.0,0.0,100.0,100.0,0.0,0.0,none,0,"{""min_units"": 114}",{}
1m,20,range,0.25,40,pips,40.0,3.0,-1000000000.0,2026-07-29 23:00:00+00:00,2026-08-05 03:27:00+00:00,6.185416666666667,0,0.0,0.0,0.0,0.0,0.0,0.0,0.0,100.0,100.0,0.0,0.0,none,0,"{""min_units"": 81}",{},2026-08-05 03:25:00+00:00,2026-08-06 12:29:00+00:00,1.3777777777777778,0,0.0,0.0,0.0,0.0,0.0,0.0,0.0,100.0,100.0,0.0,0.0,none,0,"{""min_units"": 42}",{}
1m,20,range,0.25,40,pips,40.0,5.0,-1000000000.0,2026-07-29 23:00:00+00:00,2026-08-05 03:27:00+00:00,6.185416666666667,0,0.0,0.0,0.0,0.0,0.0,0.0,0.0,100.0,100.0,0.0,0.0,none,0,"{""min_units"": 262}",{},2026-08-05 03:25:00+00:00,2026-08-06 12:29:00+00:00,1.3777777777777778,0,0.0,0.0,0.0,0.0,0.0,0.0,0.0,100.0,100.0,0.0,0.0,none,0,"{""min_units"": 114}",{}
1m,20,range,0.25,40,pips,40.0,8.0,-1000000000.0,2026-07-29 23:00:00+00:00,2026-08-05 03:27:00+00:00,6.185416666666667,0,0.0,0.0,0.0,0.0,0.0,0.0,0.0,100.0,100.0,0.0,0.0,none,0,"{""min_units"": 262}",{},2026-08-05 03:25:00+00:00,2026-08-06 12:29:00+00:00,1.3777777777777778,0,0.0,0.0,0.0,0.0,0.0,0.0,0.0,100.0,100.0,0.0,0.0,none,0,"{""min_units"": 114}",{}
1m,20,range,0.25,45,pips,10.0,3.0,-110.93687187124497,2026-07-29 23:00:00+00:00,2026-08-05 03:27:00+00:00,6.185416666666667,104,16.813742000673628,38.46153846153847,29.681114368929627,48.06402294357316,-0.12137936917635862,0.30283728939104604,13.351963155362693,100.0,86.79959564089691,-13.200404359103043,-2.1341172422935197,none,0,"{""max_positions"": 352}","{""AUDUSD=X"": -6.504909, ""NZDUSD=X"": -6.695495}",2026-08-05 03:25:00+00:00,2026-08-06 12:29:00+00:00,1.3777777777777778,54,39.193548387096776,29.629629629629626,19.137265695067047,42.82782517378859,-0.12492096594086632,0.1779345460199603,8.297701889445575,100.0,92.2656978070735,-7.734302192926539,-5.613606430349908,none,0,"{""max_positions"": 327}","{""AUDUSD=X"": -4.252372, ""NZDUSD=X"": -3.48193}"
1m,20,range,0.25,45,pips,10.0,5.0,-121.69976462039517,2026-07-29 23:00:00+00:00,2026-08-05 03:27:00+00:00,6.185416666666667,140,22.63388346244527,29.28571428571429,22.381428245702956,37.296439631183844,-0.20104516191143806,0.20544341310853365,28.93863394498763,100.0,71.06136605501237,-28.938633944987693,-4.67852620195153,daily_loss 8.21%,0,"{""daily_loss"": 7636, ""gross_leverage"": 11, ""max_positions"": 309, ""sized_down"": 11}","{""AUDUSD=X"": -0.224442, ""EURUSD=X"": -7.698975, ""GBPUSD=X"": -19.815054, ""NZDUSD=X"": -1.200163}",2026-08-05 03:25:00+00:00,2026-08-06 12:29:00+00:00,1.3777777777777778,89,64.59677419354838,26.96629213483146,18.841924495236885,36.99683743906843,-0.16225770255154803,0.17920258617743612,15.200701141588324,100.0,85.20797031521784,-14.792029684782246,-10.736150577664533,daily_loss 8.21%,0,"{""daily_loss"": 1987, ""gross_leverage"": 5, ""max_positions"": 286, ""sized_down"": 5}","{""AUDUSD=X"": -1.631499, ""EURUSD=X"": -3.83357, ""GBPUSD=X"": -8.327584, ""NZDUSD=X"": -0.999376}"
1m,20,range,0.25,45,pips,10.0,8.0,-122.7011768823418,2026-07-29 23:00:00+00:00,2026-08-05 03:27:00+00:00,6.185416666666667,136,21.987201077803974,27.941176470588236,21.08540606742771,36.00890635462695,-0.2095571976812538,0.1986920155738848,29.292090162036754,100.0,70.70790983796324,-29.292090162036803,-4.735669679278432,daily_loss 8.13%,0,"{""daily_loss"": 7716, ""gross_leverage"": 15, ""max_positions"": 310, ""sized_down"": 15}","{""AUDUSD=X"": -0.335439, ""EURUSD=X"": -7.544682, ""GBPUSD=X"": -20.678764, ""NZDUSD=X"": -0.733206}",2026-08-05 03:25:00+00:00,2026-08-06 12:29:00+00:00,1.3777777777777778,91,66.04838709677419,26.373626373626376,18.41047338252301,36.25077231556729,-0.16114692332981606,0.1921607891881706,15.423643294545672,100.0,84.98453581929236,-15.01546418070771,-10.898320776320112,daily_loss 8.09%,0,"{""daily_loss"": 1965, ""gross_leverage"": 5, ""max_positions"": 292, ""sized_down"": 5}","{""AUDUSD=X"": -1.631499, ""EURUSD=X"": -4.275276, ""GBPUSD=X"": -8.109313, ""NZDUSD=X"": -0.999376}"
1m,20,range,0.25,45,pips,20.0,3.0,-1000000000.0,2026-07-29 23:00:00+00:00,2026-08-05 03:27:00+00:00,6.185416666666667,0,0.0,0.0,0.0,0.0,0.0,0.0,0.0,100.0,100.0,0.0,0.0,none,0,"{""min_units"": 194}",{},2026-08-05 03:25:00+00:00,2026-08-06 12:29:00+00:00,1.3777777777777778,0,0.0,0.0,0.0,0.0,0.0,0.0,0.0,100.0,100.0,0.0,0.0,none,0,"{""min_units"": 94}",{}
1m,20,range,0.25,45,pips,20.0,5.0,-1000000000.0,2026-07-29 23:00:00+00:00,2026-08-05 03:27:00+00:00,6.185416666666667,0,0.0,0.0,0.0,0.0,0.0,0.0,0.0,100.0,100.0,0.0,0.0,none,0,"{""min_units"": 584}",{},2026-08-05 03:25:00+00:00,2026-08-06 12:29:00+00:00,1.3777777777777778,0,0.0,0.0,0.0,0.0,0.0,0.0,0.0,100.0,100.0,0.0,0.0,none,0,"{""min_units"": 258}",{}
1m,20,range,0.25,45,pips,20.0,8.0,-1000000000.0,2026-07-29 23:00:00+00:00,2026-08-05 03:27:00+00:00,6.185416666666667,0,0.0,0.0,0.0,0.0,0.0,0.0,0.0,100.0,100.0,0.0,0.0,none,0,"{""min_units"": 584}",{},2026-08-05 03:25:00+00:00,2026-08-06 12:29:00+00:00,1.3777777777777778,0,0.0,0.0,0.0,0.0,0.0,0.0,0.0,100.0,100.0,0.0,0.0,none,0,"{""min_units"": 258}",{}
1m,20,range,0.25,45,pips,40.0,3.0,-1000000000.0,2026-07-29 23:00:00+00:00,2026-08-05 03:27:00+00:00,6.185416666666667,0,0.0,0.0,0.0,0.0,0.0,0.0,0.0,100.0,100.0,0.0,0.0,none,0,"{""min_units"": 194}",{},2026-08-05 03:25:00+00:00,2026-08-06 12:29:00+00:00,1.3777777777777778,0,0.0,0.0,0.0,0.0,0.0,0.0,0.0,100.0,100.0,0.0,0.0,none,0,"{""min_units"": 94}",{}
1m,20,range,0.25,45,pips,40.0,5.0,-1000000000.0,2026-07-29 23:00:00+00:00,2026-08-05 03:27:00+00:00,6.185416666666667,0,0.0,0.0,0.0,0.0,0.0,0.0,0.0,100.0,100.0,0.0,0.0,none,0,"{""min_units"": 584}",{},2026-08-05 03:25:00+00:00,2026-08-06 12:29:00+00:00,1.3777777777777778,0,0.0,0.0,0.0,0.0,0.0,0.0,0.0,100.0,100.0,0.0,0.0,none,0,"{""min_units"": 258}",{}
1m,20,range,0.25,45,pips,40.0,8.0,-1000000000.0,2026-07-29 23:00:00+00:00,2026-08-05 03:27:00+00:00,6.185416666666667,0,0.0,0.0,0.0,0.0,0.0,0.0,0.0,100.0,100.0,0.0,0.0,none,0,"{""min_units"": 584}",{},2026-08-05 03:25:00+00:00,2026-08-06 12:29:00+00:00,1.3777777777777778,0,0.0,0.0,0.0,0.0,0.0,0.0,0.0,100.0,100.0,0.0,0.0,none,0,"{""min_units"": 258}",{}
1m,20,range,0.75,40,pips,10.0,3.0,-105.11872462236504,2026-07-29 23:00:00+00:00,2026-08-05 03:27:00+00:00,6.185416666666667,53,8.568541596497138,43.39622641509434,30.950190698960345,56.73488502023123,-0.08479508064828756,0.39920756110674666,5.414266767569005,100.0,94.7511761021609,-5.248823897839088,-0.8485804887041974,none,0,"{""max_positions"": 120}","{""AUDUSD=X"": -3.842836, ""NZDUSD=X"": -1.405988}",2026-08-05 03:25:00+00:00,2026-08-06 12:29:00+00:00,1.3777777777777778,28,20.322580645161292,35.714285714285715,20.705611972458875,54.17002241777278,-0.08490938510213923,0.3309570109104557,2.7821208596230065,100.0,97.62253721714012,-2.377462782859901,-1.725577826269283,none,0,"{""max_positions"": 136}","{""AUDUSD=X"": -1.446351, ""NZDUSD=X"": -0.931112}"
1m,20,range,0.75,40,pips,10.0,5.0,-119.96881997658728,2026-07-29 23:00:00+00:00,2026-08-05 03:27:00+00:00,6.185416666666667,123,19.885483327719772,29.268292682926827,21.953047315444636,37.839323641717684,-0.18923719102776335,0.23789500813376485,24.51639549612996,100.0,75.48360450387004,-24.51639549612999,-3.963580275561602,daily_loss 8.00%,0,"{""daily_loss"": 2239, ""gross_leverage"": 2, ""max_positions"": 196, ""sized_down"": 2}","{""AUDUSD=X"": -0.809978, ""EURUSD=X"": -6.760749, ""GBPUSD=X"": -17.224467, ""NZDUSD=X"": 0.278798}",2026-08-05 03:25:00+00:00,2026-08-06 12:29:00+00:00,1.3777777777777778,58,42.096774193548384,22.413793103448278,13.593533332871566,34.66136304755843,-0.1621799174259703,0.19609716917823242,10.312083303929029,100.0,90.24247063159878,-9.757529368401238,-7.082077767387996,none,0,"{""gross_leverage"": 3, ""max_positions"": 151, ""sized_down"": 3}","{""AUDUSD=X"": -1.468677, ""EURUSD=X"": -2.770506, ""GBPUSD=X"": -4.937297, ""NZDUSD=X"": -0.581049}"
1m,20,range,0.75,40,pips,10.0,8.0,-120.43497139412813,2026-07-29 23:00:00+00:00,2026-08-05 03:27:00+00:00,6.185416666666667,123,19.885483327719772,26.82926829268293,19.78838248441644,35.273679173588505,-0.19374690442551512,0.23616963261451443,25.07109024405341,100.0,74.92890975594659,-25.071090244053423,-4.053258106145384,daily_loss 8.19%,0,"{""daily_loss"": 2215, ""gross_leverage"": 2, ""max_positions"": 202, ""sized_down"": 2}","{""AUDUSD=X"": -0.620974, ""EURUSD=X"": -7.433995, ""GBPUSD=X"": -16.900589, ""NZDUSD=X"": -0.115531}",2026-08-05 03:25:00+00:00,2026-08-06 12:29:00+00:00,1.3777777777777778,58,42.096774193548384,22.413793103448278,13.593533332871566,34.66136304755843,-0.15701119994297158,0.22079589102126973,10.012297689915144,100.0,90.54225624561266,-9.457743754387346,-6.864491434635977,none,0,"{""gross_leverage"": 3, ""max_positions"": 153, ""sized_down"": 3}","{""AUDUSD=X"": -1.468677, ""EURUSD=X"": -2.703703, ""GBPUSD=X"": -4.704315, ""NZDUSD=X"": -0.581049}"
1m,20,range,0.75,40,pips,20.0,3.0,-1000000000.0,2026-07-29 23:00:00+00:00,2026-08-05 03:27:00+00:00,6.185416666666667,0,0.0,0.0,0.0,0.0,0.0,0.0,0.0,100.0,100.0,0.0,0.0,none,0,"{""min_units"": 81}",{},2026-08-05 03:25:00+00:00,2026-08-06 12:29:00+00:00,1.3777777777777778,0,0.0,0.0,0.0,0.0,0.0,0.0,0.0,100.0,100.0,0.0,0.0,none,0,"{""min_units"": 42}",{}
1m,20,range,0.75,40,pips,20.0,5.0,-1000000000.0,2026-07-29 23:00:00+00:00,2026-08-05 03:27:00+00:00,6.185416666666667,0,0.0,0.0,0.0,0.0,0.0,0.0,0.0,100.0,100.0,0.0,0.0,none,0,"{""min_units"": 262}",{},2026-08-05 03:25:00+00:00,2026-08-06 12:29:00+00:00,1.3777777777777778,0,0.0,0.0,0.0,0.0,0.0,0.0,0.0,100.0,100.0,0.0,0.0,none,0,"{""min_units"": 114}",{}
1m,20,range,0.75,40,pips,20.0,8.0,-1000000000.0,2026-07-29 23:00:00+00:00,2026-08-05 03:27:00+00:00,6.185416666666667,0,0.0,0.0,0.0,0.0,0.0,0.0,0.0,100.0,100.0,0.0,0.0,none,0,"{""min_units"": 262}",{},2026-08-05 03:25:00+00:00,2026-08-06 12:29:00+00:00,1.3777777777777778,0,0.0,0.0,0.0,0.0,0.0,0.0,0.0,100.0,100.0,0.0,0.0,none,0,"{""min_units"": 114}",{}
1m,20,range,0.75,40,pips,40.0,3.0,-1000000000.0,2026-07-29 23:00:00+00:00,2026-08-05 03:27:00+00:00,6.185416666666667,0,0.0,0.0,0.0,0.0,0.0,0.0,0.0,100.0,100.0,0.0,0.0,none,0,"{""min_units"": 81}",{},2026-08-05 03:25:00+00:00,2026-08-06 12:29:00+00:00,1.3777777777777778,0,0.0,0.0,0.0,0.0,0.0,0.0,0.0,100.0,100.0,0.0,0.0,none,0,"{""min_units"": 42}",{}
1m,20,range,0.75,40,pips,40.0,5.0,-1000000000.0,2026-07-29 23:00:00+00:00,2026-08-05 03:27:00+00:00,6.185416666666667,0,0.0,0.0,0.0,0.0,0.0,0.0,0.0,100.0,100.0,0.0,0.0,none,0,"{""min_units"": 262}",{},2026-08-05 03:25:00+00:00,2026-08-06 12:29:00+00:00,1.3777777777777778,0,0.0,0.0,0.0,0.0,0.0,0.0,0.0,100.0,100.0,0.0,0.0,none,0,"{""min_units"": 114}",{}
1m,20,range,0.75,40,pips,40.0,8.0,-1000000000.0,2026-07-29 23:00:00+00:00,2026-08-05 03:27:00+00:00,6.185416666666667,0,0.0,0.0,0.0,0.0,0.0,0.0,0.0,100.0,100.0,0.0,0.0,none,0,"{""min_units"": 262}",{},2026-08-05 03:25:00+00:00,2026-08-06 12:29:00+00:00,1.3777777777777778,0,0.0,0.0,0.0,0.0,0.0,0.0,0.0,100.0,100.0,0.0,0.0,none,0,"{""min_units"": 114}",{}
1m,20,range,0.75,45,pips,10.0,3.0,-111.31720927148537,2026-07-29 23:00:00+00:00,2026-08-05 03:27:00+00:00,6.185416666666667,104,16.813742000673628,38.46153846153847,29.681114368929627,48.06402294357316,-0.12137936917635862,0.30283728939104604,13.351963155362693,100.0,86.79959564089691,-13.200404359103043,-2.1341172422935197,none,0,"{""max_positions"": 352}","{""AUDUSD=X"": -6.504909, ""NZDUSD=X"": -6.695495}",2026-08-05 03:25:00+00:00,2026-08-06 12:29:00+00:00,1.3777777777777778,53,38.46774193548387,28.30188679245283,17.966135362950315,41.57054200010772,-0.12788850230990953,0.1744952217245154,8.330004433619292,100.0,92.23333934545506,-7.766660654544961,-5.637092410556827,none,0,"{""max_positions"": 327}","{""AUDUSD=X"": -4.252372, ""NZDUSD=X"": -3.514289}"
1m,20,range,0.75,45,pips,10.0,5.0,-121.85471746784029,2026-07-29 23:00:00+00:00,2026-08-05 03:27:00+00:00,6.185416666666667,140,22.63388346244527,30.0,23.02612501710218,38.042161208857486,-0.20173706055540727,0.2114383899993132,29.035499755143263,100.0,70.96450024485674,-29.035499755143338,-4.6941865552269455,daily_loss 8.22%,0,"{""daily_loss"": 7686, ""gross_leverage"": 10, ""max_positions"": 311, ""sized_down"": 10}","{""AUDUSD=X"": -0.224528, ""EURUSD=X"": -7.493371, ""GBPUSD=X"": -20.421806, ""NZDUSD=X"": -0.895795}",2026-08-05 03:25:00+00:00,2026-08-06 12:29:00+00:00,1.3777777777777778,88,63.87096774193549,26.136363636363637,18.093113139383874,36.175976249302735,-0.16705784794960676,0.17519256506025552,15.460282976432305,100.0,84.94781522274023,-15.052184777259823,-10.92497282220471,daily_loss 8.43%,0,"{""daily_loss"": 1987, ""gross_leverage"": 5, ""max_positions"": 271, ""sized_down"": 5}","{""AUDUSD=X"": -1.631499, ""EURUSD=X"": -4.233326, ""GBPUSD=X"": -8.327584, ""NZDUSD=X"": -0.859775}"
1m,20,range,0.75,45,pips,10.0,8.0,-122.4719004656482,2026-07-29 23:00:00+00:00,2026-08-05 03:27:00+00:00,6.185416666666667,137,22.148871673964297,28.467153284671532,21.57864700661449,36.53032079835222,-0.20761786122392598,0.20022942420847084,29.23595826506408,100.0,70.76404173493592,-29.23595826506415,-4.726594802031253,daily_loss 8.13%,0,"{""daily_loss"": 7716, ""gross_leverage"": 14, ""max_positions"": 315, ""sized_down"": 14}","{""AUDUSD=X"": -0.335525, ""EURUSD=X"": -7.488464, ""GBPUSD=X"": -20.678764, ""NZDUSD=X"": -0.733206}",2026-08-05 03:25:00+00:00,2026-08-06 12:29:00+00:00,1.3777777777777778,88,63.87096774193549,26.136363636363637,18.093113139383874,36.175976249302735,-0.16316893748262942,0.1939452580195172,15.118812953933755,100.0,85.2900393438342,-14.709960656165853,-10.676584347217151,daily_loss 8.09%,0,"{""daily_loss"": 1987, ""gross_leverage"": 5, ""max_positions"": 273, ""sized_down"": 5}","{""AUDUSD=X"": -1.631499, ""EURUSD=X"": -4.333737, ""GBPUSD=X"": -7.88495, ""NZDUSD=X"": -0.859775}"
1m,20,range,0.75,45,pips,20.0,3.0,-1000000000.0,2026-07-29 23:00:00+00:00,2026-08-05 03:27:00+00:00,6.185416666666667,0,0.0,0.0,0.0,0.0,0.0,0.0,0.0,100.0,100.0,0.0,0.0,none,0,"{""min_units"": 193}",{},2026-08-05 03:25:00+00:00,2026-08-06 12:29:00+00:00,1.3777777777777778,0,0.0,0.0,0.0,0.0,0.0,0.0,0.0,100.0,100.0,0.0,0.0,none,0,"{""min_units"": 93}",{}
1m,20,range,0.75,45,pips,20.0,5.0,-1000000000.0,2026-07-29 23:00:00+00:00,2026-08-05 03:27:00+00:00,6.185416666666667,0,0.0,0.0,0.0,0.0,0.0,0.0,0.0,100.0,100.0,0.0,0.0,none,0,"{""min_units"": 575}",{},2026-08-05 03:25:00+00:00,2026-08-06 12:29:00+00:00,1.3777777777777778,0,0.0,0.0,0.0,0.0,0.0,0.0,0.0,100.0,100.0,0.0,0.0,none,0,"{""min_units"": 253}",{}
1m,20,range,0.75,45,pips,20.0,8.0,-1000000000.0,2026-07-29 23:00:00+00:00,2026-08-05 03:27:00+00:00,6.185416666666667,0,0.0,0.0,0.0,0.0,0.0,0.0,0.0,100.0,100.0,0.0,0.0,none,0,"{""min_units"": 575}",{},2026-08-05 03:25:00+00:00,2026-08-06 12:29:00+00:00,1.3777777777777778,0,0.0,0.0,0.0,0.0,0.0,0.0,0.0,100.0,100.0,0.0,0.0,none,0,"{""min_units"": 253}",{}
1m,20,range,0.75,45,pips,40.0,3.0,-1000000000.0,2026-07-29 23:00:00+00:00,2026-08-05 03:27:00+00:00,6.185416666666667,0,0.0,0.0,0.0,0.0,0.0,0.0,0.0,100.0,100.0,0.0,0.0,none,0,"{""min_units"": 193}",{},2026-08-05 03:25:00+00:00,2026-08-06 12:29:00+00:00,1.3777777777777778,0,0.0,0.0,0.0,0.0,0.0,0.0,0.0,100.0,100.0,0.0,0.0,none,0,"{""min_units"": 93}",{}
1m,20,range,0.75,45,pips,40.0,5.0,-1000000000.0,2026-07-29 23:00:00+00:00,2026-08-05 03:27:00+00:00,6.185416666666667,0,0.0,0.0,0.0,0.0,0.0,0.0,0.0,100.0,100.0,0.0,0.0,none,0,"{""min_units"": 575}",{},2026-08-05 03:25:00+00:00,2026-08-06 12:29:00+00:00,1.3777777777777778,0,0.0,0.0,0.0,0.0,0.0,0.0,0.0,100.0,100.0,0.0,0.0,none,0,"{""min_units"": 253}",{}
1m,20,range,0.75,45,pips,40.0,8.0,-1000000000.0,2026-07-29 23:00:00+00:00,2026-08-05 03:27:00+00:00,6.185416666666667,0,0.0,0.0,0.0,0.0,0.0,0.0,0.0,100.0,100.0,0.0,0.0,none,0,"{""min_units"": 575}",{},2026-08-05 03:25:00+00:00,2026-08-06 12:29:00+00:00,1.3777777777777778,0,0.0,0.0,0.0,0.0,0.0,0.0,0.0,100.0,100.0,0.0,0.0,none,0,"{""min_units"": 253}",{}
1m,20,trend,0.25,40,pips,10.0,3.0,-122.94139892485734,2026-07-29 23:00:00+00:00,2026-08-05 03:27:00+00:00,6.185416666666667,35,5.658470865611317,14.285714285714285,6.260138804853496,29.37588030867426,-0.22684246328899102,0.07233189171914535,8.727473594725463,100.0,91.45093162417403,-8.549068375825982,-1.3821329809351537,none,0,"{""max_positions"": 74}","{""AUDUSD=X"": -4.617555, ""NZDUSD=X"": -3.931513}",2026-08-05 03:25:00+00:00,2026-08-06 12:29:00+00:00,1.3777777777777778,14,10.161290322580646,21.428571428571427,7.571248336916369,47.589723773208284,-0.14479573283877148,0.19897316040073243,2.163315008878783,100.0,97.97285974025719,-2.0271402597428025,-1.4713114788455826,none,0,"{""max_positions"": 20}","{""AUDUSD=X"": -1.487794, ""NZDUSD=X"": -0.539347}"
1m,20,trend,0.25,40,pips,10.0,5.0,-134.29014457961463,2026-07-29 23:00:00+00:00,2026-08-05 03:27:00+00:00,6.185416666666667,128,20.693836308521387,21.875,15.59042491230976,29.798587356958816,-0.2212036846112907,0.1702056566986748,28.9241932718667,100.0,71.35688618063595,-28.64311381936411,-4.630749287064591,daily_loss 8.36%,0,"{""daily_loss"": 3983, ""gross_leverage"": 6, ""max_positions"": 119, ""sized_down"": 6}","{""AUDUSD=X"": -3.653263, ""EURUSD=X"": -4.876154, ""GBPUSD=X"": -16.780817, ""NZDUSD=X"": -3.33288}",2026-08-05 03:25:00+00:00,2026-08-06 12:29:00+00:00,1.3777777777777778,41,29.758064516129032,14.634146341463413,6.884154529455409,28.44375526858926,-0.3115098281604785,0.05122075820970585,12.99601165771486,100.0,87.00398834228514,-12.996011657714844,-9.432589106405935,daily_loss 8.93%,0,"{""daily_loss"": 1767, ""max_positions"": 44}","{""AUDUSD=X"": -1.456662, ""EURUSD=X"": -4.228744, ""GBPUSD=X"": -7.095651, ""NZDUSD=X"": -0.214955}"
1m,20,trend,0.25,40,pips,10.0,8.0,-134.02164336027343,2026-07-29 23:00:00+00:00,2026-08-05 03:27:00+00:00,6.185416666666667,135,21.82553048164365,22.962962962962962,16.675002584299897,30.747095691721128,-0.20605477572374073,0.20942179582558654,28.52920489837527,100.0,71.85356308817613,-28.146436911823937,-4.550451235323506,daily_loss 8.31%,0,"{""daily_loss"": 2460, ""gross_leverage"": 8, ""max_positions"": 123, ""sized_down"": 8}","{""AUDUSD=X"": -3.613007, ""EURUSD=X"": -6.118107, ""GBPUSD=X"": -15.222538, ""NZDUSD=X"": -3.192785}",2026-08-05 03:25:00+00:00,2026-08-06 12:29:00+00:00,1.3777777777777778,41,29.758064516129032,14.634146341463413,6.884154529455409,28.44375526858926,-0.3115098281604785,0.05122075820970585,12.99601165771486,100.0,87.00398834228514,-12.996011657714844,-9.432589106405935,daily_loss 8.93%,0,"{""daily_loss"": 1767, ""max_positions"": 44}","{""AUDUSD=X"": -1.456662, ""EURUSD=X"": -4.228744, ""GBPUSD=X"": -7.095651, ""NZDUSD=X"": -0.214955}"
1m,20,trend,0.25,40,pips,20.0,3.0,-1000000000.0,2026-07-29 23:00:00+00:00,2026-08-05 03:27:00+00:00,6.185416666666667,0,0.0,0.0,0.0,0.0,0.0,0.0,0.0,100.0,100.0,0.0,0.0,none,0,"{""min_units"": 44}",{},2026-08-05 03:25:00+00:00,2026-08-06 12:29:00+00:00,1.3777777777777778,0,0.0,0.0,0.0,0.0,0.0,0.0,0.0,100.0,100.0,0.0,0.0,none,0,"{""min_units"": 15}",{}
1m,20,trend,0.25,40,pips,20.0,5.0,-1000000000.0,2026-07-29 23:00:00+00:00,2026-08-05 03:27:00+00:00,6.185416666666667,0,0.0,0.0,0.0,0.0,0.0,0.0,0.0,100.0,100.0,0.0,0.0,none,0,"{""min_units"": 279}",{},2026-08-05 03:25:00+00:00,2026-08-06 12:29:00+00:00,1.3777777777777778,0,0.0,0.0,0.0,0.0,0.0,0.0,0.0,100.0,100.0,0.0,0.0,none,0,"{""min_units"": 86}",{}
1m,20,trend,0.25,40,pips,20.0,8.0,-1000000000.0,2026-07-29 23:00:00+00:00,2026-08-05 03:27:00+00:00,6.185416666666667,0,0.0,0.0,0.0,0.0,0.0,0.0,0.0,100.0,100.0,0.0,0.0,none,0,"{""min_units"": 279}",{},2026-08-05 03:25:00+00:00,2026-08-06 12:29:00+00:00,1.3777777777777778,0,0.0,0.0,0.0,0.0,0.0,0.0,0.0,100.0,100.0,0.0,0.0,none,0,"{""min_units"": 86}",{}
1m,20,trend,0.25,40,pips,40.0,3.0,-1000000000.0,2026-07-29 23:00:00+00:00,2026-08-05 03:27:00+00:00,6.185416666666667,0,0.0,0.0,0.0,0.0,0.0,0.0,0.0,100.0,100.0,0.0,0.0,none,0,"{""min_units"": 44}",{},2026-08-05 03:25:00+00:00,2026-08-06 12:29:00+00:00,1.3777777777777778,0,0.0,0.0,0.0,0.0,0.0,0.0,0.0,100.0,100.0,0.0,0.0,none,0,"{""min_units"": 15}",{}
1m,20,trend,0.25,40,pips,40.0,5.0,-1000000000.0,2026-07-29 23:00:00+00:00,2026-08-05 03:27:00+00:00,6.185416666666667,0,0.0,0.0,0.0,0.0,0.0,0.0,0.0,100.0,100.0,0.0,0.0,none,0,"{""min_units"": 279}",{},2026-08-05 03:25:00+00:00,2026-08-06 12:29:00+00:00,1.3777777777777778,0,0.0,0.0,0.0,0.0,0.0,0.0,0.0,100.0,100.0,0.0,0.0,none,0,"{""min_units"": 86}",{}
1m,20,trend,0.25,40,pips,40.0,8.0,-1000000000.0,2026-07-29 23:00:00+00:00,2026-08-05 03:27:00+00:00,6.185416666666667,0,0.0,0.0,0.0,0.0,0.0,0.0,0.0,100.0,100.0,0.0,0.0,none,0,"{""min_units"": 279}",{},2026-08-05 03:25:00+00:00,2026-08-06 12:29:00+00:00,1.3777777777777778,0,0.0,0.0,0.0,0.0,0.0,0.0,0.0,100.0,100.0,0.0,0.0,none,0,"{""min_units"": 86}",{}
1m,20,trend,0.25,45,pips,10.0,3.0,-122.94139892485734,2026-07-29 23:00:00+00:00,2026-08-05 03:27:00+00:00,6.185416666666667,35,5.658470865611317,14.285714285714285,6.260138804853496,29.37588030867426,-0.22684246328899102,0.07233189171914535,8.727473594725463,100.0,91.45093162417403,-8.549068375825982,-1.3821329809351537,none,0,"{""max_positions"": 74}","{""AUDUSD=X"": -4.617555, ""NZDUSD=X"": -3.931513}",2026-08-05 03:25:00+00:00,2026-08-06 12:29:00+00:00,1.3777777777777778,14,10.161290322580646,21.428571428571427,7.571248336916369,47.589723773208284,-0.14479573283877148,0.19897316040073243,2.163315008878783,100.0,97.97285974025719,-2.0271402597428025,-1.4713114788455826,none,0,"{""max_positions"": 20}","{""AUDUSD=X"": -1.487794, ""NZDUSD=X"": -0.539347}"
1m,20,trend,0.25,45,pips,10.0,5.0,-134.29014457961463,2026-07-29 23:00:00+00:00,2026-08-05 03:27:00+00:00,6.185416666666667,128,20.693836308521387,21.875,15.59042491230976,29.798587356958816,-0.2212036846112907,0.1702056566986748,28.9241932718667,100.0,71.35688618063595,-28.64311381936411,-4.630749287064591,daily_loss 8.36%,0,"{""daily_loss"": 3983, ""gross_leverage"": 6, ""max_positions"": 119, ""sized_down"": 6}","{""AUDUSD=X"": -3.653263, ""EURUSD=X"": -4.876154, ""GBPUSD=X"": -16.780817, ""NZDUSD=X"": -3.33288}",2026-08-05 03:25:00+00:00,2026-08-06 12:29:00+00:00,1.3777777777777778,41,29.758064516129032,14.634146341463413,6.884154529455409,28.44375526858926,-0.3115098281604785,0.05122075820970585,12.99601165771486,100.0,87.00398834228514,-12.996011657714844,-9.432589106405935,daily_loss 8.93%,0,"{""daily_loss"": 1767, ""max_positions"": 44}","{""AUDUSD=X"": -1.456662, ""EURUSD=X"": -4.228744, ""GBPUSD=X"": -7.095651, ""NZDUSD=X"": -0.214955}"
1m,20,trend,0.25,45,pips,10.0,8.0,-134.02164336027343,2026-07-29 23:00:00+00:00,2026-08-05 03:27:00+00:00,6.185416666666667,135,21.82553048164365,22.962962962962962,16.675002584299897,30.747095691721128,-0.20605477572374073,0.20942179582558654,28.52920489837527,100.0,71.85356308817613,-28.146436911823937,-4.550451235323506,daily_loss 8.31%,0,"{""daily_loss"": 2460, ""gross_leverage"": 8, ""max_positions"": 123, ""sized_down"": 8}","{""AUDUSD=X"": -3.613007, ""EURUSD=X"": -6.118107, ""GBPUSD=X"": -15.222538, ""NZDUSD=X"": -3.192785}",2026-08-05 03:25:00+00:00,2026-08-06 12:29:00+00:00,1.3777777777777778,41,29.758064516129032,14.634146341463413,6.884154529455409,28.44375526858926,-0.3115098281604785,0.05122075820970585,12.99601165771486,100.0,87.00398834228514,-12.996011657714844,-9.432589106405935,daily_loss 8.93%,0,"{""daily_loss"": 1767, ""max_positions"": 44}","{""AUDUSD=X"": -1.456662, ""EURUSD=X"": -4.228744, ""GBPUSD=X"": -7.095651, ""NZDUSD=X"": -0.214955}"
1m,20,trend,0.25,45,pips,20.0,3.0,-1000000000.0,2026-07-29 23:00:00+00:00,2026-08-05 03:27:00+00:00,6.185416666666667,0,0.0,0.0,0.0,0.0,0.0,0.0,0.0,100.0,100.0,0.0,0.0,none,0,"{""min_units"": 44}",{},2026-08-05 03:25:00+00:00,2026-08-06 12:29:00+00:00,1.3777777777777778,0,0.0,0.0,0.0,0.0,0.0,0.0,0.0,100.0,100.0,0.0,0.0,none,0,"{""min_units"": 15}",{}
1m,20,trend,0.25,45,pips,20.0,5.0,-1000000000.0,2026-07-29 23:00:00+00:00,2026-08-05 03:27:00+00:00,6.185416666666667,0,0.0,0.0,0.0,0.0,0.0,0.0,0.0,100.0,100.0,0.0,0.0,none,0,"{""min_units"": 279}",{},2026-08-05 03:25:00+00:00,2026-08-06 12:29:00+00:00,1.3777777777777778,0,0.0,0.0,0.0,0.0,0.0,0.0,0.0,100.0,100.0,0.0,0.0,none,0,"{""min_units"": 86}",{}
1m,20,trend,0.25,45,pips,20.0,8.0,-1000000000.0,2026-07-29 23:00:00+00:00,2026-08-05 03:27:00+00:00,6.185416666666667,0,0.0,0.0,0.0,0.0,0.0,0.0,0.0,100.0,100.0,0.0,0.0,none,0,"{""min_units"": 279}",{},2026-08-05 03:25:00+00:00,2026-08-06 12:29:00+00:00,1.3777777777777778,0,0.0,0.0,0.0,0.0,0.0,0.0,0.0,100.0,100.0,0.0,0.0,none,0,"{""min_units"": 86}",{}
1m,20,trend,0.25,45,pips,40.0,3.0,-1000000000.0,2026-07-29 23:00:00+00:00,2026-08-05 03:27:00+00:00,6.185416666666667,0,0.0,0.0,0.0,0.0,0.0,0.0,0.0,100.0,100.0,0.0,0.0,none,0,"{""min_units"": 44}",{},2026-08-05 03:25:00+00:00,2026-08-06 12:29:00+00:00,1.3777777777777778,0,0.0,0.0,0.0,0.0,0.0,0.0,0.0,100.0,100.0,0.0,0.0,none,0,"{""min_units"": 15}",{}
1m,20,trend,0.25,45,pips,40.0,5.0,-1000000000.0,2026-07-29 23:00:00+00:00,2026-08-05 03:27:00+00:00,6.185416666666667,0,0.0,0.0,0.0,0.0,0.0,0.0,0.0,100.0,100.0,0.0,0.0,none,0,"{""min_units"": 279}",{},2026-08-05 03:25:00+00:00,2026-08-06 12:29:00+00:00,1.3777777777777778,0,0.0,0.0,0.0,0.0,0.0,0.0,0.0,100.0,100.0,0.0,0.0,none,0,"{""min_units"": 86}",{}
1m,20,trend,0.25,45,pips,40.0,8.0,-1000000000.0,2026-07-29 23:00:00+00:00,2026-08-05 03:27:00+00:00,6.185416666666667,0,0.0,0.0,0.0,0.0,0.0,0.0,0.0,100.0,100.0,0.0,0.0,none,0,"{""min_units"": 279}",{},2026-08-05 03:25:00+00:00,2026-08-06 12:29:00+00:00,1.3777777777777778,0,0.0,0.0,0.0,0.0,0.0,0.0,0.0,100.0,100.0,0.0,0.0,none,0,"{""min_units"": 86}",{}
1m,20,trend,0.75,40,pips,10.0,3.0,-122.94139892485734,2026-07-29 23:00:00+00:00,2026-08-05 03:27:00+00:00,6.185416666666667,35,5.658470865611317,14.285714285714285,6.260138804853496,29.37588030867426,-0.22684246328899102,0.07233189171914535,8.727473594725463,100.0,91.45093162417403,-8.549068375825982,-1.3821329809351537,none,0,"{""max_positions"": 74}","{""AUDUSD=X"": -4.617555, ""NZDUSD=X"": -3.931513}",2026-08-05 03:25:00+00:00,2026-08-06 12:29:00+00:00,1.3777777777777778,14,10.161290322580646,21.428571428571427,7.571248336916369,47.589723773208284,-0.14479573283877148,0.19897316040073243,2.163315008878783,100.0,97.97285974025719,-2.0271402597428025,-1.4713114788455826,none,0,"{""max_positions"": 20}","{""AUDUSD=X"": -1.487794, ""NZDUSD=X"": -0.539347}"
1m,20,trend,0.75,40,pips,10.0,5.0,-134.29014457961463,2026-07-29 23:00:00+00:00,2026-08-05 03:27:00+00:00,6.185416666666667,128,20.693836308521387,21.875,15.59042491230976,29.798587356958816,-0.2212036846112907,0.1702056566986748,28.9241932718667,100.0,71.35688618063595,-28.64311381936411,-4.630749287064591,daily_loss 8.36%,0,"{""daily_loss"": 3983, ""gross_leverage"": 6, ""max_positions"": 119, ""sized_down"": 6}","{""AUDUSD=X"": -3.653263, ""EURUSD=X"": -4.876154, ""GBPUSD=X"": -16.780817, ""NZDUSD=X"": -3.33288}",2026-08-05 03:25:00+00:00,2026-08-06 12:29:00+00:00,1.3777777777777778,41,29.758064516129032,14.634146341463413,6.884154529455409,28.44375526858926,-0.3115098281604785,0.05122075820970585,12.99601165771486,100.0,87.00398834228514,-12.996011657714844,-9.432589106405935,daily_loss 8.93%,0,"{""daily_loss"": 1767, ""max_positions"": 44}","{""AUDUSD=X"": -1.456662, ""EURUSD=X"": -4.228744, ""GBPUSD=X"": -7.095651, ""NZDUSD=X"": -0.214955}"
1m,20,trend,0.75,40,pips,10.0,8.0,-134.02164336027343,2026-07-29 23:00:00+00:00,2026-08-05 03:27:00+00:00,6.185416666666667,135,21.82553048164365,22.962962962962962,16.675002584299897,30.747095691721128,-0.20605477572374073,0.20942179582558654,28.52920489837527,100.0,71.85356308817613,-28.146436911823937,-4.550451235323506,daily_loss 8.31%,0,"{""daily_loss"": 2460, ""gross_leverage"": 8, ""max_positions"": 123, ""sized_down"": 8}","{""AUDUSD=X"": -3.613007, ""EURUSD=X"": -6.118107, ""GBPUSD=X"": -15.222538, ""NZDUSD=X"": -3.192785}",2026-08-05 03:25:00+00:00,2026-08-06 12:29:00+00:00,1.3777777777777778,41,29.758064516129032,14.634146341463413,6.884154529455409,28.44375526858926,-0.3115098281604785,0.05122075820970585,12.99601165771486,100.0,87.00398834228514,-12.996011657714844,-9.432589106405935,daily_loss 8.93%,0,"{""daily_loss"": 1767, ""max_positions"": 44}","{""AUDUSD=X"": -1.456662, ""EURUSD=X"": -4.228744, ""GBPUSD=X"": -7.095651, ""NZDUSD=X"": -0.214955}"
1m,20,trend,0.75,40,pips,20.0,3.0,-1000000000.0,2026-07-29 23:00:00+00:00,2026-08-05 03:27:00+00:00,6.185416666666667,0,0.0,0.0,0.0,0.0,0.0,0.0,0.0,100.0,100.0,0.0,0.0,none,0,"{""min_units"": 44}",{},2026-08-05 03:25:00+00:00,2026-08-06 12:29:00+00:00,1.3777777777777778,0,0.0,0.0,0.0,0.0,0.0,0.0,0.0,100.0,100.0,0.0,0.0,none,0,"{""min_units"": 15}",{}
1m,20,trend,0.75,40,pips,20.0,5.0,-1000000000.0,2026-07-29 23:00:00+00:00,2026-08-05 03:27:00+00:00,6.185416666666667,0,0.0,0.0,0.0,0.0,0.0,0.0,0.0,100.0,100.0,0.0,0.0,none,0,"{""min_units"": 279}",{},2026-08-05 03:25:00+00:00,2026-08-06 12:29:00+00:00,1.3777777777777778,0,0.0,0.0,0.0,0.0,0.0,0.0,0.0,100.0,100.0,0.0,0.0,none,0,"{""min_units"": 86}",{}
1m,20,trend,0.75,40,pips,20.0,8.0,-1000000000.0,2026-07-29 23:00:00+00:00,2026-08-05 03:27:00+00:00,6.185416666666667,0,0.0,0.0,0.0,0.0,0.0,0.0,0.0,100.0,100.0,0.0,0.0,none,0,"{""min_units"": 279}",{},2026-08-05 03:25:00+00:00,2026-08-06 12:29:00+00:00,1.3777777777777778,0,0.0,0.0,0.0,0.0,0.0,0.0,0.0,100.0,100.0,0.0,0.0,none,0,"{""min_units"": 86}",{}
1m,20,trend,0.75,40,pips,40.0,3.0,-1000000000.0,2026-07-29 23:00:00+00:00,2026-08-05 03:27:00+00:00,6.185416666666667,0,0.0,0.0,0.0,0.0,0.0,0.0,0.0,100.0,100.0,0.0,0.0,none,0,"{""min_units"": 44}",{},2026-08-05 03:25:00+00:00,2026-08-06 12:29:00+00:00,1.3777777777777778,0,0.0,0.0,0.0,0.0,0.0,0.0,0.0,100.0,100.0,0.0,0.0,none,0,"{""min_units"": 15}",{}
1m,20,trend,0.75,40,pips,40.0,5.0,-1000000000.0,2026-07-29 23:00:00+00:00,2026-08-05 03:27:00+00:00,6.185416666666667,0,0.0,0.0,0.0,0.0,0.0,0.0,0.0,100.0,100.0,0.0,0.0,none,0,"{""min_units"": 279}",{},2026-08-05 03:25:00+00:00,2026-08-06 12:29:00+00:00,1.3777777777777778,0,0.0,0.0,0.0,0.0,0.0,0.0,0.0,100.0,100.0,0.0,0.0,none,0,"{""min_units"": 86}",{}
1m,20,trend,0.75,40,pips,40.0,8.0,-1000000000.0,2026-07-29 23:00:00+00:00,2026-08-05 03:27:00+00:00,6.185416666666667,0,0.0,0.0,0.0,0.0,0.0,0.0,0.0,100.0,100.0,0.0,0.0,none,0,"{""min_units"": 279}",{},2026-08-05 03:25:00+00:00,2026-08-06 12:29:00+00:00,1.3777777777777778,0,0.0,0.0,0.0,0.0,0.0,0.0,0.0,100.0,100.0,0.0,0.0,none,0,"{""min_units"": 86}",{}
1m,20,trend,0.75,45,pips,10.0,3.0,-122.94139892485734,2026-07-29 23:00:00+00:00,2026-08-05 03:27:00+00:00,6.185416666666667,35,5.658470865611317,14.285714285714285,6.260138804853496,29.37588030867426,-0.22684246328899102,0.07233189171914535,8.727473594725463,100.0,91.45093162417403,-8.549068375825982,-1.3821329809351537,none,0,"{""max_positions"": 74}","{""AUDUSD=X"": -4.617555, ""NZDUSD=X"": -3.931513}",2026-08-05 03:25:00+00:00,2026-08-06 12:29:00+00:00,1.3777777777777778,14,10.161290322580646,21.428571428571427,7.571248336916369,47.589723773208284,-0.14479573283877148,0.19897316040073243,2.163315008878783,100.0,97.97285974025719,-2.0271402597428025,-1.4713114788455826,none,0,"{""max_positions"": 20}","{""AUDUSD=X"": -1.487794, ""NZDUSD=X"": -0.539347}"
1m,20,trend,0.75,45,pips,10.0,5.0,-134.29014457961463,2026-07-29 23:00:00+00:00,2026-08-05 03:27:00+00:00,6.185416666666667,128,20.693836308521387,21.875,15.59042491230976,29.798587356958816,-0.2212036846112907,0.1702056566986748,28.9241932718667,100.0,71.35688618063595,-28.64311381936411,-4.630749287064591,daily_loss 8.36%,0,"{""daily_loss"": 3983, ""gross_leverage"": 6, ""max_positions"": 119, ""sized_down"": 6}","{""AUDUSD=X"": -3.653263, ""EURUSD=X"": -4.876154, ""GBPUSD=X"": -16.780817, ""NZDUSD=X"": -3.33288}",2026-08-05 03:25:00+00:00,2026-08-06 12:29:00+00:00,1.3777777777777778,41,29.758064516129032,14.634146341463413,6.884154529455409,28.44375526858926,-0.3115098281604785,0.05122075820970585,12.99601165771486,100.0,87.00398834228514,-12.996011657714844,-9.432589106405935,daily_loss 8.93%,0,"{""daily_loss"": 1767, ""max_positions"": 44}","{""AUDUSD=X"": -1.456662, ""EURUSD=X"": -4.228744, ""GBPUSD=X"": -7.095651, ""NZDUSD=X"": -0.214955}"
1m,20,trend,0.75,45,pips,10.0,8.0,-134.02164336027343,2026-07-29 23:00:00+00:00,2026-08-05 03:27:00+00:00,6.185416666666667,135,21.82553048164365,22.962962962962962,16.675002584299897,30.747095691721128,-0.20605477572374073,0.20942179582558654,28.52920489837527,100.0,71.85356308817613,-28.146436911823937,-4.550451235323506,daily_loss 8.31%,0,"{""daily_loss"": 2460, ""gross_leverage"": 8, ""max_positions"": 123, ""sized_down"": 8}","{""AUDUSD=X"": -3.613007, ""EURUSD=X"": -6.118107, ""GBPUSD=X"": -15.222538, ""NZDUSD=X"": -3.192785}",2026-08-05 03:25:00+00:00,2026-08-06 12:29:00+00:00,1.3777777777777778,41,29.758064516129032,14.634146341463413,6.884154529455409,28.44375526858926,-0.3115098281604785,0.05122075820970585,12.99601165771486,100.0,87.00398834228514,-12.996011657714844,-9.432589106405935,daily_loss 8.93%,0,"{""daily_loss"": 1767, ""max_positions"": 44}","{""AUDUSD=X"": -1.456662, ""EURUSD=X"": -4.228744, ""GBPUSD=X"": -7.095651, ""NZDUSD=X"": -0.214955}"
1m,20,trend,0.75,45,pips,20.0,3.0,-1000000000.0,2026-07-29 23:00:00+00:00,2026-08-05 03:27:00+00:00,6.185416666666667,0,0.0,0.0,0.0,0.0,0.0,0.0,0.0,100.0,100.0,0.0,0.0,none,0,"{""min_units"": 44}",{},2026-08-05 03:25:00+00:00,2026-08-06 12:29:00+00:00,1.3777777777777778,0,0.0,0.0,0.0,0.0,0.0,0.0,0.0,100.0,100.0,0.0,0.0,none,0,"{""min_units"": 15}",{}
1m,20,trend,0.75,45,pips,20.0,5.0,-1000000000.0,2026-07-29 23:00:00+00:00,2026-08-05 03:27:00+00:00,6.185416666666667,0,0.0,0.0,0.0,0.0,0.0,0.0,0.0,100.0,100.0,0.0,0.0,none,0,"{""min_units"": 279}",{},2026-08-05 03:25:00+00:00,2026-08-06 12:29:00+00:00,1.3777777777777778,0,0.0,0.0,0.0,0.0,0.0,0.0,0.0,100.0,100.0,0.0,0.0,none,0,"{""min_units"": 86}",{}
1m,20,trend,0.75,45,pips,20.0,8.0,-1000000000.0,2026-07-29 23:00:00+00:00,2026-08-05 03:27:00+00:00,6.185416666666667,0,0.0,0.0,0.0,0.0,0.0,0.0,0.0,100.0,100.0,0.0,0.0,none,0,"{""min_units"": 279}",{},2026-08-05 03:25:00+00:00,2026-08-06 12:29:00+00:00,1.3777777777777778,0,0.0,0.0,0.0,0.0,0.0,0.0,0.0,100.0,100.0,0.0,0.0,none,0,"{""min_units"": 86}",{}
1m,20,trend,0.75,45,pips,40.0,3.0,-1000000000.0,2026-07-29 23:00:00+00:00,2026-08-05 03:27:00+00:00,6.185416666666667,0,0.0,0.0,0.0,0.0,0.0,0.0,0.0,100.0,100.0,0.0,0.0,none,0,"{""min_units"": 44}",{},2026-08-05 03:25:00+00:00,2026-08-06 12:29:00+00:00,1.3777777777777778,0,0.0,0.0,0.0,0.0,0.0,0.0,0.0,100.0,100.0,0.0,0.0,none,0,"{""min_units"": 15}",{}
1m,20,trend,0.75,45,pips,40.0,5.0,-1000000000.0,2026-07-29 23:00:00+00:00,2026-08-05 03:27:00+00:00,6.185416666666667,0,0.0,0.0,0.0,0.0,0.0,0.0,0.0,100.0,100.0,0.0,0.0,none,0,"{""min_units"": 279}",{},2026-08-05 03:25:00+00:00,2026-08-06 12:29:00+00:00,1.3777777777777778,0,0.0,0.0,0.0,0.0,0.0,0.0,0.0,100.0,100.0,0.0,0.0,none,0,"{""min_units"": 86}",{}
1m,20,trend,0.75,45,pips,40.0,8.0,-1000000000.0,2026-07-29 23:00:00+00:00,2026-08-05 03:27:00+00:00,6.185416666666667,0,0.0,0.0,0.0,0.0,0.0,0.0,0.0,100.0,100.0,0.0,0.0,none,0,"{""min_units"": 279}",{},2026-08-05 03:25:00+00:00,2026-08-06 12:29:00+00:00,1.3777777777777778,0,0.0,0.0,0.0,0.0,0.0,0.0,0.0,100.0,100.0,0.0,0.0,none,0,"{""min_units"": 86}",{}
1m,20,both,0.25,40,pips,10.0,3.0,-113.49252193754172,2026-07-29 23:00:00+00:00,2026-08-05 03:27:00+00:00,6.185416666666667,86,13.903671269787807,30.23255813953488,21.543382392193752,40.612233714376025,-0.14800508201122925,0.2310798826112911,13.778366987680696,100.0,86.69179145693722,-13.308208543062806,-2.151546008982872,none,0,"{""max_positions"": 234}","{""AUDUSD=X"": -7.675896, ""NZDUSD=X"": -5.632313}",2026-08-05 03:25:00+00:00,2026-08-06 12:29:00+00:00,1.3777777777777778,38,27.580645161290324,34.21052631578947,21.212220026458954,50.108188370925454,-0.07354993020233781,0.3753720119213188,3.199555424451958,100.0,97.20510265231117,-2.7948973476888392,-2.028554526548351,none,0,"{""max_positions"": 142}","{""AUDUSD=X"": -1.808957, ""NZDUSD=X"": -0.98594}"
1m,20,both,0.25,40,pips,10.0,5.0,-123.91239754323595,2026-07-29 23:00:00+00:00,2026-08-05 03:27:00+00:00,6.185416666666667,129,20.85550690468171,23.25581395348837,16.80352410936596,31.254915415602124,-0.21687176691473226,0.15756642955787922,29.216678931715233,100.0,70.78332106828476,-29.21667893171527,-4.723477900715166,daily_loss 8.12%,0,"{""daily_loss"": 7894, ""gross_leverage"": 8, ""max_positions"": 200, ""sized_down"": 8}","{""AUDUSD=X"": -0.740028, ""EURUSD=X"": -6.706913, ""GBPUSD=X"": -19.935746, ""NZDUSD=X"": -1.833992}",2026-08-05 03:25:00+00:00,2026-08-06 12:29:00+00:00,1.3777777777777778,73,52.983870967741936,23.28767123287671,15.078759076763015,34.16748254235996,-0.18416692879105237,0.1661493536982128,13.748492261172402,100.0,86.33170549511804,-13.668294504881958,-9.920536334188517,daily_loss 8.66%,0,"{""daily_loss"": 1841, ""max_positions"": 188}","{""AUDUSD=X"": -1.147495, ""EURUSD=X"": -4.575649, ""GBPUSD=X"": -7.541077, ""NZDUSD=X"": -0.404073}"
1m,20,both,0.25,40,pips,10.0,8.0,-126.13294584419874,2026-07-29 23:00:00+00:00,2026-08-05 03:27:00+00:00,6.185416666666667,117,18.91545975075783,22.22222222222222,15.640294212046035,30.570282278169252,-0.2359937564736057,0.14617447124374092,28.851490507126716,100.0,71.14850949287329,-28.851490507126726,-4.664437670401087,daily_loss 8.03%,0,"{""daily_loss"": 8418, ""gross_leverage"": 7, ""max_positions"": 190, ""sized_down"": 7}","{""AUDUSD=X"": -0.733681, ""EURUSD=X"": -7.451589, ""GBPUSD=X"": -18.767558, ""NZDUSD=X"": -1.898663}",2026-08-05 03:25:00+00:00,2026-08-06 12:29:00+00:00,1.3777777777777778,73,52.983870967741936,23.28767123287671,15.078759076763015,34.16748254235996,-0.1823508846760095,0.1742370194834723,13.615921040774296,100.0,86.46427671551615,-13.535723284483844,-9.824315287125371,daily_loss 8.53%,0,"{""daily_loss"": 1841, ""max_positions"": 192}","{""AUDUSD=X"": -1.147495, ""EURUSD=X"": -4.67606, ""GBPUSD=X"": -7.308095, ""NZDUSD=X"": -0.404073}"
1m,20,both,0.25,40,pips,20.0,3.0,-1000000000.0,2026-07-29 23:00:00+00:00,2026-08-05 03:27:00+00:00,6.185416666666667,0,0.0,0.0,0.0,0.0,0.0,0.0,0.0,100.0,100.0,0.0,0.0,none,0,"{""min_units"": 125}",{},2026-08-05 03:25:00+00:00,2026-08-06 12:29:00+00:00,1.3777777777777778,0,0.0,0.0,0.0,0.0,0.0,0.0,0.0,100.0,100.0,0.0,0.0,none,0,"{""min_units"": 57}",{}
1m,20,both,0.25,40,pips,20.0,5.0,-1000000000.0,2026-07-29 23:00:00+00:00,2026-08-05 03:27:00+00:00,6.185416666666667,0,0.0,0.0,0.0,0.0,0.0,0.0,0.0,100.0,100.0,0.0,0.0,none,0,"{""min_units"": 541}",{},2026-08-05 03:25:00+00:00,2026-08-06 12:29:00+00:00,1.3777777777777778,0,0.0,0.0,0.0,0.0,0.0,0.0,0.0,100.0,100.0,0.0,0.0,none,0,"{""min_units"": 200}",{}
1m,20,both,0.25,40,pips,20.0,8.0,-1000000000.0,2026-07-29 23:00:00+00:00,2026-08-05 03:27:00+00:00,6.185416666666667,0,0.0,0.0,0.0,0.0,0.0,0.0,0.0,100.0,100.0,0.0,0.0,none,0,"{""min_units"": 541}",{},2026-08-05 03:25:00+00:00,2026-08-06 12:29:00+00:00,1.3777777777777778,0,0.0,0.0,0.0,0.0,0.0,0.0,0.0,100.0,100.0,0.0,0.0,none,0,"{""min_units"": 200}",{}
1m,20,both,0.25,40,pips,40.0,3.0,-1000000000.0,2026-07-29 23:00:00+00:00,2026-08-05 03:27:00+00:00,6.185416666666667,0,0.0,0.0,0.0,0.0,0.0,0.0,0.0,100.0,100.0,0.0,0.0,none,0,"{""min_units"": 125}",{},2026-08-05 03:25:00+00:00,2026-08-06 12:29:00+00:00,1.3777777777777778,0,0.0,0.0,0.0,0.0,0.0,0.0,0.0,100.0,100.0,0.0,0.0,none,0,"{""min_units"": 57}",{}
1m,20,both,0.25,40,pips,40.0,5.0,-1000000000.0,2026-07-29 23:00:00+00:00,2026-08-05 03:27:00+00:00,6.185416666666667,0,0.0,0.0,0.0,0.0,0.0,0.0,0.0,100.0,100.0,0.0,0.0,none,0,"{""min_units"": 541}",{},2026-08-05 03:25:00+00:00,2026-08-06 12:29:00+00:00,1.3777777777777778,0,0.0,0.0,0.0,0.0,0.0,0.0,0.0,100.0,100.0,0.0,0.0,none,0,"{""min_units"": 200}",{}
1m,20,both,0.25,40,pips,40.0,8.0,-1000000000.0,2026-07-29 23:00:00+00:00,2026-08-05 03:27:00+00:00,6.185416666666667,0,0.0,0.0,0.0,0.0,0.0,0.0,0.0,100.0,100.0,0.0,0.0,none,0,"{""min_units"": 541}",{},2026-08-05 03:25:00+00:00,2026-08-06 12:29:00+00:00,1.3777777777777778,0,0.0,0.0,0.0,0.0,0.0,0.0,0.0,100.0,100.0,0.0,0.0,none,0,"{""min_units"": 200}",{}
1m,20,both,0.25,45,pips,10.0,3.0,-114.93374310675215,2026-07-29 23:00:00+00:00,2026-08-05 03:27:00+00:00,6.185416666666667,136,21.987201077803974,31.61764705882353,24.399293204164994,39.84596714754721,-0.15279829183046173,0.22771390068530656,21.610057494182275,100.0,78.81739547967821,-21.18260452032179,-3.4246043010287837,none,0,"{""max_positions"": 454}","{""AUDUSD=X"": -10.260784, ""NZDUSD=X"": -10.92182}",2026-08-05 03:25:00+00:00,2026-08-06 12:29:00+00:00,1.3777777777777778,60,43.54838709677419,30.0,19.89801025272689,42.50894696639042,-0.1320540032386806,0.19010405763379956,9.00416081877945,100.0,91.55801595926272,-8.441984040737319,-6.127246481180312,none,0,"{""max_positions"": 295}","{""AUDUSD=X"": -4.609761, ""NZDUSD=X"": -3.832223}"
1m,20,both,0.25,45,pips,10.0,5.0,-124.98451286275879,2026-07-29 23:00:00+00:00,2026-08-05 03:27:00+00:00,6.185416666666667,131,21.17884809700236,22.900763358778626,16.538500851400116,30.807125424170618,-0.2233200691856776,0.14158435216192752,30.047240340710275,100.0,69.95275965928973,-30.047240340710292,-4.85775525885515,max_drawdown 30.05%,0,"{""daily_loss"": 6558, ""gross_leverage"": 17, ""max_drawdown"": 2844, ""max_positions"": 321, ""sized_down"": 17}","{""AUDUSD=X"": -1.550515, ""EURUSD=X"": -7.450876, ""GBPUSD=X"": -18.600779, ""NZDUSD=X"": -2.445071}",2026-08-05 03:25:00+00:00,2026-08-06 12:29:00+00:00,1.3777777777777778,85,61.693548387096776,21.176470588235293,13.836125681504122,31.00953220849336,-0.17919347735014016,0.12473067940488168,15.455554277896951,100.0,84.54444572210305,-15.455554277896988,-11.21774100815104,daily_loss 8.20%,0,"{""daily_loss"": 2469, ""max_positions"": 233}","{""AUDUSD=X"": -1.350477, ""EURUSD=X"": -2.780826, ""GBPUSD=X"": -9.880949, ""NZDUSD=X"": -1.443302}"
1m,20,both,0.25,45,pips,10.0,8.0,-124.42939265410942,2026-07-29 23:00:00+00:00,2026-08-05 03:27:00+00:00,6.185416666666667,136,21.987201077803974,23.52941176470588,17.188509908899885,31.32466499756571,-0.21803289787736246,0.1506605992044657,30.444785388707786,100.0,69.55521461129221,-30.44478538870778,-4.922026603765488,max_drawdown 30.02%,0,"{""daily_loss"": 6558, ""gross_leverage"": 17, ""max_drawdown"": 2691, ""max_positions"": 335, ""sized_down"": 17}","{""AUDUSD=X"": -1.468512, ""EURUSD=X"": -7.526097, ""GBPUSD=X"": -18.864555, ""NZDUSD=X"": -2.585621}",2026-08-05 03:25:00+00:00,2026-08-06 12:29:00+00:00,1.3777777777777778,85,61.693548387096776,21.176470588235293,13.836125681504122,31.00953220849336,-0.17900499764612346,0.1256379579442809,15.439533503055545,100.0,84.56046649694446,-15.439533503055571,-11.206113026411302,daily_loss 8.20%,0,"{""daily_loss"": 2469, ""max_positions"": 235}","{""AUDUSD=X"": -1.350477, ""EURUSD=X"": -2.881237, ""GBPUSD=X"": -9.764518, ""NZDUSD=X"": -1.443302}"
1m,20,both,0.25,45,pips,20.0,3.0,-1000000000.0,2026-07-29 23:00:00+00:00,2026-08-05 03:27:00+00:00,6.185416666666667,0,0.0,0.0,0.0,0.0,0.0,0.0,0.0,100.0,100.0,0.0,0.0,none,0,"{""min_units"": 238}",{},2026-08-05 03:25:00+00:00,2026-08-06 12:29:00+00:00,1.3777777777777778,0,0.0,0.0,0.0,0.0,0.0,0.0,0.0,100.0,100.0,0.0,0.0,none,0,"{""min_units"": 109}",{}
1m,20,both,0.25,45,pips,20.0,5.0,-1000000000.0,2026-07-29 23:00:00+00:00,2026-08-05 03:27:00+00:00,6.185416666666667,0,0.0,0.0,0.0,0.0,0.0,0.0,0.0,100.0,100.0,0.0,0.0,none,0,"{""min_units"": 863}",{},2026-08-05 03:25:00+00:00,2026-08-06 12:29:00+00:00,1.3777777777777778,0,0.0,0.0,0.0,0.0,0.0,0.0,0.0,100.0,100.0,0.0,0.0,none,0,"{""min_units"": 344}",{}
1m,20,both,0.25,45,pips,20.0,8.0,-1000000000.0,2026-07-29 23:00:00+00:00,2026-08-05 03:27:00+00:00,6.185416666666667,0,0.0,0.0,0.0,0.0,0.0,0.0,0.0,100.0,100.0,0.0,0.0,none,0,"{""min_units"": 863}",{},2026-08-05 03:25:00+00:00,2026-08-06 12:29:00+00:00,1.3777777777777778,0,0.0,0.0,0.0,0.0,0.0,0.0,0.0,100.0,100.0,0.0,0.0,none,0,"{""min_units"": 344}",{}
1m,20,both,0.25,45,pips,40.0,3.0,-1000000000.0,2026-07-29 23:00:00+00:00,2026-08-05 03:27:00+00:00,6.185416666666667,0,0.0,0.0,0.0,0.0,0.0,0.0,0.0,100.0,100.0,0.0,0.0,none,0,"{""min_units"": 238}",{},2026-08-05 03:25:00+00:00,2026-08-06 12:29:00+00:00,1.3777777777777778,0,0.0,0.0,0.0,0.0,0.0,0.0,0.0,100.0,100.0,0.0,0.0,none,0,"{""min_units"": 109}",{}
1m,20,both,0.25,45,pips,40.0,5.0,-1000000000.0,2026-07-29 23:00:00+00:00,2026-08-05 03:27:00+00:00,6.185416666666667,0,0.0,0.0,0.0,0.0,0.0,0.0,0.0,100.0,100.0,0.0,0.0,none,0,"{""min_units"": 863}",{},2026-08-05 03:25:00+00:00,2026-08-06 12:29:00+00:00,1.3777777777777778,0,0.0,0.0,0.0,0.0,0.0,0.0,0.0,100.0,100.0,0.0,0.0,none,0,"{""min_units"": 344}",{}
1m,20,both,0.25,45,pips,40.0,8.0,-1000000000.0,2026-07-29 23:00:00+00:00,2026-08-05 03:27:00+00:00,6.185416666666667,0,0.0,0.0,0.0,0.0,0.0,0.0,0.0,100.0,100.0,0.0,0.0,none,0,"{""min_units"": 863}",{},2026-08-05 03:25:00+00:00,2026-08-06 12:29:00+00:00,1.3777777777777778,0,0.0,0.0,0.0,0.0,0.0,0.0,0.0,100.0,100.0,0.0,0.0,none,0,"{""min_units"": 344}",{}
1m,20,both,0.75,40,pips,10.0,3.0,-113.49252193754172,2026-07-29 23:00:00+00:00,2026-08-05 03:27:00+00:00,6.185416666666667,86,13.903671269787807,30.23255813953488,21.543382392193752,40.612233714376025,-0.14800508201122925,0.2310798826112911,13.778366987680696,100.0,86.69179145693722,-13.308208543062806,-2.151546008982872,none,0,"{""max_positions"": 234}","{""AUDUSD=X"": -7.675896, ""NZDUSD=X"": -5.632313}",2026-08-05 03:25:00+00:00,2026-08-06 12:29:00+00:00,1.3777777777777778,38,27.580645161290324,34.21052631578947,21.212220026458954,50.108188370925454,-0.07354993020233781,0.3753720119213188,3.199555424451958,100.0,97.20510265231117,-2.7948973476888392,-2.028554526548351,none,0,"{""max_positions"": 142}","{""AUDUSD=X"": -1.808957, ""NZDUSD=X"": -0.98594}"
1m,20,both,0.75,40,pips,10.0,5.0,-123.91239754323595,2026-07-29 23:00:00+00:00,2026-08-05 03:27:00+00:00,6.185416666666667,129,20.85550690468171,23.25581395348837,16.80352410936596,31.254915415602124,-0.21687176691473226,0.15756642955787922,29.216678931715233,100.0,70.78332106828476,-29.21667893171527,-4.723477900715166,daily_loss 8.12%,0,"{""daily_loss"": 7894, ""gross_leverage"": 8, ""max_positions"": 200, ""sized_down"": 8}","{""AUDUSD=X"": -0.740028, ""EURUSD=X"": -6.706913, ""GBPUSD=X"": -19.935746, ""NZDUSD=X"": -1.833992}",2026-08-05 03:25:00+00:00,2026-08-06 12:29:00+00:00,1.3777777777777778,73,52.983870967741936,23.28767123287671,15.078759076763015,34.16748254235996,-0.18416692879105237,0.1661493536982128,13.748492261172402,100.0,86.33170549511804,-13.668294504881958,-9.920536334188517,daily_loss 8.66%,0,"{""daily_loss"": 1841, ""max_positions"": 188}","{""AUDUSD=X"": -1.147495, ""EURUSD=X"": -4.575649, ""GBPUSD=X"": -7.541077, ""NZDUSD=X"": -0.404073}"
1m,20,both,0.75,40,pips,10.0,8.0,-126.13294584419874,2026-07-29 23:00:00+00:00,2026-08-05 03:27:00+00:00,6.185416666666667,117,18.91545975075783,22.22222222222222,15.640294212046035,30.570282278169252,-0.2359937564736057,0.14617447124374092,28.851490507126716,100.0,71.14850949287329,-28.851490507126726,-4.664437670401087,daily_loss 8.03%,0,"{""daily_loss"": 8418, ""gross_leverage"": 7, ""max_positions"": 190, ""sized_down"": 7}","{""AUDUSD=X"": -0.733681, ""EURUSD=X"": -7.451589, ""GBPUSD=X"": -18.767558, ""NZDUSD=X"": -1.898663}",2026-08-05 03:25:00+00:00,2026-08-06 12:29:00+00:00,1.3777777777777778,73,52.983870967741936,23.28767123287671,15.078759076763015,34.16748254235996,-0.1823508846760095,0.1742370194834723,13.615921040774296,100.0,86.46427671551615,-13.535723284483844,-9.824315287125371,daily_loss 8.53%,0,"{""daily_loss"": 1841, ""max_positions"": 192}","{""AUDUSD=X"": -1.147495, ""EURUSD=X"": -4.67606, ""GBPUSD=X"": -7.308095, ""NZDUSD=X"": -0.404073}"
1m,20,both,0.75,40,pips,20.0,3.0,-1000000000.0,2026-07-29 23:00:00+00:00,2026-08-05 03:27:00+00:00,6.185416666666667,0,0.0,0.0,0.0,0.0,0.0,0.0,0.0,100.0,100.0,0.0,0.0,none,0,"{""min_units"": 125}",{},2026-08-05 03:25:00+00:00,2026-08-06 12:29:00+00:00,1.3777777777777778,0,0.0,0.0,0.0,0.0,0.0,0.0,0.0,100.0,100.0,0.0,0.0,none,0,"{""min_units"": 57}",{}
1m,20,both,0.75,40,pips,20.0,5.0,-1000000000.0,2026-07-29 23:00:00+00:00,2026-08-05 03:27:00+00:00,6.185416666666667,0,0.0,0.0,0.0,0.0,0.0,0.0,0.0,100.0,100.0,0.0,0.0,none,0,"{""min_units"": 541}",{},2026-08-05 03:25:00+00:00,2026-08-06 12:29:00+00:00,1.3777777777777778,0,0.0,0.0,0.0,0.0,0.0,0.0,0.0,100.0,100.0,0.0,0.0,none,0,"{""min_units"": 200}",{}
1m,20,both,0.75,40,pips,20.0,8.0,-1000000000.0,2026-07-29 23:00:00+00:00,2026-08-05 03:27:00+00:00,6.185416666666667,0,0.0,0.0,0.0,0.0,0.0,0.0,0.0,100.0,100.0,0.0,0.0,none,0,"{""min_units"": 541}",{},2026-08-05 03:25:00+00:00,2026-08-06 12:29:00+00:00,1.3777777777777778,0,0.0,0.0,0.0,0.0,0.0,0.0,0.0,100.0,100.0,0.0,0.0,none,0,"{""min_units"": 200}",{}
1m,20,both,0.75,40,pips,40.0,3.0,-1000000000.0,2026-07-29 23:00:00+00:00,2026-08-05 03:27:00+00:00,6.185416666666667,0,0.0,0.0,0.0,0.0,0.0,0.0,0.0,100.0,100.0,0.0,0.0,none,0,"{""min_units"": 125}",{},2026-08-05 03:25:00+00:00,2026-08-06 12:29:00+00:00,1.3777777777777778,0,0.0,0.0,0.0,0.0,0.0,0.0,0.0,100.0,100.0,0.0,0.0,none,0,"{""min_units"": 57}",{}
1m,20,both,0.75,40,pips,40.0,5.0,-1000000000.0,2026-07-29 23:00:00+00:00,2026-08-05 03:27:00+00:00,6.185416666666667,0,0.0,0.0,0.0,0.0,0.0,0.0,0.0,100.0,100.0,0.0,0.0,none,0,"{""min_units"": 541}",{},2026-08-05 03:25:00+00:00,2026-08-06 12:29:00+00:00,1.3777777777777778,0,0.0,0.0,0.0,0.0,0.0,0.0,0.0,100.0,100.0,0.0,0.0,none,0,"{""min_units"": 200}",{}
1m,20,both,0.75,40,pips,40.0,8.0,-1000000000.0,2026-07-29 23:00:00+00:00,2026-08-05 03:27:00+00:00,6.185416666666667,0,0.0,0.0,0.0,0.0,0.0,0.0,0.0,100.0,100.0,0.0,0.0,none,0,"{""min_units"": 541}",{},2026-08-05 03:25:00+00:00,2026-08-06 12:29:00+00:00,1.3777777777777778,0,0.0,0.0,0.0,0.0,0.0,0.0,0.0,100.0,100.0,0.0,0.0,none,0,"{""min_units"": 200}",{}
1m,20,both,0.75,45,pips,10.0,3.0,-115.00858695793862,2026-07-29 23:00:00+00:00,2026-08-05 03:27:00+00:00,6.185416666666667,136,21.987201077803974,31.61764705882353,24.399293204164994,39.84596714754721,-0.15279829183046173,0.22771390068530656,21.610057494182275,100.0,78.81739547967821,-21.18260452032179,-3.4246043010287837,none,0,"{""max_positions"": 454}","{""AUDUSD=X"": -10.260784, ""NZDUSD=X"": -10.92182}",2026-08-05 03:25:00+00:00,2026-08-06 12:29:00+00:00,1.3777777777777778,59,42.82258064516129,28.8135593220339,18.83634728582083,41.381088298250866,-0.13484065518541122,0.18699969417616802,9.03646336295317,100.0,91.52565749764429,-8.474342502355743,-6.150732461387233,none,0,"{""max_positions"": 295}","{""AUDUSD=X"": -4.609761, ""NZDUSD=X"": -3.864582}"
1m,20,both,0.75,45,pips,10.0,5.0,-125.40998887714227,2026-07-29 23:00:00+00:00,2026-08-05 03:27:00+00:00,6.185416666666667,131,21.17884809700236,22.900763358778626,16.538500851400116,30.807125424170618,-0.22364441287429304,0.14037259556862738,30.089729363918877,100.0,69.91027063608112,-30.08972936391891,-4.864624484567557,max_drawdown 30.09%,0,"{""daily_loss"": 6558, ""gross_leverage"": 17, ""max_drawdown"": 2844, ""max_positions"": 316, ""sized_down"": 17}","{""AUDUSD=X"": -1.550601, ""EURUSD=X"": -7.394658, ""GBPUSD=X"": -18.6994, ""NZDUSD=X"": -2.445071}",2026-08-05 03:25:00+00:00,2026-08-06 12:29:00+00:00,1.3777777777777778,76,55.16129032258065,17.105263157894736,10.277922110932627,27.098082377955375,-0.20633542694545146,0.08895887576432965,15.905601150989341,100.0,84.09439884901066,-15.905601150989366,-11.544387932169702,daily_loss 8.28%,0,"{""daily_loss"": 2633, ""max_positions"": 215}","{""AUDUSD=X"": -1.593227, ""EURUSD=X"": -2.774886, ""GBPUSD=X"": -10.098531, ""NZDUSD=X"": -1.438956}"
1m,20,both,0.75,45,pips,10.0,8.0,-124.82486787568837,2026-07-29 23:00:00+00:00,2026-08-05 03:27:00+00:00,6.185416666666667,136,21.987201077803974,23.52941176470588,17.188509908899885,31.32466499756571,-0.21834531716566116,0.14947728873223567,30.48727441191639,100.0,69.51272558808361,-30.4872744119164,-4.928895829477895,max_drawdown 30.06%,0,"{""daily_loss"": 6558, ""gross_leverage"": 17, ""max_drawdown"": 2691, ""max_positions"": 330, ""sized_down"": 17}","{""AUDUSD=X"": -1.468598, ""EURUSD=X"": -7.46988, ""GBPUSD=X"": -18.963176, ""NZDUSD=X"": -2.585621}",2026-08-05 03:25:00+00:00,2026-08-06 12:29:00+00:00,1.3777777777777778,76,55.16129032258065,17.105263157894736,10.277922110932627,27.098082377955375,-0.2048034369945678,0.09562782485830153,15.789169914722196,100.0,84.2108300852778,-15.78916991472222,-11.459881389717742,daily_loss 8.27%,0,"{""daily_loss"": 2633, ""max_positions"": 215}","{""AUDUSD=X"": -1.593227, ""EURUSD=X"": -2.774886, ""GBPUSD=X"": -9.9821, ""NZDUSD=X"": -1.438956}"
1m,20,both,0.75,45,pips,20.0,3.0,-1000000000.0,2026-07-29 23:00:00+00:00,2026-08-05 03:27:00+00:00,6.185416666666667,0,0.0,0.0,0.0,0.0,0.0,0.0,0.0,100.0,100.0,0.0,0.0,none,0,"{""min_units"": 237}",{},2026-08-05 03:25:00+00:00,2026-08-06 12:29:00+00:00,1.3777777777777778,0,0.0,0.0,0.0,0.0,0.0,0.0,0.0,100.0,100.0,0.0,0.0,none,0,"{""min_units"": 108}",{}
1m,20,both,0.75,45,pips,20.0,5.0,-1000000000.0,2026-07-29 23:00:00+00:00,2026-08-05 03:27:00+00:00,6.185416666666667,0,0.0,0.0,0.0,0.0,0.0,0.0,0.0,100.0,100.0,0.0,0.0,none,0,"{""min_units"": 854}",{},2026-08-05 03:25:00+00:00,2026-08-06 12:29:00+00:00,1.3777777777777778,0,0.0,0.0,0.0,0.0,0.0,0.0,0.0,100.0,100.0,0.0,0.0,none,0,"{""min_units"": 339}",{}
1m,20,both,0.75,45,pips,20.0,8.0,-1000000000.0,2026-07-29 23:00:00+00:00,2026-08-05 03:27:00+00:00,6.185416666666667,0,0.0,0.0,0.0,0.0,0.0,0.0,0.0,100.0,100.0,0.0,0.0,none,0,"{""min_units"": 854}",{},2026-08-05 03:25:00+00:00,2026-08-06 12:29:00+00:00,1.3777777777777778,0,0.0,0.0,0.0,0.0,0.0,0.0,0.0,100.0,100.0,0.0,0.0,none,0,"{""min_units"": 339}",{}
1m,20,both,0.75,45,pips,40.0,3.0,-1000000000.0,2026-07-29 23:00:00+00:00,2026-08-05 03:27:00+00:00,6.185416666666667,0,0.0,0.0,0.0,0.0,0.0,0.0,0.0,100.0,100.0,0.0,0.0,none,0,"{""min_units"": 237}",{},2026-08-05 03:25:00+00:00,2026-08-06 12:29:00+00:00,1.3777777777777778,0,0.0,0.0,0.0,0.0,0.0,0.0,0.0,100.0,100.0,0.0,0.0,none,0,"{""min_units"": 108}",{}
1m,20,both,0.75,45,pips,40.0,5.0,-1000000000.0,2026-07-29 23:00:00+00:00,2026-08-05 03:27:00+00:00,6.185416666666667,0,0.0,0.0,0.0,0.0,0.0,0.0,0.0,100.0,100.0,0.0,0.0,none,0,"{""min_units"": 854}",{},2026-08-05 03:25:00+00:00,2026-08-06 12:29:00+00:00,1.3777777777777778,0,0.0,0.0,0.0,0.0,0.0,0.0,0.0,100.0,100.0,0.0,0.0,none,0,"{""min_units"": 339}",{}
1m,20,both,0.75,45,pips,40.0,8.0,-1000000000.0,2026-07-29 23:00:00+00:00,2026-08-05 03:27:00+00:00,6.185416666666667,0,0.0,0.0,0.0,0.0,0.0,0.0,0.0,100.0,100.0,0.0,0.0,none,0,"{""min_units"": 854}",{},2026-08-05 03:25:00+00:00,2026-08-06 12:29:00+00:00,1.3777777777777778,0,0.0,0.0,0.0,0.0,0.0,0.0,0.0,100.0,100.0,0.0,0.0,none,0,"{""min_units"": 339}",{}
