open,high,low,close,volume,time
0.580585241317749,0.580585241317749,0.580585241317749,0.580585241317749,0,2026-07-29 23:01:00+00:00
0.5806189179420471,0.5806189179420471,0.5806189179420471,0.5806189179420471,0,2026-07-29 23:03:00+00:00
0.5807538032531738,0.5807538032531738,0.5807538032531738,0.5807538032531738,0,2026-07-29 23:05:00+00:00
0.5806189179420471,0.5806189179420471,0.5806189179420471,0.5806189179420471,0,2026-07-29 23:07:00+00:00
0.5809224843978882,0.5809224843978882,0.5809224843978882,0.5809224843978882,0,2026-07-29 23:09:00+00:00
0.5808212757110596,0.5808212757110596,0.5808212757110596,0.5808212757110596,0,2026-07-29 23:11:00+00:00
0.5806189179420471,0.5806189179420471,0.5806189179420471,0.5806189179420471,0,2026-07-29 23:13:00+00:00
0.58048415184021,0.58048415184021,0.58048415184021,0.58048415184021,0,2026-07-29 23:15:00+00:00
0.580416738986969,0.580416738986969,0.580416738986969,0.580416738986969,0,2026-07-29 23:17:00+00:00
0.58048415184021,0.58048415184021,0.58048415184021,0.58048415184021,0,2026-07-29 23:19:00+00:00
0.580416738986969,0.580416738986969,0.580416738986969,0.580416738986969,0,2026-07-29 23:21:00+00:00
0.5803830623626709,0.5803830623626709,0.5803830623626709,0.5803830623626709,0,2026-07-29 23:23:00+00:00
0.5803157091140747,0.5803157091140747,0.5803157091140747,0.5803157091140747,0,2026-07-29 23:25:00+00:00
0.5803493857383728,0.5803493857383728,0.5803493857383728,0.5803493857383728,0,2026-07-29 23:27:00+00:00
0.5802820324897766,0.5802820324897766,0.5802820324897766,0.5802820324897766,0,2026-07-29 23:29:00+00:00
0.5803157091140747,0.5803157091140747,0.5803157091140747,0.5803157091140747,0,2026-07-29 23:31:00+00:00
0.5803830623626709,0.5803830623626709,0.5803830623626709,0.5803830623626709,0,2026-07-29 23:33:00+00:00
0.580416738986969,0.580416738986969,0.580416738986969,0.580416738986969,0,2026-07-29 23:35:00+00:00
0.5803830623626709,0.5803830623626709,0.5803830623626709,0.5803830623626709,0,2026-07-29 23:37:00+00:00
0.5804504156112671,0.5804504156112671,0.5804504156112671,0.5804504156112671,0,2026-07-29 23:39:00+00:00
0.5803830623626709,0.5803830623626709,0.5803830623626709,0.5803830623626709,0,2026-07-29 23:41:00+00:00
0.5803830623626709,0.5803830623626709,0.5803830623626709,0.5803830623626709,0,2026-07-29 23:43:00+00:00
0.5803493857383728,0.5803493857383728,0.5803493857383728,0.5803493857383728,0,2026-07-29 23:45:00+00:00
0.5805178284645081,0.5805178284645081,0.5805178284645081,0.5805178284645081,0,2026-07-29 23:47:00+00:00
0.58048415184021,0.58048415184021,0.58048415184021,0.58048415184021,0,2026-07-29 23:49:00+00:00
0.5805515646934509,0.5805515646934509,0.5805515646934509,0.5805515646934509,0,2026-07-29 23:51:00+00:00
0.5805515646934509,0.5805515646934509,0.5805515646934509,0.5805515646934509,0,2026-07-29 23:53:00+00:00
0.5803830623626709,0.5803830623626709,0.5803830623626709,0.5803830623626709,0,2026-07-29 23:55:00+00:00
0.58048415184021,0.58048415184021,0.58048415184021,0.58048415184021,0,2026-07-29 23:57:00+00:00
0.5803493857383728,0.5803493857383728,0.5803493857383728,0.5803493857383728,0,2026-07-29 23:59:00+00:00
0.5803830623626709,0.5803830623626709,0.5803830623626709,0.5803830623626709,0,2026-07-30 00:01:00+00:00
0.5802483558654785,0.5802483558654785,0.5802483558654785,0.5802483558654785,0,2026-07-30 00:03:00+00:00
0.5802146792411804,0.5802146792411804,0.5802146792411804,0.5802146792411804,0,2026-07-30 00:05:00+00:00
0.5803830623626709,0.5803830623626709,0.5803830623626709,0.5803830623626709,0,2026-07-30 00:07:00+00:00
0.580585241317749,0.580585241317749,0.580585241317749,0.580585241317749,0,2026-07-30 00:09:00+00:00
0.5804504156112671,0.5804504156112671,0.5804504156112671,0.5804504156112671,0,2026-07-30 00:11:00+00:00
0.5805178284645081,0.5805178284645081,0.5805178284645081,0.5805178284645081,0,2026-07-30 00:13:00+00:00
0.58048415184021,0.58048415184021,0.58048415184021,0.58048415184021,0,2026-07-30 00:15:00+00:00
0.5802820324897766,0.5802820324897766,0.5802820324897766,0.5802820324897766,0,2026-07-30 00:17:00+00:00
0.5801137089729309,0.5801137089729309,0.5801137089729309,0.5801137089729309,0,2026-07-30 00:19:00+00:00
0.5800127387046814,0.5800127387046814,0.5800127387046814,0.5800127387046814,0,2026-07-30 00:21:00+00:00
0.5800800919532776,0.5800800919532776,0.5800800919532776,0.5800800919532776,0,2026-07-30 00:23:00+00:00
0.5801137089729309,0.5801137089729309,0.5801137089729309,0.5801137089729309,0,2026-07-30 00:25:00+00:00
0.5799118280410767,0.5799118280410767,0.5799118280410767,0.5799118280410767,0,2026-07-30 00:27:00+00:00
0.5797773599624634,0.5797773599624634,0.5797773599624634,0.5797773599624634,0,2026-07-30 00:29:00+00:00
0.5797773599624634,0.5797773599624634,0.5797773599624634,0.5797773599624634,0,2026-07-30 00:31:00+00:00
0.5797101259231567,0.5797101259231567,0.5797101259231567,0.5797101259231567,0,2026-07-30 00:33:00+00:00
0.5797101259231567,0.5797101259231567,0.5797101259231567,0.5797101259231567,0,2026-07-30 00:35:00+00:00
0.5796428918838501,0.5796428918838501,0.5796428918838501,0.5796428918838501,0,2026-07-30 00:37:00+00:00
0.5796428918838501,0.5796428918838501,0.5796428918838501,0.5796428918838501,0,2026-07-30 00:39:00+00:00
0.5796765089035034,0.5796765089035034,0.5796765089035034,0.5796765089035034,0,2026-07-30 00:41:00+00:00
0.5797773599624634,0.5797773599624634,0.5797773599624634,0.5797773599624634,0,2026-07-30 00:43:00+00:00
0.57984459400177,0.57984459400177,0.57984459400177,0.57984459400177,0,2026-07-30 00:45:00+00:00
0.5799455046653748,0.5799455046653748,0.5799455046653748,0.5799455046653748,0,2026-07-30 00:47:00+00:00
0.5800127387046814,0.5800127387046814,0.5800127387046814,0.5800127387046814,0,2026-07-30 00:49:00+00:00
0.5799791216850281,0.5799791216850281,0.5799791216850281,0.5799791216850281,0,2026-07-30 00:51:00+00:00
0.5800127387046814,0.5800127387046814,0.5800127387046814,0.5800127387046814,0,2026-07-30 00:53:00+00:00
0.5801137089729309,0.5801137089729309,0.5801137089729309,0.5801137089729309,0,2026-07-30 00:55:00+00:00
0.5799118280410767,0.5799118280410767,0.5799118280410767,0.5799118280410767,0,2026-07-30 00:57:00+00:00
0.5800800919532776,0.5800800919532776,0.5800800919532776,0.5800800919532776,0,2026-07-30 00:59:00+00:00
0.5802483558654785,0.5802483558654785,0.5802483558654785,0.5802483558654785,0,2026-07-30 01:01:00+00:00
0.5803493857383728,0.5803493857383728,0.5803493857383728,0.5803493857383728,0,2026-07-30 01:03:00+00:00
0.5803157091140747,0.5803157091140747,0.5803157091140747,0.5803157091140747,0,2026-07-30 01:05:00+00:00
0.580585241317749,0.580585241317749,0.580585241317749,0.580585241317749,0,2026-07-30 01:07:00+00:00
0.5805515646934509,0.5805515646934509,0.5805515646934509,0.5805515646934509,0,2026-07-30 01:09:00+00:00
0.580416738986969,0.580416738986969,0.580416738986969,0.580416738986969,0,2026-07-30 01:11:00+00:00
0.580416738986969,0.580416738986969,0.580416738986969,0.580416738986969,0,2026-07-30 01:13:00+00:00
0.5805178284645081,0.5805178284645081,0.5805178284645081,0.5805178284645081,0,2026-07-30 01:15:00+00:00
0.5805178284645081,0.5805178284645081,0.5805178284645081,0.5805178284645081,0,2026-07-30 01:17:00+00:00
0.5805178284645081,0.5805178284645081,0.5805178284645081,0.5805178284645081,0,2026-07-30 01:19:00+00:00
0.58048415184021,0.58048415184021,0.58048415184021,0.58048415184021,0,2026-07-30 01:21:00+00:00
0.580416738986969,0.580416738986969,0.580416738986969,0.580416738986969,0,2026-07-30 01:23:00+00:00
0.5805515646934509,0.5805515646934509,0.5805515646934509,0.5805515646934509,0,2026-07-30 01:25:00+00:00
0.58048415184021,0.58048415184021,0.58048415184021,0.58048415184021,0,2026-07-30 01:27:00+00:00
0.58065265417099,0.58065265417099,0.58065265417099,0.58065265417099,0,2026-07-30 01:29:00+00:00
0.5806863903999329,0.5806863903999329,0.5806863903999329,0.5806863903999329,0,2026-07-30 01:31:00+00:00
0.5808550119400024,0.5808550119400024,0.5808550119400024,0.5808550119400024,0,2026-07-30 01:33:00+00:00
0.5807875394821167,0.5807875394821167,0.5807875394821167,0.5807875394821167,0,2026-07-30 01:35:00+00:00
0.5808550119400024,0.5808550119400024,0.5808550119400024,0.5808550119400024,0,2026-07-30 01:37:00+00:00
0.580720067024231,0.580720067024231,0.580720067024231,0.580720067024231,0,2026-07-30 01:39:00+00:00
0.5807875394821167,0.5807875394821167,0.5807875394821167,0.5807875394821167,0,2026-07-30 01:41:00+00:00
0.5808212757110596,0.5808212757110596,0.5808212757110596,0.5808212757110596,0,2026-07-30 01:43:00+00:00
0.5806863903999329,0.5806863903999329,0.5806863903999329,0.5806863903999329,0,2026-07-30 01:45:00+00:00
0.5807538032531738,0.5807538032531738,0.5807538032531738,0.5807538032531738,0,2026-07-30 01:47:00+00:00
0.5808550119400024,0.5808550119400024,0.5808550119400024,0.5808550119400024,0,2026-07-30 01:49:00+00:00
0.580720067024231,0.580720067024231,0.580720067024231,0.580720067024231,0,2026-07-30 01:51:00+00:00
0.5806189179420471,0.5806189179420471,0.5806189179420471,0.5806189179420471,0,2026-07-30 01:53:00+00:00
0.580585241317749,0.580585241317749,0.580585241317749,0.580585241317749,0,2026-07-30 01:55:00+00:00
0.5806189179420471,0.5806189179420471,0.5806189179420471,0.5806189179420471,0,2026-07-30 01:57:00+00:00
0.580585241317749,0.580585241317749,0.580585241317749,0.580585241317749,0,2026-07-30 01:59:00+00:00
0.5807875394821167,0.5807875394821167,0.5807875394821167,0.5807875394821167,0,2026-07-30 02:01:00+00:00
0.5808550119400024,0.5808550119400024,0.5808550119400024,0.5808550119400024,0,2026-07-30 02:03:00+00:00
0.5807875394821167,0.5807875394821167,0.5807875394821167,0.5807875394821167,0,2026-07-30 02:05:00+00:00
0.5807875394821167,0.5807875394821167,0.5807875394821167,0.5807875394821167,0,2026-07-30 02:07:00+00:00
0.5807538032531738,0.5807538032531738,0.5807538032531738,0.5807538032531738,0,2026-07-30 02:09:00+00:00
0.5807538032531738,0.5807538032531738,0.5807538032531738,0.5807538032531738,0,2026-07-30 02:11:00+00:00
0.5807875394821167,0.5807875394821167,0.5807875394821167,0.5807875394821167,0,2026-07-30 02:13:00+00:00
0.5806863903999329,0.5806863903999329,0.5806863903999329,0.5806863903999329,0,2026-07-30 02:15:00+00:00
0.5807538032531738,0.5807538032531738,0.5807538032531738,0.5807538032531738,0,2026-07-30 02:17:00+00:00
0.5808550119400024,0.5808550119400024,0.5808550119400024,0.5808550119400024,0,2026-07-30 02:19:00+00:00
0.5809900164604187,0.5809900164604187,0.5809900164604187,0.5809900164604187,0,2026-07-30 02:21:00+00:00
0.5810237526893616,0.5810237526893616,0.5810237526893616,0.5810237526893616,0,2026-07-30 02:23:00+00:00
0.5810912847518921,0.5810912847518921,0.5810912847518921,0.5810912847518921,0,2026-07-30 02:25:00+00:00
0.5810237526893616,0.5810237526893616,0.5810237526893616,0.5810237526893616,0,2026-07-30 02:27:00+00:00
0.5809562802314758,0.5809562802314758,0.5809562802314758,0.5809562802314758,0,2026-07-30 02:29:00+00:00
0.5809562802314758,0.5809562802314758,0.5809562802314758,0.5809562802314758,0,2026-07-30 02:31:00+00:00
0.5809562802314758,0.5809562802314758,0.5809562802314758,0.5809562802314758,0,2026-07-30 02:33:00+00:00
0.5808887481689453,0.5808887481689453,0.5808887481689453,0.5808887481689453,0,2026-07-30 02:35:00+00:00
0.5809224843978882,0.5809224843978882,0.5809224843978882,0.5809224843978882,0,2026-07-30 02:37:00+00:00
0.5811926126480103,0.5811926126480103,0.5811926126480103,0.5811926126480103,0,2026-07-30 02:39:00+00:00
0.581125020980835,0.581125020980835,0.581125020980835,0.581125020980835,0,2026-07-30 02:41:00+00:00
0.5810237526893616,0.5810237526893616,0.5810237526893616,0.5810237526893616,0,2026-07-30 02:43:00+00:00
0.5810237526893616,0.5810237526893616,0.5810237526893616,0.5810237526893616,0,2026-07-30 02:45:00+00:00
0.5810912847518921,0.5810912847518921,0.5810912847518921,0.5810912847518921,0,2026-07-30 02:47:00+00:00
0.5813277959823608,0.5813277959823608,0.5813277959823608,0.5813277959823608,0,2026-07-30 02:49:00+00:00
0.5813615322113037,0.5813615322113037,0.5813615322113037,0.5813615322113037,0,2026-07-30 02:51:00+00:00
0.5813953280448914,0.5813953280448914,0.5813953280448914,0.5813953280448914,0,2026-07-30 02:53:00+00:00
0.581429123878479,0.581429123878479,0.581429123878479,0.581429123878479,0,2026-07-30 02:55:00+00:00
0.5813277959823608,0.5813277959823608,0.5813277959823608,0.5813277959823608,0,2026-07-30 02:57:00+00:00
0.581125020980835,0.581125020980835,0.581125020980835,0.581125020980835,0,2026-07-30 02:59:00+00:00
0.581125020980835,0.581125020980835,0.581125020980835,0.581125020980835,0,2026-07-30 03:01:00+00:00
0.5811926126480103,0.5811926126480103,0.5811926126480103,0.5811926126480103,0,2026-07-30 03:03:00+00:00
0.5812264084815979,0.5812264084815979,0.5812264084815979,0.5812264084815979,0,2026-07-30 03:05:00+00:00
0.5811588168144226,0.5811588168144226,0.5811588168144226,0.5811588168144226,0,2026-07-30 03:07:00+00:00
0.581125020980835,0.581125020980835,0.581125020980835,0.581125020980835,0,2026-07-30 03:09:00+00:00
0.5809224843978882,0.5809224843978882,0.5809224843978882,0.5809224843978882,0,2026-07-30 03:11:00+00:00
0.5808212757110596,0.5808212757110596,0.5808212757110596,0.5808212757110596,0,2026-07-30 03:13:00+00:00
0.580720067024231,0.580720067024231,0.580720067024231,0.580720067024231,0,2026-07-30 03:15:00+00:00
0.5807538032531738,0.5807538032531738,0.5807538032531738,0.5807538032531738,0,2026-07-30 03:17:00+00:00
0.5806863903999329,0.5806863903999329,0.5806863903999329,0.5806863903999329,0,2026-07-30 03:19:00+00:00
0.5807875394821167,0.5807875394821167,0.5807875394821167,0.5807875394821167,0,2026-07-30 03:21:00+00:00
0.5807875394821167,0.5807875394821167,0.5807875394821167,0.5807875394821167,0,2026-07-30 03:23:00+00:00
0.5808887481689453,0.5808887481689453,0.5808887481689453,0.5808887481689453,0,2026-07-30 03:25:00+00:00
0.5809562802314758,0.5809562802314758,0.5809562802314758,0.5809562802314758,0,2026-07-30 03:27:00+00:00
0.5809224843978882,0.5809224843978882,0.5809224843978882,0.5809224843978882,0,2026-07-30 03:29:00+00:00
0.5809224843978882,0.5809224843978882,0.5809224843978882,0.5809224843978882,0,2026-07-30 03:31:00+00:00
0.5810237526893616,0.5810237526893616,0.5810237526893616,0.5810237526893616,0,2026-07-30 03:33:00+00:00
0.5811926126480103,0.5811926126480103,0.5811926126480103,0.5811926126480103,0,2026-07-30 03:35:00+00:00
0.5810575485229492,0.5810575485229492,0.5810575485229492,0.5810575485229492,0,2026-07-30 03:37:00+00:00
0.5810912847518921,0.5810912847518921,0.5810912847518921,0.5810912847518921,0,2026-07-30 03:39:00+00:00
0.581125020980835,0.581125020980835,0.581125020980835,0.581125020980835,0,2026-07-30 03:41:00+00:00
0.5812264084815979,0.5812264084815979,0.5812264084815979,0.5812264084815979,0,2026-07-30 03:43:00+00:00
0.581125020980835,0.581125020980835,0.581125020980835,0.581125020980835,0,2026-07-30 03:45:00+00:00
0.5810237526893616,0.5810237526893616,0.5810237526893616,0.5810237526893616,0,2026-07-30 03:47:00+00:00
0.581125020980835,0.581125020980835,0.581125020980835,0.581125020980835,0,2026-07-30 03:49:00+00:00
0.5810237526893616,0.5810237526893616,0.5810237526893616,0.5810237526893616,0,2026-07-30 03:51:00+00:00
0.5809900164604187,0.5809900164604187,0.5809900164604187,0.5809900164604187,0,2026-07-30 03:53:00+00:00
0.5810237526893616,0.5810237526893616,0.5810237526893616,0.5810237526893616,0,2026-07-30 03:55:00+00:00
0.5810237526893616,0.5810237526893616,0.5810237526893616,0.5810237526893616,0,2026-07-30 03:57:00+00:00
0.5808887481689453,0.5808887481689453,0.5808887481689453,0.5808887481689453,0,2026-07-30 03:59:00+00:00
0.5808887481689453,0.5808887481689453,0.5808887481689453,0.5808887481689453,0,2026-07-30 04:01:00+00:00
0.5809224843978882,0.5809224843978882,0.5809224843978882,0.5809224843978882,0,2026-07-30 04:03:00+00:00
0.5808212757110596,0.5808212757110596,0.5808212757110596,0.5808212757110596,0,2026-07-30 04:05:00+00:00
0.5808887481689453,0.5808887481689453,0.5808887481689453,0.5808887481689453,0,2026-07-30 04:07:00+00:00
0.5809224843978882,0.5809224843978882,0.5809224843978882,0.5809224843978882,0,2026-07-30 04:09:00+00:00
0.5808887481689453,0.5808887481689453,0.5808887481689453,0.5808887481689453,0,2026-07-30 04:11:00+00:00
0.5809224843978882,0.5809224843978882,0.5809224843978882,0.5809224843978882,0,2026-07-30 04:13:00+00:00
0.5809224843978882,0.5809224843978882,0.5809224843978882,0.5809224843978882,0,2026-07-30 04:15:00+00:00
0.5809900164604187,0.5809900164604187,0.5809900164604187,0.5809900164604187,0,2026-07-30 04:17:00+00:00
0.5810237526893616,0.5810237526893616,0.5810237526893616,0.5810237526893616,0,2026-07-30 04:19:00+00:00
0.5810912847518921,0.5810912847518921,0.5810912847518921,0.5810912847518921,0,2026-07-30 04:21:00+00:00
0.5810237526893616,0.5810237526893616,0.5810237526893616,0.5810237526893616,0,2026-07-30 04:23:00+00:00
0.5809900164604187,0.5809900164604187,0.5809900164604187,0.5809900164604187,0,2026-07-30 04:25:00+00:00
0.5810912847518921,0.5810912847518921,0.5810912847518921,0.5810912847518921,0,2026-07-30 04:27:00+00:00
0.5810912847518921,0.5810912847518921,0.5810912847518921,0.5810912847518921,0,2026-07-30 04:29:00+00:00
0.5811588168144226,0.5811588168144226,0.5811588168144226,0.5811588168144226,0,2026-07-30 04:31:00+00:00
0.581125020980835,0.581125020980835,0.581125020980835,0.581125020980835,0,2026-07-30 04:33:00+00:00
0.581125020980835,0.581125020980835,0.581125020980835,0.581125020980835,0,2026-07-30 04:35:00+00:00
0.5810912847518921,0.5810912847518921,0.5810912847518921,0.5810912847518921,0,2026-07-30 04:37:00+00:00
0.5810237526893616,0.5810237526893616,0.5810237526893616,0.5810237526893616,0,2026-07-30 04:39:00+00:00
0.5810912847518921,0.5810912847518921,0.5810912847518921,0.5810912847518921,0,2026-07-30 04:41:00+00:00
0.5809224843978882,0.5809224843978882,0.5809224843978882,0.5809224843978882,0,2026-07-30 04:43:00+00:00
0.5809224843978882,0.5809224843978882,0.5809224843978882,0.5809224843978882,0,2026-07-30 04:45:00+00:00
0.5809900164604187,0.5809900164604187,0.5809900164604187,0.5809900164604187,0,2026-07-30 04:47:00+00:00
0.5809224843978882,0.5809224843978882,0.5809224843978882,0.5809224843978882,0,2026-07-30 04:49:00+00:00
0.5807538032531738,0.5807538032531738,0.5807538032531738,0.5807538032531738,0,2026-07-30 04:51:00+00:00
0.5808550119400024,0.5808550119400024,0.5808550119400024,0.5808550119400024,0,2026-07-30 04:53:00+00:00
0.5807875394821167,0.5807875394821167,0.5807875394821167,0.5807875394821167,0,2026-07-30 04:55:00+00:00
0.58065265417099,0.58065265417099,0.58065265417099,0.58065265417099,0,2026-07-30 04:57:00+00:00
0.5807538032531738,0.5807538032531738,0.5807538032531738,0.5807538032531738,0,2026-07-30 04:59:00+00:00
0.5807875394821167,0.5807875394821167,0.5807875394821167,0.5807875394821167,0,2026-07-30 05:01:00+00:00
0.5807538032531738,0.5807538032531738,0.5807538032531738,0.5807538032531738,0,2026-07-30 05:03:00+00:00
0.5808212757110596,0.5808212757110596,0.5808212757110596,0.5808212757110596,0,2026-07-30 05:05:00+00:00
0.5809224843978882,0.5809224843978882,0.5809224843978882,0.5809224843978882,0,2026-07-30 05:07:00+00:00
0.5808887481689453,0.5808887481689453,0.5808887481689453,0.5808887481689453,0,2026-07-30 05:09:00+00:00
0.5809224843978882,0.5809224843978882,0.5809224843978882,0.5809224843978882,0,2026-07-30 05:11:00+00:00
0.5809224843978882,0.5809224843978882,0.5809224843978882,0.5809224843978882,0,2026-07-30 05:13:00+00:00
0.5809900164604187,0.5809900164604187,0.5809900164604187,0.5809900164604187,0,2026-07-30 05:15:00+00:00
0.5809224843978882,0.5809224843978882,0.5809224843978882,0.5809224843978882,0,2026-07-30 05:17:00+00:00
0.5809562802314758,0.5809562802314758,0.5809562802314758,0.5809562802314758,0,2026-07-30 05:19:00+00:00
0.5809224843978882,0.5809224843978882,0.5809224843978882,0.5809224843978882,0,2026-07-30 05:21:00+00:00
0.5808887481689453,0.5808887481689453,0.5808887481689453,0.5808887481689453,0,2026-07-30 05:23:00+00:00
0.5808212757110596,0.5808212757110596,0.5808212757110596,0.5808212757110596,0,2026-07-30 05:25:00+00:00
0.5808550119400024,0.5808550119400024,0.5808550119400024,0.5808550119400024,0,2026-07-30 05:27:00+00:00
0.5810237526893616,0.5810237526893616,0.5810237526893616,0.5810237526893616,0,2026-07-30 05:29:00+00:00
0.5810575485229492,0.5810575485229492,0.5810575485229492,0.5810575485229492,0,2026-07-30 05:31:00+00:00
0.5810575485229492,0.5810575485229492,0.5810575485229492,0.5810575485229492,0,2026-07-30 05:33:00+00:00
0.5810237526893616,0.5810237526893616,0.5810237526893616,0.5810237526893616,0,2026-07-30 05:35:00+00:00
0.5808887481689453,0.5808887481689453,0.5808887481689453,0.5808887481689453,0,2026-07-30 05:37:00+00:00
0.5809224843978882,0.5809224843978882,0.5809224843978882,0.5809224843978882,0,2026-07-30 05:39:00+00:00
0.5809224843978882,0.5809224843978882,0.5809224843978882,0.5809224843978882,0,2026-07-30 05:41:00+00:00
0.5809900164604187,0.5809900164604187,0.5809900164604187,0.5809900164604187,0,2026-07-30 05:43:00+00:00
0.5809562802314758,0.5809562802314758,0.5809562802314758,0.5809562802314758,0,2026-07-30 05:45:00+00:00
0.5810237526893616,0.5810237526893616,0.5810237526893616,0.5810237526893616,0,2026-07-30 05:47:00+00:00
0.5809224843978882,0.5809224843978882,0.5809224843978882,0.5809224843978882,0,2026-07-30 05:49:00+00:00
0.5809224843978882,0.5809224843978882,0.5809224843978882,0.5809224843978882,0,2026-07-30 05:51:00+00:00
0.5808212757110596,0.5808212757110596,0.5808212757110596,0.5808212757110596,0,2026-07-30 05:53:00+00:00
0.58065265417099,0.58065265417099,0.58065265417099,0.58065265417099,0,2026-07-30 05:55:00+00:00
0.580720067024231,0.580720067024231,0.580720067024231,0.580720067024231,0,2026-07-30 05:57:00+00:00
0.5806189179420471,0.5806189179420471,0.5806189179420471,0.5806189179420471,0,2026-07-30 05:59:00+00:00
0.580720067024231,0.580720067024231,0.580720067024231,0.580720067024231,0,2026-07-30 06:01:00+00:00
0.5808212757110596,0.5808212757110596,0.5808212757110596,0.5808212757110596,0,2026-07-30 06:03:00+00:00
0.5808887481689453,0.5808887481689453,0.5808887481689453,0.5808887481689453,0,2026-07-30 06:05:00+00:00
0.5808212757110596,0.5808212757110596,0.5808212757110596,0.5808212757110596,0,2026-07-30 06:07:00+00:00
0.5807538032531738,0.5807538032531738,0.5807538032531738,0.5807538032531738,0,2026-07-30 06:09:00+00:00
0.5806189179420471,0.5806189179420471,0.5806189179420471,0.5806189179420471,0,2026-07-30 06:11:00+00:00
0.5803830623626709,0.5803830623626709,0.5803830623626709,0.5803830623626709,0,2026-07-30 06:13:00+00:00
0.5802820324897766,0.5802820324897766,0.5802820324897766,0.5802820324897766,0,2026-07-30 06:15:00+00:00
0.5801137089729309,0.5801137089729309,0.5801137089729309,0.5801137089729309,0,2026-07-30 06:17:00+00:00
0.5800800919532776,0.5800800919532776,0.5800800919532776,0.5800800919532776,0,2026-07-30 06:19:00+00:00
0.5801137089729309,0.5801137089729309,0.5801137089729309,0.5801137089729309,0,2026-07-30 06:21:00+00:00
0.5802146792411804,0.5802146792411804,0.5802146792411804,0.5802146792411804,0,2026-07-30 06:23:00+00:00
0.5803157091140747,0.5803157091140747,0.5803157091140747,0.5803157091140747,0,2026-07-30 06:25:00+00:00
0.5802820324897766,0.5802820324897766,0.5802820324897766,0.5802820324897766,0,2026-07-30 06:27:00+00:00
0.5802820324897766,0.5802820324897766,0.5802820324897766,0.5802820324897766,0,2026-07-30 06:29:00+00:00
0.5803830623626709,0.5803830623626709,0.5803830623626709,0.5803830623626709,0,2026-07-30 06:31:00+00:00
0.5805178284645081,0.5805178284645081,0.5805178284645081,0.5805178284645081,0,2026-07-30 06:33:00+00:00
0.5805178284645081,0.5805178284645081,0.5805178284645081,0.5805178284645081,0,2026-07-30 06:35:00+00:00
0.5806863903999329,0.5806863903999329,0.5806863903999329,0.5806863903999329,0,2026-07-30 06:37:00+00:00
0.5809224843978882,0.5809224843978882,0.5809224843978882,0.5809224843978882,0,2026-07-30 06:39:00+00:00
0.5807875394821167,0.5807875394821167,0.5807875394821167,0.5807875394821167,0,2026-07-30 06:41:00+00:00
0.5806863903999329,0.5806863903999329,0.5806863903999329,0.5806863903999329,0,2026-07-30 06:43:00+00:00
0.5807538032531738,0.5807538032531738,0.5807538032531738,0.5807538032531738,0,2026-07-30 06:45:00+00:00
0.5808887481689453,0.5808887481689453,0.5808887481689453,0.5808887481689453,0,2026-07-30 06:47:00+00:00
0.5809224843978882,0.5809224843978882,0.5809224843978882,0.5809224843978882,0,2026-07-30 06:49:00+00:00
0.5810575485229492,0.5810575485229492,0.5810575485229492,0.5810575485229492,0,2026-07-30 06:51:00+00:00
0.581125020980835,0.581125020980835,0.581125020980835,0.581125020980835,0,2026-07-30 06:53:00+00:00
0.5811588168144226,0.5811588168144226,0.5811588168144226,0.5811588168144226,0,2026-07-30 06:55:00+00:00
0.5810575485229492,0.5810575485229492,0.5810575485229492,0.5810575485229492,0,2026-07-30 06:57:00+00:00
0.5809562802314758,0.5809562802314758,0.5809562802314758,0.5809562802314758,0,2026-07-30 06:59:00+00:00
0.5812940001487732,0.5812940001487732,0.5812940001487732,0.5812940001487732,0,2026-07-30 07:01:00+00:00
0.5814629793167114,0.5814629793167114,0.5814629793167114,0.5814629793167114,0,2026-07-30 07:03:00+00:00
0.5815644264221191,0.5815644264221191,0.5815644264221191,0.5815644264221191,0,2026-07-30 07:05:00+00:00
0.5815306305885315,0.5815306305885315,0.5815306305885315,0.5815306305885315,0,2026-07-30 07:07:00+00:00
0.5814629793167114,0.5814629793167114,0.5814629793167114,0.5814629793167114,0,2026-07-30 07:09:00+00:00
0.5815306305885315,0.5815306305885315,0.5815306305885315,0.5815306305885315,0,2026-07-30 07:11:00+00:00
0.5814967751502991,0.5814967751502991,0.5814967751502991,0.5814967751502991,0,2026-07-30 07:13:00+00:00
0.5815306305885315,0.5815306305885315,0.5815306305885315,0.5815306305885315,0,2026-07-30 07:15:00+00:00
0.5813615322113037,0.5813615322113037,0.5813615322113037,0.5813615322113037,0,2026-07-30 07:17:00+00:00
0.5813277959823608,0.5813277959823608,0.5813277959823608,0.5813277959823608,0,2026-07-30 07:19:00+00:00
0.5813277959823608,0.5813277959823608,0.5813277959823608,0.5813277959823608,0,2026-07-30 07:21:00+00:00
0.5812940001487732,0.5812940001487732,0.5812940001487732,0.5812940001487732,0,2026-07-30 07:23:00+00:00
0.5813277959823608,0.5813277959823608,0.5813277959823608,0.5813277959823608,0,2026-07-30 07:25:00+00:00
0.5812940001487732,0.5812940001487732,0.5812940001487732,0.5812940001487732,0,2026-07-30 07:27:00+00:00
0.5810912847518921,0.5810912847518921,0.5810912847518921,0.5810912847518921,0,2026-07-30 07:29:00+00:00
0.5809900164604187,0.5809900164604187,0.5809900164604187,0.5809900164604187,0,2026-07-30 07:31:00+00:00
0.5809562802314758,0.5809562802314758,0.5809562802314758,0.5809562802314758,0,2026-07-30 07:33:00+00:00
0.5807875394821167,0.5807875394821167,0.5807875394821167,0.5807875394821167,0,2026-07-30 07:35:00+00:00
0.5808212757110596,0.5808212757110596,0.5808212757110596,0.5808212757110596,0,2026-07-30 07:37:00+00:00
0.5808887481689453,0.5808887481689453,0.5808887481689453,0.5808887481689453,0,2026-07-30 07:39:00+00:00
0.5809900164604187,0.5809900164604187,0.5809900164604187,0.5809900164604187,0,2026-07-30 07:41:00+00:00
0.5809562802314758,0.5809562802314758,0.5809562802314758,0.5809562802314758,0,2026-07-30 07:43:00+00:00
0.5810237526893616,0.5810237526893616,0.5810237526893616,0.5810237526893616,0,2026-07-30 07:45:00+00:00
0.5810237526893616,0.5810237526893616,0.5810237526893616,0.5810237526893616,0,2026-07-30 07:47:00+00:00
0.5809900164604187,0.5809900164604187,0.5809900164604187,0.5809900164604187,0,2026-07-30 07:49:00+00:00
0.5809224843978882,0.5809224843978882,0.5809224843978882,0.5809224843978882,0,2026-07-30 07:51:00+00:00
0.5807538032531738,0.5807538032531738,0.5807538032531738,0.5807538032531738,0,2026-07-30 07:53:00+00:00
0.5808212757110596,0.5808212757110596,0.5808212757110596,0.5808212757110596,0,2026-07-30 07:55:00+00:00
0.580720067024231,0.580720067024231,0.580720067024231,0.580720067024231,0,2026-07-30 07:57:00+00:00
0.5806863903999329,0.5806863903999329,0.5806863903999329,0.5806863903999329,0,2026-07-30 07:59:00+00:00
0.580720067024231,0.580720067024231,0.580720067024231,0.580720067024231,0,2026-07-30 08:01:00+00:00
0.5809562802314758,0.5809562802314758,0.5809562802314758,0.5809562802314758,0,2026-07-30 08:03:00+00:00
0.5810237526893616,0.5810237526893616,0.5810237526893616,0.5810237526893616,0,2026-07-30 08:05:00+00:00
0.5812602043151855,0.5812602043151855,0.5812602043151855,0.5812602043151855,0,2026-07-30 08:07:00+00:00
0.5813277959823608,0.5813277959823608,0.5813277959823608,0.5813277959823608,0,2026-07-30 08:09:00+00:00
0.5813615322113037,0.5813615322113037,0.5813615322113037,0.5813615322113037,0,2026-07-30 08:11:00+00:00
0.5814967751502991,0.5814967751502991,0.5814967751502991,0.5814967751502991,0,2026-07-30 08:13:00+00:00
0.5815644264221191,0.5815644264221191,0.5815644264221191,0.5815644264221191,0,2026-07-30 08:15:00+00:00
0.5816997289657593,0.5816997289657593,0.5816997289657593,0.5816997289657593,0,2026-07-30 08:17:00+00:00
0.5816320776939392,0.5816320776939392,0.5816320776939392,0.5816320776939392,0,2026-07-30 08:19:00+00:00
0.5817335844039917,0.5817335844039917,0.5817335844039917,0.5817335844039917,0,2026-07-30 08:21:00+00:00
0.581902801990509,0.581902801990509,0.581902801990509,0.581902801990509,0,2026-07-30 08:23:00+00:00
0.5818689465522766,0.5818689465522766,0.5818689465522766,0.5818689465522766,0,2026-07-30 08:25:00+00:00
0.5820721387863159,0.5820721387863159,0.5820721387863159,0.5820721387863159,0,2026-07-30 08:27:00+00:00
0.5821399688720703,0.5821399688720703,0.5821399688720703,0.5821399688720703,0,2026-07-30 08:29:00+00:00
0.5821738243103027,0.5821738243103027,0.5821738243103027,0.5821738243103027,0,2026-07-30 08:31:00+00:00
0.5819366574287415,0.5819366574287415,0.5819366574287415,0.5819366574287415,0,2026-07-30 08:33:00+00:00
0.5819705724716187,0.5819705724716187,0.5819705724716187,0.5819705724716187,0,2026-07-30 08:35:00+00:00
0.5819705724716187,0.5819705724716187,0.5819705724716187,0.5819705724716187,0,2026-07-30 08:37:00+00:00
0.5817674398422241,0.5817674398422241,0.5817674398422241,0.5817674398422241,0,2026-07-30 08:39:00+00:00
0.5818350911140442,0.5818350911140442,0.5818350911140442,0.5818350911140442,0,2026-07-30 08:41:00+00:00
0.5820721387863159,0.5820721387863159,0.5820721387863159,0.5820721387863159,0,2026-07-30 08:43:00+00:00
0.5820721387863159,0.5820721387863159,0.5820721387863159,0.5820721387863159,0,2026-07-30 08:45:00+00:00
0.5821060538291931,0.5821060538291931,0.5821060538291931,0.5821060538291931,0,2026-07-30 08:47:00+00:00
0.5820721387863159,0.5820721387863159,0.5820721387863159,0.5820721387863159,0,2026-07-30 08:49:00+00:00
0.5820383429527283,0.5820383429527283,0.5820383429527283,0.5820383429527283,0,2026-07-30 08:51:00+00:00
0.5819705724716187,0.5819705724716187,0.5819705724716187,0.5819705724716187,0,2026-07-30 08:53:00+00:00
0.5820044279098511,0.5820044279098511,0.5820044279098511,0.5820044279098511,0,2026-07-30 08:55:00+00:00
0.5821060538291931,0.5821060538291931,0.5821060538291931,0.5821060538291931,0,2026-07-30 08:57:00+00:00
0.5821060538291931,0.5821060538291931,0.5821060538291931,0.5821060538291931,0,2026-07-30 08:59:00+00:00
0.5821738243103027,0.5821738243103027,0.5821738243103027,0.5821738243103027,0,2026-07-30 09:01:00+00:00
0.5822416543960571,0.5822416543960571,0.5822416543960571,0.5822416543960571,0,2026-07-30 09:03:00+00:00
0.5823094248771667,0.5823094248771667,0.5823094248771667,0.5823094248771667,0,2026-07-30 09:05:00+00:00
0.5824450850486755,0.5824450850486755,0.5824450850486755,0.5824450850486755,0,2026-07-30 09:07:00+00:00
0.5826486945152283,0.5826486945152283,0.5826486945152283,0.5826486945152283,0,2026-07-30 09:09:00+00:00
0.5826486945152283,0.5826486945152283,0.5826486945152283,0.5826486945152283,0,2026-07-30 09:11:00+00:00
0.5826486945152283,0.5826486945152283,0.5826486945152283,0.5826486945152283,0,2026-07-30 09:13:00+00:00
0.5826147794723511,0.5826147794723511,0.5826147794723511,0.5826147794723511,0,2026-07-30 09:15:00+00:00
0.5826826691627502,0.5826826691627502,0.5826826691627502,0.5826826691627502,0,2026-07-30 09:17:00+00:00
0.5826486945152283,0.5826486945152283,0.5826486945152283,0.5826486945152283,0,2026-07-30 09:19:00+00:00
0.5826826691627502,0.5826826691627502,0.5826826691627502,0.5826826691627502,0,2026-07-30 09:21:00+00:00
0.5828185081481934,0.5828185081481934,0.5828185081481934,0.5828185081481934,0,2026-07-30 09:23:00+00:00
0.5828185081481934,0.5828185081481934,0.5828185081481934,0.5828185081481934,0,2026-07-30 09:25:00+00:00
0.5830563902854919,0.5830563902854919,0.5830563902854919,0.5830563902854919,0,2026-07-30 09:27:00+00:00
0.5830563902854919,0.5830563902854919,0.5830563902854919,0.5830563902854919,0,2026-07-30 09:29:00+00:00
0.5828524827957153,0.5828524827957153,0.5828524827957153,0.5828524827957153,0,2026-07-30 09:31:00+00:00
0.5829883813858032,0.5829883813858032,0.5829883813858032,0.5829883813858032,0,2026-07-30 09:33:00+00:00
0.58302241563797,0.58302241563797,0.58302241563797,0.58302241563797,0,2026-07-30 09:35:00+00:00
0.5833284854888916,0.5833284854888916,0.5833284854888916,0.5833284854888916,0,2026-07-30 09:37:00+00:00
0.5831583738327026,0.5831583738327026,0.5831583738327026,0.5831583738327026,0,2026-07-30 09:39:00+00:00
0.5831583738327026,0.5831583738327026,0.5831583738327026,0.5831583738327026,0,2026-07-30 09:41:00+00:00
0.5831243991851807,0.5831243991851807,0.5831243991851807,0.5831243991851807,0,2026-07-30 09:43:00+00:00
0.5831583738327026,0.5831583738327026,0.5831583738327026,0.5831583738327026,0,2026-07-30 09:45:00+00:00
0.5834305882453918,0.5834305882453918,0.5834305882453918,0.5834305882453918,0,2026-07-30 09:47:00+00:00
0.5835326910018921,0.5835326910018921,0.5835326910018921,0.5835326910018921,0,2026-07-30 09:49:00+00:00
0.5836689472198486,0.5836689472198486,0.5836689472198486,0.5836689472198486,0,2026-07-30 09:51:00+00:00
0.5836348533630371,0.5836348533630371,0.5836348533630371,0.5836348533630371,0,2026-07-30 09:53:00+00:00
0.5837370753288269,0.5837370753288269,0.5837370753288269,0.5837370753288269,0,2026-07-30 09:55:00+00:00
0.5837370753288269,0.5837370753288269,0.5837370753288269,0.5837370753288269,0,2026-07-30 09:57:00+00:00
0.5835667252540588,0.5835667252540588,0.5835667252540588,0.5835667252540588,0,2026-07-30 09:59:00+00:00
0.5836348533630371,0.5836348533630371,0.5836348533630371,0.5836348533630371,0,2026-07-30 10:01:00+00:00
0.5836689472198486,0.5836689472198486,0.5836689472198486,0.5836689472198486,0,2026-07-30 10:03:00+00:00
0.5835667252540588,0.5835667252540588,0.5835667252540588,0.5835667252540588,0,2026-07-30 10:05:00+00:00
0.5836348533630371,0.5836348533630371,0.5836348533630371,0.5836348533630371,0,2026-07-30 10:07:00+00:00
0.5837711691856384,0.5837711691856384,0.5837711691856384,0.5837711691856384,0,2026-07-30 10:09:00+00:00
0.5840098261833191,0.5840098261833191,0.5840098261833191,0.5840098261833191,0,2026-07-30 10:11:00+00:00
0.5840780138969421,0.5840780138969421,0.5840780138969421,0.5840780138969421,0,2026-07-30 10:13:00+00:00
0.5843169093132019,0.5843169093132019,0.5843169093132019,0.5843169093132019,0,2026-07-30 10:15:00+00:00
0.5844193696975708,0.5844193696975708,0.5844193696975708,0.5844193696975708,0,2026-07-30 10:17:00+00:00
0.5843169093132019,0.5843169093132019,0.5843169093132019,0.5843169093132019,0,2026-07-30 10:19:00+00:00
0.5841121673583984,0.5841121673583984,0.5841121673583984,0.5841121673583984,0,2026-07-30 10:21:00+00:00
0.5841121673583984,0.5841121673583984,0.5841121673583984,0.5841121673583984,0,2026-07-30 10:23:00+00:00
0.5840780138969421,0.5840780138969421,0.5840780138969421,0.5840780138969421,0,2026-07-30 10:25:00+00:00
0.5839757323265076,0.5839757323265076,0.5839757323265076,0.5839757323265076,0,2026-07-30 10:27:00+00:00
0.5839757323265076,0.5839757323265076,0.5839757323265076,0.5839757323265076,0,2026-07-30 10:29:00+00:00
0.58414626121521,0.58414626121521,0.58414626121521,0.58414626121521,0,2026-07-30 10:31:00+00:00
0.5841121673583984,0.5841121673583984,0.5841121673583984,0.5841121673583984,0,2026-07-30 10:33:00+00:00
0.5841121673583984,0.5841121673583984,0.5841121673583984,0.5841121673583984,0,2026-07-30 10:35:00+00:00
0.5841121673583984,0.5841121673583984,0.5841121673583984,0.5841121673583984,0,2026-07-30 10:37:00+00:00
0.5841121673583984,0.5841121673583984,0.5841121673583984,0.5841121673583984,0,2026-07-30 10:39:00+00:00
0.5843169093132019,0.5843169093132019,0.5843169093132019,0.5843169093132019,0,2026-07-30 10:41:00+00:00
0.5843852162361145,0.5843852162361145,0.5843852162361145,0.5843852162361145,0,2026-07-30 10:43:00+00:00
0.5844193696975708,0.5844193696975708,0.5844193696975708,0.5844193696975708,0,2026-07-30 10:45:00+00:00
0.5845560431480408,0.5845560431480408,0.5845560431480408,0.5845560431480408,0,2026-07-30 10:47:00+00:00
0.5845560431480408,0.5845560431480408,0.5845560431480408,0.5845560431480408,0,2026-07-30 10:49:00+00:00
0.5843169093132019,0.5843169093132019,0.5843169093132019,0.5843169093132019,0,2026-07-30 10:51:00+00:00
0.5842486619949341,0.5842486619949341,0.5842486619949341,0.5842486619949341,0,2026-07-30 10:53:00+00:00
0.5841121673583984,0.5841121673583984,0.5841121673583984,0.5841121673583984,0,2026-07-30 10:55:00+00:00
0.5841804146766663,0.5841804146766663,0.5841804146766663,0.5841804146766663,0,2026-07-30 10:57:00+00:00
0.5841804146766663,0.5841804146766663,0.5841804146766663,0.5841804146766663,0,2026-07-30 10:59:00+00:00
0.5842827558517456,0.5842827558517456,0.5842827558517456,0.5842827558517456,0,2026-07-30 11:01:00+00:00
0.5844193696975708,0.5844193696975708,0.5844193696975708,0.5844193696975708,0,2026-07-30 11:03:00+00:00
0.5844535231590271,0.5844535231590271,0.5844535231590271,0.5844535231590271,0,2026-07-30 11:05:00+00:00
0.5843510627746582,0.5843510627746582,0.5843510627746582,0.5843510627746582,0,2026-07-30 11:07:00+00:00
0.5844535231590271,0.5844535231590271,0.5844535231590271,0.5844535231590271,0,2026-07-30 11:09:00+00:00
0.5842827558517456,0.5842827558517456,0.5842827558517456,0.5842827558517456,0,2026-07-30 11:11:00+00:00
0.5840780138969421,0.5840780138969421,0.5840780138969421,0.5840780138969421,0,2026-07-30 11:13:00+00:00
0.58414626121521,0.58414626121521,0.58414626121521,0.58414626121521,0,2026-07-30 11:15:00+00:00
0.5841804146766663,0.5841804146766663,0.5841804146766663,0.5841804146766663,0,2026-07-30 11:17:00+00:00
0.5842145085334778,0.5842145085334778,0.5842145085334778,0.5842145085334778,0,2026-07-30 11:19:00+00:00
0.5840098261833191,0.5840098261833191,0.5840098261833191,0.5840098261833191,0,2026-07-30 11:21:00+00:00
0.583941638469696,0.583941638469696,0.583941638469696,0.583941638469696,0,2026-07-30 11:23:00+00:00
0.5839757323265076,0.5839757323265076,0.5839757323265076,0.5839757323265076,0,2026-07-30 11:25:00+00:00
0.5840439200401306,0.5840439200401306,0.5840439200401306,0.5840439200401306,0,2026-07-30 11:27:00+00:00
0.5839074850082397,0.5839074850082397,0.5839074850082397,0.5839074850082397,0,2026-07-30 11:29:00+00:00
0.5840439200401306,0.5840439200401306,0.5840439200401306,0.5840439200401306,0,2026-07-30 11:31:00+00:00
0.5840780138969421,0.5840780138969421,0.5840780138969421,0.5840780138969421,0,2026-07-30 11:33:00+00:00
0.5839757323265076,0.5839757323265076,0.5839757323265076,0.5839757323265076,0,2026-07-30 11:35:00+00:00
0.5841121673583984,0.5841121673583984,0.5841121673583984,0.5841121673583984,0,2026-07-30 11:37:00+00:00
0.5841121673583984,0.5841121673583984,0.5841121673583984,0.5841121673583984,0,2026-07-30 11:39:00+00:00
0.5840780138969421,0.5840780138969421,0.5840780138969421,0.5840780138969421,0,2026-07-30 11:41:00+00:00
0.583941638469696,0.583941638469696,0.583941638469696,0.583941638469696,0,2026-07-30 11:43:00+00:00
0.5838392972946167,0.5838392972946167,0.5838392972946167,0.5838392972946167,0,2026-07-30 11:45:00+00:00
0.5839074850082397,0.5839074850082397,0.5839074850082397,0.5839074850082397,0,2026-07-30 11:47:00+00:00
0.5839757323265076,0.5839757323265076,0.5839757323265076,0.5839757323265076,0,2026-07-30 11:49:00+00:00
0.5841804146766663,0.5841804146766663,0.5841804146766663,0.5841804146766663,0,2026-07-30 11:51:00+00:00
0.5843169093132019,0.5843169093132019,0.5843169093132019,0.5843169093132019,0,2026-07-30 11:53:00+00:00
0.5842486619949341,0.5842486619949341,0.5842486619949341,0.5842486619949341,0,2026-07-30 11:55:00+00:00
0.5842145085334778,0.5842145085334778,0.5842145085334778,0.5842145085334778,0,2026-07-30 11:57:00+00:00
0.5844535231590271,0.5844535231590271,0.5844535231590271,0.5844535231590271,0,2026-07-30 11:59:00+00:00
0.5843852162361145,0.5843852162361145,0.5843852162361145,0.5843852162361145,0,2026-07-30 12:01:00+00:00
0.5845218300819397,0.5845218300819397,0.5845218300819397,0.5845218300819397,0,2026-07-30 12:03:00+00:00
0.5845560431480408,0.5845560431480408,0.5845560431480408,0.5845560431480408,0,2026-07-30 12:05:00+00:00
0.5845218300819397,0.5845218300819397,0.5845218300819397,0.5845218300819397,0,2026-07-30 12:07:00+00:00
0.5844535231590271,0.5844535231590271,0.5844535231590271,0.5844535231590271,0,2026-07-30 12:09:00+00:00
0.5843852162361145,0.5843852162361145,0.5843852162361145,0.5843852162361145,0,2026-07-30 12:11:00+00:00
0.5846585631370544,0.5846585631370544,0.5846585631370544,0.5846585631370544,0,2026-07-30 12:13:00+00:00
0.5844877362251282,0.5844877362251282,0.5844877362251282,0.5844877362251282,0,2026-07-30 12:15:00+00:00
0.5843169093132019,0.5843169093132019,0.5843169093132019,0.5843169093132019,0,2026-07-30 12:17:00+00:00
0.5842486619949341,0.5842486619949341,0.5842486619949341,0.5842486619949341,0,2026-07-30 12:19:00+00:00
0.5842145085334778,0.5842145085334778,0.5842145085334778,0.5842145085334778,0,2026-07-30 12:21:00+00:00
0.5842827558517456,0.5842827558517456,0.5842827558517456,0.5842827558517456,0,2026-07-30 12:23:00+00:00
0.5842827558517456,0.5842827558517456,0.5842827558517456,0.5842827558517456,0,2026-07-30 12:25:00+00:00
0.5843169093132019,0.5843169093132019,0.5843169093132019,0.5843169093132019,0,2026-07-30 12:27:00+00:00
0.5842145085334778,0.5842145085334778,0.5842145085334778,0.5842145085334778,0,2026-07-30 12:29:00+00:00
0.58414626121521,0.58414626121521,0.58414626121521,0.58414626121521,0,2026-07-30 12:31:00+00:00
0.5839757323265076,0.5839757323265076,0.5839757323265076,0.5839757323265076,0,2026-07-30 12:33:00+00:00
0.583941638469696,0.583941638469696,0.583941638469696,0.583941638469696,0,2026-07-30 12:35:00+00:00
0.58414626121521,0.58414626121521,0.58414626121521,0.58414626121521,0,2026-07-30 12:37:00+00:00
0.58414626121521,0.58414626121521,0.58414626121521,0.58414626121521,0,2026-07-30 12:39:00+00:00
0.5841804146766663,0.5841804146766663,0.5841804146766663,0.5841804146766663,0,2026-07-30 12:41:00+00:00
0.5838733911514282,0.5838733911514282,0.5838733911514282,0.5838733911514282,0,2026-07-30 12:43:00+00:00
0.5841804146766663,0.5841804146766663,0.5841804146766663,0.5841804146766663,0,2026-07-30 12:45:00+00:00
0.5838733911514282,0.5838733911514282,0.5838733911514282,0.5838733911514282,0,2026-07-30 12:47:00+00:00
0.5838392972946167,0.5838392972946167,0.5838392972946167,0.5838392972946167,0,2026-07-30 12:49:00+00:00
0.5839074850082397,0.5839074850082397,0.5839074850082397,0.5839074850082397,0,2026-07-30 12:51:00+00:00
0.5837030410766602,0.5837030410766602,0.5837030410766602,0.5837030410766602,0,2026-07-30 12:53:00+00:00
0.5838052034378052,0.5838052034378052,0.5838052034378052,0.5838052034378052,0,2026-07-30 12:55:00+00:00
0.5838052034378052,0.5838052034378052,0.5838052034378052,0.5838052034378052,0,2026-07-30 12:57:00+00:00
0.5837711691856384,0.5837711691856384,0.5837711691856384,0.5837711691856384,0,2026-07-30 12:59:00+00:00
0.5837370753288269,0.5837370753288269,0.5837370753288269,0.5837370753288269,0,2026-07-30 13:01:00+00:00
0.5836689472198486,0.5836689472198486,0.5836689472198486,0.5836689472198486,0,2026-07-30 13:03:00+00:00
0.5839074850082397,0.5839074850082397,0.5839074850082397,0.5839074850082397,0,2026-07-30 13:05:00+00:00
0.58414626121521,0.58414626121521,0.58414626121521,0.58414626121521,0,2026-07-30 13:07:00+00:00
0.5839757323265076,0.5839757323265076,0.5839757323265076,0.5839757323265076,0,2026-07-30 13:09:00+00:00
0.5838052034378052,0.5838052034378052,0.5838052034378052,0.5838052034378052,0,2026-07-30 13:11:00+00:00
0.5841121673583984,0.5841121673583984,0.5841121673583984,0.5841121673583984,0,2026-07-30 13:13:00+00:00
0.5838392972946167,0.5838392972946167,0.5838392972946167,0.5838392972946167,0,2026-07-30 13:15:00+00:00
0.5839074850082397,0.5839074850082397,0.5839074850082397,0.5839074850082397,0,2026-07-30 13:17:00+00:00
0.5840098261833191,0.5840098261833191,0.5840098261833191,0.5840098261833191,0,2026-07-30 13:19:00+00:00
0.5840098261833191,0.5840098261833191,0.5840098261833191,0.5840098261833191,0,2026-07-30 13:21:00+00:00
0.5840780138969421,0.5840780138969421,0.5840780138969421,0.5840780138969421,0,2026-07-30 13:23:00+00:00
0.5842486619949341,0.5842486619949341,0.5842486619949341,0.5842486619949341,0,2026-07-30 13:25:00+00:00
0.5842486619949341,0.5842486619949341,0.5842486619949341,0.5842486619949341,0,2026-07-30 13:27:00+00:00
0.5843510627746582,0.5843510627746582,0.5843510627746582,0.5843510627746582,0,2026-07-30 13:29:00+00:00
0.5844193696975708,0.5844193696975708,0.5844193696975708,0.5844193696975708,0,2026-07-30 13:31:00+00:00
0.5844877362251282,0.5844877362251282,0.5844877362251282,0.5844877362251282,0,2026-07-30 13:33:00+00:00
0.5843852162361145,0.5843852162361145,0.5843852162361145,0.5843852162361145,0,2026-07-30 13:35:00+00:00
0.5850005745887756,0.5850005745887756,0.5850005745887756,0.5850005745887756,0,2026-07-30 13:37:00+00:00
0.5854800939559937,0.5854800939559937,0.5854800939559937,0.5854800939559937,0,2026-07-30 13:39:00+00:00
0.5857544541358948,0.5857544541358948,0.5857544541358948,0.5857544541358948,0,2026-07-30 13:41:00+00:00
0.5862351655960083,0.5862351655960083,0.5862351655960083,0.5862351655960083,0,2026-07-30 13:43:00+00:00
0.5865446329116821,0.5865446329116821,0.5865446329116821,0.5865446329116821,0,2026-07-30 13:45:00+00:00
0.5864758491516113,0.5864758491516113,0.5864758491516113,0.5864758491516113,0,2026-07-30 13:47:00+00:00
0.5865790843963623,0.5865790843963623,0.5865790843963623,0.5865790843963623,0,2026-07-30 13:49:00+00:00
0.5862695574760437,0.5862695574760437,0.5862695574760437,0.5862695574760437,0,2026-07-30 13:51:00+00:00
0.586923360824585,0.586923360824585,0.586923360824585,0.586923360824585,0,2026-07-30 13:53:00+00:00
0.5869922637939453,0.5869922637939453,0.5869922637939453,0.5869922637939453,0,2026-07-30 13:55:00+00:00
0.587164580821991,0.587164580821991,0.587164580821991,0.587164580821991,0,2026-07-30 13:57:00+00:00
0.5875440835952759,0.5875440835952759,0.5875440835952759,0.5875440835952759,0,2026-07-30 13:59:00+00:00
0.5878549218177795,0.5878549218177795,0.5878549218177795,0.5878549218177795,0,2026-07-30 14:01:00+00:00
0.5878549218177795,0.5878549218177795,0.5878549218177795,0.5878549218177795,0,2026-07-30 14:03:00+00:00
0.5876821875572205,0.5876821875572205,0.5876821875572205,0.5876821875572205,0,2026-07-30 14:05:00+00:00
0.5873025059700012,0.5873025059700012,0.5873025059700012,0.5873025059700012,0,2026-07-30 14:07:00+00:00
0.5873025059700012,0.5873025059700012,0.5873025059700012,0.5873025059700012,0,2026-07-30 14:09:00+00:00
0.5875440835952759,0.5875440835952759,0.5875440835952759,0.5875440835952759,0,2026-07-30 14:11:00+00:00
0.5873715281486511,0.5873715281486511,0.5873715281486511,0.5873715281486511,0,2026-07-30 14:13:00+00:00
0.5875785946846008,0.5875785946846008,0.5875785946846008,0.5875785946846008,0,2026-07-30 14:15:00+00:00
0.5876476764678955,0.5876476764678955,0.5876476764678955,0.5876476764678955,0,2026-07-30 14:17:00+00:00
0.5874060392379761,0.5874060392379761,0.5874060392379761,0.5874060392379761,0,2026-07-30 14:19:00+00:00
0.5872679948806763,0.5872679948806763,0.5872679948806763,0.5872679948806763,0,2026-07-30 14:21:00+00:00
0.5872679948806763,0.5872679948806763,0.5872679948806763,0.5872679948806763,0,2026-07-30 14:23:00+00:00
0.5870267152786255,0.5870267152786255,0.5870267152786255,0.5870267152786255,0,2026-07-30 14:25:00+00:00
0.5869578123092651,0.5869578123092651,0.5869578123092651,0.5869578123092651,0,2026-07-30 14:27:00+00:00
0.5867855548858643,0.5867855548858643,0.5867855548858643,0.5867855548858643,0,2026-07-30 14:29:00+00:00
0.5867511630058289,0.5867511630058289,0.5867511630058289,0.5867511630058289,0,2026-07-30 14:31:00+00:00
0.5870611667633057,0.5870611667633057,0.5870611667633057,0.5870611667633057,0,2026-07-30 14:33:00+00:00
0.5870267152786255,0.5870267152786255,0.5870267152786255,0.5870267152786255,0,2026-07-30 14:35:00+00:00
0.5872335433959961,0.5872335433959961,0.5872335433959961,0.5872335433959961,0,2026-07-30 14:37:00+00:00
0.5870611667633057,0.5870611667633057,0.5870611667633057,0.5870611667633057,0,2026-07-30 14:39:00+00:00
0.5870267152786255,0.5870267152786255,0.5870267152786255,0.5870267152786255,0,2026-07-30 14:41:00+00:00
0.586923360824585,0.586923360824585,0.586923360824585,0.586923360824585,0,2026-07-30 14:43:00+00:00
0.5870611667633057,0.5870611667633057,0.5870611667633057,0.5870611667633057,0,2026-07-30 14:45:00+00:00
0.5868544578552246,0.5868544578552246,0.5868544578552246,0.5868544578552246,0,2026-07-30 14:47:00+00:00
0.5865790843963623,0.5865790843963623,0.5865790843963623,0.5865790843963623,0,2026-07-30 14:49:00+00:00
0.5863383412361145,0.5863383412361145,0.5863383412361145,0.5863383412361145,0,2026-07-30 14:51:00+00:00
0.5863383412361145,0.5863383412361145,0.5863383412361145,0.5863383412361145,0,2026-07-30 14:53:00+00:00
0.5862351655960083,0.5862351655960083,0.5862351655960083,0.5862351655960083,0,2026-07-30 14:55:00+00:00
0.5862695574760437,0.5862695574760437,0.5862695574760437,0.5862695574760437,0,2026-07-30 14:57:00+00:00
0.5863039493560791,0.5863039493560791,0.5863039493560791,0.5863039493560791,0,2026-07-30 14:59:00+00:00
0.5862695574760437,0.5862695574760437,0.5862695574760437,0.5862695574760437,0,2026-07-30 15:01:00+00:00
0.5862351655960083,0.5862351655960083,0.5862351655960083,0.5862351655960083,0,2026-07-30 15:03:00+00:00
0.5862695574760437,0.5862695574760437,0.5862695574760437,0.5862695574760437,0,2026-07-30 15:05:00+00:00
0.5863383412361145,0.5863383412361145,0.5863383412361145,0.5863383412361145,0,2026-07-30 15:07:00+00:00
0.5866479277610779,0.5866479277610779,0.5866479277610779,0.5866479277610779,0,2026-07-30 15:09:00+00:00
0.5864758491516113,0.5864758491516113,0.5864758491516113,0.5864758491516113,0,2026-07-30 15:11:00+00:00
0.5862695574760437,0.5862695574760437,0.5862695574760437,0.5862695574760437,0,2026-07-30 15:13:00+00:00
0.5863726735115051,0.5863726735115051,0.5863726735115051,0.5863726735115051,0,2026-07-30 15:15:00+00:00
0.5864415168762207,0.5864415168762207,0.5864415168762207,0.5864415168762207,0,2026-07-30 15:17:00+00:00
0.5866134762763977,0.5866134762763977,0.5866134762763977,0.5866134762763977,0,2026-07-30 15:19:00+00:00
0.5866823196411133,0.5866823196411133,0.5866823196411133,0.5866823196411133,0,2026-07-30 15:21:00+00:00
0.5868200063705444,0.5868200063705444,0.5868200063705444,0.5868200063705444,0,2026-07-30 15:23:00+00:00
0.5865790843963623,0.5865790843963623,0.5865790843963623,0.5865790843963623,0,2026-07-30 15:25:00+00:00
0.5866823196411133,0.5866823196411133,0.5866823196411133,0.5866823196411133,0,2026-07-30 15:27:00+00:00
0.5867511630058289,0.5867511630058289,0.5867511630058289,0.5867511630058289,0,2026-07-30 15:29:00+00:00
0.5867511630058289,0.5867511630058289,0.5867511630058289,0.5867511630058289,0,2026-07-30 15:31:00+00:00
0.5870267152786255,0.5870267152786255,0.5870267152786255,0.5870267152786255,0,2026-07-30 15:33:00+00:00
0.5871990919113159,0.5871990919113159,0.5871990919113159,0.5871990919113159,0,2026-07-30 15:35:00+00:00
0.587440550327301,0.587440550327301,0.587440550327301,0.587440550327301,0,2026-07-30 15:37:00+00:00
0.5875440835952759,0.5875440835952759,0.5875440835952759,0.5875440835952759,0,2026-07-30 15:39:00+00:00
0.5875785946846008,0.5875785946846008,0.5875785946846008,0.5875785946846008,0,2026-07-30 15:41:00+00:00
0.5876821875572205,0.5876821875572205,0.5876821875572205,0.5876821875572205,0,2026-07-30 15:43:00+00:00
0.5877857804298401,0.5877857804298401,0.5877857804298401,0.5877857804298401,0,2026-07-30 15:45:00+00:00
0.5878894925117493,0.5878894925117493,0.5878894925117493,0.5878894925117493,0,2026-07-30 15:47:00+00:00
0.5878894925117493,0.5878894925117493,0.5878894925117493,0.5878894925117493,0,2026-07-30 15:49:00+00:00
0.5879586338996887,0.5879586338996887,0.5879586338996887,0.5879586338996887,0,2026-07-30 15:51:00+00:00
0.587924063205719,0.587924063205719,0.587924063205719,0.587924063205719,0,2026-07-30 15:53:00+00:00
0.5878894925117493,0.5878894925117493,0.5878894925117493,0.5878894925117493,0,2026-07-30 15:55:00+00:00
0.5880277156829834,0.5880277156829834,0.5880277156829834,0.5880277156829834,0,2026-07-30 15:57:00+00:00
0.5877857804298401,0.5877857804298401,0.5877857804298401,0.5877857804298401,0,2026-07-30 15:59:00+00:00
0.5879586338996887,0.5879586338996887,0.5879586338996887,0.5879586338996887,0,2026-07-30 16:01:00+00:00
0.5880277156829834,0.5880277156829834,0.5880277156829834,0.5880277156829834,0,2026-07-30 16:03:00+00:00
0.5879586338996887,0.5879586338996887,0.5879586338996887,0.5879586338996887,0,2026-07-30 16:05:00+00:00
0.5878894925117493,0.5878894925117493,0.5878894925117493,0.5878894925117493,0,2026-07-30 16:07:00+00:00
0.5878549218177795,0.5878549218177795,0.5878549218177795,0.5878549218177795,0,2026-07-30 16:09:00+00:00
0.5877857804298401,0.5877857804298401,0.5877857804298401,0.5877857804298401,0,2026-07-30 16:11:00+00:00
0.5878203511238098,0.5878203511238098,0.5878203511238098,0.5878203511238098,0,2026-07-30 16:13:00+00:00
0.5878549218177795,0.5878549218177795,0.5878549218177795,0.5878549218177795,0,2026-07-30 16:15:00+00:00
0.5878894925117493,0.5878894925117493,0.5878894925117493,0.5878894925117493,0,2026-07-30 16:17:00+00:00
0.587924063205719,0.587924063205719,0.587924063205719,0.587924063205719,0,2026-07-30 16:19:00+00:00
0.5880623459815979,0.5880623459815979,0.5880623459815979,0.5880623459815979,0,2026-07-30 16:21:00+00:00
0.5881314873695374,0.5881314873695374,0.5881314873695374,0.5881314873695374,0,2026-07-30 16:23:00+00:00
0.5880969166755676,0.5880969166755676,0.5880969166755676,0.5880969166755676,0,2026-07-30 16:25:00+00:00
0.5880623459815979,0.5880623459815979,0.5880623459815979,0.5880623459815979,0,2026-07-30 16:27:00+00:00
0.5881314873695374,0.5881314873695374,0.5881314873695374,0.5881314873695374,0,2026-07-30 16:29:00+00:00
0.5880969166755676,0.5880969166755676,0.5880969166755676,0.5880969166755676,0,2026-07-30 16:31:00+00:00
0.5881314873695374,0.5881314873695374,0.5881314873695374,0.5881314873695374,0,2026-07-30 16:33:00+00:00
0.5880623459815979,0.5880623459815979,0.5880623459815979,0.5880623459815979,0,2026-07-30 16:35:00+00:00
0.5881314873695374,0.5881314873695374,0.5881314873695374,0.5881314873695374,0,2026-07-30 16:37:00+00:00
0.5880623459815979,0.5880623459815979,0.5880623459815979,0.5880623459815979,0,2026-07-30 16:39:00+00:00
0.5879586338996887,0.5879586338996887,0.5879586338996887,0.5879586338996887,0,2026-07-30 16:41:00+00:00
0.587924063205719,0.587924063205719,0.587924063205719,0.587924063205719,0,2026-07-30 16:43:00+00:00
0.5877512693405151,0.5877512693405151,0.5877512693405151,0.5877512693405151,0,2026-07-30 16:45:00+00:00
0.5878203511238098,0.5878203511238098,0.5878203511238098,0.5878203511238098,0,2026-07-30 16:47:00+00:00
0.5878203511238098,0.5878203511238098,0.5878203511238098,0.5878203511238098,0,2026-07-30 16:49:00+00:00
0.5877857804298401,0.5877857804298401,0.5877857804298401,0.5877857804298401,0,2026-07-30 16:51:00+00:00
0.5878203511238098,0.5878203511238098,0.5878203511238098,0.5878203511238098,0,2026-07-30 16:53:00+00:00
0.5877857804298401,0.5877857804298401,0.5877857804298401,0.5877857804298401,0,2026-07-30 16:55:00+00:00
0.5878894925117493,0.5878894925117493,0.5878894925117493,0.5878894925117493,0,2026-07-30 16:57:00+00:00
0.5878894925117493,0.5878894925117493,0.5878894925117493,0.5878894925117493,0,2026-07-30 16:59:00+00:00
0.5879586338996887,0.5879586338996887,0.5879586338996887,0.5879586338996887,0,2026-07-30 17:01:00+00:00
0.5878203511238098,0.5878203511238098,0.5878203511238098,0.5878203511238098,0,2026-07-30 17:03:00+00:00
0.5877166986465454,0.5877166986465454,0.5877166986465454,0.5877166986465454,0,2026-07-30 17:05:00+00:00
0.5877512693405151,0.5877512693405151,0.5877512693405151,0.5877512693405151,0,2026-07-30 17:07:00+00:00
0.5878203511238098,0.5878203511238098,0.5878203511238098,0.5878203511238098,0,2026-07-30 17:09:00+00:00
0.5877166986465454,0.5877166986465454,0.5877166986465454,0.5877166986465454,0,2026-07-30 17:11:00+00:00
0.5877166986465454,0.5877166986465454,0.5877166986465454,0.5877166986465454,0,2026-07-30 17:13:00+00:00
0.5876821875572205,0.5876821875572205,0.5876821875572205,0.5876821875572205,0,2026-07-30 17:15:00+00:00
0.5877512693405151,0.5877512693405151,0.5877512693405151,0.5877512693405151,0,2026-07-30 17:17:00+00:00
0.5877166986465454,0.5877166986465454,0.5877166986465454,0.5877166986465454,0,2026-07-30 17:19:00+00:00
0.5877166986465454,0.5877166986465454,0.5877166986465454,0.5877166986465454,0,2026-07-30 17:21:00+00:00
0.5878203511238098,0.5878203511238098,0.5878203511238098,0.5878203511238098,0,2026-07-30 17:23:00+00:00
0.5876821875572205,0.5876821875572205,0.5876821875572205,0.5876821875572205,0,2026-07-30 17:25:00+00:00
0.5876476764678955,0.5876476764678955,0.5876476764678955,0.5876476764678955,0,2026-07-30 17:27:00+00:00
0.5876131057739258,0.5876131057739258,0.5876131057739258,0.5876131057739258,0,2026-07-30 17:29:00+00:00
0.5876131057739258,0.5876131057739258,0.5876131057739258,0.5876131057739258,0,2026-07-30 17:31:00+00:00
0.5875785946846008,0.5875785946846008,0.5875785946846008,0.5875785946846008,0,2026-07-30 17:33:00+00:00
0.5875785946846008,0.5875785946846008,0.5875785946846008,0.5875785946846008,0,2026-07-30 17:35:00+00:00
0.5879586338996887,0.5879586338996887,0.5879586338996887,0.5879586338996887,0,2026-07-30 17:37:00+00:00
0.5879931449890137,0.5879931449890137,0.5879931449890137,0.5879931449890137,0,2026-07-30 17:39:00+00:00
0.5880969166755676,0.5880969166755676,0.5880969166755676,0.5880969166755676,0,2026-07-30 17:41:00+00:00
0.587924063205719,0.587924063205719,0.587924063205719,0.587924063205719,0,2026-07-30 17:43:00+00:00
0.5881661176681519,0.5881661176681519,0.5881661176681519,0.5881661176681519,0,2026-07-30 17:45:00+00:00
0.5881314873695374,0.5881314873695374,0.5881314873695374,0.5881314873695374,0,2026-07-30 17:47:00+00:00
0.5880623459815979,0.5880623459815979,0.5880623459815979,0.5880623459815979,0,2026-07-30 17:49:00+00:00
0.5880969166755676,0.5880969166755676,0.5880969166755676,0.5880969166755676,0,2026-07-30 17:51:00+00:00
0.5881661176681519,0.5881661176681519,0.5881661176681519,0.5881661176681519,0,2026-07-30 17:53:00+00:00
0.5880277156829834,0.5880277156829834,0.5880277156829834,0.5880277156829834,0,2026-07-30 17:55:00+00:00
0.5881661176681519,0.5881661176681519,0.5881661176681519,0.5881661176681519,0,2026-07-30 17:57:00+00:00
0.5882352590560913,0.5882352590560913,0.5882352590560913,0.5882352590560913,0,2026-07-30 17:59:00+00:00
0.5883045196533203,0.5883045196533203,0.5883045196533203,0.5883045196533203,0,2026-07-30 18:01:00+00:00
0.5882698893547058,0.5882698893547058,0.5882698893547058,0.5882698893547058,0,2026-07-30 18:03:00+00:00
0.5883737206459045,0.5883737206459045,0.5883737206459045,0.5883737206459045,0,2026-07-30 18:05:00+00:00
0.5881314873695374,0.5881314873695374,0.5881314873695374,0.5881314873695374,0,2026-07-30 18:07:00+00:00
0.5882698893547058,0.5882698893547058,0.5882698893547058,0.5882698893547058,0,2026-07-30 18:09:00+00:00
0.5883737206459045,0.5883737206459045,0.5883737206459045,0.5883737206459045,0,2026-07-30 18:11:00+00:00
0.588408350944519,0.588408350944519,0.588408350944519,0.588408350944519,0,2026-07-30 18:13:00+00:00
0.5884429812431335,0.5884429812431335,0.5884429812431335,0.5884429812431335,0,2026-07-30 18:15:00+00:00
0.5883737206459045,0.5883737206459045,0.5883737206459045,0.5883737206459045,0,2026-07-30 18:17:00+00:00
0.5883045196533203,0.5883045196533203,0.5883045196533203,0.5883045196533203,0,2026-07-30 18:19:00+00:00
0.5882352590560913,0.5882352590560913,0.5882352590560913,0.5882352590560913,0,2026-07-30 18:21:00+00:00
0.5882352590560913,0.5882352590560913,0.5882352590560913,0.5882352590560913,0,2026-07-30 18:23:00+00:00
0.5882352590560913,0.5882352590560913,0.5882352590560913,0.5882352590560913,0,2026-07-30 18:25:00+00:00
0.5882006883621216,0.5882006883621216,0.5882006883621216,0.5882006883621216,0,2026-07-30 18:27:00+00:00
0.5882698893547058,0.5882698893547058,0.5882698893547058,0.5882698893547058,0,2026-07-30 18:29:00+00:00
0.58833909034729,0.58833909034729,0.58833909034729,0.58833909034729,0,2026-07-30 18:31:00+00:00
0.588408350944519,0.588408350944519,0.588408350944519,0.588408350944519,0,2026-07-30 18:33:00+00:00
0.5883737206459045,0.5883737206459045,0.5883737206459045,0.5883737206459045,0,2026-07-30 18:35:00+00:00
0.5883737206459045,0.5883737206459045,0.5883737206459045,0.5883737206459045,0,2026-07-30 18:37:00+00:00
0.5882352590560913,0.5882352590560913,0.5882352590560913,0.5882352590560913,0,2026-07-30 18:39:00+00:00
0.5881661176681519,0.5881661176681519,0.5881661176681519,0.5881661176681519,0,2026-07-30 18:41:00+00:00
0.5882006883621216,0.5882006883621216,0.5882006883621216,0.5882006883621216,0,2026-07-30 18:43:00+00:00
0.5882698893547058,0.5882698893547058,0.5882698893547058,0.5882698893547058,0,2026-07-30 18:45:00+00:00
0.5882352590560913,0.5882352590560913,0.5882352590560913,0.5882352590560913,0,2026-07-30 18:47:00+00:00
0.5882352590560913,0.5882352590560913,0.5882352590560913,0.5882352590560913,0,2026-07-30 18:49:00+00:00
0.5881661176681519,0.5881661176681519,0.5881661176681519,0.5881661176681519,0,2026-07-30 18:51:00+00:00
0.5882006883621216,0.5882006883621216,0.5882006883621216,0.5882006883621216,0,2026-07-30 18:53:00+00:00
0.5882352590560913,0.5882352590560913,0.5882352590560913,0.5882352590560913,0,2026-07-30 18:55:00+00:00
0.58833909034729,0.58833909034729,0.58833909034729,0.58833909034729,0,2026-07-30 18:57:00+00:00
0.5883045196533203,0.5883045196533203,0.5883045196533203,0.5883045196533203,0,2026-07-30 18:59:00+00:00
0.58833909034729,0.58833909034729,0.58833909034729,0.58833909034729,0,2026-07-30 19:01:00+00:00
0.5883737206459045,0.5883737206459045,0.5883737206459045,0.5883737206459045,0,2026-07-30 19:03:00+00:00
0.5883737206459045,0.5883737206459045,0.5883737206459045,0.5883737206459045,0,2026-07-30 19:05:00+00:00
0.58833909034729,0.58833909034729,0.58833909034729,0.58833909034729,0,2026-07-30 19:07:00+00:00
0.5883045196533203,0.5883045196533203,0.5883045196533203,0.5883045196533203,0,2026-07-30 19:09:00+00:00
0.5882698893547058,0.5882698893547058,0.5882698893547058,0.5882698893547058,0,2026-07-30 19:11:00+00:00
0.5880969166755676,0.5880969166755676,0.5880969166755676,0.5880969166755676,0,2026-07-30 19:13:00+00:00
0.5879931449890137,0.5879931449890137,0.5879931449890137,0.5879931449890137,0,2026-07-30 19:15:00+00:00
0.5881661176681519,0.5881661176681519,0.5881661176681519,0.5881661176681519,0,2026-07-30 19:17:00+00:00
0.5882698893547058,0.5882698893547058,0.5882698893547058,0.5882698893547058,0,2026-07-30 19:19:00+00:00
0.5882698893547058,0.5882698893547058,0.5882698893547058,0.5882698893547058,0,2026-07-30 19:21:00+00:00
0.5882698893547058,0.5882698893547058,0.5882698893547058,0.5882698893547058,0,2026-07-30 19:23:00+00:00
0.5883045196533203,0.5883045196533203,0.5883045196533203,0.5883045196533203,0,2026-07-30 19:25:00+00:00
0.5882698893547058,0.5882698893547058,0.5882698893547058,0.5882698893547058,0,2026-07-30 19:27:00+00:00
0.5881661176681519,0.5881661176681519,0.5881661176681519,0.5881661176681519,0,2026-07-30 19:29:00+00:00
0.5881661176681519,0.5881661176681519,0.5881661176681519,0.5881661176681519,0,2026-07-30 19:31:00+00:00
0.5880623459815979,0.5880623459815979,0.5880623459815979,0.5880623459815979,0,2026-07-30 19:33:00+00:00
0.5880623459815979,0.5880623459815979,0.5880623459815979,0.5880623459815979,0,2026-07-30 19:35:00+00:00
0.5880277156829834,0.5880277156829834,0.5880277156829834,0.5880277156829834,0,2026-07-30 19:37:00+00:00
0.5881314873695374,0.5881314873695374,0.5881314873695374,0.5881314873695374,0,2026-07-30 19:39:00+00:00
0.5880969166755676,0.5880969166755676,0.5880969166755676,0.5880969166755676,0,2026-07-30 19:41:00+00:00
0.5880623459815979,0.5880623459815979,0.5880623459815979,0.5880623459815979,0,2026-07-30 19:43:00+00:00
0.5880623459815979,0.5880623459815979,0.5880623459815979,0.5880623459815979,0,2026-07-30 19:45:00+00:00
0.5880969166755676,0.5880969166755676,0.5880969166755676,0.5880969166755676,0,2026-07-30 19:47:00+00:00
0.5880277156829834,0.5880277156829834,0.5880277156829834,0.5880277156829834,0,2026-07-30 19:49:00+00:00
0.5881314873695374,0.5881314873695374,0.5881314873695374,0.5881314873695374,0,2026-07-30 19:51:00+00:00
0.5879586338996887,0.5879586338996887,0.5879586338996887,0.5879586338996887,0,2026-07-30 19:53:00+00:00
0.5880277156829834,0.5880277156829834,0.5880277156829834,0.5880277156829834,0,2026-07-30 19:55:00+00:00
0.5880277156829834,0.5880277156829834,0.5880277156829834,0.5880277156829834,0,2026-07-30 19:57:00+00:00
0.5882352590560913,0.5882352590560913,0.5882352590560913,0.5882352590560913,0,2026-07-30 19:59:00+00:00
0.5881661176681519,0.5881661176681519,0.5881661176681519,0.5881661176681519,0,2026-07-30 20:01:00+00:00
0.5881314873695374,0.5881314873695374,0.5881314873695374,0.5881314873695374,0,2026-07-30 20:03:00+00:00
0.5882698893547058,0.5882698893547058,0.5882698893547058,0.5882698893547058,0,2026-07-30 20:05:00+00:00
0.5882006883621216,0.5882006883621216,0.5882006883621216,0.5882006883621216,0,2026-07-30 20:07:00+00:00
0.5881661176681519,0.5881661176681519,0.5881661176681519,0.5881661176681519,0,2026-07-30 20:09:00+00:00
0.5881661176681519,0.5881661176681519,0.5881661176681519,0.5881661176681519,0,2026-07-30 20:11:00+00:00
0.58833909034729,0.58833909034729,0.58833909034729,0.58833909034729,0,2026-07-30 20:13:00+00:00
0.5882006883621216,0.5882006883621216,0.5882006883621216,0.5882006883621216,0,2026-07-30 20:15:00+00:00
0.5882006883621216,0.5882006883621216,0.5882006883621216,0.5882006883621216,0,2026-07-30 20:17:00+00:00
0.5881661176681519,0.5881661176681519,0.5881661176681519,0.5881661176681519,0,2026-07-30 20:19:00+00:00
0.5880623459815979,0.5880623459815979,0.5880623459815979,0.5880623459815979,0,2026-07-30 20:21:00+00:00
0.5880623459815979,0.5880623459815979,0.5880623459815979,0.5880623459815979,0,2026-07-30 20:23:00+00:00
0.5880623459815979,0.5880623459815979,0.5880623459815979,0.5880623459815979,0,2026-07-30 20:25:00+00:00
0.5880623459815979,0.5880623459815979,0.5880623459815979,0.5880623459815979,0,2026-07-30 20:27:00+00:00
0.5880277156829834,0.5880277156829834,0.5880277156829834,0.5880277156829834,0,2026-07-30 20:29:00+00:00
0.5880277156829834,0.5880277156829834,0.5880277156829834,0.5880277156829834,0,2026-07-30 20:31:00+00:00
0.5880277156829834,0.5880277156829834,0.5880277156829834,0.5880277156829834,0,2026-07-30 20:33:00+00:00
0.5880277156829834,0.5880277156829834,0.5880277156829834,0.5880277156829834,0,2026-07-30 20:35:00+00:00
0.5880277156829834,0.5880277156829834,0.5880277156829834,0.5880277156829834,0,2026-07-30 20:37:00+00:00
0.5880277156829834,0.5880277156829834,0.5880277156829834,0.5880277156829834,0,2026-07-30 20:39:00+00:00
0.5880277156829834,0.5880277156829834,0.5880277156829834,0.5880277156829834,0,2026-07-30 20:41:00+00:00
0.5880277156829834,0.5880277156829834,0.5880277156829834,0.5880277156829834,0,2026-07-30 20:43:00+00:00
0.5880623459815979,0.5880623459815979,0.5880623459815979,0.5880623459815979,0,2026-07-30 20:45:00+00:00
0.5881314873695374,0.5881314873695374,0.5881314873695374,0.5881314873695374,0,2026-07-30 20:47:00+00:00
0.5881314873695374,0.5881314873695374,0.5881314873695374,0.5881314873695374,0,2026-07-30 20:49:00+00:00
0.5882352590560913,0.5882352590560913,0.5882352590560913,0.5882352590560913,0,2026-07-30 20:51:00+00:00
0.5882352590560913,0.5882352590560913,0.5882352590560913,0.5882352590560913,0,2026-07-30 20:53:00+00:00
0.5882352590560913,0.5882352590560913,0.5882352590560913,0.5882352590560913,0,2026-07-30 20:55:00+00:00
0.5882698893547058,0.5882698893547058,0.5882698893547058,0.5882698893547058,0,2026-07-30 20:57:00+00:00
0.5881661176681519,0.5881661176681519,0.5881661176681519,0.5881661176681519,0,2026-07-30 20:59:00+00:00
0.5878549218177795,0.5878549218177795,0.5878549218177795,0.5878549218177795,0,2026-07-30 21:01:00+00:00
0.5877166986465454,0.5877166986465454,0.5877166986465454,0.5877166986465454,0,2026-07-30 21:03:00+00:00
0.5877166986465454,0.5877166986465454,0.5877166986465454,0.5877166986465454,0,2026-07-30 21:05:00+00:00
0.5877166986465454,0.5877166986465454,0.5877166986465454,0.5877166986465454,0,2026-07-30 21:07:00+00:00
0.5873715281486511,0.5873715281486511,0.5873715281486511,0.5873715281486511,0,2026-07-30 21:09:00+00:00
0.5876131057739258,0.5876131057739258,0.5876131057739258,0.5876131057739258,0,2026-07-30 21:11:00+00:00
0.5877166986465454,0.5877166986465454,0.5877166986465454,0.5877166986465454,0,2026-07-30 21:13:00+00:00
0.5877166986465454,0.5877166986465454,0.5877166986465454,0.5877166986465454,0,2026-07-30 21:15:00+00:00
0.5875440835952759,0.5875440835952759,0.5875440835952759,0.5875440835952759,0,2026-07-30 21:17:00+00:00
0.5877512693405151,0.5877512693405151,0.5877512693405151,0.5877512693405151,0,2026-07-30 21:19:00+00:00
0.5876131057739258,0.5876131057739258,0.5876131057739258,0.5876131057739258,0,2026-07-30 21:21:00+00:00
0.5877512693405151,0.5877512693405151,0.5877512693405151,0.5877512693405151,0,2026-07-30 21:23:00+00:00
0.5876131057739258,0.5876131057739258,0.5876131057739258,0.5876131057739258,0,2026-07-30 21:25:00+00:00
0.5876131057739258,0.5876131057739258,0.5876131057739258,0.5876131057739258,0,2026-07-30 21:27:00+00:00
0.5878203511238098,0.5878203511238098,0.5878203511238098,0.5878203511238098,0,2026-07-30 21:29:00+00:00
0.5876476764678955,0.5876476764678955,0.5876476764678955,0.5876476764678955,0,2026-07-30 21:31:00+00:00
0.5877166986465454,0.5877166986465454,0.5877166986465454,0.5877166986465454,0,2026-07-30 21:33:00+00:00
0.5876821875572205,0.5876821875572205,0.5876821875572205,0.5876821875572205,0,2026-07-30 21:35:00+00:00
0.5876476764678955,0.5876476764678955,0.5876476764678955,0.5876476764678955,0,2026-07-30 21:37:00+00:00
0.5876476764678955,0.5876476764678955,0.5876476764678955,0.5876476764678955,0,2026-07-30 21:39:00+00:00
0.5877857804298401,0.5877857804298401,0.5877857804298401,0.5877857804298401,0,2026-07-30 21:41:00+00:00
0.5876476764678955,0.5876476764678955,0.5876476764678955,0.5876476764678955,0,2026-07-30 21:43:00+00:00
0.5876476764678955,0.5876476764678955,0.5876476764678955,0.5876476764678955,0,2026-07-30 21:45:00+00:00
0.5877166986465454,0.5877166986465454,0.5877166986465454,0.5877166986465454,0,2026-07-30 21:47:00+00:00
0.5876821875572205,0.5876821875572205,0.5876821875572205,0.5876821875572205,0,2026-07-30 21:49:00+00:00
0.5876821875572205,0.5876821875572205,0.5876821875572205,0.5876821875572205,0,2026-07-30 21:51:00+00:00
0.5876821875572205,0.5876821875572205,0.5876821875572205,0.5876821875572205,0,2026-07-30 21:53:00+00:00
0.5876821875572205,0.5876821875572205,0.5876821875572205,0.5876821875572205,0,2026-07-30 21:55:00+00:00
0.5876131057739258,0.5876131057739258,0.5876131057739258,0.5876131057739258,0,2026-07-30 21:57:00+00:00
0.5875785946846008,0.5875785946846008,0.5875785946846008,0.5875785946846008,0,2026-07-30 21:59:00+00:00
0.5882006883621216,0.5882006883621216,0.5882006883621216,0.5882006883621216,0,2026-07-30 22:01:00+00:00
0.5881661176681519,0.5881661176681519,0.5881661176681519,0.5881661176681519,0,2026-07-30 22:03:00+00:00
0.5881661176681519,0.5881661176681519,0.5881661176681519,0.5881661176681519,0,2026-07-30 22:05:00+00:00
0.5881314873695374,0.5881314873695374,0.5881314873695374,0.5881314873695374,0,2026-07-30 22:07:00+00:00
0.5880623459815979,0.5880623459815979,0.5880623459815979,0.5880623459815979,0,2026-07-30 22:09:00+00:00
0.5880623459815979,0.5880623459815979,0.5880623459815979,0.5880623459815979,0,2026-07-30 22:11:00+00:00
0.5880623459815979,0.5880623459815979,0.5880623459815979,0.5880623459815979,0,2026-07-30 22:13:00+00:00
0.5880623459815979,0.5880623459815979,0.5880623459815979,0.5880623459815979,0,2026-07-30 22:15:00+00:00
0.5881314873695374,0.5881314873695374,0.5881314873695374,0.5881314873695374,0,2026-07-30 22:17:00+00:00
0.5881661176681519,0.5881661176681519,0.5881661176681519,0.5881661176681519,0,2026-07-30 22:19:00+00:00
0.5880277156829834,0.5880277156829834,0.5880277156829834,0.5880277156829834,0,2026-07-30 22:21:00+00:00
0.5879931449890137,0.5879931449890137,0.5879931449890137,0.5879931449890137,0,2026-07-30 22:23:00+00:00
0.5879931449890137,0.5879931449890137,0.5879931449890137,0.5879931449890137,0,2026-07-30 22:25:00+00:00
0.587924063205719,0.587924063205719,0.587924063205719,0.587924063205719,0,2026-07-30 22:27:00+00:00
0.587924063205719,0.587924063205719,0.587924063205719,0.587924063205719,0,2026-07-30 22:29:00+00:00
0.5881661176681519,0.5881661176681519,0.5881661176681519,0.5881661176681519,0,2026-07-30 22:31:00+00:00
0.5880623459815979,0.5880623459815979,0.5880623459815979,0.5880623459815979,0,2026-07-30 22:33:00+00:00
0.5881314873695374,0.5881314873695374,0.5881314873695374,0.5881314873695374,0,2026-07-30 22:35:00+00:00
0.5882698893547058,0.5882698893547058,0.5882698893547058,0.5882698893547058,0,2026-07-30 22:37:00+00:00
0.5883045196533203,0.5883045196533203,0.5883045196533203,0.5883045196533203,0,2026-07-30 22:39:00+00:00
0.5883737206459045,0.5883737206459045,0.5883737206459045,0.5883737206459045,0,2026-07-30 22:41:00+00:00
0.58833909034729,0.58833909034729,0.58833909034729,0.58833909034729,0,2026-07-30 22:43:00+00:00
0.5884429812431335,0.5884429812431335,0.5884429812431335,0.5884429812431335,0,2026-07-30 22:45:00+00:00
0.58833909034729,0.58833909034729,0.58833909034729,0.58833909034729,0,2026-07-30 22:47:00+00:00
0.5883045196533203,0.5883045196533203,0.5883045196533203,0.5883045196533203,0,2026-07-30 22:49:00+00:00
0.5883045196533203,0.5883045196533203,0.5883045196533203,0.5883045196533203,0,2026-07-30 22:51:00+00:00
0.5882698893547058,0.5882698893547058,0.5882698893547058,0.5882698893547058,0,2026-07-30 22:53:00+00:00
0.5883045196533203,0.5883045196533203,0.5883045196533203,0.5883045196533203,0,2026-07-30 22:55:00+00:00
0.5882698893547058,0.5882698893547058,0.5882698893547058,0.5882698893547058,0,2026-07-30 22:57:00+00:00
0.58833909034729,0.58833909034729,0.58833909034729,0.58833909034729,0,2026-07-30 23:01:00+00:00
0.5882698893547058,0.5882698893547058,0.5882698893547058,0.5882698893547058,0,2026-07-30 23:03:00+00:00
0.5881661176681519,0.5881661176681519,0.5881661176681519,0.5881661176681519,0,2026-07-30 23:05:00+00:00
0.5881314873695374,0.5881314873695374,0.5881314873695374,0.5881314873695374,0,2026-07-30 23:07:00+00:00
0.5880277156829834,0.5880277156829834,0.5880277156829834,0.5880277156829834,0,2026-07-30 23:09:00+00:00
0.5878894925117493,0.5878894925117493,0.5878894925117493,0.5878894925117493,0,2026-07-30 23:11:00+00:00
0.5878549218177795,0.5878549218177795,0.5878549218177795,0.5878549218177795,0,2026-07-30 23:13:00+00:00
0.5878549218177795,0.5878549218177795,0.5878549218177795,0.5878549218177795,0,2026-07-30 23:15:00+00:00
0.5877857804298401,0.5877857804298401,0.5877857804298401,0.5877857804298401,0,2026-07-30 23:17:00+00:00
0.5878203511238098,0.5878203511238098,0.5878203511238098,0.5878203511238098,0,2026-07-30 23:19:00+00:00
0.5878549218177795,0.5878549218177795,0.5878549218177795,0.5878549218177795,0,2026-07-30 23:21:00+00:00
0.587924063205719,0.587924063205719,0.587924063205719,0.587924063205719,0,2026-07-30 23:23:00+00:00
0.5879586338996887,0.5879586338996887,0.5879586338996887,0.5879586338996887,0,2026-07-30 23:25:00+00:00
0.587924063205719,0.587924063205719,0.587924063205719,0.587924063205719,0,2026-07-30 23:27:00+00:00
0.5878894925117493,0.5878894925117493,0.5878894925117493,0.5878894925117493,0,2026-07-30 23:29:00+00:00
0.5878203511238098,0.5878203511238098,0.5878203511238098,0.5878203511238098,0,2026-07-30 23:31:00+00:00
0.5879586338996887,0.5879586338996887,0.5879586338996887,0.5879586338996887,0,2026-07-30 23:33:00+00:00
0.587924063205719,0.587924063205719,0.587924063205719,0.587924063205719,0,2026-07-30 23:35:00+00:00
0.5878203511238098,0.5878203511238098,0.5878203511238098,0.5878203511238098,0,2026-07-30 23:37:00+00:00
0.5878549218177795,0.5878549218177795,0.5878549218177795,0.5878549218177795,0,2026-07-30 23:39:00+00:00
0.5878894925117493,0.5878894925117493,0.5878894925117493,0.5878894925117493,0,2026-07-30 23:41:00+00:00
0.5878549218177795,0.5878549218177795,0.5878549218177795,0.5878549218177795,0,2026-07-30 23:43:00+00:00
0.5878549218177795,0.5878549218177795,0.5878549218177795,0.5878549218177795,0,2026-07-30 23:45:00+00:00
0.5879931449890137,0.5879931449890137,0.5879931449890137,0.5879931449890137,0,2026-07-30 23:47:00+00:00
0.5879586338996887,0.5879586338996887,0.5879586338996887,0.5879586338996887,0,2026-07-30 23:49:00+00:00
0.5878549218177795,0.5878549218177795,0.5878549218177795,0.5878549218177795,0,2026-07-30 23:51:00+00:00
0.5876821875572205,0.5876821875572205,0.5876821875572205,0.5876821875572205,0,2026-07-30 23:53:00+00:00
0.5877166986465454,0.5877166986465454,0.5877166986465454,0.5877166986465454,0,2026-07-30 23:55:00+00:00
0.5877512693405151,0.5877512693405151,0.5877512693405151,0.5877512693405151,0,2026-07-30 23:57:00+00:00
0.5876476764678955,0.5876476764678955,0.5876476764678955,0.5876476764678955,0,2026-07-30 23:59:00+00:00
0.5875785946846008,0.5875785946846008,0.5875785946846008,0.5875785946846008,0,2026-07-31 00:01:00+00:00
0.5875440835952759,0.5875440835952759,0.5875440835952759,0.5875440835952759,0,2026-07-31 00:03:00+00:00
0.5875440835952759,0.5875440835952759,0.5875440835952759,0.5875440835952759,0,2026-07-31 00:05:00+00:00
0.5873370170593262,0.5873370170593262,0.5873370170593262,0.5873370170593262,0,2026-07-31 00:07:00+00:00
0.5874750018119812,0.5874750018119812,0.5874750018119812,0.5874750018119812,0,2026-07-31 00:09:00+00:00
0.5876476764678955,0.5876476764678955,0.5876476764678955,0.5876476764678955,0,2026-07-31 00:11:00+00:00
0.5876131057739258,0.5876131057739258,0.5876131057739258,0.5876131057739258,0,2026-07-31 00:13:00+00:00
0.5875785946846008,0.5875785946846008,0.5875785946846008,0.5875785946846008,0,2026-07-31 00:15:00+00:00
0.5877166986465454,0.5877166986465454,0.5877166986465454,0.5877166986465454,0,2026-07-31 00:17:00+00:00
0.5875785946846008,0.5875785946846008,0.5875785946846008,0.5875785946846008,0,2026-07-31 00:19:00+00:00
0.5876821875572205,0.5876821875572205,0.5876821875572205,0.5876821875572205,0,2026-07-31 00:21:00+00:00
0.5877512693405151,0.5877512693405151,0.5877512693405151,0.5877512693405151,0,2026-07-31 00:23:00+00:00
0.5878894925117493,0.5878894925117493,0.5878894925117493,0.5878894925117493,0,2026-07-31 00:25:00+00:00
0.5878203511238098,0.5878203511238098,0.5878203511238098,0.5878203511238098,0,2026-07-31 00:27:00+00:00
0.5878203511238098,0.5878203511238098,0.5878203511238098,0.5878203511238098,0,2026-07-31 00:29:00+00:00
0.5878549218177795,0.5878549218177795,0.5878549218177795,0.5878549218177795,0,2026-07-31 00:31:00+00:00
0.5876821875572205,0.5876821875572205,0.5876821875572205,0.5876821875572205,0,2026-07-31 00:33:00+00:00
0.5875440835952759,0.5875440835952759,0.5875440835952759,0.5875440835952759,0,2026-07-31 00:35:00+00:00
0.5875440835952759,0.5875440835952759,0.5875440835952759,0.5875440835952759,0,2026-07-31 00:37:00+00:00
0.5874750018119812,0.5874750018119812,0.5874750018119812,0.5874750018119812,0,2026-07-31 00:39:00+00:00
0.5873025059700012,0.5873025059700012,0.5873025059700012,0.5873025059700012,0,2026-07-31 00:41:00+00:00
0.5873715281486511,0.5873715281486511,0.5873715281486511,0.5873715281486511,0,2026-07-31 00:43:00+00:00
0.5873715281486511,0.5873715281486511,0.5873715281486511,0.5873715281486511,0,2026-07-31 00:45:00+00:00
0.5870611667633057,0.5870611667633057,0.5870611667633057,0.5870611667633057,0,2026-07-31 00:47:00+00:00
0.5871301293373108,0.5871301293373108,0.5871301293373108,0.5871301293373108,0,2026-07-31 00:49:00+00:00
0.5872679948806763,0.5872679948806763,0.5872679948806763,0.5872679948806763,0,2026-07-31 00:51:00+00:00
0.5872679948806763,0.5872679948806763,0.5872679948806763,0.5872679948806763,0,2026-07-31 00:53:00+00:00
0.5873370170593262,0.5873370170593262,0.5873370170593262,0.5873370170593262,0,2026-07-31 00:55:00+00:00
0.5873715281486511,0.5873715281486511,0.5873715281486511,0.5873715281486511,0,2026-07-31 00:57:00+00:00
0.5873715281486511,0.5873715281486511,0.5873715281486511,0.5873715281486511,0,2026-07-31 00:59:00+00:00
0.5873715281486511,0.5873715281486511,0.5873715281486511,0.5873715281486511,0,2026-07-31 01:01:00+00:00
0.5874060392379761,0.5874060392379761,0.5874060392379761,0.5874060392379761,0,2026-07-31 01:03:00+00:00
0.5872679948806763,0.5872679948806763,0.5872679948806763,0.5872679948806763,0,2026-07-31 01:05:00+00:00
0.5870611667633057,0.5870611667633057,0.5870611667633057,0.5870611667633057,0,2026-07-31 01:07:00+00:00
0.5872335433959961,0.5872335433959961,0.5872335433959961,0.5872335433959961,0,2026-07-31 01:09:00+00:00
0.5871301293373108,0.5871301293373108,0.5871301293373108,0.5871301293373108,0,2026-07-31 01:11:00+00:00
0.5870267152786255,0.5870267152786255,0.5870267152786255,0.5870267152786255,0,2026-07-31 01:13:00+00:00
0.5868889093399048,0.5868889093399048,0.5868889093399048,0.5868889093399048,0,2026-07-31 01:15:00+00:00
0.5868200063705444,0.5868200063705444,0.5868200063705444,0.5868200063705444,0,2026-07-31 01:17:00+00:00
0.5867511630058289,0.5867511630058289,0.5867511630058289,0.5867511630058289,0,2026-07-31 01:19:00+00:00
0.5868200063705444,0.5868200063705444,0.5868200063705444,0.5868200063705444,0,2026-07-31 01:21:00+00:00
0.5867855548858643,0.5867855548858643,0.5867855548858643,0.5867855548858643,0,2026-07-31 01:23:00+00:00
0.5867855548858643,0.5867855548858643,0.5867855548858643,0.5867855548858643,0,2026-07-31 01:25:00+00:00
0.5868200063705444,0.5868200063705444,0.5868200063705444,0.5868200063705444,0,2026-07-31 01:27:00+00:00
0.5867855548858643,0.5867855548858643,0.5867855548858643,0.5867855548858643,0,2026-07-31 01:29:00+00:00
0.5867511630058289,0.5867511630058289,0.5867511630058289,0.5867511630058289,0,2026-07-31 01:31:00+00:00
0.5868200063705444,0.5868200063705444,0.5868200063705444,0.5868200063705444,0,2026-07-31 01:33:00+00:00
0.5867511630058289,0.5867511630058289,0.5867511630058289,0.5867511630058289,0,2026-07-31 01:35:00+00:00
0.5867855548858643,0.5867855548858643,0.5867855548858643,0.5867855548858643,0,2026-07-31 01:37:00+00:00
0.5867167711257935,0.5867167711257935,0.5867167711257935,0.5867167711257935,0,2026-07-31 01:39:00+00:00
0.5866823196411133,0.5866823196411133,0.5866823196411133,0.5866823196411133,0,2026-07-31 01:41:00+00:00
0.5866134762763977,0.5866134762763977,0.5866134762763977,0.5866134762763977,0,2026-07-31 01:43:00+00:00
0.5867167711257935,0.5867167711257935,0.5867167711257935,0.5867167711257935,0,2026-07-31 01:45:00+00:00
0.5866134762763977,0.5866134762763977,0.5866134762763977,0.5866134762763977,0,2026-07-31 01:47:00+00:00
0.5865102410316467,0.5865102410316467,0.5865102410316467,0.5865102410316467,0,2026-07-31 01:49:00+00:00
0.5865446329116821,0.5865446329116821,0.5865446329116821,0.5865446329116821,0,2026-07-31 01:51:00+00:00
0.5865790843963623,0.5865790843963623,0.5865790843963623,0.5865790843963623,0,2026-07-31 01:53:00+00:00
0.5865790843963623,0.5865790843963623,0.5865790843963623,0.5865790843963623,0,2026-07-31 01:55:00+00:00
0.5867511630058289,0.5867511630058289,0.5867511630058289,0.5867511630058289,0,2026-07-31 01:57:00+00:00
0.5867167711257935,0.5867167711257935,0.5867167711257935,0.5867167711257935,0,2026-07-31 01:59:00+00:00
0.5867855548858643,0.5867855548858643,0.5867855548858643,0.5867855548858643,0,2026-07-31 02:01:00+00:00
0.5868544578552246,0.5868544578552246,0.5868544578552246,0.5868544578552246,0,2026-07-31 02:03:00+00:00
0.586923360824585,0.586923360824585,0.586923360824585,0.586923360824585,0,2026-07-31 02:05:00+00:00
0.5869922637939453,0.5869922637939453,0.5869922637939453,0.5869922637939453,0,2026-07-31 02:07:00+00:00
0.5869922637939453,0.5869922637939453,0.5869922637939453,0.5869922637939453,0,2026-07-31 02:09:00+00:00
0.587164580821991,0.587164580821991,0.587164580821991,0.587164580821991,0,2026-07-31 02:11:00+00:00
0.5872679948806763,0.5872679948806763,0.5872679948806763,0.5872679948806763,0,2026-07-31 02:13:00+00:00
0.5870611667633057,0.5870611667633057,0.5870611667633057,0.5870611667633057,0,2026-07-31 02:15:00+00:00
0.5870611667633057,0.5870611667633057,0.5870611667633057,0.5870611667633057,0,2026-07-31 02:17:00+00:00
0.5871301293373108,0.5871301293373108,0.5871301293373108,0.5871301293373108,0,2026-07-31 02:19:00+00:00
0.5871301293373108,0.5871301293373108,0.5871301293373108,0.5871301293373108,0,2026-07-31 02:21:00+00:00
0.5871301293373108,0.5871301293373108,0.5871301293373108,0.5871301293373108,0,2026-07-31 02:23:00+00:00
0.5870611667633057,0.5870611667633057,0.5870611667633057,0.5870611667633057,0,2026-07-31 02:25:00+00:00
0.5870956182479858,0.5870956182479858,0.5870956182479858,0.5870956182479858,0,2026-07-31 02:27:00+00:00
0.587164580821991,0.587164580821991,0.587164580821991,0.587164580821991,0,2026-07-31 02:29:00+00:00
0.5872679948806763,0.5872679948806763,0.5872679948806763,0.5872679948806763,0,2026-07-31 02:31:00+00:00
0.5873370170593262,0.5873370170593262,0.5873370170593262,0.5873370170593262,0,2026-07-31 02:33:00+00:00
0.5872679948806763,0.5872679948806763,0.5872679948806763,0.5872679948806763,0,2026-07-31 02:35:00+00:00
0.5872679948806763,0.5872679948806763,0.5872679948806763,0.5872679948806763,0,2026-07-31 02:37:00+00:00
0.5873025059700012,0.5873025059700012,0.5873025059700012,0.5873025059700012,0,2026-07-31 02:39:00+00:00
0.5872679948806763,0.5872679948806763,0.5872679948806763,0.5872679948806763,0,2026-07-31 02:41:00+00:00
0.5872679948806763,0.5872679948806763,0.5872679948806763,0.5872679948806763,0,2026-07-31 02:43:00+00:00
0.5873370170593262,0.5873370170593262,0.5873370170593262,0.5873370170593262,0,2026-07-31 02:45:00+00:00
0.5873715281486511,0.5873715281486511,0.5873715281486511,0.5873715281486511,0,2026-07-31 02:47:00+00:00
0.5873715281486511,0.5873715281486511,0.5873715281486511,0.5873715281486511,0,2026-07-31 02:49:00+00:00
0.5872335433959961,0.5872335433959961,0.5872335433959961,0.5872335433959961,0,2026-07-31 02:51:00+00:00
0.5872679948806763,0.5872679948806763,0.5872679948806763,0.5872679948806763,0,2026-07-31 02:53:00+00:00
0.5871990919113159,0.5871990919113159,0.5871990919113159,0.5871990919113159,0,2026-07-31 02:55:00+00:00
0.5871301293373108,0.5871301293373108,0.5871301293373108,0.5871301293373108,0,2026-07-31 02:57:00+00:00
0.587164580821991,0.587164580821991,0.587164580821991,0.587164580821991,0,2026-07-31 02:59:00+00:00
0.5870611667633057,0.5870611667633057,0.5870611667633057,0.5870611667633057,0,2026-07-31 03:01:00+00:00
0.5870267152786255,0.5870267152786255,0.5870267152786255,0.5870267152786255,0,2026-07-31 03:03:00+00:00
0.5870956182479858,0.5870956182479858,0.5870956182479858,0.5870956182479858,0,2026-07-31 03:05:00+00:00
0.5871301293373108,0.5871301293373108,0.5871301293373108,0.5871301293373108,0,2026-07-31 03:07:00+00:00
0.5872679948806763,0.5872679948806763,0.5872679948806763,0.5872679948806763,0,2026-07-31 03:09:00+00:00
0.5871301293373108,0.5871301293373108,0.5871301293373108,0.5871301293373108,0,2026-07-31 03:11:00+00:00
0.587164580821991,0.587164580821991,0.587164580821991,0.587164580821991,0,2026-07-31 03:13:00+00:00
0.5870267152786255,0.5870267152786255,0.5870267152786255,0.5870267152786255,0,2026-07-31 03:15:00+00:00
0.5870956182479858,0.5870956182479858,0.5870956182479858,0.5870956182479858,0,2026-07-31 03:17:00+00:00
0.5869578123092651,0.5869578123092651,0.5869578123092651,0.5869578123092651,0,2026-07-31 03:19:00+00:00
0.5870611667633057,0.5870611667633057,0.5870611667633057,0.5870611667633057,0,2026-07-31 03:21:00+00:00
0.587164580821991,0.587164580821991,0.587164580821991,0.587164580821991,0,2026-07-31 03:23:00+00:00
0.5871301293373108,0.5871301293373108,0.5871301293373108,0.5871301293373108,0,2026-07-31 03:25:00+00:00
0.5870611667633057,0.5870611667633057,0.5870611667633057,0.5870611667633057,0,2026-07-31 03:27:00+00:00
0.5870956182479858,0.5870956182479858,0.5870956182479858,0.5870956182479858,0,2026-07-31 03:29:00+00:00
0.587164580821991,0.587164580821991,0.587164580821991,0.587164580821991,0,2026-07-31 03:31:00+00:00
0.5872679948806763,0.5872679948806763,0.5872679948806763,0.5872679948806763,0,2026-07-31 03:33:00+00:00
0.587440550327301,0.587440550327301,0.587440550327301,0.587440550327301,0,2026-07-31 03:35:00+00:00
0.5872679948806763,0.5872679948806763,0.5872679948806763,0.5872679948806763,0,2026-07-31 03:37:00+00:00
0.5872335433959961,0.5872335433959961,0.5872335433959961,0.5872335433959961,0,2026-07-31 03:39:00+00:00
0.5871301293373108,0.5871301293373108,0.5871301293373108,0.5871301293373108,0,2026-07-31 03:41:00+00:00
0.5870611667633057,0.5870611667633057,0.5870611667633057,0.5870611667633057,0,2026-07-31 03:43:00+00:00
0.5870956182479858,0.5870956182479858,0.5870956182479858,0.5870956182479858,0,2026-07-31 03:45:00+00:00
0.5870956182479858,0.5870956182479858,0.5870956182479858,0.5870956182479858,0,2026-07-31 03:47:00+00:00
0.5870267152786255,0.5870267152786255,0.5870267152786255,0.5870267152786255,0,2026-07-31 03:49:00+00:00
0.5870611667633057,0.5870611667633057,0.5870611667633057,0.5870611667633057,0,2026-07-31 03:51:00+00:00
0.587164580821991,0.587164580821991,0.587164580821991,0.587164580821991,0,2026-07-31 03:53:00+00:00
0.587164580821991,0.587164580821991,0.587164580821991,0.587164580821991,0,2026-07-31 03:55:00+00:00
0.5872679948806763,0.5872679948806763,0.5872679948806763,0.5872679948806763,0,2026-07-31 03:57:00+00:00
0.5872335433959961,0.5872335433959961,0.5872335433959961,0.5872335433959961,0,2026-07-31 03:59:00+00:00
0.5871990919113159,0.5871990919113159,0.5871990919113159,0.5871990919113159,0,2026-07-31 04:01:00+00:00
0.5871990919113159,0.5871990919113159,0.5871990919113159,0.5871990919113159,0,2026-07-31 04:03:00+00:00
0.5872335433959961,0.5872335433959961,0.5872335433959961,0.5872335433959961,0,2026-07-31 04:05:00+00:00
0.587164580821991,0.587164580821991,0.587164580821991,0.587164580821991,0,2026-07-31 04:07:00+00:00
0.587164580821991,0.587164580821991,0.587164580821991,0.587164580821991,0,2026-07-31 04:09:00+00:00
0.5871301293373108,0.5871301293373108,0.5871301293373108,0.5871301293373108,0,2026-07-31 04:11:00+00:00
0.5870611667633057,0.5870611667633057,0.5870611667633057,0.5870611667633057,0,2026-07-31 04:13:00+00:00
0.5869922637939453,0.5869922637939453,0.5869922637939453,0.5869922637939453,0,2026-07-31 04:15:00+00:00
0.5870956182479858,0.5870956182479858,0.5870956182479858,0.5870956182479858,0,2026-07-31 04:17:00+00:00
0.5871990919113159,0.5871990919113159,0.5871990919113159,0.5871990919113159,0,2026-07-31 04:19:00+00:00
0.5872679948806763,0.5872679948806763,0.5872679948806763,0.5872679948806763,0,2026-07-31 04:21:00+00:00
0.5873025059700012,0.5873025059700012,0.5873025059700012,0.5873025059700012,0,2026-07-31 04:23:00+00:00
0.5872679948806763,0.5872679948806763,0.5872679948806763,0.5872679948806763,0,2026-07-31 04:25:00+00:00
0.5871990919113159,0.5871990919113159,0.5871990919113159,0.5871990919113159,0,2026-07-31 04:27:00+00:00
0.5871990919113159,0.5871990919113159,0.5871990919113159,0.5871990919113159,0,2026-07-31 04:29:00+00:00
0.5869922637939453,0.5869922637939453,0.5869922637939453,0.5869922637939453,0,2026-07-31 04:31:00+00:00
0.5870267152786255,0.5870267152786255,0.5870267152786255,0.5870267152786255,0,2026-07-31 04:33:00+00:00
0.5870956182479858,0.5870956182479858,0.5870956182479858,0.5870956182479858,0,2026-07-31 04:35:00+00:00
0.587164580821991,0.587164580821991,0.587164580821991,0.587164580821991,0,2026-07-31 04:37:00+00:00
0.5871301293373108,0.5871301293373108,0.5871301293373108,0.5871301293373108,0,2026-07-31 04:39:00+00:00
0.5870611667633057,0.5870611667633057,0.5870611667633057,0.5870611667633057,0,2026-07-31 04:41:00+00:00
0.5870267152786255,0.5870267152786255,0.5870267152786255,0.5870267152786255,0,2026-07-31 04:43:00+00:00
0.5870956182479858,0.5870956182479858,0.5870956182479858,0.5870956182479858,0,2026-07-31 04:45:00+00:00
0.5870956182479858,0.5870956182479858,0.5870956182479858,0.5870956182479858,0,2026-07-31 04:47:00+00:00
0.5870611667633057,0.5870611667633057,0.5870611667633057,0.5870611667633057,0,2026-07-31 04:49:00+00:00
0.5869578123092651,0.5869578123092651,0.5869578123092651,0.5869578123092651,0,2026-07-31 04:51:00+00:00
0.5868200063705444,0.5868200063705444,0.5868200063705444,0.5868200063705444,0,2026-07-31 04:53:00+00:00
0.5868889093399048,0.5868889093399048,0.5868889093399048,0.5868889093399048,0,2026-07-31 04:55:00+00:00
0.5869578123092651,0.5869578123092651,0.5869578123092651,0.5869578123092651,0,2026-07-31 04:57:00+00:00
0.5869578123092651,0.5869578123092651,0.5869578123092651,0.5869578123092651,0,2026-07-31 04:59:00+00:00
0.5869578123092651,0.5869578123092651,0.5869578123092651,0.5869578123092651,0,2026-07-31 05:01:00+00:00
0.586923360824585,0.586923360824585,0.586923360824585,0.586923360824585,0,2026-07-31 05:03:00+00:00
0.5869922637939453,0.5869922637939453,0.5869922637939453,0.5869922637939453,0,2026-07-31 05:05:00+00:00
0.5870611667633057,0.5870611667633057,0.5870611667633057,0.5870611667633057,0,2026-07-31 05:07:00+00:00
0.5869922637939453,0.5869922637939453,0.5869922637939453,0.5869922637939453,0,2026-07-31 05:09:00+00:00
0.5870956182479858,0.5870956182479858,0.5870956182479858,0.5870956182479858,0,2026-07-31 05:11:00+00:00
0.5869578123092651,0.5869578123092651,0.5869578123092651,0.5869578123092651,0,2026-07-31 05:13:00+00:00
0.586923360824585,0.586923360824585,0.586923360824585,0.586923360824585,0,2026-07-31 05:15:00+00:00
0.5869922637939453,0.5869922637939453,0.5869922637939453,0.5869922637939453,0,2026-07-31 05:17:00+00:00
0.5870267152786255,0.5870267152786255,0.5870267152786255,0.5870267152786255,0,2026-07-31 05:19:00+00:00
0.5869922637939453,0.5869922637939453,0.5869922637939453,0.5869922637939453,0,2026-07-31 05:21:00+00:00
0.5867511630058289,0.5867511630058289,0.5867511630058289,0.5867511630058289,0,2026-07-31 05:23:00+00:00
0.5867855548858643,0.5867855548858643,0.5867855548858643,0.5867855548858643,0,2026-07-31 05:25:00+00:00
0.5867511630058289,0.5867511630058289,0.5867511630058289,0.5867511630058289,0,2026-07-31 05:27:00+00:00
0.5867855548858643,0.5867855548858643,0.5867855548858643,0.5867855548858643,0,2026-07-31 05:29:00+00:00
0.5868200063705444,0.5868200063705444,0.5868200063705444,0.5868200063705444,0,2026-07-31 05:31:00+00:00
0.5869578123092651,0.5869578123092651,0.5869578123092651,0.5869578123092651,0,2026-07-31 05:33:00+00:00
0.5869922637939453,0.5869922637939453,0.5869922637939453,0.5869922637939453,0,2026-07-31 05:35:00+00:00
0.5869922637939453,0.5869922637939453,0.5869922637939453,0.5869922637939453,0,2026-07-31 05:37:00+00:00
0.5870956182479858,0.5870956182479858,0.5870956182479858,0.5870956182479858,0,2026-07-31 05:39:00+00:00
0.587164580821991,0.587164580821991,0.587164580821991,0.587164580821991,0,2026-07-31 05:41:00+00:00
0.5870611667633057,0.5870611667633057,0.5870611667633057,0.5870611667633057,0,2026-07-31 05:43:00+00:00
0.5868544578552246,0.5868544578552246,0.5868544578552246,0.5868544578552246,0,2026-07-31 05:45:00+00:00
0.5868200063705444,0.5868200063705444,0.5868200063705444,0.5868200063705444,0,2026-07-31 05:47:00+00:00
0.5867855548858643,0.5867855548858643,0.5867855548858643,0.5867855548858643,0,2026-07-31 05:49:00+00:00
0.5867511630058289,0.5867511630058289,0.5867511630058289,0.5867511630058289,0,2026-07-31 05:51:00+00:00
0.5868200063705444,0.5868200063705444,0.5868200063705444,0.5868200063705444,0,2026-07-31 05:53:00+00:00
0.5868200063705444,0.5868200063705444,0.5868200063705444,0.5868200063705444,0,2026-07-31 05:55:00+00:00
0.5868200063705444,0.5868200063705444,0.5868200063705444,0.5868200063705444,0,2026-07-31 05:57:00+00:00
0.5869578123092651,0.5869578123092651,0.5869578123092651,0.5869578123092651,0,2026-07-31 05:59:00+00:00
0.5870956182479858,0.5870956182479858,0.5870956182479858,0.5870956182479858,0,2026-07-31 06:01:00+00:00
0.5871301293373108,0.5871301293373108,0.5871301293373108,0.5871301293373108,0,2026-07-31 06:03:00+00:00
0.5870267152786255,0.5870267152786255,0.5870267152786255,0.5870267152786255,0,2026-07-31 06:05:00+00:00
0.5871301293373108,0.5871301293373108,0.5871301293373108,0.5871301293373108,0,2026-07-31 06:07:00+00:00
0.5872335433959961,0.5872335433959961,0.5872335433959961,0.5872335433959961,0,2026-07-31 06:09:00+00:00
0.5872679948806763,0.5872679948806763,0.5872679948806763,0.5872679948806763,0,2026-07-31 06:11:00+00:00
0.5872335433959961,0.5872335433959961,0.5872335433959961,0.5872335433959961,0,2026-07-31 06:13:00+00:00
0.5874060392379761,0.5874060392379761,0.5874060392379761,0.5874060392379761,0,2026-07-31 06:15:00+00:00
0.5875440835952759,0.5875440835952759,0.5875440835952759,0.5875440835952759,0,2026-07-31 06:17:00+00:00
0.5875785946846008,0.5875785946846008,0.5875785946846008,0.5875785946846008,0,2026-07-31 06:19:00+00:00
0.5875440835952759,0.5875440835952759,0.5875440835952759,0.5875440835952759,0,2026-07-31 06:21:00+00:00
0.5874750018119812,0.5874750018119812,0.5874750018119812,0.5874750018119812,0,2026-07-31 06:23:00+00:00
0.5876821875572205,0.5876821875572205,0.5876821875572205,0.5876821875572205,0,2026-07-31 06:25:00+00:00
0.5878894925117493,0.5878894925117493,0.5878894925117493,0.5878894925117493,0,2026-07-31 06:27:00+00:00
0.5879931449890137,0.5879931449890137,0.5879931449890137,0.5879931449890137,0,2026-07-31 06:29:00+00:00
0.5878549218177795,0.5878549218177795,0.5878549218177795,0.5878549218177795,0,2026-07-31 06:31:00+00:00
0.5876821875572205,0.5876821875572205,0.5876821875572205,0.5876821875572205,0,2026-07-31 06:33:00+00:00
0.5876131057739258,0.5876131057739258,0.5876131057739258,0.5876131057739258,0,2026-07-31 06:35:00+00:00
0.5875095129013062,0.5875095129013062,0.5875095129013062,0.5875095129013062,0,2026-07-31 06:37:00+00:00
0.5873715281486511,0.5873715281486511,0.5873715281486511,0.5873715281486511,0,2026-07-31 06:39:00+00:00
0.5874750018119812,0.5874750018119812,0.5874750018119812,0.5874750018119812,0,2026-07-31 06:41:00+00:00
0.5873370170593262,0.5873370170593262,0.5873370170593262,0.5873370170593262,0,2026-07-31 06:43:00+00:00
0.5873715281486511,0.5873715281486511,0.5873715281486511,0.5873715281486511,0,2026-07-31 06:45:00+00:00
0.5873715281486511,0.5873715281486511,0.5873715281486511,0.5873715281486511,0,2026-07-31 06:47:00+00:00
0.587440550327301,0.587440550327301,0.587440550327301,0.587440550327301,0,2026-07-31 06:49:00+00:00
0.5877166986465454,0.5877166986465454,0.5877166986465454,0.5877166986465454,0,2026-07-31 06:51:00+00:00
0.5876821875572205,0.5876821875572205,0.5876821875572205,0.5876821875572205,0,2026-07-31 06:53:00+00:00
0.5877512693405151,0.5877512693405151,0.5877512693405151,0.5877512693405151,0,2026-07-31 06:55:00+00:00
0.5875440835952759,0.5875440835952759,0.5875440835952759,0.5875440835952759,0,2026-07-31 06:57:00+00:00
0.5874750018119812,0.5874750018119812,0.5874750018119812,0.5874750018119812,0,2026-07-31 06:59:00+00:00
0.5872679948806763,0.5872679948806763,0.5872679948806763,0.5872679948806763,0,2026-07-31 07:01:00+00:00
0.5870956182479858,0.5870956182479858,0.5870956182479858,0.5870956182479858,0,2026-07-31 07:03:00+00:00
0.5871990919113159,0.5871990919113159,0.5871990919113159,0.5871990919113159,0,2026-07-31 07:05:00+00:00
0.5872335433959961,0.5872335433959961,0.5872335433959961,0.5872335433959961,0,2026-07-31 07:07:00+00:00
0.5872335433959961,0.5872335433959961,0.5872335433959961,0.5872335433959961,0,2026-07-31 07:09:00+00:00
0.587164580821991,0.587164580821991,0.587164580821991,0.587164580821991,0,2026-07-31 07:11:00+00:00
0.5874060392379761,0.5874060392379761,0.5874060392379761,0.5874060392379761,0,2026-07-31 07:13:00+00:00
0.5874060392379761,0.5874060392379761,0.5874060392379761,0.5874060392379761,0,2026-07-31 07:15:00+00:00
0.5873025059700012,0.5873025059700012,0.5873025059700012,0.5873025059700012,0,2026-07-31 07:17:00+00:00
0.5873370170593262,0.5873370170593262,0.5873370170593262,0.5873370170593262,0,2026-07-31 07:19:00+00:00
0.5872679948806763,0.5872679948806763,0.5872679948806763,0.5872679948806763,0,2026-07-31 07:21:00+00:00
0.5873025059700012,0.5873025059700012,0.5873025059700012,0.5873025059700012,0,2026-07-31 07:23:00+00:00
0.587164580821991,0.587164580821991,0.587164580821991,0.587164580821991,0,2026-07-31 07:25:00+00:00
0.5873025059700012,0.5873025059700012,0.5873025059700012,0.5873025059700012,0,2026-07-31 07:27:00+00:00
0.5874060392379761,0.5874060392379761,0.5874060392379761,0.5874060392379761,0,2026-07-31 07:29:00+00:00
0.5869922637939453,0.5869922637939453,0.5869922637939453,0.5869922637939453,0,2026-07-31 07:31:00+00:00
0.5869922637939453,0.5869922637939453,0.5869922637939453,0.5869922637939453,0,2026-07-31 07:33:00+00:00
0.5870267152786255,0.5870267152786255,0.5870267152786255,0.5870267152786255,0,2026-07-31 07:35:00+00:00
0.5869578123092651,0.5869578123092651,0.5869578123092651,0.5869578123092651,0,2026-07-31 07:37:00+00:00
0.5872335433959961,0.5872335433959961,0.5872335433959961,0.5872335433959961,0,2026-07-31 07:39:00+00:00
0.5874060392379761,0.5874060392379761,0.5874060392379761,0.5874060392379761,0,2026-07-31 07:41:00+00:00
0.5875095129013062,0.5875095129013062,0.5875095129013062,0.5875095129013062,0,2026-07-31 07:43:00+00:00
0.5875785946846008,0.5875785946846008,0.5875785946846008,0.5875785946846008,0,2026-07-31 07:45:00+00:00
0.5877166986465454,0.5877166986465454,0.5877166986465454,0.5877166986465454,0,2026-07-31 07:47:00+00:00
0.587924063205719,0.587924063205719,0.587924063205719,0.587924063205719,0,2026-07-31 07:49:00+00:00
0.5876821875572205,0.5876821875572205,0.5876821875572205,0.5876821875572205,0,2026-07-31 07:51:00+00:00
0.5877166986465454,0.5877166986465454,0.5877166986465454,0.5877166986465454,0,2026-07-31 07:53:00+00:00
0.5876821875572205,0.5876821875572205,0.5876821875572205,0.5876821875572205,0,2026-07-31 07:55:00+00:00
0.5875095129013062,0.5875095129013062,0.5875095129013062,0.5875095129013062,0,2026-07-31 07:57:00+00:00
0.587440550327301,0.587440550327301,0.587440550327301,0.587440550327301,0,2026-07-31 07:59:00+00:00
0.5875095129013062,0.5875095129013062,0.5875095129013062,0.5875095129013062,0,2026-07-31 08:01:00+00:00
0.5876476764678955,0.5876476764678955,0.5876476764678955,0.5876476764678955,0,2026-07-31 08:03:00+00:00
0.5875440835952759,0.5875440835952759,0.5875440835952759,0.5875440835952759,0,2026-07-31 08:05:00+00:00
0.5873025059700012,0.5873025059700012,0.5873025059700012,0.5873025059700012,0,2026-07-31 08:07:00+00:00
0.5872335433959961,0.5872335433959961,0.5872335433959961,0.5872335433959961,0,2026-07-31 08:09:00+00:00
0.5871990919113159,0.5871990919113159,0.5871990919113159,0.5871990919113159,0,2026-07-31 08:11:00+00:00
0.5870267152786255,0.5870267152786255,0.5870267152786255,0.5870267152786255,0,2026-07-31 08:13:00+00:00
0.5872335433959961,0.5872335433959961,0.5872335433959961,0.5872335433959961,0,2026-07-31 08:15:00+00:00
0.5874750018119812,0.5874750018119812,0.5874750018119812,0.5874750018119812,0,2026-07-31 08:17:00+00:00
0.5876821875572205,0.5876821875572205,0.5876821875572205,0.5876821875572205,0,2026-07-31 08:19:00+00:00
0.5875785946846008,0.5875785946846008,0.5875785946846008,0.5875785946846008,0,2026-07-31 08:21:00+00:00
0.5876476764678955,0.5876476764678955,0.5876476764678955,0.5876476764678955,0,2026-07-31 08:23:00+00:00
0.5875440835952759,0.5875440835952759,0.5875440835952759,0.5875440835952759,0,2026-07-31 08:25:00+00:00
0.5876131057739258,0.5876131057739258,0.5876131057739258,0.5876131057739258,0,2026-07-31 08:27:00+00:00
0.5876131057739258,0.5876131057739258,0.5876131057739258,0.5876131057739258,0,2026-07-31 08:29:00+00:00
0.5873025059700012,0.5873025059700012,0.5873025059700012,0.5873025059700012,0,2026-07-31 08:31:00+00:00
0.5873025059700012,0.5873025059700012,0.5873025059700012,0.5873025059700012,0,2026-07-31 08:33:00+00:00
0.5872679948806763,0.5872679948806763,0.5872679948806763,0.5872679948806763,0,2026-07-31 08:35:00+00:00
0.5875095129013062,0.5875095129013062,0.5875095129013062,0.5875095129013062,0,2026-07-31 08:37:00+00:00
0.5875095129013062,0.5875095129013062,0.5875095129013062,0.5875095129013062,0,2026-07-31 08:39:00+00:00
0.5875440835952759,0.5875440835952759,0.5875440835952759,0.5875440835952759,0,2026-07-31 08:41:00+00:00
0.5877166986465454,0.5877166986465454,0.5877166986465454,0.5877166986465454,0,2026-07-31 08:43:00+00:00
0.5877166986465454,0.5877166986465454,0.5877166986465454,0.5877166986465454,0,2026-07-31 08:45:00+00:00
0.5878549218177795,0.5878549218177795,0.5878549218177795,0.5878549218177795,0,2026-07-31 08:47:00+00:00
0.5880277156829834,0.5880277156829834,0.5880277156829834,0.5880277156829834,0,2026-07-31 08:49:00+00:00
0.5880623459815979,0.5880623459815979,0.5880623459815979,0.5880623459815979,0,2026-07-31 08:51:00+00:00
0.5879586338996887,0.5879586338996887,0.5879586338996887,0.5879586338996887,0,2026-07-31 08:53:00+00:00
0.5879931449890137,0.5879931449890137,0.5879931449890137,0.5879931449890137,0,2026-07-31 08:55:00+00:00
0.5885815024375916,0.5885815024375916,0.5885815024375916,0.5885815024375916,0,2026-07-31 08:57:00+00:00
0.5888587832450867,0.5888587832450867,0.5888587832450867,0.5888587832450867,0,2026-07-31 08:59:00+00:00
0.5887200832366943,0.5887200832366943,0.5887200832366943,0.5887200832366943,0,2026-07-31 09:01:00+00:00
0.5889281630516052,0.5889281630516052,0.5889281630516052,0.5889281630516052,0,2026-07-31 09:03:00+00:00
0.588546872138977,0.588546872138977,0.588546872138977,0.588546872138977,0,2026-07-31 09:05:00+00:00
0.5887894630432129,0.5887894630432129,0.5887894630432129,0.5887894630432129,0,2026-07-31 09:07:00+00:00
0.588477611541748,0.588477611541748,0.588477611541748,0.588477611541748,0,2026-07-31 09:09:00+00:00
0.5883045196533203,0.5883045196533203,0.5883045196533203,0.5883045196533203,0,2026-07-31 09:11:00+00:00
0.5884429812431335,0.5884429812431335,0.5884429812431335,0.5884429812431335,0,2026-07-31 09:13:00+00:00
0.5882352590560913,0.5882352590560913,0.5882352590560913,0.5882352590560913,0,2026-07-31 09:15:00+00:00
0.5882352590560913,0.5882352590560913,0.5882352590560913,0.5882352590560913,0,2026-07-31 09:17:00+00:00
0.5883045196533203,0.5883045196533203,0.5883045196533203,0.5883045196533203,0,2026-07-31 09:19:00+00:00
0.5882698893547058,0.5882698893547058,0.5882698893547058,0.5882698893547058,0,2026-07-31 09:21:00+00:00
0.5879931449890137,0.5879931449890137,0.5879931449890137,0.5879931449890137,0,2026-07-31 09:23:00+00:00
0.5880277156829834,0.5880277156829834,0.5880277156829834,0.5880277156829834,0,2026-07-31 09:25:00+00:00
0.5879931449890137,0.5879931449890137,0.5879931449890137,0.5879931449890137,0,2026-07-31 09:27:00+00:00
0.5878549218177795,0.5878549218177795,0.5878549218177795,0.5878549218177795,0,2026-07-31 09:29:00+00:00
0.5877857804298401,0.5877857804298401,0.5877857804298401,0.5877857804298401,0,2026-07-31 09:31:00+00:00
0.5878549218177795,0.5878549218177795,0.5878549218177795,0.5878549218177795,0,2026-07-31 09:33:00+00:00
0.5876821875572205,0.5876821875572205,0.5876821875572205,0.5876821875572205,0,2026-07-31 09:35:00+00:00
0.5875440835952759,0.5875440835952759,0.5875440835952759,0.5875440835952759,0,2026-07-31 09:37:00+00:00
0.587440550327301,0.587440550327301,0.587440550327301,0.587440550327301,0,2026-07-31 09:39:00+00:00
0.5873370170593262,0.5873370170593262,0.5873370170593262,0.5873370170593262,0,2026-07-31 09:41:00+00:00
0.5874060392379761,0.5874060392379761,0.5874060392379761,0.5874060392379761,0,2026-07-31 09:43:00+00:00
0.587440550327301,0.587440550327301,0.587440550327301,0.587440550327301,0,2026-07-31 09:45:00+00:00
0.5875785946846008,0.5875785946846008,0.5875785946846008,0.5875785946846008,0,2026-07-31 09:47:00+00:00
0.5876821875572205,0.5876821875572205,0.5876821875572205,0.5876821875572205,0,2026-07-31 09:49:00+00:00
0.5876821875572205,0.5876821875572205,0.5876821875572205,0.5876821875572205,0,2026-07-31 09:51:00+00:00
0.5877857804298401,0.5877857804298401,0.5877857804298401,0.5877857804298401,0,2026-07-31 09:53:00+00:00
0.5878203511238098,0.5878203511238098,0.5878203511238098,0.5878203511238098,0,2026-07-31 09:55:00+00:00
0.5877857804298401,0.5877857804298401,0.5877857804298401,0.5877857804298401,0,2026-07-31 09:57:00+00:00
0.5877166986465454,0.5877166986465454,0.5877166986465454,0.5877166986465454,0,2026-07-31 09:59:00+00:00
0.5877512693405151,0.5877512693405151,0.5877512693405151,0.5877512693405151,0,2026-07-31 10:01:00+00:00
0.5878894925117493,0.5878894925117493,0.5878894925117493,0.5878894925117493,0,2026-07-31 10:03:00+00:00
0.5878203511238098,0.5878203511238098,0.5878203511238098,0.5878203511238098,0,2026-07-31 10:05:00+00:00
0.5876821875572205,0.5876821875572205,0.5876821875572205,0.5876821875572205,0,2026-07-31 10:07:00+00:00
0.5876476764678955,0.5876476764678955,0.5876476764678955,0.5876476764678955,0,2026-07-31 10:09:00+00:00
0.5876476764678955,0.5876476764678955,0.5876476764678955,0.5876476764678955,0,2026-07-31 10:11:00+00:00
0.5876821875572205,0.5876821875572205,0.5876821875572205,0.5876821875572205,0,2026-07-31 10:13:00+00:00
0.5876131057739258,0.5876131057739258,0.5876131057739258,0.5876131057739258,0,2026-07-31 10:15:00+00:00
0.5875785946846008,0.5875785946846008,0.5875785946846008,0.5875785946846008,0,2026-07-31 10:17:00+00:00
0.5876131057739258,0.5876131057739258,0.5876131057739258,0.5876131057739258,0,2026-07-31 10:19:00+00:00
0.5876131057739258,0.5876131057739258,0.5876131057739258,0.5876131057739258,0,2026-07-31 10:21:00+00:00
0.5876476764678955,0.5876476764678955,0.5876476764678955,0.5876476764678955,0,2026-07-31 10:23:00+00:00
0.5876131057739258,0.5876131057739258,0.5876131057739258,0.5876131057739258,0,2026-07-31 10:25:00+00:00
0.5876821875572205,0.5876821875572205,0.5876821875572205,0.5876821875572205,0,2026-07-31 10:27:00+00:00
0.5877512693405151,0.5877512693405151,0.5877512693405151,0.5877512693405151,0,2026-07-31 10:29:00+00:00
0.5877166986465454,0.5877166986465454,0.5877166986465454,0.5877166986465454,0,2026-07-31 10:31:00+00:00
0.5876821875572205,0.5876821875572205,0.5876821875572205,0.5876821875572205,0,2026-07-31 10:33:00+00:00
0.5878203511238098,0.5878203511238098,0.5878203511238098,0.5878203511238098,0,2026-07-31 10:35:00+00:00
0.5877166986465454,0.5877166986465454,0.5877166986465454,0.5877166986465454,0,2026-07-31 10:37:00+00:00
0.5876821875572205,0.5876821875572205,0.5876821875572205,0.5876821875572205,0,2026-07-31 10:39:00+00:00
0.5878203511238098,0.5878203511238098,0.5878203511238098,0.5878203511238098,0,2026-07-31 10:41:00+00:00
0.5877166986465454,0.5877166986465454,0.5877166986465454,0.5877166986465454,0,2026-07-31 10:43:00+00:00
0.5878549218177795,0.5878549218177795,0.5878549218177795,0.5878549218177795,0,2026-07-31 10:45:00+00:00
0.5877857804298401,0.5877857804298401,0.5877857804298401,0.5877857804298401,0,2026-07-31 10:47:00+00:00
0.5876476764678955,0.5876476764678955,0.5876476764678955,0.5876476764678955,0,2026-07-31 10:49:00+00:00
0.5876476764678955,0.5876476764678955,0.5876476764678955,0.5876476764678955,0,2026-07-31 10:51:00+00:00
0.5876131057739258,0.5876131057739258,0.5876131057739258,0.5876131057739258,0,2026-07-31 10:53:00+00:00
0.5875440835952759,0.5875440835952759,0.5875440835952759,0.5875440835952759,0,2026-07-31 10:55:00+00:00
0.5875440835952759,0.5875440835952759,0.5875440835952759,0.5875440835952759,0,2026-07-31 10:57:00+00:00
0.5874750018119812,0.5874750018119812,0.5874750018119812,0.5874750018119812,0,2026-07-31 10:59:00+00:00
0.587440550327301,0.587440550327301,0.587440550327301,0.587440550327301,0,2026-07-31 11:01:00+00:00
0.5873715281486511,0.5873715281486511,0.5873715281486511,0.5873715281486511,0,2026-07-31 11:03:00+00:00
0.5875095129013062,0.5875095129013062,0.5875095129013062,0.5875095129013062,0,2026-07-31 11:05:00+00:00
0.5875095129013062,0.5875095129013062,0.5875095129013062,0.5875095129013062,0,2026-07-31 11:07:00+00:00
0.5875785946846008,0.5875785946846008,0.5875785946846008,0.5875785946846008,0,2026-07-31 11:09:00+00:00
0.5874750018119812,0.5874750018119812,0.5874750018119812,0.5874750018119812,0,2026-07-31 11:11:00+00:00
0.5874060392379761,0.5874060392379761,0.5874060392379761,0.5874060392379761,0,2026-07-31 11:13:00+00:00
0.5873715281486511,0.5873715281486511,0.5873715281486511,0.5873715281486511,0,2026-07-31 11:15:00+00:00
0.5871301293373108,0.5871301293373108,0.5871301293373108,0.5871301293373108,0,2026-07-31 11:17:00+00:00
0.5871301293373108,0.5871301293373108,0.5871301293373108,0.5871301293373108,0,2026-07-31 11:19:00+00:00
0.5870956182479858,0.5870956182479858,0.5870956182479858,0.5870956182479858,0,2026-07-31 11:21:00+00:00
0.5869922637939453,0.5869922637939453,0.5869922637939453,0.5869922637939453,0,2026-07-31 11:23:00+00:00
0.5870611667633057,0.5870611667633057,0.5870611667633057,0.5870611667633057,0,2026-07-31 11:25:00+00:00
0.5871990919113159,0.5871990919113159,0.5871990919113159,0.5871990919113159,0,2026-07-31 11:27:00+00:00
0.586923360824585,0.586923360824585,0.586923360824585,0.586923360824585,0,2026-07-31 11:29:00+00:00
0.5867511630058289,0.5867511630058289,0.5867511630058289,0.5867511630058289,0,2026-07-31 11:31:00+00:00
0.5865102410316467,0.5865102410316467,0.5865102410316467,0.5865102410316467,0,2026-07-31 11:33:00+00:00
0.5865790843963623,0.5865790843963623,0.5865790843963623,0.5865790843963623,0,2026-07-31 11:35:00+00:00
0.5867167711257935,0.5867167711257935,0.5867167711257935,0.5867167711257935,0,2026-07-31 11:37:00+00:00
0.5864758491516113,0.5864758491516113,0.5864758491516113,0.5864758491516113,0,2026-07-31 11:39:00+00:00
0.5865102410316467,0.5865102410316467,0.5865102410316467,0.5865102410316467,0,2026-07-31 11:41:00+00:00
0.5865446329116821,0.5865446329116821,0.5865446329116821,0.5865446329116821,0,2026-07-31 11:43:00+00:00
0.5866479277610779,0.5866479277610779,0.5866479277610779,0.5866479277610779,0,2026-07-31 11:45:00+00:00
0.5865790843963623,0.5865790843963623,0.5865790843963623,0.5865790843963623,0,2026-07-31 11:47:00+00:00
0.5863726735115051,0.5863726735115051,0.5863726735115051,0.5863726735115051,0,2026-07-31 11:49:00+00:00
0.5865102410316467,0.5865102410316467,0.5865102410316467,0.5865102410316467,0,2026-07-31 11:51:00+00:00
0.5864415168762207,0.5864415168762207,0.5864415168762207,0.5864415168762207,0,2026-07-31 11:53:00+00:00
0.5864070653915405,0.5864070653915405,0.5864070653915405,0.5864070653915405,0,2026-07-31 11:55:00+00:00
0.5864415168762207,0.5864415168762207,0.5864415168762207,0.5864415168762207,0,2026-07-31 11:57:00+00:00
0.5863726735115051,0.5863726735115051,0.5863726735115051,0.5863726735115051,0,2026-07-31 11:59:00+00:00
0.5863039493560791,0.5863039493560791,0.5863039493560791,0.5863039493560791,0,2026-07-31 12:01:00+00:00
0.5863726735115051,0.5863726735115051,0.5863726735115051,0.5863726735115051,0,2026-07-31 12:03:00+00:00
0.5865102410316467,0.5865102410316467,0.5865102410316467,0.5865102410316467,0,2026-07-31 12:05:00+00:00
0.5866134762763977,0.5866134762763977,0.5866134762763977,0.5866134762763977,0,2026-07-31 12:07:00+00:00
0.5864758491516113,0.5864758491516113,0.5864758491516113,0.5864758491516113,0,2026-07-31 12:09:00+00:00
0.5864415168762207,0.5864415168762207,0.5864415168762207,0.5864415168762207,0,2026-07-31 12:11:00+00:00
0.5864070653915405,0.5864070653915405,0.5864070653915405,0.5864070653915405,0,2026-07-31 12:13:00+00:00
0.5864758491516113,0.5864758491516113,0.5864758491516113,0.5864758491516113,0,2026-07-31 12:15:00+00:00
0.5863383412361145,0.5863383412361145,0.5863383412361145,0.5863383412361145,0,2026-07-31 12:17:00+00:00
0.5862351655960083,0.5862351655960083,0.5862351655960083,0.5862351655960083,0,2026-07-31 12:19:00+00:00
0.5863383412361145,0.5863383412361145,0.5863383412361145,0.5863383412361145,0,2026-07-31 12:21:00+00:00
0.5862695574760437,0.5862695574760437,0.5862695574760437,0.5862695574760437,0,2026-07-31 12:23:00+00:00
0.5862695574760437,0.5862695574760437,0.5862695574760437,0.5862695574760437,0,2026-07-31 12:25:00+00:00
0.5863039493560791,0.5863039493560791,0.5863039493560791,0.5863039493560791,0,2026-07-31 12:27:00+00:00
0.586166501045227,0.586166501045227,0.586166501045227,0.586166501045227,0,2026-07-31 12:29:00+00:00
0.586029052734375,0.586029052734375,0.586029052734375,0.586029052734375,0,2026-07-31 12:31:00+00:00
0.586029052734375,0.586029052734375,0.586029052734375,0.586029052734375,0,2026-07-31 12:33:00+00:00
0.5859603881835938,0.5859603881835938,0.5859603881835938,0.5859603881835938,0,2026-07-31 12:35:00+00:00
0.5858230590820312,0.5858230590820312,0.5858230590820312,0.5858230590820312,0,2026-07-31 12:37:00+00:00
0.5859260559082031,0.5859260559082031,0.5859260559082031,0.5859260559082031,0,2026-07-31 12:39:00+00:00
0.5857887268066406,0.5857887268066406,0.5857887268066406,0.5857887268066406,0,2026-07-31 12:41:00+00:00
0.5857544541358948,0.5857544541358948,0.5857544541358948,0.5857544541358948,0,2026-07-31 12:43:00+00:00
0.5858917236328125,0.5858917236328125,0.5858917236328125,0.5858917236328125,0,2026-07-31 12:45:00+00:00
0.5858917236328125,0.5858917236328125,0.5858917236328125,0.5858917236328125,0,2026-07-31 12:47:00+00:00
0.586029052734375,0.586029052734375,0.586029052734375,0.586029052734375,0,2026-07-31 12:49:00+00:00
0.586097776889801,0.586097776889801,0.586097776889801,0.586097776889801,0,2026-07-31 12:51:00+00:00
0.5862695574760437,0.5862695574760437,0.5862695574760437,0.5862695574760437,0,2026-07-31 12:53:00+00:00
0.5862351655960083,0.5862351655960083,0.5862351655960083,0.5862351655960083,0,2026-07-31 12:55:00+00:00
0.586166501045227,0.586166501045227,0.586166501045227,0.586166501045227,0,2026-07-31 12:57:00+00:00
0.5860633850097656,0.5860633850097656,0.5860633850097656,0.5860633850097656,0,2026-07-31 12:59:00+00:00
0.5859947204589844,0.5859947204589844,0.5859947204589844,0.5859947204589844,0,2026-07-31 13:01:00+00:00
0.5860633850097656,0.5860633850097656,0.5860633850097656,0.5860633850097656,0,2026-07-31 13:03:00+00:00
0.5861321091651917,0.5861321091651917,0.5861321091651917,0.5861321091651917,0,2026-07-31 13:05:00+00:00
0.5861321091651917,0.5861321091651917,0.5861321091651917,0.5861321091651917,0,2026-07-31 13:07:00+00:00
0.5861321091651917,0.5861321091651917,0.5861321091651917,0.5861321091651917,0,2026-07-31 13:09:00+00:00
0.5862695574760437,0.5862695574760437,0.5862695574760437,0.5862695574760437,0,2026-07-31 13:11:00+00:00
0.5860633850097656,0.5860633850097656,0.5860633850097656,0.5860633850097656,0,2026-07-31 13:13:00+00:00
0.586166501045227,0.586166501045227,0.586166501045227,0.586166501045227,0,2026-07-31 13:15:00+00:00
0.5860633850097656,0.5860633850097656,0.5860633850097656,0.5860633850097656,0,2026-07-31 13:17:00+00:00
0.5863039493560791,0.5863039493560791,0.5863039493560791,0.5863039493560791,0,2026-07-31 13:19:00+00:00
0.5865102410316467,0.5865102410316467,0.5865102410316467,0.5865102410316467,0,2026-07-31 13:21:00+00:00
0.5867855548858643,0.5867855548858643,0.5867855548858643,0.5867855548858643,0,2026-07-31 13:23:00+00:00
0.5872679948806763,0.5872679948806763,0.5872679948806763,0.5872679948806763,0,2026-07-31 13:25:00+00:00
0.5873025059700012,0.5873025059700012,0.5873025059700012,0.5873025059700012,0,2026-07-31 13:27:00+00:00
0.5872679948806763,0.5872679948806763,0.5872679948806763,0.5872679948806763,0,2026-07-31 13:29:00+00:00
0.5870611667633057,0.5870611667633057,0.5870611667633057,0.5870611667633057,0,2026-07-31 13:31:00+00:00
0.5869922637939453,0.5869922637939453,0.5869922637939453,0.5869922637939453,0,2026-07-31 13:33:00+00:00
0.5869922637939453,0.5869922637939453,0.5869922637939453,0.5869922637939453,0,2026-07-31 13:35:00+00:00
0.5866134762763977,0.5866134762763977,0.5866134762763977,0.5866134762763977,0,2026-07-31 13:37:00+00:00
0.5864070653915405,0.5864070653915405,0.5864070653915405,0.5864070653915405,0,2026-07-31 13:39:00+00:00
0.5862351655960083,0.5862351655960083,0.5862351655960083,0.5862351655960083,0,2026-07-31 13:41:00+00:00
0.5859603881835938,0.5859603881835938,0.5859603881835938,0.5859603881835938,0,2026-07-31 13:43:00+00:00
0.5862695574760437,0.5862695574760437,0.5862695574760437,0.5862695574760437,0,2026-07-31 13:45:00+00:00
0.5862695574760437,0.5862695574760437,0.5862695574760437,0.5862695574760437,0,2026-07-31 13:47:00+00:00
0.5860633850097656,0.5860633850097656,0.5860633850097656,0.5860633850097656,0,2026-07-31 13:49:00+00:00
0.586166501045227,0.586166501045227,0.586166501045227,0.586166501045227,0,2026-07-31 13:51:00+00:00
0.5858917236328125,0.5858917236328125,0.5858917236328125,0.5858917236328125,0,2026-07-31 13:53:00+00:00
0.5859603881835938,0.5859603881835938,0.5859603881835938,0.5859603881835938,0,2026-07-31 13:55:00+00:00
0.586029052734375,0.586029052734375,0.586029052734375,0.586029052734375,0,2026-07-31 13:57:00+00:00
0.5856858491897583,0.5856858491897583,0.5856858491897583,0.5856858491897583,0,2026-07-31 13:59:00+00:00
0.5854800939559937,0.5854800939559937,0.5854800939559937,0.5854800939559937,0,2026-07-31 14:01:00+00:00
0.5858230590820312,0.5858230590820312,0.5858230590820312,0.5858230590820312,0,2026-07-31 14:03:00+00:00
0.5856172442436218,0.5856172442436218,0.5856172442436218,0.5856172442436218,0,2026-07-31 14:05:00+00:00
0.5853772759437561,0.5853772759437561,0.5853772759437561,0.5853772759437561,0,2026-07-31 14:07:00+00:00
0.5853772759437561,0.5853772759437561,0.5853772759437561,0.5853772759437561,0,2026-07-31 14:09:00+00:00
0.5851374864578247,0.5851374864578247,0.5851374864578247,0.5851374864578247,0,2026-07-31 14:11:00+00:00
0.585411548614502,0.585411548614502,0.585411548614502,0.585411548614502,0,2026-07-31 14:13:00+00:00
0.5856515169143677,0.5856515169143677,0.5856515169143677,0.5856515169143677,0,2026-07-31 14:15:00+00:00
0.5857544541358948,0.5857544541358948,0.5857544541358948,0.5857544541358948,0,2026-07-31 14:17:00+00:00
0.5856515169143677,0.5856515169143677,0.5856515169143677,0.5856515169143677,0,2026-07-31 14:19:00+00:00
0.5858573913574219,0.5858573913574219,0.5858573913574219,0.5858573913574219,0,2026-07-31 14:21:00+00:00
0.5860633850097656,0.5860633850097656,0.5860633850097656,0.5860633850097656,0,2026-07-31 14:23:00+00:00
0.5861321091651917,0.5861321091651917,0.5861321091651917,0.5861321091651917,0,2026-07-31 14:25:00+00:00
0.586097776889801,0.586097776889801,0.586097776889801,0.586097776889801,0,2026-07-31 14:27:00+00:00
0.5862008333206177,0.5862008333206177,0.5862008333206177,0.5862008333206177,0,2026-07-31 14:29:00+00:00
0.5864070653915405,0.5864070653915405,0.5864070653915405,0.5864070653915405,0,2026-07-31 14:31:00+00:00
0.5865790843963623,0.5865790843963623,0.5865790843963623,0.5865790843963623,0,2026-07-31 14:33:00+00:00
0.5867855548858643,0.5867855548858643,0.5867855548858643,0.5867855548858643,0,2026-07-31 14:35:00+00:00
0.5868889093399048,0.5868889093399048,0.5868889093399048,0.5868889093399048,0,2026-07-31 14:37:00+00:00
0.5869578123092651,0.5869578123092651,0.5869578123092651,0.5869578123092651,0,2026-07-31 14:39:00+00:00
0.5872335433959961,0.5872335433959961,0.5872335433959961,0.5872335433959961,0,2026-07-31 14:41:00+00:00
0.5870611667633057,0.5870611667633057,0.5870611667633057,0.5870611667633057,0,2026-07-31 14:43:00+00:00
0.5873715281486511,0.5873715281486511,0.5873715281486511,0.5873715281486511,0,2026-07-31 14:45:00+00:00
0.587440550327301,0.587440550327301,0.587440550327301,0.587440550327301,0,2026-07-31 14:47:00+00:00
0.5876476764678955,0.5876476764678955,0.5876476764678955,0.5876476764678955,0,2026-07-31 14:49:00+00:00
0.5876131057739258,0.5876131057739258,0.5876131057739258,0.5876131057739258,0,2026-07-31 14:51:00+00:00
0.5877166986465454,0.5877166986465454,0.5877166986465454,0.5877166986465454,0,2026-07-31 14:53:00+00:00
0.5875785946846008,0.5875785946846008,0.5875785946846008,0.5875785946846008,0,2026-07-31 14:55:00+00:00
0.5875440835952759,0.5875440835952759,0.5875440835952759,0.5875440835952759,0,2026-07-31 14:57:00+00:00
0.5877512693405151,0.5877512693405151,0.5877512693405151,0.5877512693405151,0,2026-07-31 14:59:00+00:00
0.5876476764678955,0.5876476764678955,0.5876476764678955,0.5876476764678955,0,2026-07-31 15:01:00+00:00
0.5874060392379761,0.5874060392379761,0.5874060392379761,0.5874060392379761,0,2026-07-31 15:03:00+00:00
0.5873370170593262,0.5873370170593262,0.5873370170593262,0.5873370170593262,0,2026-07-31 15:05:00+00:00
0.5875095129013062,0.5875095129013062,0.5875095129013062,0.5875095129013062,0,2026-07-31 15:07:00+00:00
0.5877166986465454,0.5877166986465454,0.5877166986465454,0.5877166986465454,0,2026-07-31 15:09:00+00:00
0.587440550327301,0.587440550327301,0.587440550327301,0.587440550327301,0,2026-07-31 15:11:00+00:00
0.5875440835952759,0.5875440835952759,0.5875440835952759,0.5875440835952759,0,2026-07-31 15:13:00+00:00
0.5877512693405151,0.5877512693405151,0.5877512693405151,0.5877512693405151,0,2026-07-31 15:15:00+00:00
0.5875785946846008,0.5875785946846008,0.5875785946846008,0.5875785946846008,0,2026-07-31 15:17:00+00:00
0.5875785946846008,0.5875785946846008,0.5875785946846008,0.5875785946846008,0,2026-07-31 15:19:00+00:00
0.5874060392379761,0.5874060392379761,0.5874060392379761,0.5874060392379761,0,2026-07-31 15:21:00+00:00
0.5875095129013062,0.5875095129013062,0.5875095129013062,0.5875095129013062,0,2026-07-31 15:23:00+00:00
0.587440550327301,0.587440550327301,0.587440550327301,0.587440550327301,0,2026-07-31 15:25:00+00:00
0.5876131057739258,0.5876131057739258,0.5876131057739258,0.5876131057739258,0,2026-07-31 15:27:00+00:00
0.587440550327301,0.587440550327301,0.587440550327301,0.587440550327301,0,2026-07-31 15:29:00+00:00
0.5873715281486511,0.5873715281486511,0.5873715281486511,0.5873715281486511,0,2026-07-31 15:31:00+00:00
0.5873715281486511,0.5873715281486511,0.5873715281486511,0.5873715281486511,0,2026-07-31 15:33:00+00:00
0.5873715281486511,0.5873715281486511,0.5873715281486511,0.5873715281486511,0,2026-07-31 15:35:00+00:00
0.5875785946846008,0.5875785946846008,0.5875785946846008,0.5875785946846008,0,2026-07-31 15:37:00+00:00
0.5878203511238098,0.5878203511238098,0.5878203511238098,0.5878203511238098,0,2026-07-31 15:39:00+00:00
0.5878894925117493,0.5878894925117493,0.5878894925117493,0.5878894925117493,0,2026-07-31 15:41:00+00:00
0.5877857804298401,0.5877857804298401,0.5877857804298401,0.5877857804298401,0,2026-07-31 15:43:00+00:00
0.5877857804298401,0.5877857804298401,0.5877857804298401,0.5877857804298401,0,2026-07-31 15:45:00+00:00
0.5878203511238098,0.5878203511238098,0.5878203511238098,0.5878203511238098,0,2026-07-31 15:47:00+00:00
0.5877857804298401,0.5877857804298401,0.5877857804298401,0.5877857804298401,0,2026-07-31 15:49:00+00:00
0.5878549218177795,0.5878549218177795,0.5878549218177795,0.5878549218177795,0,2026-07-31 15:51:00+00:00
0.5878549218177795,0.5878549218177795,0.5878549218177795,0.5878549218177795,0,2026-07-31 15:53:00+00:00
0.5878549218177795,0.5878549218177795,0.5878549218177795,0.5878549218177795,0,2026-07-31 15:55:00+00:00
0.5878203511238098,0.5878203511238098,0.5878203511238098,0.5878203511238098,0,2026-07-31 15:57:00+00:00
0.5878894925117493,0.5878894925117493,0.5878894925117493,0.5878894925117493,0,2026-07-31 15:59:00+00:00
0.5878203511238098,0.5878203511238098,0.5878203511238098,0.5878203511238098,0,2026-07-31 16:01:00+00:00
0.5878203511238098,0.5878203511238098,0.5878203511238098,0.5878203511238098,0,2026-07-31 16:03:00+00:00
0.5878894925117493,0.5878894925117493,0.5878894925117493,0.5878894925117493,0,2026-07-31 16:05:00+00:00
0.5877857804298401,0.5877857804298401,0.5877857804298401,0.5877857804298401,0,2026-07-31 16:07:00+00:00
0.5878203511238098,0.5878203511238098,0.5878203511238098,0.5878203511238098,0,2026-07-31 16:09:00+00:00
0.5878894925117493,0.5878894925117493,0.5878894925117493,0.5878894925117493,0,2026-07-31 16:11:00+00:00
0.5879586338996887,0.5879586338996887,0.5879586338996887,0.5879586338996887,0,2026-07-31 16:13:00+00:00
0.5879586338996887,0.5879586338996887,0.5879586338996887,0.5879586338996887,0,2026-07-31 16:15:00+00:00
0.5878894925117493,0.5878894925117493,0.5878894925117493,0.5878894925117493,0,2026-07-31 16:17:00+00:00
0.5879586338996887,0.5879586338996887,0.5879586338996887,0.5879586338996887,0,2026-07-31 16:19:00+00:00
0.5878549218177795,0.5878549218177795,0.5878549218177795,0.5878549218177795,0,2026-07-31 16:21:00+00:00
0.5877857804298401,0.5877857804298401,0.5877857804298401,0.5877857804298401,0,2026-07-31 16:23:00+00:00
0.5877166986465454,0.5877166986465454,0.5877166986465454,0.5877166986465454,0,2026-07-31 16:25:00+00:00
0.5878549218177795,0.5878549218177795,0.5878549218177795,0.5878549218177795,0,2026-07-31 16:27:00+00:00
0.5878894925117493,0.5878894925117493,0.5878894925117493,0.5878894925117493,0,2026-07-31 16:29:00+00:00
0.587924063205719,0.587924063205719,0.587924063205719,0.587924063205719,0,2026-07-31 16:31:00+00:00
0.5880277156829834,0.5880277156829834,0.5880277156829834,0.5880277156829834,0,2026-07-31 16:33:00+00:00
0.5880623459815979,0.5880623459815979,0.5880623459815979,0.5880623459815979,0,2026-07-31 16:35:00+00:00
0.5881314873695374,0.5881314873695374,0.5881314873695374,0.5881314873695374,0,2026-07-31 16:37:00+00:00
0.5881314873695374,0.5881314873695374,0.5881314873695374,0.5881314873695374,0,2026-07-31 16:39:00+00:00
0.5880623459815979,0.5880623459815979,0.5880623459815979,0.5880623459815979,0,2026-07-31 16:41:00+00:00
0.5880277156829834,0.5880277156829834,0.5880277156829834,0.5880277156829834,0,2026-07-31 16:43:00+00:00
0.5879931449890137,0.5879931449890137,0.5879931449890137,0.5879931449890137,0,2026-07-31 16:45:00+00:00
0.5880277156829834,0.5880277156829834,0.5880277156829834,0.5880277156829834,0,2026-07-31 16:47:00+00:00
0.5880277156829834,0.5880277156829834,0.5880277156829834,0.5880277156829834,0,2026-07-31 16:49:00+00:00
0.5880623459815979,0.5880623459815979,0.5880623459815979,0.5880623459815979,0,2026-07-31 16:51:00+00:00
0.5880623459815979,0.5880623459815979,0.5880623459815979,0.5880623459815979,0,2026-07-31 16:53:00+00:00
0.5879931449890137,0.5879931449890137,0.5879931449890137,0.5879931449890137,0,2026-07-31 16:55:00+00:00
0.5879931449890137,0.5879931449890137,0.5879931449890137,0.5879931449890137,0,2026-07-31 16:57:00+00:00
0.5880623459815979,0.5880623459815979,0.5880623459815979,0.5880623459815979,0,2026-07-31 16:59:00+00:00
0.5880277156829834,0.5880277156829834,0.5880277156829834,0.5880277156829834,0,2026-07-31 17:01:00+00:00
0.5882698893547058,0.5882698893547058,0.5882698893547058,0.5882698893547058,0,2026-07-31 17:03:00+00:00
0.5882006883621216,0.5882006883621216,0.5882006883621216,0.5882006883621216,0,2026-07-31 17:05:00+00:00
0.5881661176681519,0.5881661176681519,0.5881661176681519,0.5881661176681519,0,2026-07-31 17:07:00+00:00
0.5882352590560913,0.5882352590560913,0.5882352590560913,0.5882352590560913,0,2026-07-31 17:09:00+00:00
0.5883045196533203,0.5883045196533203,0.5883045196533203,0.5883045196533203,0,2026-07-31 17:11:00+00:00
0.5883737206459045,0.5883737206459045,0.5883737206459045,0.5883737206459045,0,2026-07-31 17:13:00+00:00
0.5883737206459045,0.5883737206459045,0.5883737206459045,0.5883737206459045,0,2026-07-31 17:15:00+00:00
0.588408350944519,0.588408350944519,0.588408350944519,0.588408350944519,0,2026-07-31 17:17:00+00:00
0.58833909034729,0.58833909034729,0.58833909034729,0.58833909034729,0,2026-07-31 17:19:00+00:00
0.58833909034729,0.58833909034729,0.58833909034729,0.58833909034729,0,2026-07-31 17:21:00+00:00
0.588408350944519,0.588408350944519,0.588408350944519,0.588408350944519,0,2026-07-31 17:23:00+00:00
0.588546872138977,0.588546872138977,0.588546872138977,0.588546872138977,0,2026-07-31 17:25:00+00:00
0.5887547731399536,0.5887547731399536,0.5887547731399536,0.5887547731399536,0,2026-07-31 17:27:00+00:00
0.5887894630432129,0.5887894630432129,0.5887894630432129,0.5887894630432129,0,2026-07-31 17:29:00+00:00
0.5889627933502197,0.5889627933502197,0.5889627933502197,0.5889627933502197,0,2026-07-31 17:31:00+00:00
0.5891016125679016,0.5891016125679016,0.5891016125679016,0.5891016125679016,0,2026-07-31 17:33:00+00:00
0.5890322327613831,0.5890322327613831,0.5890322327613831,0.5890322327613831,0,2026-07-31 17:35:00+00:00
0.5890322327613831,0.5890322327613831,0.5890322327613831,0.5890322327613831,0,2026-07-31 17:37:00+00:00
0.588997483253479,0.588997483253479,0.588997483253479,0.588997483253479,0,2026-07-31 17:39:00+00:00
0.5890669226646423,0.5890669226646423,0.5890669226646423,0.5890669226646423,0,2026-07-31 17:41:00+00:00
0.5891363620758057,0.5891363620758057,0.5891363620758057,0.5891363620758057,0,2026-07-31 17:43:00+00:00
0.5891710519790649,0.5891710519790649,0.5891710519790649,0.5891710519790649,0,2026-07-31 17:45:00+00:00
0.5889281630516052,0.5889281630516052,0.5889281630516052,0.5889281630516052,0,2026-07-31 17:47:00+00:00
0.588997483253479,0.588997483253479,0.588997483253479,0.588997483253479,0,2026-07-31 17:49:00+00:00
0.5891363620758057,0.5891363620758057,0.5891363620758057,0.5891363620758057,0,2026-07-31 17:51:00+00:00
0.5892751812934875,0.5892751812934875,0.5892751812934875,0.5892751812934875,0,2026-07-31 17:53:00+00:00
0.5892404317855835,0.5892404317855835,0.5892404317855835,0.5892404317855835,0,2026-07-31 17:55:00+00:00
0.5891363620758057,0.5891363620758057,0.5891363620758057,0.5891363620758057,0,2026-07-31 17:57:00+00:00
0.5889627933502197,0.5889627933502197,0.5889627933502197,0.5889627933502197,0,2026-07-31 17:59:00+00:00
0.5889627933502197,0.5889627933502197,0.5889627933502197,0.5889627933502197,0,2026-07-31 18:01:00+00:00
0.5890669226646423,0.5890669226646423,0.5890669226646423,0.5890669226646423,0,2026-07-31 18:03:00+00:00
0.5889281630516052,0.5889281630516052,0.5889281630516052,0.5889281630516052,0,2026-07-31 18:05:00+00:00
0.5889281630516052,0.5889281630516052,0.5889281630516052,0.5889281630516052,0,2026-07-31 18:07:00+00:00
0.5888587832450867,0.5888587832450867,0.5888587832450867,0.5888587832450867,0,2026-07-31 18:09:00+00:00
0.5888587832450867,0.5888587832450867,0.5888587832450867,0.5888587832450867,0,2026-07-31 18:11:00+00:00
0.5888587832450867,0.5888587832450867,0.5888587832450867,0.5888587832450867,0,2026-07-31 18:13:00+00:00
0.5887547731399536,0.5887547731399536,0.5887547731399536,0.5887547731399536,0,2026-07-31 18:15:00+00:00
0.5888587832450867,0.5888587832450867,0.5888587832450867,0.5888587832450867,0,2026-07-31 18:17:00+00:00
0.5889281630516052,0.5889281630516052,0.5889281630516052,0.5889281630516052,0,2026-07-31 18:19:00+00:00
0.588893473148346,0.588893473148346,0.588893473148346,0.588893473148346,0,2026-07-31 18:21:00+00:00
0.5889627933502197,0.5889627933502197,0.5889627933502197,0.5889627933502197,0,2026-07-31 18:23:00+00:00
0.588997483253479,0.588997483253479,0.588997483253479,0.588997483253479,0,2026-07-31 18:25:00+00:00
0.5890322327613831,0.5890322327613831,0.5890322327613831,0.5890322327613831,0,2026-07-31 18:27:00+00:00
0.5889627933502197,0.5889627933502197,0.5889627933502197,0.5889627933502197,0,2026-07-31 18:29:00+00:00
0.588893473148346,0.588893473148346,0.588893473148346,0.588893473148346,0,2026-07-31 18:31:00+00:00
0.5888587832450867,0.5888587832450867,0.5888587832450867,0.5888587832450867,0,2026-07-31 18:33:00+00:00
0.5888587832450867,0.5888587832450867,0.5888587832450867,0.5888587832450867,0,2026-07-31 18:35:00+00:00
0.5889627933502197,0.5889627933502197,0.5889627933502197,0.5889627933502197,0,2026-07-31 18:37:00+00:00
0.5889627933502197,0.5889627933502197,0.5889627933502197,0.5889627933502197,0,2026-07-31 18:39:00+00:00
0.5890322327613831,0.5890322327613831,0.5890322327613831,0.5890322327613831,0,2026-07-31 18:41:00+00:00
0.5890322327613831,0.5890322327613831,0.5890322327613831,0.5890322327613831,0,2026-07-31 18:43:00+00:00
0.5889281630516052,0.5889281630516052,0.5889281630516052,0.5889281630516052,0,2026-07-31 18:45:00+00:00
0.5887894630432129,0.5887894630432129,0.5887894630432129,0.5887894630432129,0,2026-07-31 18:47:00+00:00
0.5888587832450867,0.5888587832450867,0.5888587832450867,0.5888587832450867,0,2026-07-31 18:49:00+00:00
0.5888587832450867,0.5888587832450867,0.5888587832450867,0.5888587832450867,0,2026-07-31 18:51:00+00:00
0.5889281630516052,0.5889281630516052,0.5889281630516052,0.5889281630516052,0,2026-07-31 18:53:00+00:00
0.5890669226646423,0.5890669226646423,0.5890669226646423,0.5890669226646423,0,2026-07-31 18:55:00+00:00
0.5891710519790649,0.5891710519790649,0.5891710519790649,0.5891710519790649,0,2026-07-31 18:57:00+00:00
0.5891363620758057,0.5891363620758057,0.5891363620758057,0.5891363620758057,0,2026-07-31 18:59:00+00:00
0.5891710519790649,0.5891710519790649,0.5891710519790649,0.5891710519790649,0,2026-07-31 19:01:00+00:00
0.5891363620758057,0.5891363620758057,0.5891363620758057,0.5891363620758057,0,2026-07-31 19:03:00+00:00
0.5891710519790649,0.5891710519790649,0.5891710519790649,0.5891710519790649,0,2026-07-31 19:05:00+00:00
0.5892404317855835,0.5892404317855835,0.5892404317855835,0.5892404317855835,0,2026-07-31 19:07:00+00:00
0.5892404317855835,0.5892404317855835,0.5892404317855835,0.5892404317855835,0,2026-07-31 19:09:00+00:00
0.5892751812934875,0.5892751812934875,0.5892751812934875,0.5892751812934875,0,2026-07-31 19:11:00+00:00
0.5892751812934875,0.5892751812934875,0.5892751812934875,0.5892751812934875,0,2026-07-31 19:13:00+00:00
0.5892404317855835,0.5892404317855835,0.5892404317855835,0.5892404317855835,0,2026-07-31 19:15:00+00:00
0.5891710519790649,0.5891710519790649,0.5891710519790649,0.5891710519790649,0,2026-07-31 19:17:00+00:00
0.5892057418823242,0.5892057418823242,0.5892057418823242,0.5892057418823242,0,2026-07-31 19:19:00+00:00
0.5891710519790649,0.5891710519790649,0.5891710519790649,0.5891710519790649,0,2026-07-31 19:21:00+00:00
0.5891710519790649,0.5891710519790649,0.5891710519790649,0.5891710519790649,0,2026-07-31 19:23:00+00:00
0.5892404317855835,0.5892404317855835,0.5892404317855835,0.5892404317855835,0,2026-07-31 19:25:00+00:00
0.5892057418823242,0.5892057418823242,0.5892057418823242,0.5892057418823242,0,2026-07-31 19:27:00+00:00
0.5892751812934875,0.5892751812934875,0.5892751812934875,0.5892751812934875,0,2026-07-31 19:29:00+00:00
0.5891363620758057,0.5891363620758057,0.5891363620758057,0.5891363620758057,0,2026-07-31 19:31:00+00:00
0.5891016125679016,0.5891016125679016,0.5891016125679016,0.5891016125679016,0,2026-07-31 19:33:00+00:00
0.5891363620758057,0.5891363620758057,0.5891363620758057,0.5891363620758057,0,2026-07-31 19:35:00+00:00
0.5891363620758057,0.5891363620758057,0.5891363620758057,0.5891363620758057,0,2026-07-31 19:37:00+00:00
0.5890669226646423,0.5890669226646423,0.5890669226646423,0.5890669226646423,0,2026-07-31 19:39:00+00:00
0.5891710519790649,0.5891710519790649,0.5891710519790649,0.5891710519790649,0,2026-07-31 19:41:00+00:00
0.5892404317855835,0.5892404317855835,0.5892404317855835,0.5892404317855835,0,2026-07-31 19:43:00+00:00
0.589448869228363,0.589448869228363,0.589448869228363,0.589448869228363,0,2026-07-31 19:45:00+00:00
0.589414119720459,0.589414119720459,0.589414119720459,0.589414119720459,0,2026-07-31 19:47:00+00:00
0.589414119720459,0.589414119720459,0.589414119720459,0.589414119720459,0,2026-07-31 19:49:00+00:00
0.5893793702125549,0.5893793702125549,0.5893793702125549,0.5893793702125549,0,2026-07-31 19:51:00+00:00
0.5894836187362671,0.5894836187362671,0.5894836187362671,0.5894836187362671,0,2026-07-31 19:53:00+00:00
0.5894836187362671,0.5894836187362671,0.5894836187362671,0.5894836187362671,0,2026-07-31 19:55:00+00:00
0.5893446803092957,0.5893446803092957,0.5893446803092957,0.5893446803092957,0,2026-07-31 19:57:00+00:00
0.5892404317855835,0.5892404317855835,0.5892404317855835,0.5892404317855835,0,2026-07-31 19:59:00+00:00
0.5892057418823242,0.5892057418823242,0.5892057418823242,0.5892057418823242,0,2026-07-31 20:01:00+00:00
0.5891710519790649,0.5891710519790649,0.5891710519790649,0.5891710519790649,0,2026-07-31 20:03:00+00:00
0.5890322327613831,0.5890322327613831,0.5890322327613831,0.5890322327613831,0,2026-07-31 20:05:00+00:00
0.5890669226646423,0.5890669226646423,0.5890669226646423,0.5890669226646423,0,2026-07-31 20:07:00+00:00
0.5890669226646423,0.5890669226646423,0.5890669226646423,0.5890669226646423,0,2026-07-31 20:09:00+00:00
0.5890669226646423,0.5890669226646423,0.5890669226646423,0.5890669226646423,0,2026-07-31 20:11:00+00:00
0.5890322327613831,0.5890322327613831,0.5890322327613831,0.5890322327613831,0,2026-07-31 20:13:00+00:00
0.5892404317855835,0.5892404317855835,0.5892404317855835,0.5892404317855835,0,2026-07-31 20:15:00+00:00
0.5893099308013916,0.5893099308013916,0.5893099308013916,0.5893099308013916,0,2026-07-31 20:17:00+00:00
0.589414119720459,0.589414119720459,0.589414119720459,0.589414119720459,0,2026-07-31 20:19:00+00:00
0.5894836187362671,0.5894836187362671,0.5894836187362671,0.5894836187362671,0,2026-07-31 20:21:00+00:00
0.589414119720459,0.589414119720459,0.589414119720459,0.589414119720459,0,2026-07-31 20:23:00+00:00
0.5893446803092957,0.5893446803092957,0.5893446803092957,0.5893446803092957,0,2026-07-31 20:25:00+00:00
0.5893446803092957,0.5893446803092957,0.5893446803092957,0.5893446803092957,0,2026-07-31 20:27:00+00:00
0.5892404317855835,0.5892404317855835,0.5892404317855835,0.5892404317855835,0,2026-07-31 20:29:00+00:00
0.589448869228363,0.589448869228363,0.589448869228363,0.589448869228363,0,2026-07-31 20:31:00+00:00
0.5893446803092957,0.5893446803092957,0.5893446803092957,0.5893446803092957,0,2026-07-31 20:33:00+00:00
0.5893793702125549,0.5893793702125549,0.5893793702125549,0.5893793702125549,0,2026-07-31 20:35:00+00:00
0.5893793702125549,0.5893793702125549,0.5893793702125549,0.5893793702125549,0,2026-07-31 20:37:00+00:00
0.589448869228363,0.589448869228363,0.589448869228363,0.589448869228363,0,2026-07-31 20:39:00+00:00
0.5895183682441711,0.5895183682441711,0.5895183682441711,0.5895183682441711,0,2026-07-31 20:41:00+00:00
0.589414119720459,0.589414119720459,0.589414119720459,0.589414119720459,0,2026-07-31 20:43:00+00:00
0.5894836187362671,0.5894836187362671,0.5894836187362671,0.5894836187362671,0,2026-07-31 20:45:00+00:00
0.5895531177520752,0.5895531177520752,0.5895531177520752,0.5895531177520752,0,2026-07-31 20:47:00+00:00
0.5896226763725281,0.5896226763725281,0.5896226763725281,0.5896226763725281,0,2026-07-31 20:49:00+00:00
0.5897269248962402,0.5897269248962402,0.5897269248962402,0.5897269248962402,0,2026-07-31 20:51:00+00:00
0.5893446803092957,0.5893446803092957,0.5893446803092957,0.5893446803092957,0,2026-07-31 20:53:00+00:00
0.589448869228363,0.589448869228363,0.589448869228363,0.589448869228363,0,2026-07-31 20:55:00+00:00
0.5892751812934875,0.5892751812934875,0.5892751812934875,0.5892751812934875,0,2026-07-31 20:57:00+00:00
0.5887200832366943,0.5887200832366943,0.5887200832366943,0.5887200832366943,0,2026-07-31 20:59:00+00:00
0.5877166986465454,0.5877166986465454,0.5877166986465454,0.5877166986465454,0,2026-07-31 21:01:00+00:00
0.5877166986465454,0.5877166986465454,0.5877166986465454,0.5877166986465454,0,2026-07-31 21:03:00+00:00
0.5877166986465454,0.5877166986465454,0.5877166986465454,0.5877166986465454,0,2026-07-31 21:05:00+00:00
0.5877166986465454,0.5877166986465454,0.5877166986465454,0.5877166986465454,0,2026-07-31 21:07:00+00:00
0.5877166986465454,0.5877166986465454,0.5877166986465454,0.5877166986465454,0,2026-07-31 21:09:00+00:00
0.5877166986465454,0.5877166986465454,0.5877166986465454,0.5877166986465454,0,2026-07-31 21:11:00+00:00
0.5877166986465454,0.5877166986465454,0.5877166986465454,0.5877166986465454,0,2026-07-31 21:13:00+00:00
0.5877166986465454,0.5877166986465454,0.5877166986465454,0.5877166986465454,0,2026-07-31 21:15:00+00:00
0.5877166986465454,0.5877166986465454,0.5877166986465454,0.5877166986465454,0,2026-07-31 21:17:00+00:00
0.5877166986465454,0.5877166986465454,0.5877166986465454,0.5877166986465454,0,2026-07-31 21:19:00+00:00
0.5877166986465454,0.5877166986465454,0.5877166986465454,0.5877166986465454,0,2026-07-31 21:21:00+00:00
0.5877166986465454,0.5877166986465454,0.5877166986465454,0.5877166986465454,0,2026-07-31 21:23:00+00:00
0.5877166986465454,0.5877166986465454,0.5877166986465454,0.5877166986465454,0,2026-07-31 21:25:00+00:00
0.5877166986465454,0.5877166986465454,0.5877166986465454,0.5877166986465454,0,2026-07-31 21:27:00+00:00
0.5877166986465454,0.5877166986465454,0.5877166986465454,0.5877166986465454,0,2026-07-31 21:29:00+00:00
0.5900052785873413,0.5900052785873413,0.5900052785873413,0.5900052785873413,0,2026-08-02 23:01:00+00:00
0.5898661017417908,0.5898661017417908,0.5898661017417908,0.5898661017417908,0,2026-08-02 23:03:00+00:00
0.5897617340087891,0.5897617340087891,0.5897617340087891,0.5897617340087891,0,2026-08-02 23:05:00+00:00
0.5897965431213379,0.5897965431213379,0.5897965431213379,0.5897965431213379,0,2026-08-02 23:07:00+00:00
0.5897269248962402,0.5897269248962402,0.5897269248962402,0.5897269248962402,0,2026-08-02 23:09:00+00:00
0.5897965431213379,0.5897965431213379,0.5897965431213379,0.5897965431213379,0,2026-08-02 23:11:00+00:00
0.5898661017417908,0.5898661017417908,0.5898661017417908,0.5898661017417908,0,2026-08-02 23:13:00+00:00
0.5898661017417908,0.5898661017417908,0.5898661017417908,0.5898661017417908,0,2026-08-02 23:15:00+00:00
0.5898312926292419,0.5898312926292419,0.5898312926292419,0.5898312926292419,0,2026-08-02 23:17:00+00:00
0.5897617340087891,0.5897617340087891,0.5897617340087891,0.5897617340087891,0,2026-08-02 23:19:00+00:00
0.5897617340087891,0.5897617340087891,0.5897617340087891,0.5897617340087891,0,2026-08-02 23:21:00+00:00
0.5897617340087891,0.5897617340087891,0.5897617340087891,0.5897617340087891,0,2026-08-02 23:23:00+00:00
0.5898312926292419,0.5898312926292419,0.5898312926292419,0.5898312926292419,0,2026-08-02 23:25:00+00:00
0.5898661017417908,0.5898661017417908,0.5898661017417908,0.5898661017417908,0,2026-08-02 23:27:00+00:00
0.5899357199668884,0.5899357199668884,0.5899357199668884,0.5899357199668884,0,2026-08-02 23:29:00+00:00
0.5900052785873413,0.5900052785873413,0.5900052785873413,0.5900052785873413,0,2026-08-02 23:31:00+00:00
0.5898661017417908,0.5898661017417908,0.5898661017417908,0.5898661017417908,0,2026-08-02 23:33:00+00:00
0.5899357199668884,0.5899357199668884,0.5899357199668884,0.5899357199668884,0,2026-08-02 23:35:00+00:00
0.5900052785873413,0.5900052785873413,0.5900052785873413,0.5900052785873413,0,2026-08-02 23:37:00+00:00
0.5898661017417908,0.5898661017417908,0.5898661017417908,0.5898661017417908,0,2026-08-02 23:39:00+00:00
0.5898661017417908,0.5898661017417908,0.5898661017417908,0.5898661017417908,0,2026-08-02 23:41:00+00:00
0.5899009108543396,0.5899009108543396,0.5899009108543396,0.5899009108543396,0,2026-08-02 23:43:00+00:00
0.5899357199668884,0.5899357199668884,0.5899357199668884,0.5899357199668884,0,2026-08-02 23:45:00+00:00
0.5899009108543396,0.5899009108543396,0.5899009108543396,0.5899009108543396,0,2026-08-02 23:47:00+00:00
0.5900400876998901,0.5900400876998901,0.5900400876998901,0.5900400876998901,0,2026-08-02 23:49:00+00:00
0.5901097655296326,0.5901097655296326,0.5901097655296326,0.5901097655296326,0,2026-08-02 23:51:00+00:00
0.5900052785873413,0.5900052785873413,0.5900052785873413,0.5900052785873413,0,2026-08-02 23:53:00+00:00
0.5900400876998901,0.5900400876998901,0.5900400876998901,0.5900400876998901,0,2026-08-02 23:55:00+00:00
0.5899357199668884,0.5899357199668884,0.5899357199668884,0.5899357199668884,0,2026-08-02 23:57:00+00:00
0.5899009108543396,0.5899009108543396,0.5899009108543396,0.5899009108543396,0,2026-08-02 23:59:00+00:00
0.5898661017417908,0.5898661017417908,0.5898661017417908,0.5898661017417908,0,2026-08-03 00:01:00+00:00
0.5898312926292419,0.5898312926292419,0.5898312926292419,0.5898312926292419,0,2026-08-03 00:03:00+00:00
0.5900400876998901,0.5900400876998901,0.5900400876998901,0.5900400876998901,0,2026-08-03 00:05:00+00:00
0.5899009108543396,0.5899009108543396,0.5899009108543396,0.5899009108543396,0,2026-08-03 00:07:00+00:00
0.5899009108543396,0.5899009108543396,0.5899009108543396,0.5899009108543396,0,2026-08-03 00:09:00+00:00
0.5899357199668884,0.5899357199668884,0.5899357199668884,0.5899357199668884,0,2026-08-03 00:11:00+00:00
0.5897617340087891,0.5897617340087891,0.5897617340087891,0.5897617340087891,0,2026-08-03 00:13:00+00:00
0.5899357199668884,0.5899357199668884,0.5899357199668884,0.5899357199668884,0,2026-08-03 00:15:00+00:00
0.5897965431213379,0.5897965431213379,0.5897965431213379,0.5897965431213379,0,2026-08-03 00:17:00+00:00
0.5898661017417908,0.5898661017417908,0.5898661017417908,0.5898661017417908,0,2026-08-03 00:19:00+00:00
0.5896921753883362,0.5896921753883362,0.5896921753883362,0.5896921753883362,0,2026-08-03 00:21:00+00:00
0.5897965431213379,0.5897965431213379,0.5897965431213379,0.5897965431213379,0,2026-08-03 00:23:00+00:00
0.5899357199668884,0.5899357199668884,0.5899357199668884,0.5899357199668884,0,2026-08-03 00:25:00+00:00
0.5900400876998901,0.5900400876998901,0.5900400876998901,0.5900400876998901,0,2026-08-03 00:27:00+00:00
0.5904930233955383,0.5904930233955383,0.5904930233955383,0.5904930233955383,0,2026-08-03 00:29:00+00:00
0.5905628204345703,0.5905628204345703,0.5905628204345703,0.5905628204345703,0,2026-08-03 00:31:00+00:00
0.5905279517173767,0.5905279517173767,0.5905279517173767,0.5905279517173767,0,2026-08-03 00:33:00+00:00
0.5907023549079895,0.5907023549079895,0.5907023549079895,0.5907023549079895,0,2026-08-03 00:35:00+00:00
0.5905628204345703,0.5905628204345703,0.5905628204345703,0.5905628204345703,0,2026-08-03 00:37:00+00:00
0.5906674861907959,0.5906674861907959,0.5906674861907959,0.5906674861907959,0,2026-08-03 00:39:00+00:00
0.5908070206642151,0.5908070206642151,0.5908070206642151,0.5908070206642151,0,2026-08-03 00:41:00+00:00
0.5908070206642151,0.5908070206642151,0.5908070206642151,0.5908070206642151,0,2026-08-03 00:43:00+00:00
0.5907721519470215,0.5907721519470215,0.5907721519470215,0.5907721519470215,0,2026-08-03 00:45:00+00:00
0.5905279517173767,0.5905279517173767,0.5905279517173767,0.5905279517173767,0,2026-08-03 00:47:00+00:00
0.5903187990188599,0.5903187990188599,0.5903187990188599,0.5903187990188599,0,2026-08-03 00:49:00+00:00
0.5903187990188599,0.5903187990188599,0.5903187990188599,0.5903187990188599,0,2026-08-03 00:51:00+00:00
0.5903536081314087,0.5903536081314087,0.5903536081314087,0.5903536081314087,0,2026-08-03 00:53:00+00:00
0.5899009108543396,0.5899009108543396,0.5899009108543396,0.5899009108543396,0,2026-08-03 00:55:00+00:00
0.5899009108543396,0.5899009108543396,0.5899009108543396,0.5899009108543396,0,2026-08-03 00:57:00+00:00
0.5899704694747925,0.5899704694747925,0.5899704694747925,0.5899704694747925,0,2026-08-03 00:59:00+00:00
0.5900749564170837,0.5900749564170837,0.5900749564170837,0.5900749564170837,0,2026-08-03 01:01:00+00:00
0.5900400876998901,0.5900400876998901,0.5900400876998901,0.5900400876998901,0,2026-08-03 01:03:00+00:00
0.5899357199668884,0.5899357199668884,0.5899357199668884,0.5899357199668884,0,2026-08-03 01:05:00+00:00
0.5897617340087891,0.5897617340087891,0.5897617340087891,0.5897617340087891,0,2026-08-03 01:07:00+00:00
0.5897617340087891,0.5897617340087891,0.5897617340087891,0.5897617340087891,0,2026-08-03 01:09:00+00:00
0.5896921753883362,0.5896921753883362,0.5896921753883362,0.5896921753883362,0,2026-08-03 01:11:00+00:00
0.5895878672599792,0.5895878672599792,0.5895878672599792,0.5895878672599792,0,2026-08-03 01:13:00+00:00
0.5895183682441711,0.5895183682441711,0.5895183682441711,0.5895183682441711,0,2026-08-03 01:15:00+00:00
0.5893793702125549,0.5893793702125549,0.5893793702125549,0.5893793702125549,0,2026-08-03 01:17:00+00:00
0.5893099308013916,0.5893099308013916,0.5893099308013916,0.5893099308013916,0,2026-08-03 01:19:00+00:00
0.5891710519790649,0.5891710519790649,0.5891710519790649,0.5891710519790649,0,2026-08-03 01:21:00+00:00
0.5894836187362671,0.5894836187362671,0.5894836187362671,0.5894836187362671,0,2026-08-03 01:23:00+00:00
0.5895531177520752,0.5895531177520752,0.5895531177520752,0.5895531177520752,0,2026-08-03 01:25:00+00:00
0.589448869228363,0.589448869228363,0.589448869228363,0.589448869228363,0,2026-08-03 01:27:00+00:00
0.5893793702125549,0.5893793702125549,0.5893793702125549,0.5893793702125549,0,2026-08-03 01:29:00+00:00
0.5892751812934875,0.5892751812934875,0.5892751812934875,0.5892751812934875,0,2026-08-03 01:31:00+00:00
0.5890669226646423,0.5890669226646423,0.5890669226646423,0.5890669226646423,0,2026-08-03 01:33:00+00:00
0.5891363620758057,0.5891363620758057,0.5891363620758057,0.5891363620758057,0,2026-08-03 01:35:00+00:00
0.5891710519790649,0.5891710519790649,0.5891710519790649,0.5891710519790649,0,2026-08-03 01:37:00+00:00
0.5891710519790649,0.5891710519790649,0.5891710519790649,0.5891710519790649,0,2026-08-03 01:39:00+00:00
0.5893446803092957,0.5893446803092957,0.5893446803092957,0.5893446803092957,0,2026-08-03 01:41:00+00:00
0.5892751812934875,0.5892751812934875,0.5892751812934875,0.5892751812934875,0,2026-08-03 01:43:00+00:00
0.5893446803092957,0.5893446803092957,0.5893446803092957,0.5893446803092957,0,2026-08-03 01:45:00+00:00
0.5893793702125549,0.5893793702125549,0.5893793702125549,0.5893793702125549,0,2026-08-03 01:47:00+00:00
0.5893446803092957,0.5893446803092957,0.5893446803092957,0.5893446803092957,0,2026-08-03 01:49:00+00:00
0.589414119720459,0.589414119720459,0.589414119720459,0.589414119720459,0,2026-08-03 01:51:00+00:00
0.5893099308013916,0.5893099308013916,0.5893099308013916,0.5893099308013916,0,2026-08-03 01:53:00+00:00
0.5893793702125549,0.5893793702125549,0.5893793702125549,0.5893793702125549,0,2026-08-03 01:55:00+00:00
0.5893793702125549,0.5893793702125549,0.5893793702125549,0.5893793702125549,0,2026-08-03 01:57:00+00:00
0.5893793702125549,0.5893793702125549,0.5893793702125549,0.5893793702125549,0,2026-08-03 01:59:00+00:00
0.5893793702125549,0.5893793702125549,0.5893793702125549,0.5893793702125549,0,2026-08-03 02:01:00+00:00
0.5895183682441711,0.5895183682441711,0.5895183682441711,0.5895183682441711,0,2026-08-03 02:03:00+00:00
0.589448869228363,0.589448869228363,0.589448869228363,0.589448869228363,0,2026-08-03 02:05:00+00:00
0.5893446803092957,0.5893446803092957,0.5893446803092957,0.5893446803092957,0,2026-08-03 02:07:00+00:00
0.5892404317855835,0.5892404317855835,0.5892404317855835,0.5892404317855835,0,2026-08-03 02:09:00+00:00
0.5891710519790649,0.5891710519790649,0.5891710519790649,0.5891710519790649,0,2026-08-03 02:11:00+00:00
0.5891016125679016,0.5891016125679016,0.5891016125679016,0.5891016125679016,0,2026-08-03 02:13:00+00:00
0.5889281630516052,0.5889281630516052,0.5889281630516052,0.5889281630516052,0,2026-08-03 02:15:00+00:00
0.588997483253479,0.588997483253479,0.588997483253479,0.588997483253479,0,2026-08-03 02:17:00+00:00
0.5891710519790649,0.5891710519790649,0.5891710519790649,0.5891710519790649,0,2026-08-03 02:19:00+00:00
0.5892057418823242,0.5892057418823242,0.5892057418823242,0.5892057418823242,0,2026-08-03 02:21:00+00:00
0.5890669226646423,0.5890669226646423,0.5890669226646423,0.5890669226646423,0,2026-08-03 02:23:00+00:00
0.5891363620758057,0.5891363620758057,0.5891363620758057,0.5891363620758057,0,2026-08-03 02:25:00+00:00
0.5890669226646423,0.5890669226646423,0.5890669226646423,0.5890669226646423,0,2026-08-03 02:27:00+00:00
0.5890669226646423,0.5890669226646423,0.5890669226646423,0.5890669226646423,0,2026-08-03 02:29:00+00:00
0.5890669226646423,0.5890669226646423,0.5890669226646423,0.5890669226646423,0,2026-08-03 02:31:00+00:00
0.5891363620758057,0.5891363620758057,0.5891363620758057,0.5891363620758057,0,2026-08-03 02:33:00+00:00
0.5893099308013916,0.5893099308013916,0.5893099308013916,0.5893099308013916,0,2026-08-03 02:35:00+00:00
0.5893793702125549,0.5893793702125549,0.5893793702125549,0.5893793702125549,0,2026-08-03 02:37:00+00:00
0.5893793702125549,0.5893793702125549,0.5893793702125549,0.5893793702125549,0,2026-08-03 02:39:00+00:00
0.5892057418823242,0.5892057418823242,0.5892057418823242,0.5892057418823242,0,2026-08-03 02:41:00+00:00
0.5892057418823242,0.5892057418823242,0.5892057418823242,0.5892057418823242,0,2026-08-03 02:43:00+00:00
0.5891016125679016,0.5891016125679016,0.5891016125679016,0.5891016125679016,0,2026-08-03 02:45:00+00:00
0.5891016125679016,0.5891016125679016,0.5891016125679016,0.5891016125679016,0,2026-08-03 02:47:00+00:00
0.5891363620758057,0.5891363620758057,0.5891363620758057,0.5891363620758057,0,2026-08-03 02:49:00+00:00
0.5890669226646423,0.5890669226646423,0.5890669226646423,0.5890669226646423,0,2026-08-03 02:51:00+00:00
0.5891363620758057,0.5891363620758057,0.5891363620758057,0.5891363620758057,0,2026-08-03 02:53:00+00:00
0.5890669226646423,0.5890669226646423,0.5890669226646423,0.5890669226646423,0,2026-08-03 02:55:00+00:00
0.5890322327613831,0.5890322327613831,0.5890322327613831,0.5890322327613831,0,2026-08-03 02:57:00+00:00
0.5890322327613831,0.5890322327613831,0.5890322327613831,0.5890322327613831,0,2026-08-03 02:59:00+00:00
0.5889281630516052,0.5889281630516052,0.5889281630516052,0.5889281630516052,0,2026-08-03 03:01:00+00:00
0.5889281630516052,0.5889281630516052,0.5889281630516052,0.5889281630516052,0,2026-08-03 03:03:00+00:00
0.588997483253479,0.588997483253479,0.588997483253479,0.588997483253479,0,2026-08-03 03:05:00+00:00
0.588997483253479,0.588997483253479,0.588997483253479,0.588997483253479,0,2026-08-03 03:07:00+00:00
0.588893473148346,0.588893473148346,0.588893473148346,0.588893473148346,0,2026-08-03 03:09:00+00:00
0.5887894630432129,0.5887894630432129,0.5887894630432129,0.5887894630432129,0,2026-08-03 03:11:00+00:00
0.5888240933418274,0.5888240933418274,0.5888240933418274,0.5888240933418274,0,2026-08-03 03:13:00+00:00
0.5887894630432129,0.5887894630432129,0.5887894630432129,0.5887894630432129,0,2026-08-03 03:15:00+00:00
0.5887547731399536,0.5887547731399536,0.5887547731399536,0.5887547731399536,0,2026-08-03 03:17:00+00:00
0.5888587832450867,0.5888587832450867,0.5888587832450867,0.5888587832450867,0,2026-08-03 03:19:00+00:00
0.5887547731399536,0.5887547731399536,0.5887547731399536,0.5887547731399536,0,2026-08-03 03:21:00+00:00
0.5887200832366943,0.5887200832366943,0.5887200832366943,0.5887200832366943,0,2026-08-03 03:23:00+00:00
0.5887200832366943,0.5887200832366943,0.5887200832366943,0.5887200832366943,0,2026-08-03 03:25:00+00:00
0.5887200832366943,0.5887200832366943,0.5887200832366943,0.5887200832366943,0,2026-08-03 03:27:00+00:00
0.5886508226394653,0.5886508226394653,0.5886508226394653,0.5886508226394653,0,2026-08-03 03:29:00+00:00
0.588546872138977,0.588546872138977,0.588546872138977,0.588546872138977,0,2026-08-03 03:31:00+00:00
0.588477611541748,0.588477611541748,0.588477611541748,0.588477611541748,0,2026-08-03 03:33:00+00:00
0.588408350944519,0.588408350944519,0.588408350944519,0.588408350944519,0,2026-08-03 03:35:00+00:00
0.5882352590560913,0.5882352590560913,0.5882352590560913,0.5882352590560913,0,2026-08-03 03:37:00+00:00
0.5882006883621216,0.5882006883621216,0.5882006883621216,0.5882006883621216,0,2026-08-03 03:39:00+00:00
0.5881314873695374,0.5881314873695374,0.5881314873695374,0.5881314873695374,0,2026-08-03 03:41:00+00:00
0.5880969166755676,0.5880969166755676,0.5880969166755676,0.5880969166755676,0,2026-08-03 03:43:00+00:00
0.5881661176681519,0.5881661176681519,0.5881661176681519,0.5881661176681519,0,2026-08-03 03:45:00+00:00
0.5882006883621216,0.5882006883621216,0.5882006883621216,0.5882006883621216,0,2026-08-03 03:47:00+00:00
0.5880623459815979,0.5880623459815979,0.5880623459815979,0.5880623459815979,0,2026-08-03 03:49:00+00:00
0.5880969166755676,0.5880969166755676,0.5880969166755676,0.5880969166755676,0,2026-08-03 03:51:00+00:00
0.5881314873695374,0.5881314873695374,0.5881314873695374,0.5881314873695374,0,2026-08-03 03:53:00+00:00
0.5880969166755676,0.5880969166755676,0.5880969166755676,0.5880969166755676,0,2026-08-03 03:55:00+00:00
0.5880623459815979,0.5880623459815979,0.5880623459815979,0.5880623459815979,0,2026-08-03 03:57:00+00:00
0.5881314873695374,0.5881314873695374,0.5881314873695374,0.5881314873695374,0,2026-08-03 03:59:00+00:00
0.5880623459815979,0.5880623459815979,0.5880623459815979,0.5880623459815979,0,2026-08-03 04:01:00+00:00
0.5881314873695374,0.5881314873695374,0.5881314873695374,0.5881314873695374,0,2026-08-03 04:03:00+00:00
0.5880969166755676,0.5880969166755676,0.5880969166755676,0.5880969166755676,0,2026-08-03 04:05:00+00:00
0.5880277156829834,0.5880277156829834,0.5880277156829834,0.5880277156829834,0,2026-08-03 04:07:00+00:00
0.5879586338996887,0.5879586338996887,0.5879586338996887,0.5879586338996887,0,2026-08-03 04:09:00+00:00
0.5880623459815979,0.5880623459815979,0.5880623459815979,0.5880623459815979,0,2026-08-03 04:11:00+00:00
0.5882006883621216,0.5882006883621216,0.5882006883621216,0.5882006883621216,0,2026-08-03 04:13:00+00:00
0.5881661176681519,0.5881661176681519,0.5881661176681519,0.5881661176681519,0,2026-08-03 04:15:00+00:00
0.5881314873695374,0.5881314873695374,0.5881314873695374,0.5881314873695374,0,2026-08-03 04:17:00+00:00
0.5882006883621216,0.5882006883621216,0.5882006883621216,0.5882006883621216,0,2026-08-03 04:19:00+00:00
0.5882006883621216,0.5882006883621216,0.5882006883621216,0.5882006883621216,0,2026-08-03 04:21:00+00:00
0.5881661176681519,0.5881661176681519,0.5881661176681519,0.5881661176681519,0,2026-08-03 04:23:00+00:00
0.5881661176681519,0.5881661176681519,0.5881661176681519,0.5881661176681519,0,2026-08-03 04:25:00+00:00
0.5882006883621216,0.5882006883621216,0.5882006883621216,0.5882006883621216,0,2026-08-03 04:27:00+00:00
0.5881661176681519,0.5881661176681519,0.5881661176681519,0.5881661176681519,0,2026-08-03 04:29:00+00:00
0.5881661176681519,0.5881661176681519,0.5881661176681519,0.5881661176681519,0,2026-08-03 04:31:00+00:00
0.5880969166755676,0.5880969166755676,0.5880969166755676,0.5880969166755676,0,2026-08-03 04:33:00+00:00
0.5882698893547058,0.5882698893547058,0.5882698893547058,0.5882698893547058,0,2026-08-03 04:35:00+00:00
0.5881661176681519,0.5881661176681519,0.5881661176681519,0.5881661176681519,0,2026-08-03 04:37:00+00:00
0.5881661176681519,0.5881661176681519,0.5881661176681519,0.5881661176681519,0,2026-08-03 04:39:00+00:00
0.5882352590560913,0.5882352590560913,0.5882352590560913,0.5882352590560913,0,2026-08-03 04:41:00+00:00
0.5882698893547058,0.5882698893547058,0.5882698893547058,0.5882698893547058,0,2026-08-03 04:43:00+00:00
0.5883737206459045,0.5883737206459045,0.5883737206459045,0.5883737206459045,0,2026-08-03 04:45:00+00:00
0.5883737206459045,0.5883737206459045,0.5883737206459045,0.5883737206459045,0,2026-08-03 04:47:00+00:00
0.588408350944519,0.588408350944519,0.588408350944519,0.588408350944519,0,2026-08-03 04:49:00+00:00
0.5882698893547058,0.5882698893547058,0.5882698893547058,0.5882698893547058,0,2026-08-03 04:51:00+00:00
0.5882006883621216,0.5882006883621216,0.5882006883621216,0.5882006883621216,0,2026-08-03 04:53:00+00:00
0.5881314873695374,0.5881314873695374,0.5881314873695374,0.5881314873695374,0,2026-08-03 04:55:00+00:00
0.5882006883621216,0.5882006883621216,0.5882006883621216,0.5882006883621216,0,2026-08-03 04:57:00+00:00
0.5882352590560913,0.5882352590560913,0.5882352590560913,0.5882352590560913,0,2026-08-03 04:59:00+00:00
0.5883045196533203,0.5883045196533203,0.5883045196533203,0.5883045196533203,0,2026-08-03 05:01:00+00:00
0.5882352590560913,0.5882352590560913,0.5882352590560913,0.5882352590560913,0,2026-08-03 05:03:00+00:00
0.5882006883621216,0.5882006883621216,0.5882006883621216,0.5882006883621216,0,2026-08-03 05:05:00+00:00
0.5882006883621216,0.5882006883621216,0.5882006883621216,0.5882006883621216,0,2026-08-03 05:07:00+00:00
0.5880969166755676,0.5880969166755676,0.5880969166755676,0.5880969166755676,0,2026-08-03 05:09:00+00:00
0.5882006883621216,0.5882006883621216,0.5882006883621216,0.5882006883621216,0,2026-08-03 05:11:00+00:00
0.5882006883621216,0.5882006883621216,0.5882006883621216,0.5882006883621216,0,2026-08-03 05:13:00+00:00
0.5881661176681519,0.5881661176681519,0.5881661176681519,0.5881661176681519,0,2026-08-03 05:15:00+00:00
0.5881314873695374,0.5881314873695374,0.5881314873695374,0.5881314873695374,0,2026-08-03 05:17:00+00:00
0.5880969166755676,0.5880969166755676,0.5880969166755676,0.5880969166755676,0,2026-08-03 05:19:00+00:00
0.5882006883621216,0.5882006883621216,0.5882006883621216,0.5882006883621216,0,2026-08-03 05:21:00+00:00
0.5881661176681519,0.5881661176681519,0.5881661176681519,0.5881661176681519,0,2026-08-03 05:23:00+00:00
0.5882352590560913,0.5882352590560913,0.5882352590560913,0.5882352590560913,0,2026-08-03 05:25:00+00:00
0.5882698893547058,0.5882698893547058,0.5882698893547058,0.5882698893547058,0,2026-08-03 05:27:00+00:00
0.5883045196533203,0.5883045196533203,0.5883045196533203,0.5883045196533203,0,2026-08-03 05:29:00+00:00
0.588408350944519,0.588408350944519,0.588408350944519,0.588408350944519,0,2026-08-03 05:31:00+00:00
0.5885122418403625,0.5885122418403625,0.5885122418403625,0.5885122418403625,0,2026-08-03 05:33:00+00:00
0.5885122418403625,0.5885122418403625,0.5885122418403625,0.5885122418403625,0,2026-08-03 05:35:00+00:00
0.5884429812431335,0.5884429812431335,0.5884429812431335,0.5884429812431335,0,2026-08-03 05:37:00+00:00
0.5883737206459045,0.5883737206459045,0.5883737206459045,0.5883737206459045,0,2026-08-03 05:39:00+00:00
0.58833909034729,0.58833909034729,0.58833909034729,0.58833909034729,0,2026-08-03 05:41:00+00:00
0.5884429812431335,0.5884429812431335,0.5884429812431335,0.5884429812431335,0,2026-08-03 05:43:00+00:00
0.5885122418403625,0.5885122418403625,0.5885122418403625,0.5885122418403625,0,2026-08-03 05:45:00+00:00
0.588546872138977,0.588546872138977,0.588546872138977,0.588546872138977,0,2026-08-03 05:47:00+00:00
0.588408350944519,0.588408350944519,0.588408350944519,0.588408350944519,0,2026-08-03 05:49:00+00:00
0.588408350944519,0.588408350944519,0.588408350944519,0.588408350944519,0,2026-08-03 05:51:00+00:00
0.5884429812431335,0.5884429812431335,0.5884429812431335,0.5884429812431335,0,2026-08-03 05:53:00+00:00
0.5885815024375916,0.5885815024375916,0.5885815024375916,0.5885815024375916,0,2026-08-03 05:55:00+00:00
0.5886508226394653,0.5886508226394653,0.5886508226394653,0.5886508226394653,0,2026-08-03 05:57:00+00:00
0.5886854529380798,0.5886854529380798,0.5886854529380798,0.5886854529380798,0,2026-08-03 05:59:00+00:00
0.5888240933418274,0.5888240933418274,0.5888240933418274,0.5888240933418274,0,2026-08-03 06:01:00+00:00
0.5887547731399536,0.5887547731399536,0.5887547731399536,0.5887547731399536,0,2026-08-03 06:03:00+00:00
0.5888587832450867,0.5888587832450867,0.5888587832450867,0.5888587832450867,0,2026-08-03 06:05:00+00:00
0.5886854529380798,0.5886854529380798,0.5886854529380798,0.5886854529380798,0,2026-08-03 06:07:00+00:00
0.5887200832366943,0.5887200832366943,0.5887200832366943,0.5887200832366943,0,2026-08-03 06:09:00+00:00
0.5887547731399536,0.5887547731399536,0.5887547731399536,0.5887547731399536,0,2026-08-03 06:11:00+00:00
0.5885815024375916,0.5885815024375916,0.5885815024375916,0.5885815024375916,0,2026-08-03 06:13:00+00:00
0.588546872138977,0.588546872138977,0.588546872138977,0.588546872138977,0,2026-08-03 06:15:00+00:00
0.588477611541748,0.588477611541748,0.588477611541748,0.588477611541748,0,2026-08-03 06:17:00+00:00
0.588477611541748,0.588477611541748,0.588477611541748,0.588477611541748,0,2026-08-03 06:19:00+00:00
0.5883737206459045,0.5883737206459045,0.5883737206459045,0.5883737206459045,0,2026-08-03 06:21:00+00:00
0.588477611541748,0.588477611541748,0.588477611541748,0.588477611541748,0,2026-08-03 06:23:00+00:00
0.58833909034729,0.58833909034729,0.58833909034729,0.58833909034729,0,2026-08-03 06:25:00+00:00
0.5882352590560913,0.5882352590560913,0.5882352590560913,0.5882352590560913,0,2026-08-03 06:27:00+00:00
0.5883737206459045,0.5883737206459045,0.5883737206459045,0.5883737206459045,0,2026-08-03 06:29:00+00:00
0.58833909034729,0.58833909034729,0.58833909034729,0.58833909034729,0,2026-08-03 06:31:00+00:00
0.5884429812431335,0.5884429812431335,0.5884429812431335,0.5884429812431335,0,2026-08-03 06:33:00+00:00
0.58833909034729,0.58833909034729,0.58833909034729,0.58833909034729,0,2026-08-03 06:35:00+00:00
0.5880277156829834,0.5880277156829834,0.5880277156829834,0.5880277156829834,0,2026-08-03 06:37:00+00:00
0.5881661176681519,0.5881661176681519,0.5881661176681519,0.5881661176681519,0,2026-08-03 06:39:00+00:00
0.5880623459815979,0.5880623459815979,0.5880623459815979,0.5880623459815979,0,2026-08-03 06:41:00+00:00
0.5880277156829834,0.5880277156829834,0.5880277156829834,0.5880277156829834,0,2026-08-03 06:43:00+00:00
0.5878549218177795,0.5878549218177795,0.5878549218177795,0.5878549218177795,0,2026-08-03 06:45:00+00:00
0.5877857804298401,0.5877857804298401,0.5877857804298401,0.5877857804298401,0,2026-08-03 06:47:00+00:00
0.5877512693405151,0.5877512693405151,0.5877512693405151,0.5877512693405151,0,2026-08-03 06:49:00+00:00
0.5877857804298401,0.5877857804298401,0.5877857804298401,0.5877857804298401,0,2026-08-03 06:51:00+00:00
0.5876476764678955,0.5876476764678955,0.5876476764678955,0.5876476764678955,0,2026-08-03 06:53:00+00:00
0.5878549218177795,0.5878549218177795,0.5878549218177795,0.5878549218177795,0,2026-08-03 06:55:00+00:00
0.5878203511238098,0.5878203511238098,0.5878203511238098,0.5878203511238098,0,2026-08-03 06:57:00+00:00
0.5878894925117493,0.5878894925117493,0.5878894925117493,0.5878894925117493,0,2026-08-03 06:59:00+00:00
0.5879931449890137,0.5879931449890137,0.5879931449890137,0.5879931449890137,0,2026-08-03 07:01:00+00:00
0.5879586338996887,0.5879586338996887,0.5879586338996887,0.5879586338996887,0,2026-08-03 07:03:00+00:00
0.587924063205719,0.587924063205719,0.587924063205719,0.587924063205719,0,2026-08-03 07:05:00+00:00
0.5878549218177795,0.5878549218177795,0.5878549218177795,0.5878549218177795,0,2026-08-03 07:07:00+00:00
0.5879586338996887,0.5879586338996887,0.5879586338996887,0.5879586338996887,0,2026-08-03 07:09:00+00:00
0.5878549218177795,0.5878549218177795,0.5878549218177795,0.5878549218177795,0,2026-08-03 07:11:00+00:00
0.5879586338996887,0.5879586338996887,0.5879586338996887,0.5879586338996887,0,2026-08-03 07:13:00+00:00
0.5879931449890137,0.5879931449890137,0.5879931449890137,0.5879931449890137,0,2026-08-03 07:15:00+00:00
0.587440550327301,0.587440550327301,0.587440550327301,0.587440550327301,0,2026-08-03 07:17:00+00:00
0.5876476764678955,0.5876476764678955,0.5876476764678955,0.5876476764678955,0,2026-08-03 07:19:00+00:00
0.5878549218177795,0.5878549218177795,0.5878549218177795,0.5878549218177795,0,2026-08-03 07:21:00+00:00
0.5877512693405151,0.5877512693405151,0.5877512693405151,0.5877512693405151,0,2026-08-03 07:23:00+00:00
0.5878549218177795,0.5878549218177795,0.5878549218177795,0.5878549218177795,0,2026-08-03 07:25:00+00:00
0.5879586338996887,0.5879586338996887,0.5879586338996887,0.5879586338996887,0,2026-08-03 07:27:00+00:00
0.5879586338996887,0.5879586338996887,0.5879586338996887,0.5879586338996887,0,2026-08-03 07:29:00+00:00
0.587924063205719,0.587924063205719,0.587924063205719,0.587924063205719,0,2026-08-03 07:31:00+00:00
0.587924063205719,0.587924063205719,0.587924063205719,0.587924063205719,0,2026-08-03 07:33:00+00:00
0.5881314873695374,0.5881314873695374,0.5881314873695374,0.5881314873695374,0,2026-08-03 07:35:00+00:00
0.5878549218177795,0.5878549218177795,0.5878549218177795,0.5878549218177795,0,2026-08-03 07:37:00+00:00
0.5878549218177795,0.5878549218177795,0.5878549218177795,0.5878549218177795,0,2026-08-03 07:39:00+00:00
0.5876821875572205,0.5876821875572205,0.5876821875572205,0.5876821875572205,0,2026-08-03 07:41:00+00:00
0.5877166986465454,0.5877166986465454,0.5877166986465454,0.5877166986465454,0,2026-08-03 07:43:00+00:00
0.5876821875572205,0.5876821875572205,0.5876821875572205,0.5876821875572205,0,2026-08-03 07:45:00+00:00
0.5876476764678955,0.5876476764678955,0.5876476764678955,0.5876476764678955,0,2026-08-03 07:47:00+00:00
0.5876821875572205,0.5876821875572205,0.5876821875572205,0.5876821875572205,0,2026-08-03 07:49:00+00:00
0.5875785946846008,0.5875785946846008,0.5875785946846008,0.5875785946846008,0,2026-08-03 07:51:00+00:00
0.5875095129013062,0.5875095129013062,0.5875095129013062,0.5875095129013062,0,2026-08-03 07:53:00+00:00
0.5875440835952759,0.5875440835952759,0.5875440835952759,0.5875440835952759,0,2026-08-03 07:55:00+00:00
0.5875785946846008,0.5875785946846008,0.5875785946846008,0.5875785946846008,0,2026-08-03 07:57:00+00:00
0.5875785946846008,0.5875785946846008,0.5875785946846008,0.5875785946846008,0,2026-08-03 07:59:00+00:00
0.5875095129013062,0.5875095129013062,0.5875095129013062,0.5875095129013062,0,2026-08-03 08:01:00+00:00
0.5874060392379761,0.5874060392379761,0.5874060392379761,0.5874060392379761,0,2026-08-03 08:03:00+00:00
0.5875785946846008,0.5875785946846008,0.5875785946846008,0.5875785946846008,0,2026-08-03 08:05:00+00:00
0.5875785946846008,0.5875785946846008,0.5875785946846008,0.5875785946846008,0,2026-08-03 08:07:00+00:00
0.5875440835952759,0.5875440835952759,0.5875440835952759,0.5875440835952759,0,2026-08-03 08:09:00+00:00
0.5876821875572205,0.5876821875572205,0.5876821875572205,0.5876821875572205,0,2026-08-03 08:11:00+00:00
0.5876821875572205,0.5876821875572205,0.5876821875572205,0.5876821875572205,0,2026-08-03 08:13:00+00:00
0.5876476764678955,0.5876476764678955,0.5876476764678955,0.5876476764678955,0,2026-08-03 08:15:00+00:00
0.5874750018119812,0.5874750018119812,0.5874750018119812,0.5874750018119812,0,2026-08-03 08:17:00+00:00
0.5874060392379761,0.5874060392379761,0.5874060392379761,0.5874060392379761,0,2026-08-03 08:19:00+00:00
0.587440550327301,0.587440550327301,0.587440550327301,0.587440550327301,0,2026-08-03 08:21:00+00:00
0.5876131057739258,0.5876131057739258,0.5876131057739258,0.5876131057739258,0,2026-08-03 08:23:00+00:00
0.5875785946846008,0.5875785946846008,0.5875785946846008,0.5875785946846008,0,2026-08-03 08:25:00+00:00
0.587440550327301,0.587440550327301,0.587440550327301,0.587440550327301,0,2026-08-03 08:27:00+00:00
0.5873715281486511,0.5873715281486511,0.5873715281486511,0.5873715281486511,0,2026-08-03 08:29:00+00:00
0.5872679948806763,0.5872679948806763,0.5872679948806763,0.5872679948806763,0,2026-08-03 08:31:00+00:00
0.5872335433959961,0.5872335433959961,0.5872335433959961,0.5872335433959961,0,2026-08-03 08:33:00+00:00
0.5874060392379761,0.5874060392379761,0.5874060392379761,0.5874060392379761,0,2026-08-03 08:35:00+00:00
0.5873025059700012,0.5873025059700012,0.5873025059700012,0.5873025059700012,0,2026-08-03 08:37:00+00:00
0.5873370170593262,0.5873370170593262,0.5873370170593262,0.5873370170593262,0,2026-08-03 08:39:00+00:00
0.5873025059700012,0.5873025059700012,0.5873025059700012,0.5873025059700012,0,2026-08-03 08:41:00+00:00
0.5873025059700012,0.5873025059700012,0.5873025059700012,0.5873025059700012,0,2026-08-03 08:43:00+00:00
0.5871990919113159,0.5871990919113159,0.5871990919113159,0.5871990919113159,0,2026-08-03 08:45:00+00:00
0.5872335433959961,0.5872335433959961,0.5872335433959961,0.5872335433959961,0,2026-08-03 08:47:00+00:00
0.5872679948806763,0.5872679948806763,0.5872679948806763,0.5872679948806763,0,2026-08-03 08:49:00+00:00
0.5870956182479858,0.5870956182479858,0.5870956182479858,0.5870956182479858,0,2026-08-03 08:51:00+00:00
0.5871301293373108,0.5871301293373108,0.5871301293373108,0.5871301293373108,0,2026-08-03 08:53:00+00:00
0.5872679948806763,0.5872679948806763,0.5872679948806763,0.5872679948806763,0,2026-08-03 08:55:00+00:00
0.587164580821991,0.587164580821991,0.587164580821991,0.587164580821991,0,2026-08-03 08:57:00+00:00
0.587164580821991,0.587164580821991,0.587164580821991,0.587164580821991,0,2026-08-03 08:59:00+00:00
0.5870956182479858,0.5870956182479858,0.5870956182479858,0.5870956182479858,0,2026-08-03 09:01:00+00:00
0.5869922637939453,0.5869922637939453,0.5869922637939453,0.5869922637939453,0,2026-08-03 09:03:00+00:00
0.5869578123092651,0.5869578123092651,0.5869578123092651,0.5869578123092651,0,2026-08-03 09:05:00+00:00
0.586923360824585,0.586923360824585,0.586923360824585,0.586923360824585,0,2026-08-03 09:07:00+00:00
0.5870611667633057,0.5870611667633057,0.5870611667633057,0.5870611667633057,0,2026-08-03 09:09:00+00:00
0.5870956182479858,0.5870956182479858,0.5870956182479858,0.5870956182479858,0,2026-08-03 09:11:00+00:00
0.5870956182479858,0.5870956182479858,0.5870956182479858,0.5870956182479858,0,2026-08-03 09:13:00+00:00
0.5870267152786255,0.5870267152786255,0.5870267152786255,0.5870267152786255,0,2026-08-03 09:15:00+00:00
0.5868200063705444,0.5868200063705444,0.5868200063705444,0.5868200063705444,0,2026-08-03 09:17:00+00:00
0.586923360824585,0.586923360824585,0.586923360824585,0.586923360824585,0,2026-08-03 09:19:00+00:00
0.5869578123092651,0.5869578123092651,0.5869578123092651,0.5869578123092651,0,2026-08-03 09:21:00+00:00
0.5869578123092651,0.5869578123092651,0.5869578123092651,0.5869578123092651,0,2026-08-03 09:23:00+00:00
0.586923360824585,0.586923360824585,0.586923360824585,0.586923360824585,0,2026-08-03 09:25:00+00:00
0.5868200063705444,0.5868200063705444,0.5868200063705444,0.5868200063705444,0,2026-08-03 09:27:00+00:00
0.5868544578552246,0.5868544578552246,0.5868544578552246,0.5868544578552246,0,2026-08-03 09:29:00+00:00
0.5868544578552246,0.5868544578552246,0.5868544578552246,0.5868544578552246,0,2026-08-03 09:31:00+00:00
0.5869578123092651,0.5869578123092651,0.5869578123092651,0.5869578123092651,0,2026-08-03 09:33:00+00:00
0.5868889093399048,0.5868889093399048,0.5868889093399048,0.5868889093399048,0,2026-08-03 09:35:00+00:00
0.5868889093399048,0.5868889093399048,0.5868889093399048,0.5868889093399048,0,2026-08-03 09:37:00+00:00
0.5869922637939453,0.5869922637939453,0.5869922637939453,0.5869922637939453,0,2026-08-03 09:39:00+00:00
0.5869578123092651,0.5869578123092651,0.5869578123092651,0.5869578123092651,0,2026-08-03 09:41:00+00:00
0.5870267152786255,0.5870267152786255,0.5870267152786255,0.5870267152786255,0,2026-08-03 09:43:00+00:00
0.5870611667633057,0.5870611667633057,0.5870611667633057,0.5870611667633057,0,2026-08-03 09:45:00+00:00
0.5870267152786255,0.5870267152786255,0.5870267152786255,0.5870267152786255,0,2026-08-03 09:47:00+00:00
0.5870611667633057,0.5870611667633057,0.5870611667633057,0.5870611667633057,0,2026-08-03 09:49:00+00:00
0.5870956182479858,0.5870956182479858,0.5870956182479858,0.5870956182479858,0,2026-08-03 09:51:00+00:00
0.5870956182479858,0.5870956182479858,0.5870956182479858,0.5870956182479858,0,2026-08-03 09:53:00+00:00
0.587164580821991,0.587164580821991,0.587164580821991,0.587164580821991,0,2026-08-03 09:55:00+00:00
0.5870267152786255,0.5870267152786255,0.5870267152786255,0.5870267152786255,0,2026-08-03 09:57:00+00:00
0.5867855548858643,0.5867855548858643,0.5867855548858643,0.5867855548858643,0,2026-08-03 09:59:00+00:00
0.5866823196411133,0.5866823196411133,0.5866823196411133,0.5866823196411133,0,2026-08-03 10:01:00+00:00
0.5867511630058289,0.5867511630058289,0.5867511630058289,0.5867511630058289,0,2026-08-03 10:03:00+00:00
0.5867511630058289,0.5867511630058289,0.5867511630058289,0.5867511630058289,0,2026-08-03 10:05:00+00:00
0.5867167711257935,0.5867167711257935,0.5867167711257935,0.5867167711257935,0,2026-08-03 10:07:00+00:00
0.5868200063705444,0.5868200063705444,0.5868200063705444,0.5868200063705444,0,2026-08-03 10:09:00+00:00
0.5866479277610779,0.5866479277610779,0.5866479277610779,0.5866479277610779,0,2026-08-03 10:11:00+00:00
0.5867855548858643,0.5867855548858643,0.5867855548858643,0.5867855548858643,0,2026-08-03 10:13:00+00:00
0.5867511630058289,0.5867511630058289,0.5867511630058289,0.5867511630058289,0,2026-08-03 10:15:00+00:00
0.5865446329116821,0.5865446329116821,0.5865446329116821,0.5865446329116821,0,2026-08-03 10:17:00+00:00
0.5865790843963623,0.5865790843963623,0.5865790843963623,0.5865790843963623,0,2026-08-03 10:19:00+00:00
0.5864415168762207,0.5864415168762207,0.5864415168762207,0.5864415168762207,0,2026-08-03 10:21:00+00:00
0.5865102410316467,0.5865102410316467,0.5865102410316467,0.5865102410316467,0,2026-08-03 10:23:00+00:00
0.5865102410316467,0.5865102410316467,0.5865102410316467,0.5865102410316467,0,2026-08-03 10:25:00+00:00
0.5865102410316467,0.5865102410316467,0.5865102410316467,0.5865102410316467,0,2026-08-03 10:27:00+00:00
0.5864758491516113,0.5864758491516113,0.5864758491516113,0.5864758491516113,0,2026-08-03 10:29:00+00:00
0.5864415168762207,0.5864415168762207,0.5864415168762207,0.5864415168762207,0,2026-08-03 10:31:00+00:00
0.5863726735115051,0.5863726735115051,0.5863726735115051,0.5863726735115051,0,2026-08-03 10:33:00+00:00
0.5864415168762207,0.5864415168762207,0.5864415168762207,0.5864415168762207,0,2026-08-03 10:35:00+00:00
0.5865446329116821,0.5865446329116821,0.5865446329116821,0.5865446329116821,0,2026-08-03 10:37:00+00:00
0.5865446329116821,0.5865446329116821,0.5865446329116821,0.5865446329116821,0,2026-08-03 10:39:00+00:00
0.5865446329116821,0.5865446329116821,0.5865446329116821,0.5865446329116821,0,2026-08-03 10:41:00+00:00
0.5864070653915405,0.5864070653915405,0.5864070653915405,0.5864070653915405,0,2026-08-03 10:43:00+00:00
0.5863726735115051,0.5863726735115051,0.5863726735115051,0.5863726735115051,0,2026-08-03 10:45:00+00:00
0.5863383412361145,0.5863383412361145,0.5863383412361145,0.5863383412361145,0,2026-08-03 10:47:00+00:00
0.5864070653915405,0.5864070653915405,0.5864070653915405,0.5864070653915405,0,2026-08-03 10:49:00+00:00
0.5864415168762207,0.5864415168762207,0.5864415168762207,0.5864415168762207,0,2026-08-03 10:51:00+00:00
0.5866479277610779,0.5866479277610779,0.5866479277610779,0.5866479277610779,0,2026-08-03 10:53:00+00:00
0.5865790843963623,0.5865790843963623,0.5865790843963623,0.5865790843963623,0,2026-08-03 10:55:00+00:00
0.5866134762763977,0.5866134762763977,0.5866134762763977,0.5866134762763977,0,2026-08-03 10:57:00+00:00
0.5865102410316467,0.5865102410316467,0.5865102410316467,0.5865102410316467,0,2026-08-03 10:59:00+00:00
0.5866134762763977,0.5866134762763977,0.5866134762763977,0.5866134762763977,0,2026-08-03 11:01:00+00:00
0.5866479277610779,0.5866479277610779,0.5866479277610779,0.5866479277610779,0,2026-08-03 11:03:00+00:00
0.5866479277610779,0.5866479277610779,0.5866479277610779,0.5866479277610779,0,2026-08-03 11:05:00+00:00
0.5865446329116821,0.5865446329116821,0.5865446329116821,0.5865446329116821,0,2026-08-03 11:07:00+00:00
0.5865790843963623,0.5865790843963623,0.5865790843963623,0.5865790843963623,0,2026-08-03 11:09:00+00:00
0.5865790843963623,0.5865790843963623,0.5865790843963623,0.5865790843963623,0,2026-08-03 11:11:00+00:00
0.5866479277610779,0.5866479277610779,0.5866479277610779,0.5866479277610779,0,2026-08-03 11:13:00+00:00
0.5866134762763977,0.5866134762763977,0.5866134762763977,0.5866134762763977,0,2026-08-03 11:15:00+00:00
0.5866479277610779,0.5866479277610779,0.5866479277610779,0.5866479277610779,0,2026-08-03 11:17:00+00:00
0.586923360824585,0.586923360824585,0.586923360824585,0.586923360824585,0,2026-08-03 11:19:00+00:00
0.5867855548858643,0.5867855548858643,0.5867855548858643,0.5867855548858643,0,2026-08-03 11:21:00+00:00
0.5868200063705444,0.5868200063705444,0.5868200063705444,0.5868200063705444,0,2026-08-03 11:23:00+00:00
0.5867167711257935,0.5867167711257935,0.5867167711257935,0.5867167711257935,0,2026-08-03 11:25:00+00:00
0.5867855548858643,0.5867855548858643,0.5867855548858643,0.5867855548858643,0,2026-08-03 11:27:00+00:00
0.5867167711257935,0.5867167711257935,0.5867167711257935,0.5867167711257935,0,2026-08-03 11:29:00+00:00
0.5866823196411133,0.5866823196411133,0.5866823196411133,0.5866823196411133,0,2026-08-03 11:31:00+00:00
0.5867511630058289,0.5867511630058289,0.5867511630058289,0.5867511630058289,0,2026-08-03 11:33:00+00:00
0.5868889093399048,0.5868889093399048,0.5868889093399048,0.5868889093399048,0,2026-08-03 11:35:00+00:00
0.5869578123092651,0.5869578123092651,0.5869578123092651,0.5869578123092651,0,2026-08-03 11:37:00+00:00
0.5869578123092651,0.5869578123092651,0.5869578123092651,0.5869578123092651,0,2026-08-03 11:39:00+00:00
0.5869922637939453,0.5869922637939453,0.5869922637939453,0.5869922637939453,0,2026-08-03 11:41:00+00:00
0.5872335433959961,0.5872335433959961,0.5872335433959961,0.5872335433959961,0,2026-08-03 11:43:00+00:00
0.5871990919113159,0.5871990919113159,0.5871990919113159,0.5871990919113159,0,2026-08-03 11:45:00+00:00
0.587164580821991,0.587164580821991,0.587164580821991,0.587164580821991,0,2026-08-03 11:47:00+00:00
0.5872335433959961,0.5872335433959961,0.5872335433959961,0.5872335433959961,0,2026-08-03 11:49:00+00:00
0.5873025059700012,0.5873025059700012,0.5873025059700012,0.5873025059700012,0,2026-08-03 11:51:00+00:00
0.5873370170593262,0.5873370170593262,0.5873370170593262,0.5873370170593262,0,2026-08-03 11:53:00+00:00
0.5874060392379761,0.5874060392379761,0.5874060392379761,0.5874060392379761,0,2026-08-03 11:55:00+00:00
0.5875440835952759,0.5875440835952759,0.5875440835952759,0.5875440835952759,0,2026-08-03 11:57:00+00:00
0.5875095129013062,0.5875095129013062,0.5875095129013062,0.5875095129013062,0,2026-08-03 11:59:00+00:00
0.5874750018119812,0.5874750018119812,0.5874750018119812,0.5874750018119812,0,2026-08-03 12:01:00+00:00
0.5876131057739258,0.5876131057739258,0.5876131057739258,0.5876131057739258,0,2026-08-03 12:03:00+00:00
0.5877166986465454,0.5877166986465454,0.5877166986465454,0.5877166986465454,0,2026-08-03 12:05:00+00:00
0.5876131057739258,0.5876131057739258,0.5876131057739258,0.5876131057739258,0,2026-08-03 12:07:00+00:00
0.5876131057739258,0.5876131057739258,0.5876131057739258,0.5876131057739258,0,2026-08-03 12:09:00+00:00
0.587440550327301,0.587440550327301,0.587440550327301,0.587440550327301,0,2026-08-03 12:11:00+00:00
0.5873715281486511,0.5873715281486511,0.5873715281486511,0.5873715281486511,0,2026-08-03 12:13:00+00:00
0.587440550327301,0.587440550327301,0.587440550327301,0.587440550327301,0,2026-08-03 12:15:00+00:00
0.5873715281486511,0.5873715281486511,0.5873715281486511,0.5873715281486511,0,2026-08-03 12:17:00+00:00
0.5874060392379761,0.5874060392379761,0.5874060392379761,0.5874060392379761,0,2026-08-03 12:19:00+00:00
0.5874750018119812,0.5874750018119812,0.5874750018119812,0.5874750018119812,0,2026-08-03 12:21:00+00:00
0.5874750018119812,0.5874750018119812,0.5874750018119812,0.5874750018119812,0,2026-08-03 12:23:00+00:00
0.5875440835952759,0.5875440835952759,0.5875440835952759,0.5875440835952759,0,2026-08-03 12:25:00+00:00
0.5874060392379761,0.5874060392379761,0.5874060392379761,0.5874060392379761,0,2026-08-03 12:27:00+00:00
0.5874060392379761,0.5874060392379761,0.5874060392379761,0.5874060392379761,0,2026-08-03 12:29:00+00:00
0.5875095129013062,0.5875095129013062,0.5875095129013062,0.5875095129013062,0,2026-08-03 12:31:00+00:00
0.5875095129013062,0.5875095129013062,0.5875095129013062,0.5875095129013062,0,2026-08-03 12:33:00+00:00
0.5875440835952759,0.5875440835952759,0.5875440835952759,0.5875440835952759,0,2026-08-03 12:35:00+00:00
0.5873025059700012,0.5873025059700012,0.5873025059700012,0.5873025059700012,0,2026-08-03 12:37:00+00:00
0.5871990919113159,0.5871990919113159,0.5871990919113159,0.5871990919113159,0,2026-08-03 12:39:00+00:00
0.587164580821991,0.587164580821991,0.587164580821991,0.587164580821991,0,2026-08-03 12:41:00+00:00
0.5870611667633057,0.5870611667633057,0.5870611667633057,0.5870611667633057,0,2026-08-03 12:43:00+00:00
0.5870956182479858,0.5870956182479858,0.5870956182479858,0.5870956182479858,0,2026-08-03 12:45:00+00:00
0.5870611667633057,0.5870611667633057,0.5870611667633057,0.5870611667633057,0,2026-08-03 12:47:00+00:00
0.5870267152786255,0.5870267152786255,0.5870267152786255,0.5870267152786255,0,2026-08-03 12:49:00+00:00
0.5871301293373108,0.5871301293373108,0.5871301293373108,0.5871301293373108,0,2026-08-03 12:51:00+00:00
0.587164580821991,0.587164580821991,0.587164580821991,0.587164580821991,0,2026-08-03 12:53:00+00:00
0.5871990919113159,0.5871990919113159,0.5871990919113159,0.5871990919113159,0,2026-08-03 12:55:00+00:00
0.587164580821991,0.587164580821991,0.587164580821991,0.587164580821991,0,2026-08-03 12:57:00+00:00
0.5872335433959961,0.5872335433959961,0.5872335433959961,0.5872335433959961,0,2026-08-03 12:59:00+00:00
0.5873715281486511,0.5873715281486511,0.5873715281486511,0.5873715281486511,0,2026-08-03 13:01:00+00:00
0.5872679948806763,0.5872679948806763,0.5872679948806763,0.5872679948806763,0,2026-08-03 13:03:00+00:00
0.5873025059700012,0.5873025059700012,0.5873025059700012,0.5873025059700012,0,2026-08-03 13:05:00+00:00
0.587164580821991,0.587164580821991,0.587164580821991,0.587164580821991,0,2026-08-03 13:07:00+00:00
0.5871301293373108,0.5871301293373108,0.5871301293373108,0.5871301293373108,0,2026-08-03 13:09:00+00:00
0.5873025059700012,0.5873025059700012,0.5873025059700012,0.5873025059700012,0,2026-08-03 13:11:00+00:00
0.5869922637939453,0.5869922637939453,0.5869922637939453,0.5869922637939453,0,2026-08-03 13:13:00+00:00
0.5869922637939453,0.5869922637939453,0.5869922637939453,0.5869922637939453,0,2026-08-03 13:15:00+00:00
0.5868200063705444,0.5868200063705444,0.5868200063705444,0.5868200063705444,0,2026-08-03 13:17:00+00:00
0.5868544578552246,0.5868544578552246,0.5868544578552246,0.5868544578552246,0,2026-08-03 13:19:00+00:00
0.5867855548858643,0.5867855548858643,0.5867855548858643,0.5867855548858643,0,2026-08-03 13:21:00+00:00
0.5867167711257935,0.5867167711257935,0.5867167711257935,0.5867167711257935,0,2026-08-03 13:23:00+00:00
0.5868200063705444,0.5868200063705444,0.5868200063705444,0.5868200063705444,0,2026-08-03 13:25:00+00:00
0.5868889093399048,0.5868889093399048,0.5868889093399048,0.5868889093399048,0,2026-08-03 13:27:00+00:00
0.5871301293373108,0.5871301293373108,0.5871301293373108,0.5871301293373108,0,2026-08-03 13:29:00+00:00
0.587164580821991,0.587164580821991,0.587164580821991,0.587164580821991,0,2026-08-03 13:31:00+00:00
0.5868544578552246,0.5868544578552246,0.5868544578552246,0.5868544578552246,0,2026-08-03 13:33:00+00:00
0.5868200063705444,0.5868200063705444,0.5868200063705444,0.5868200063705444,0,2026-08-03 13:35:00+00:00
0.5868200063705444,0.5868200063705444,0.5868200063705444,0.5868200063705444,0,2026-08-03 13:37:00+00:00
0.5866479277610779,0.5866479277610779,0.5866479277610779,0.5866479277610779,0,2026-08-03 13:39:00+00:00
0.5867855548858643,0.5867855548858643,0.5867855548858643,0.5867855548858643,0,2026-08-03 13:41:00+00:00
0.5867511630058289,0.5867511630058289,0.5867511630058289,0.5867511630058289,0,2026-08-03 13:43:00+00:00
0.5867511630058289,0.5867511630058289,0.5867511630058289,0.5867511630058289,0,2026-08-03 13:45:00+00:00
0.5864415168762207,0.5864415168762207,0.5864415168762207,0.5864415168762207,0,2026-08-03 13:47:00+00:00
0.5864415168762207,0.5864415168762207,0.5864415168762207,0.5864415168762207,0,2026-08-03 13:49:00+00:00
0.5866134762763977,0.5866134762763977,0.5866134762763977,0.5866134762763977,0,2026-08-03 13:51:00+00:00
0.5866479277610779,0.5866479277610779,0.5866479277610779,0.5866479277610779,0,2026-08-03 13:53:00+00:00
0.5867167711257935,0.5867167711257935,0.5867167711257935,0.5867167711257935,0,2026-08-03 13:55:00+00:00
0.5866479277610779,0.5866479277610779,0.5866479277610779,0.5866479277610779,0,2026-08-03 13:57:00+00:00
0.5867511630058289,0.5867511630058289,0.5867511630058289,0.5867511630058289,0,2026-08-03 13:59:00+00:00
0.5868200063705444,0.5868200063705444,0.5868200063705444,0.5868200063705444,0,2026-08-03 14:01:00+00:00
0.5867855548858643,0.5867855548858643,0.5867855548858643,0.5867855548858643,0,2026-08-03 14:03:00+00:00
0.5866823196411133,0.5866823196411133,0.5866823196411133,0.5866823196411133,0,2026-08-03 14:05:00+00:00
0.5867855548858643,0.5867855548858643,0.5867855548858643,0.5867855548858643,0,2026-08-03 14:07:00+00:00
0.5866134762763977,0.5866134762763977,0.5866134762763977,0.5866134762763977,0,2026-08-03 14:09:00+00:00
0.5865790843963623,0.5865790843963623,0.5865790843963623,0.5865790843963623,0,2026-08-03 14:11:00+00:00
0.5865446329116821,0.5865446329116821,0.5865446329116821,0.5865446329116821,0,2026-08-03 14:13:00+00:00
0.5865790843963623,0.5865790843963623,0.5865790843963623,0.5865790843963623,0,2026-08-03 14:15:00+00:00
0.5866823196411133,0.5866823196411133,0.5866823196411133,0.5866823196411133,0,2026-08-03 14:17:00+00:00
0.5866479277610779,0.5866479277610779,0.5866479277610779,0.5866479277610779,0,2026-08-03 14:19:00+00:00
0.5868544578552246,0.5868544578552246,0.5868544578552246,0.5868544578552246,0,2026-08-03 14:21:00+00:00
0.5867855548858643,0.5867855548858643,0.5867855548858643,0.5867855548858643,0,2026-08-03 14:23:00+00:00
0.5867511630058289,0.5867511630058289,0.5867511630058289,0.5867511630058289,0,2026-08-03 14:25:00+00:00
0.5868200063705444,0.5868200063705444,0.5868200063705444,0.5868200063705444,0,2026-08-03 14:27:00+00:00
0.5867167711257935,0.5867167711257935,0.5867167711257935,0.5867167711257935,0,2026-08-03 14:29:00+00:00
0.5868544578552246,0.5868544578552246,0.5868544578552246,0.5868544578552246,0,2026-08-03 14:31:00+00:00
0.5868544578552246,0.5868544578552246,0.5868544578552246,0.5868544578552246,0,2026-08-03 14:33:00+00:00
0.5868889093399048,0.5868889093399048,0.5868889093399048,0.5868889093399048,0,2026-08-03 14:35:00+00:00
0.586923360824585,0.586923360824585,0.586923360824585,0.586923360824585,0,2026-08-03 14:37:00+00:00
0.5867511630058289,0.5867511630058289,0.5867511630058289,0.5867511630058289,0,2026-08-03 14:39:00+00:00
0.5867511630058289,0.5867511630058289,0.5867511630058289,0.5867511630058289,0,2026-08-03 14:41:00+00:00
0.5866134762763977,0.5866134762763977,0.5866134762763977,0.5866134762763977,0,2026-08-03 14:43:00+00:00
0.5867511630058289,0.5867511630058289,0.5867511630058289,0.5867511630058289,0,2026-08-03 14:45:00+00:00
0.5868200063705444,0.5868200063705444,0.5868200063705444,0.5868200063705444,0,2026-08-03 14:47:00+00:00
0.5870956182479858,0.5870956182479858,0.5870956182479858,0.5870956182479858,0,2026-08-03 14:49:00+00:00
0.5870611667633057,0.5870611667633057,0.5870611667633057,0.5870611667633057,0,2026-08-03 14:51:00+00:00
0.5870956182479858,0.5870956182479858,0.5870956182479858,0.5870956182479858,0,2026-08-03 14:53:00+00:00
0.5870611667633057,0.5870611667633057,0.5870611667633057,0.5870611667633057,0,2026-08-03 14:55:00+00:00
0.5871990919113159,0.5871990919113159,0.5871990919113159,0.5871990919113159,0,2026-08-03 14:57:00+00:00
0.5871990919113159,0.5871990919113159,0.5871990919113159,0.5871990919113159,0,2026-08-03 14:59:00+00:00
0.5870611667633057,0.5870611667633057,0.5870611667633057,0.5870611667633057,0,2026-08-03 15:01:00+00:00
0.5869578123092651,0.5869578123092651,0.5869578123092651,0.5869578123092651,0,2026-08-03 15:03:00+00:00
0.586923360824585,0.586923360824585,0.586923360824585,0.586923360824585,0,2026-08-03 15:05:00+00:00
0.5869578123092651,0.5869578123092651,0.5869578123092651,0.5869578123092651,0,2026-08-03 15:07:00+00:00
0.5866134762763977,0.5866134762763977,0.5866134762763977,0.5866134762763977,0,2026-08-03 15:09:00+00:00
0.5865102410316467,0.5865102410316467,0.5865102410316467,0.5865102410316467,0,2026-08-03 15:11:00+00:00
0.5865102410316467,0.5865102410316467,0.5865102410316467,0.5865102410316467,0,2026-08-03 15:13:00+00:00
0.5865790843963623,0.5865790843963623,0.5865790843963623,0.5865790843963623,0,2026-08-03 15:15:00+00:00
0.5865446329116821,0.5865446329116821,0.5865446329116821,0.5865446329116821,0,2026-08-03 15:17:00+00:00
0.5866134762763977,0.5866134762763977,0.5866134762763977,0.5866134762763977,0,2026-08-03 15:19:00+00:00
0.5866823196411133,0.5866823196411133,0.5866823196411133,0.5866823196411133,0,2026-08-03 15:21:00+00:00
0.5867167711257935,0.5867167711257935,0.5867167711257935,0.5867167711257935,0,2026-08-03 15:23:00+00:00
0.5866479277610779,0.5866479277610779,0.5866479277610779,0.5866479277610779,0,2026-08-03 15:25:00+00:00
0.5865102410316467,0.5865102410316467,0.5865102410316467,0.5865102410316467,0,2026-08-03 15:27:00+00:00
0.5863383412361145,0.5863383412361145,0.5863383412361145,0.5863383412361145,0,2026-08-03 15:29:00+00:00
0.5864415168762207,0.5864415168762207,0.5864415168762207,0.5864415168762207,0,2026-08-03 15:31:00+00:00
0.5864758491516113,0.5864758491516113,0.5864758491516113,0.5864758491516113,0,2026-08-03 15:33:00+00:00
0.5864415168762207,0.5864415168762207,0.5864415168762207,0.5864415168762207,0,2026-08-03 15:35:00+00:00
0.5864070653915405,0.5864070653915405,0.5864070653915405,0.5864070653915405,0,2026-08-03 15:37:00+00:00
0.5864758491516113,0.5864758491516113,0.5864758491516113,0.5864758491516113,0,2026-08-03 15:39:00+00:00
0.5866134762763977,0.5866134762763977,0.5866134762763977,0.5866134762763977,0,2026-08-03 15:41:00+00:00
0.5866134762763977,0.5866134762763977,0.5866134762763977,0.5866134762763977,0,2026-08-03 15:43:00+00:00
0.5866479277610779,0.5866479277610779,0.5866479277610779,0.5866479277610779,0,2026-08-03 15:45:00+00:00
0.5866823196411133,0.5866823196411133,0.5866823196411133,0.5866823196411133,0,2026-08-03 15:47:00+00:00
0.5866134762763977,0.5866134762763977,0.5866134762763977,0.5866134762763977,0,2026-08-03 15:49:00+00:00
0.5867167711257935,0.5867167711257935,0.5867167711257935,0.5867167711257935,0,2026-08-03 15:51:00+00:00
0.5867511630058289,0.5867511630058289,0.5867511630058289,0.5867511630058289,0,2026-08-03 15:53:00+00:00
0.5868200063705444,0.5868200063705444,0.5868200063705444,0.5868200063705444,0,2026-08-03 15:55:00+00:00
0.586923360824585,0.586923360824585,0.586923360824585,0.586923360824585,0,2026-08-03 15:57:00+00:00
0.5868889093399048,0.5868889093399048,0.5868889093399048,0.5868889093399048,0,2026-08-03 15:59:00+00:00
0.5868889093399048,0.5868889093399048,0.5868889093399048,0.5868889093399048,0,2026-08-03 16:01:00+00:00
0.586923360824585,0.586923360824585,0.586923360824585,0.586923360824585,0,2026-08-03 16:03:00+00:00
0.5869578123092651,0.5869578123092651,0.5869578123092651,0.5869578123092651,0,2026-08-03 16:05:00+00:00
0.5868200063705444,0.5868200063705444,0.5868200063705444,0.5868200063705444,0,2026-08-03 16:07:00+00:00
0.586923360824585,0.586923360824585,0.586923360824585,0.586923360824585,0,2026-08-03 16:09:00+00:00
0.5869922637939453,0.5869922637939453,0.5869922637939453,0.5869922637939453,0,2026-08-03 16:11:00+00:00
0.586923360824585,0.586923360824585,0.586923360824585,0.586923360824585,0,2026-08-03 16:13:00+00:00
0.5868889093399048,0.5868889093399048,0.5868889093399048,0.5868889093399048,0,2026-08-03 16:15:00+00:00
0.586923360824585,0.586923360824585,0.586923360824585,0.586923360824585,0,2026-08-03 16:17:00+00:00
0.5868544578552246,0.5868544578552246,0.5868544578552246,0.5868544578552246,0,2026-08-03 16:19:00+00:00
0.5869578123092651,0.5869578123092651,0.5869578123092651,0.5869578123092651,0,2026-08-03 16:21:00+00:00
0.586923360824585,0.586923360824585,0.586923360824585,0.586923360824585,0,2026-08-03 16:23:00+00:00
0.5870267152786255,0.5870267152786255,0.5870267152786255,0.5870267152786255,0,2026-08-03 16:25:00+00:00
0.5869578123092651,0.5869578123092651,0.5869578123092651,0.5869578123092651,0,2026-08-03 16:27:00+00:00
0.586923360824585,0.586923360824585,0.586923360824585,0.586923360824585,0,2026-08-03 16:29:00+00:00
0.586923360824585,0.586923360824585,0.586923360824585,0.586923360824585,0,2026-08-03 16:31:00+00:00
0.5868544578552246,0.5868544578552246,0.5868544578552246,0.5868544578552246,0,2026-08-03 16:33:00+00:00
0.5868889093399048,0.5868889093399048,0.5868889093399048,0.5868889093399048,0,2026-08-03 16:35:00+00:00
0.5868889093399048,0.5868889093399048,0.5868889093399048,0.5868889093399048,0,2026-08-03 16:37:00+00:00
0.586923360824585,0.586923360824585,0.586923360824585,0.586923360824585,0,2026-08-03 16:39:00+00:00
0.5869578123092651,0.5869578123092651,0.5869578123092651,0.5869578123092651,0,2026-08-03 16:41:00+00:00
0.5869578123092651,0.5869578123092651,0.5869578123092651,0.5869578123092651,0,2026-08-03 16:43:00+00:00
0.586923360824585,0.586923360824585,0.586923360824585,0.586923360824585,0,2026-08-03 16:45:00+00:00
0.5868200063705444,0.5868200063705444,0.5868200063705444,0.5868200063705444,0,2026-08-03 16:47:00+00:00
0.5868200063705444,0.5868200063705444,0.5868200063705444,0.5868200063705444,0,2026-08-03 16:49:00+00:00
0.586923360824585,0.586923360824585,0.586923360824585,0.586923360824585,0,2026-08-03 16:51:00+00:00
0.5868544578552246,0.5868544578552246,0.5868544578552246,0.5868544578552246,0,2026-08-03 16:53:00+00:00
0.586923360824585,0.586923360824585,0.586923360824585,0.586923360824585,0,2026-08-03 16:55:00+00:00
0.586923360824585,0.586923360824585,0.586923360824585,0.586923360824585,0,2026-08-03 16:57:00+00:00
0.5867855548858643,0.5867855548858643,0.5867855548858643,0.5867855548858643,0,2026-08-03 16:59:00+00:00
0.5866823196411133,0.5866823196411133,0.5866823196411133,0.5866823196411133,0,2026-08-03 17:01:00+00:00
0.5865446329116821,0.5865446329116821,0.5865446329116821,0.5865446329116821,0,2026-08-03 17:03:00+00:00
0.5865102410316467,0.5865102410316467,0.5865102410316467,0.5865102410316467,0,2026-08-03 17:05:00+00:00
0.5864070653915405,0.5864070653915405,0.5864070653915405,0.5864070653915405,0,2026-08-03 17:07:00+00:00
0.5864070653915405,0.5864070653915405,0.5864070653915405,0.5864070653915405,0,2026-08-03 17:09:00+00:00
0.5864070653915405,0.5864070653915405,0.5864070653915405,0.5864070653915405,0,2026-08-03 17:11:00+00:00
0.5864415168762207,0.5864415168762207,0.5864415168762207,0.5864415168762207,0,2026-08-03 17:13:00+00:00
0.5864415168762207,0.5864415168762207,0.5864415168762207,0.5864415168762207,0,2026-08-03 17:15:00+00:00
0.5863726735115051,0.5863726735115051,0.5863726735115051,0.5863726735115051,0,2026-08-03 17:17:00+00:00
0.5864070653915405,0.5864070653915405,0.5864070653915405,0.5864070653915405,0,2026-08-03 17:19:00+00:00
0.5864415168762207,0.5864415168762207,0.5864415168762207,0.5864415168762207,0,2026-08-03 17:21:00+00:00
0.5864070653915405,0.5864070653915405,0.5864070653915405,0.5864070653915405,0,2026-08-03 17:23:00+00:00
0.5864415168762207,0.5864415168762207,0.5864415168762207,0.5864415168762207,0,2026-08-03 17:25:00+00:00
0.5863726735115051,0.5863726735115051,0.5863726735115051,0.5863726735115051,0,2026-08-03 17:27:00+00:00
0.5864070653915405,0.5864070653915405,0.5864070653915405,0.5864070653915405,0,2026-08-03 17:29:00+00:00
0.5864415168762207,0.5864415168762207,0.5864415168762207,0.5864415168762207,0,2026-08-03 17:31:00+00:00
0.5864758491516113,0.5864758491516113,0.5864758491516113,0.5864758491516113,0,2026-08-03 17:33:00+00:00
0.5864415168762207,0.5864415168762207,0.5864415168762207,0.5864415168762207,0,2026-08-03 17:35:00+00:00
0.5863726735115051,0.5863726735115051,0.5863726735115051,0.5863726735115051,0,2026-08-03 17:37:00+00:00
0.5863726735115051,0.5863726735115051,0.5863726735115051,0.5863726735115051,0,2026-08-03 17:39:00+00:00
0.5864415168762207,0.5864415168762207,0.5864415168762207,0.5864415168762207,0,2026-08-03 17:41:00+00:00
0.5863726735115051,0.5863726735115051,0.5863726735115051,0.5863726735115051,0,2026-08-03 17:43:00+00:00
0.5864758491516113,0.5864758491516113,0.5864758491516113,0.5864758491516113,0,2026-08-03 17:45:00+00:00
0.5865102410316467,0.5865102410316467,0.5865102410316467,0.5865102410316467,0,2026-08-03 17:47:00+00:00
0.5864758491516113,0.5864758491516113,0.5864758491516113,0.5864758491516113,0,2026-08-03 17:49:00+00:00
0.5863726735115051,0.5863726735115051,0.5863726735115051,0.5863726735115051,0,2026-08-03 17:51:00+00:00
0.5863039493560791,0.5863039493560791,0.5863039493560791,0.5863039493560791,0,2026-08-03 17:53:00+00:00
0.5863039493560791,0.5863039493560791,0.5863039493560791,0.5863039493560791,0,2026-08-03 17:55:00+00:00
0.5862695574760437,0.5862695574760437,0.5862695574760437,0.5862695574760437,0,2026-08-03 17:57:00+00:00
0.5862351655960083,0.5862351655960083,0.5862351655960083,0.5862351655960083,0,2026-08-03 17:59:00+00:00
0.5862351655960083,0.5862351655960083,0.5862351655960083,0.5862351655960083,0,2026-08-03 18:01:00+00:00
0.5862351655960083,0.5862351655960083,0.5862351655960083,0.5862351655960083,0,2026-08-03 18:03:00+00:00
0.5863039493560791,0.5863039493560791,0.5863039493560791,0.5863039493560791,0,2026-08-03 18:05:00+00:00
0.5863726735115051,0.5863726735115051,0.5863726735115051,0.5863726735115051,0,2026-08-03 18:07:00+00:00
0.5865446329116821,0.5865446329116821,0.5865446329116821,0.5865446329116821,0,2026-08-03 18:09:00+00:00
0.5864758491516113,0.5864758491516113,0.5864758491516113,0.5864758491516113,0,2026-08-03 18:11:00+00:00
0.5864758491516113,0.5864758491516113,0.5864758491516113,0.5864758491516113,0,2026-08-03 18:13:00+00:00
0.5865446329116821,0.5865446329116821,0.5865446329116821,0.5865446329116821,0,2026-08-03 18:15:00+00:00
0.5866134762763977,0.5866134762763977,0.5866134762763977,0.5866134762763977,0,2026-08-03 18:17:00+00:00
0.5866823196411133,0.5866823196411133,0.5866823196411133,0.5866823196411133,0,2026-08-03 18:19:00+00:00
0.5866823196411133,0.5866823196411133,0.5866823196411133,0.5866823196411133,0,2026-08-03 18:21:00+00:00
0.5866479277610779,0.5866479277610779,0.5866479277610779,0.5866479277610779,0,2026-08-03 18:23:00+00:00
0.5865790843963623,0.5865790843963623,0.5865790843963623,0.5865790843963623,0,2026-08-03 18:25:00+00:00
0.5865790843963623,0.5865790843963623,0.5865790843963623,0.5865790843963623,0,2026-08-03 18:27:00+00:00
0.5865790843963623,0.5865790843963623,0.5865790843963623,0.5865790843963623,0,2026-08-03 18:29:00+00:00
0.5866823196411133,0.5866823196411133,0.5866823196411133,0.5866823196411133,0,2026-08-03 18:31:00+00:00
0.5866823196411133,0.5866823196411133,0.5866823196411133,0.5866823196411133,0,2026-08-03 18:33:00+00:00
0.5867167711257935,0.5867167711257935,0.5867167711257935,0.5867167711257935,0,2026-08-03 18:35:00+00:00
0.5867167711257935,0.5867167711257935,0.5867167711257935,0.5867167711257935,0,2026-08-03 18:37:00+00:00
0.5866479277610779,0.5866479277610779,0.5866479277610779,0.5866479277610779,0,2026-08-03 18:39:00+00:00
0.5866823196411133,0.5866823196411133,0.5866823196411133,0.5866823196411133,0,2026-08-03 18:41:00+00:00
0.5868544578552246,0.5868544578552246,0.5868544578552246,0.5868544578552246,0,2026-08-03 18:43:00+00:00
0.5869578123092651,0.5869578123092651,0.5869578123092651,0.5869578123092651,0,2026-08-03 18:45:00+00:00
0.5869578123092651,0.5869578123092651,0.5869578123092651,0.5869578123092651,0,2026-08-03 18:47:00+00:00
0.5870611667633057,0.5870611667633057,0.5870611667633057,0.5870611667633057,0,2026-08-03 18:49:00+00:00
0.5871301293373108,0.5871301293373108,0.5871301293373108,0.5871301293373108,0,2026-08-03 18:51:00+00:00
0.587164580821991,0.587164580821991,0.587164580821991,0.587164580821991,0,2026-08-03 18:53:00+00:00
0.5871990919113159,0.5871990919113159,0.5871990919113159,0.5871990919113159,0,2026-08-03 18:55:00+00:00
0.587164580821991,0.587164580821991,0.587164580821991,0.587164580821991,0,2026-08-03 18:57:00+00:00
0.587164580821991,0.587164580821991,0.587164580821991,0.587164580821991,0,2026-08-03 18:59:00+00:00
0.5873370170593262,0.5873370170593262,0.5873370170593262,0.5873370170593262,0,2026-08-03 19:01:00+00:00
0.5873025059700012,0.5873025059700012,0.5873025059700012,0.5873025059700012,0,2026-08-03 19:03:00+00:00
0.5873025059700012,0.5873025059700012,0.5873025059700012,0.5873025059700012,0,2026-08-03 19:05:00+00:00
0.5872335433959961,0.5872335433959961,0.5872335433959961,0.5872335433959961,0,2026-08-03 19:07:00+00:00
0.5871990919113159,0.5871990919113159,0.5871990919113159,0.5871990919113159,0,2026-08-03 19:09:00+00:00
0.5871990919113159,0.5871990919113159,0.5871990919113159,0.5871990919113159,0,2026-08-03 19:11:00+00:00
0.5871990919113159,0.5871990919113159,0.5871990919113159,0.5871990919113159,0,2026-08-03 19:13:00+00:00
0.5871990919113159,0.5871990919113159,0.5871990919113159,0.5871990919113159,0,2026-08-03 19:15:00+00:00
0.5871990919113159,0.5871990919113159,0.5871990919113159,0.5871990919113159,0,2026-08-03 19:17:00+00:00
0.587164580821991,0.587164580821991,0.587164580821991,0.587164580821991,0,2026-08-03 19:19:00+00:00
0.5871990919113159,0.5871990919113159,0.5871990919113159,0.5871990919113159,0,2026-08-03 19:21:00+00:00
0.5871990919113159,0.5871990919113159,0.5871990919113159,0.5871990919113159,0,2026-08-03 19:23:00+00:00
0.5873370170593262,0.5873370170593262,0.5873370170593262,0.5873370170593262,0,2026-08-03 19:25:00+00:00
0.5873025059700012,0.5873025059700012,0.5873025059700012,0.5873025059700012,0,2026-08-03 19:27:00+00:00
0.5872679948806763,0.5872679948806763,0.5872679948806763,0.5872679948806763,0,2026-08-03 19:29:00+00:00
0.587164580821991,0.587164580821991,0.587164580821991,0.587164580821991,0,2026-08-03 19:31:00+00:00
0.5871301293373108,0.5871301293373108,0.5871301293373108,0.5871301293373108,0,2026-08-03 19:33:00+00:00
0.5872335433959961,0.5872335433959961,0.5872335433959961,0.5872335433959961,0,2026-08-03 19:35:00+00:00
0.5872335433959961,0.5872335433959961,0.5872335433959961,0.5872335433959961,0,2026-08-03 19:37:00+00:00
0.5872335433959961,0.5872335433959961,0.5872335433959961,0.5872335433959961,0,2026-08-03 19:39:00+00:00
0.5872335433959961,0.5872335433959961,0.5872335433959961,0.5872335433959961,0,2026-08-03 19:41:00+00:00
0.5872679948806763,0.5872679948806763,0.5872679948806763,0.5872679948806763,0,2026-08-03 19:43:00+00:00
0.5873025059700012,0.5873025059700012,0.5873025059700012,0.5873025059700012,0,2026-08-03 19:45:00+00:00
0.5873025059700012,0.5873025059700012,0.5873025059700012,0.5873025059700012,0,2026-08-03 19:47:00+00:00
0.5873025059700012,0.5873025059700012,0.5873025059700012,0.5873025059700012,0,2026-08-03 19:49:00+00:00
0.5873025059700012,0.5873025059700012,0.5873025059700012,0.5873025059700012,0,2026-08-03 19:51:00+00:00
0.5872679948806763,0.5872679948806763,0.5872679948806763,0.5872679948806763,0,2026-08-03 19:53:00+00:00
0.5872335433959961,0.5872335433959961,0.5872335433959961,0.5872335433959961,0,2026-08-03 19:55:00+00:00
0.5872335433959961,0.5872335433959961,0.5872335433959961,0.5872335433959961,0,2026-08-03 19:57:00+00:00
0.5872679948806763,0.5872679948806763,0.5872679948806763,0.5872679948806763,0,2026-08-03 19:59:00+00:00
0.5872335433959961,0.5872335433959961,0.5872335433959961,0.5872335433959961,0,2026-08-03 20:01:00+00:00
0.5872679948806763,0.5872679948806763,0.5872679948806763,0.5872679948806763,0,2026-08-03 20:03:00+00:00
0.5872679948806763,0.5872679948806763,0.5872679948806763,0.5872679948806763,0,2026-08-03 20:05:00+00:00
0.5872679948806763,0.5872679948806763,0.5872679948806763,0.5872679948806763,0,2026-08-03 20:07:00+00:00
0.5872335433959961,0.5872335433959961,0.5872335433959961,0.5872335433959961,0,2026-08-03 20:09:00+00:00
0.5871990919113159,0.5871990919113159,0.5871990919113159,0.5871990919113159,0,2026-08-03 20:11:00+00:00
0.5872335433959961,0.5872335433959961,0.5872335433959961,0.5872335433959961,0,2026-08-03 20:13:00+00:00
0.5870956182479858,0.5870956182479858,0.5870956182479858,0.5870956182479858,0,2026-08-03 20:15:00+00:00
0.5870956182479858,0.5870956182479858,0.5870956182479858,0.5870956182479858,0,2026-08-03 20:17:00+00:00
0.5871301293373108,0.5871301293373108,0.5871301293373108,0.5871301293373108,0,2026-08-03 20:19:00+00:00
0.5871301293373108,0.5871301293373108,0.5871301293373108,0.5871301293373108,0,2026-08-03 20:21:00+00:00
0.5871301293373108,0.5871301293373108,0.5871301293373108,0.5871301293373108,0,2026-08-03 20:23:00+00:00
0.587164580821991,0.587164580821991,0.587164580821991,0.587164580821991,0,2026-08-03 20:25:00+00:00
0.5871990919113159,0.5871990919113159,0.5871990919113159,0.5871990919113159,0,2026-08-03 20:27:00+00:00
0.5871990919113159,0.5871990919113159,0.5871990919113159,0.5871990919113159,0,2026-08-03 20:29:00+00:00
0.5873025059700012,0.5873025059700012,0.5873025059700012,0.5873025059700012,0,2026-08-03 20:31:00+00:00
0.5873370170593262,0.5873370170593262,0.5873370170593262,0.5873370170593262,0,2026-08-03 20:33:00+00:00
0.5873370170593262,0.5873370170593262,0.5873370170593262,0.5873370170593262,0,2026-08-03 20:35:00+00:00
0.5874060392379761,0.5874060392379761,0.5874060392379761,0.5874060392379761,0,2026-08-03 20:37:00+00:00
0.5873370170593262,0.5873370170593262,0.5873370170593262,0.5873370170593262,0,2026-08-03 20:39:00+00:00
0.5873715281486511,0.5873715281486511,0.5873715281486511,0.5873715281486511,0,2026-08-03 20:41:00+00:00
0.5873715281486511,0.5873715281486511,0.5873715281486511,0.5873715281486511,0,2026-08-03 20:43:00+00:00
0.5874060392379761,0.5874060392379761,0.5874060392379761,0.5874060392379761,0,2026-08-03 20:45:00+00:00
0.5874060392379761,0.5874060392379761,0.5874060392379761,0.5874060392379761,0,2026-08-03 20:47:00+00:00
0.5874060392379761,0.5874060392379761,0.5874060392379761,0.5874060392379761,0,2026-08-03 20:49:00+00:00
0.5873370170593262,0.5873370170593262,0.5873370170593262,0.5873370170593262,0,2026-08-03 20:51:00+00:00
0.5872679948806763,0.5872679948806763,0.5872679948806763,0.5872679948806763,0,2026-08-03 20:53:00+00:00
0.5872679948806763,0.5872679948806763,0.5872679948806763,0.5872679948806763,0,2026-08-03 20:55:00+00:00
0.5872679948806763,0.5872679948806763,0.5872679948806763,0.5872679948806763,0,2026-08-03 20:57:00+00:00
0.5871990919113159,0.5871990919113159,0.5871990919113159,0.5871990919113159,0,2026-08-03 20:59:00+00:00
0.586923360824585,0.586923360824585,0.586923360824585,0.586923360824585,0,2026-08-03 21:01:00+00:00
0.586923360824585,0.586923360824585,0.586923360824585,0.586923360824585,0,2026-08-03 21:03:00+00:00
0.5865446329116821,0.5865446329116821,0.5865446329116821,0.5865446329116821,0,2026-08-03 21:05:00+00:00
0.5870267152786255,0.5870267152786255,0.5870267152786255,0.5870267152786255,0,2026-08-03 21:07:00+00:00
0.5868544578552246,0.5868544578552246,0.5868544578552246,0.5868544578552246,0,2026-08-03 21:09:00+00:00
0.587164580821991,0.587164580821991,0.587164580821991,0.587164580821991,0,2026-08-03 21:11:00+00:00
0.5868889093399048,0.5868889093399048,0.5868889093399048,0.5868889093399048,0,2026-08-03 21:13:00+00:00
0.5869922637939453,0.5869922637939453,0.5869922637939453,0.5869922637939453,0,2026-08-03 21:15:00+00:00
0.5872335433959961,0.5872335433959961,0.5872335433959961,0.5872335433959961,0,2026-08-03 21:17:00+00:00
0.5868200063705444,0.5868200063705444,0.5868200063705444,0.5868200063705444,0,2026-08-03 21:19:00+00:00
0.5868200063705444,0.5868200063705444,0.5868200063705444,0.5868200063705444,0,2026-08-03 21:21:00+00:00
0.5873370170593262,0.5873370170593262,0.5873370170593262,0.5873370170593262,0,2026-08-03 21:23:00+00:00
0.5870267152786255,0.5870267152786255,0.5870267152786255,0.5870267152786255,0,2026-08-03 21:25:00+00:00
0.5869922637939453,0.5869922637939453,0.5869922637939453,0.5869922637939453,0,2026-08-03 21:27:00+00:00
0.5868889093399048,0.5868889093399048,0.5868889093399048,0.5868889093399048,0,2026-08-03 21:29:00+00:00
0.5868200063705444,0.5868200063705444,0.5868200063705444,0.5868200063705444,0,2026-08-03 21:31:00+00:00
0.5866823196411133,0.5866823196411133,0.5866823196411133,0.5866823196411133,0,2026-08-03 21:33:00+00:00
0.5867511630058289,0.5867511630058289,0.5867511630058289,0.5867511630058289,0,2026-08-03 21:35:00+00:00
0.5865446329116821,0.5865446329116821,0.5865446329116821,0.5865446329116821,0,2026-08-03 21:37:00+00:00
0.5868200063705444,0.5868200063705444,0.5868200063705444,0.5868200063705444,0,2026-08-03 21:39:00+00:00
0.5873025059700012,0.5873025059700012,0.5873025059700012,0.5873025059700012,0,2026-08-03 21:41:00+00:00
0.5878203511238098,0.5878203511238098,0.5878203511238098,0.5878203511238098,0,2026-08-03 21:43:00+00:00
0.5872679948806763,0.5872679948806763,0.5872679948806763,0.5872679948806763,0,2026-08-03 21:45:00+00:00
0.5871990919113159,0.5871990919113159,0.5871990919113159,0.5871990919113159,0,2026-08-03 21:47:00+00:00
0.5872679948806763,0.5872679948806763,0.5872679948806763,0.5872679948806763,0,2026-08-03 21:49:00+00:00
0.5872679948806763,0.5872679948806763,0.5872679948806763,0.5872679948806763,0,2026-08-03 21:51:00+00:00
0.5872679948806763,0.5872679948806763,0.5872679948806763,0.5872679948806763,0,2026-08-03 21:53:00+00:00
0.5872679948806763,0.5872679948806763,0.5872679948806763,0.5872679948806763,0,2026-08-03 21:55:00+00:00
0.5872335433959961,0.5872335433959961,0.5872335433959961,0.5872335433959961,0,2026-08-03 21:57:00+00:00
0.587164580821991,0.587164580821991,0.587164580821991,0.587164580821991,0,2026-08-03 21:59:00+00:00
0.587164580821991,0.587164580821991,0.587164580821991,0.587164580821991,0,2026-08-03 22:01:00+00:00
0.5870267152786255,0.5870267152786255,0.5870267152786255,0.5870267152786255,0,2026-08-03 22:03:00+00:00
0.5870611667633057,0.5870611667633057,0.5870611667633057,0.5870611667633057,0,2026-08-03 22:05:00+00:00
0.587164580821991,0.587164580821991,0.587164580821991,0.587164580821991,0,2026-08-03 22:07:00+00:00
0.587164580821991,0.587164580821991,0.587164580821991,0.587164580821991,0,2026-08-03 22:09:00+00:00
0.587164580821991,0.587164580821991,0.587164580821991,0.587164580821991,0,2026-08-03 22:11:00+00:00
0.5870956182479858,0.5870956182479858,0.5870956182479858,0.5870956182479858,0,2026-08-03 22:13:00+00:00
0.5870956182479858,0.5870956182479858,0.5870956182479858,0.5870956182479858,0,2026-08-03 22:15:00+00:00
0.587164580821991,0.587164580821991,0.587164580821991,0.587164580821991,0,2026-08-03 22:17:00+00:00
0.5871990919113159,0.5871990919113159,0.5871990919113159,0.5871990919113159,0,2026-08-03 22:19:00+00:00
0.5871301293373108,0.5871301293373108,0.5871301293373108,0.5871301293373108,0,2026-08-03 22:21:00+00:00
0.5871301293373108,0.5871301293373108,0.5871301293373108,0.5871301293373108,0,2026-08-03 22:23:00+00:00
0.5871301293373108,0.5871301293373108,0.5871301293373108,0.5871301293373108,0,2026-08-03 22:25:00+00:00
0.5870956182479858,0.5870956182479858,0.5870956182479858,0.5870956182479858,0,2026-08-03 22:27:00+00:00
0.5870956182479858,0.5870956182479858,0.5870956182479858,0.5870956182479858,0,2026-08-03 22:29:00+00:00
0.5871301293373108,0.5871301293373108,0.5871301293373108,0.5871301293373108,0,2026-08-03 22:31:00+00:00
0.5871301293373108,0.5871301293373108,0.5871301293373108,0.5871301293373108,0,2026-08-03 22:33:00+00:00
0.5870956182479858,0.5870956182479858,0.5870956182479858,0.5870956182479858,0,2026-08-03 22:35:00+00:00
0.5870267152786255,0.5870267152786255,0.5870267152786255,0.5870267152786255,0,2026-08-03 22:37:00+00:00
0.5870611667633057,0.5870611667633057,0.5870611667633057,0.5870611667633057,0,2026-08-03 22:39:00+00:00
0.587164580821991,0.587164580821991,0.587164580821991,0.587164580821991,0,2026-08-03 22:41:00+00:00
0.5871301293373108,0.5871301293373108,0.5871301293373108,0.5871301293373108,0,2026-08-03 22:43:00+00:00
0.5871301293373108,0.5871301293373108,0.5871301293373108,0.5871301293373108,0,2026-08-03 22:45:00+00:00
0.5871301293373108,0.5871301293373108,0.5871301293373108,0.5871301293373108,0,2026-08-03 22:47:00+00:00
0.5871990919113159,0.5871990919113159,0.5871990919113159,0.5871990919113159,0,2026-08-03 22:49:00+00:00
0.5871990919113159,0.5871990919113159,0.5871990919113159,0.5871990919113159,0,2026-08-03 22:51:00+00:00
0.5872335433959961,0.5872335433959961,0.5872335433959961,0.5872335433959961,0,2026-08-03 22:53:00+00:00
0.587164580821991,0.587164580821991,0.587164580821991,0.587164580821991,0,2026-08-03 22:55:00+00:00
0.587164580821991,0.587164580821991,0.587164580821991,0.587164580821991,0,2026-08-03 22:57:00+00:00
0.5871301293373108,0.5871301293373108,0.5871301293373108,0.5871301293373108,0,2026-08-03 23:01:00+00:00
0.5871301293373108,0.5871301293373108,0.5871301293373108,0.5871301293373108,0,2026-08-03 23:03:00+00:00
0.5870956182479858,0.5870956182479858,0.5870956182479858,0.5870956182479858,0,2026-08-03 23:05:00+00:00
0.5871301293373108,0.5871301293373108,0.5871301293373108,0.5871301293373108,0,2026-08-03 23:07:00+00:00
0.5871301293373108,0.5871301293373108,0.5871301293373108,0.5871301293373108,0,2026-08-03 23:09:00+00:00
0.5871301293373108,0.5871301293373108,0.5871301293373108,0.5871301293373108,0,2026-08-03 23:11:00+00:00
0.5871301293373108,0.5871301293373108,0.5871301293373108,0.5871301293373108,0,2026-08-03 23:13:00+00:00
0.587164580821991,0.587164580821991,0.587164580821991,0.587164580821991,0,2026-08-03 23:15:00+00:00
0.5871301293373108,0.5871301293373108,0.5871301293373108,0.5871301293373108,0,2026-08-03 23:17:00+00:00
0.5870956182479858,0.5870956182479858,0.5870956182479858,0.5870956182479858,0,2026-08-03 23:19:00+00:00
0.5870611667633057,0.5870611667633057,0.5870611667633057,0.5870611667633057,0,2026-08-03 23:21:00+00:00
0.5870611667633057,0.5870611667633057,0.5870611667633057,0.5870611667633057,0,2026-08-03 23:23:00+00:00
0.5870267152786255,0.5870267152786255,0.5870267152786255,0.5870267152786255,0,2026-08-03 23:25:00+00:00
0.5870611667633057,0.5870611667633057,0.5870611667633057,0.5870611667633057,0,2026-08-03 23:27:00+00:00
0.5869922637939453,0.5869922637939453,0.5869922637939453,0.5869922637939453,0,2026-08-03 23:29:00+00:00
0.5869578123092651,0.5869578123092651,0.5869578123092651,0.5869578123092651,0,2026-08-03 23:31:00+00:00
0.5869922637939453,0.5869922637939453,0.5869922637939453,0.5869922637939453,0,2026-08-03 23:33:00+00:00
0.5868889093399048,0.5868889093399048,0.5868889093399048,0.5868889093399048,0,2026-08-03 23:35:00+00:00
0.5868889093399048,0.5868889093399048,0.5868889093399048,0.5868889093399048,0,2026-08-03 23:37:00+00:00
0.5868544578552246,0.5868544578552246,0.5868544578552246,0.5868544578552246,0,2026-08-03 23:39:00+00:00
0.5868889093399048,0.5868889093399048,0.5868889093399048,0.5868889093399048,0,2026-08-03 23:41:00+00:00
0.586923360824585,0.586923360824585,0.586923360824585,0.586923360824585,0,2026-08-03 23:43:00+00:00
0.586923360824585,0.586923360824585,0.586923360824585,0.586923360824585,0,2026-08-03 23:45:00+00:00
0.5869922637939453,0.5869922637939453,0.5869922637939453,0.5869922637939453,0,2026-08-03 23:47:00+00:00
0.5869922637939453,0.5869922637939453,0.5869922637939453,0.5869922637939453,0,2026-08-03 23:49:00+00:00
0.5868889093399048,0.5868889093399048,0.5868889093399048,0.5868889093399048,0,2026-08-03 23:51:00+00:00
0.5868544578552246,0.5868544578552246,0.5868544578552246,0.5868544578552246,0,2026-08-03 23:53:00+00:00
0.5868200063705444,0.5868200063705444,0.5868200063705444,0.5868200063705444,0,2026-08-03 23:55:00+00:00
0.5868544578552246,0.5868544578552246,0.5868544578552246,0.5868544578552246,0,2026-08-03 23:57:00+00:00
0.5867855548858643,0.5867855548858643,0.5867855548858643,0.5867855548858643,0,2026-08-03 23:59:00+00:00
0.5867511630058289,0.5867511630058289,0.5867511630058289,0.5867511630058289,0,2026-08-04 00:01:00+00:00
0.5867511630058289,0.5867511630058289,0.5867511630058289,0.5867511630058289,0,2026-08-04 00:03:00+00:00
0.5868544578552246,0.5868544578552246,0.5868544578552246,0.5868544578552246,0,2026-08-04 00:05:00+00:00
0.5869578123092651,0.5869578123092651,0.5869578123092651,0.5869578123092651,0,2026-08-04 00:07:00+00:00
0.5871301293373108,0.5871301293373108,0.5871301293373108,0.5871301293373108,0,2026-08-04 00:09:00+00:00
0.586923360824585,0.586923360824585,0.586923360824585,0.586923360824585,0,2026-08-04 00:11:00+00:00
0.5868200063705444,0.5868200063705444,0.5868200063705444,0.5868200063705444,0,2026-08-04 00:13:00+00:00
0.5867855548858643,0.5867855548858643,0.5867855548858643,0.5867855548858643,0,2026-08-04 00:15:00+00:00
0.5868200063705444,0.5868200063705444,0.5868200063705444,0.5868200063705444,0,2026-08-04 00:17:00+00:00
0.5868544578552246,0.5868544578552246,0.5868544578552246,0.5868544578552246,0,2026-08-04 00:19:00+00:00
0.5870611667633057,0.5870611667633057,0.5870611667633057,0.5870611667633057,0,2026-08-04 00:21:00+00:00
0.5870956182479858,0.5870956182479858,0.5870956182479858,0.5870956182479858,0,2026-08-04 00:23:00+00:00
0.5870956182479858,0.5870956182479858,0.5870956182479858,0.5870956182479858,0,2026-08-04 00:25:00+00:00
0.5870611667633057,0.5870611667633057,0.5870611667633057,0.5870611667633057,0,2026-08-04 00:27:00+00:00
0.5870956182479858,0.5870956182479858,0.5870956182479858,0.5870956182479858,0,2026-08-04 00:29:00+00:00
0.5870956182479858,0.5870956182479858,0.5870956182479858,0.5870956182479858,0,2026-08-04 00:31:00+00:00
0.5872335433959961,0.5872335433959961,0.5872335433959961,0.5872335433959961,0,2026-08-04 00:33:00+00:00
0.5871301293373108,0.5871301293373108,0.5871301293373108,0.5871301293373108,0,2026-08-04 00:35:00+00:00
0.5871990919113159,0.5871990919113159,0.5871990919113159,0.5871990919113159,0,2026-08-04 00:37:00+00:00
0.5874060392379761,0.5874060392379761,0.5874060392379761,0.5874060392379761,0,2026-08-04 00:39:00+00:00
0.5872679948806763,0.5872679948806763,0.5872679948806763,0.5872679948806763,0,2026-08-04 00:41:00+00:00
0.5872679948806763,0.5872679948806763,0.5872679948806763,0.5872679948806763,0,2026-08-04 00:43:00+00:00
0.5871990919113159,0.5871990919113159,0.5871990919113159,0.5871990919113159,0,2026-08-04 00:45:00+00:00
0.5870267152786255,0.5870267152786255,0.5870267152786255,0.5870267152786255,0,2026-08-04 00:47:00+00:00
0.5869922637939453,0.5869922637939453,0.5869922637939453,0.5869922637939453,0,2026-08-04 00:49:00+00:00
0.5868889093399048,0.5868889093399048,0.5868889093399048,0.5868889093399048,0,2026-08-04 00:51:00+00:00
0.5870611667633057,0.5870611667633057,0.5870611667633057,0.5870611667633057,0,2026-08-04 00:53:00+00:00
0.5869922637939453,0.5869922637939453,0.5869922637939453,0.5869922637939453,0,2026-08-04 00:55:00+00:00
0.586923360824585,0.586923360824585,0.586923360824585,0.586923360824585,0,2026-08-04 00:57:00+00:00
0.5868200063705444,0.5868200063705444,0.5868200063705444,0.5868200063705444,0,2026-08-04 00:59:00+00:00
0.5866823196411133,0.5866823196411133,0.5866823196411133,0.5866823196411133,0,2026-08-04 01:01:00+00:00
0.5867167711257935,0.5867167711257935,0.5867167711257935,0.5867167711257935,0,2026-08-04 01:03:00+00:00
0.586923360824585,0.586923360824585,0.586923360824585,0.586923360824585,0,2026-08-04 01:05:00+00:00
0.5868889093399048,0.5868889093399048,0.5868889093399048,0.5868889093399048,0,2026-08-04 01:07:00+00:00
0.5867855548858643,0.5867855548858643,0.5867855548858643,0.5867855548858643,0,2026-08-04 01:09:00+00:00
0.5868544578552246,0.5868544578552246,0.5868544578552246,0.5868544578552246,0,2026-08-04 01:11:00+00:00
0.5869578123092651,0.5869578123092651,0.5869578123092651,0.5869578123092651,0,2026-08-04 01:13:00+00:00
0.5868889093399048,0.5868889093399048,0.5868889093399048,0.5868889093399048,0,2026-08-04 01:15:00+00:00
0.586923360824585,0.586923360824585,0.586923360824585,0.586923360824585,0,2026-08-04 01:17:00+00:00
0.5871301293373108,0.5871301293373108,0.5871301293373108,0.5871301293373108,0,2026-08-04 01:19:00+00:00
0.5869922637939453,0.5869922637939453,0.5869922637939453,0.5869922637939453,0,2026-08-04 01:21:00+00:00
0.5870267152786255,0.5870267152786255,0.5870267152786255,0.5870267152786255,0,2026-08-04 01:23:00+00:00
0.5870956182479858,0.5870956182479858,0.5870956182479858,0.5870956182479858,0,2026-08-04 01:25:00+00:00
0.5870611667633057,0.5870611667633057,0.5870611667633057,0.5870611667633057,0,2026-08-04 01:27:00+00:00
0.5869578123092651,0.5869578123092651,0.5869578123092651,0.5869578123092651,0,2026-08-04 01:29:00+00:00
0.587164580821991,0.587164580821991,0.587164580821991,0.587164580821991,0,2026-08-04 01:31:00+00:00
0.5871301293373108,0.5871301293373108,0.5871301293373108,0.5871301293373108,0,2026-08-04 01:33:00+00:00
0.5870267152786255,0.5870267152786255,0.5870267152786255,0.5870267152786255,0,2026-08-04 01:35:00+00:00
0.5869922637939453,0.5869922637939453,0.5869922637939453,0.5869922637939453,0,2026-08-04 01:37:00+00:00
0.5870267152786255,0.5870267152786255,0.5870267152786255,0.5870267152786255,0,2026-08-04 01:39:00+00:00
0.5870267152786255,0.5870267152786255,0.5870267152786255,0.5870267152786255,0,2026-08-04 01:41:00+00:00
0.5870267152786255,0.5870267152786255,0.5870267152786255,0.5870267152786255,0,2026-08-04 01:43:00+00:00
0.5869922637939453,0.5869922637939453,0.5869922637939453,0.5869922637939453,0,2026-08-04 01:45:00+00:00
0.5869922637939453,0.5869922637939453,0.5869922637939453,0.5869922637939453,0,2026-08-04 01:47:00+00:00
0.5867855548858643,0.5867855548858643,0.5867855548858643,0.5867855548858643,0,2026-08-04 01:49:00+00:00
0.5868889093399048,0.5868889093399048,0.5868889093399048,0.5868889093399048,0,2026-08-04 01:51:00+00:00
0.5868889093399048,0.5868889093399048,0.5868889093399048,0.5868889093399048,0,2026-08-04 01:53:00+00:00
0.5869578123092651,0.5869578123092651,0.5869578123092651,0.5869578123092651,0,2026-08-04 01:55:00+00:00
0.586923360824585,0.586923360824585,0.586923360824585,0.586923360824585,0,2026-08-04 01:57:00+00:00
0.586923360824585,0.586923360824585,0.586923360824585,0.586923360824585,0,2026-08-04 01:59:00+00:00
0.5870956182479858,0.5870956182479858,0.5870956182479858,0.5870956182479858,0,2026-08-04 02:01:00+00:00
0.5868889093399048,0.5868889093399048,0.5868889093399048,0.5868889093399048,0,2026-08-04 02:03:00+00:00
0.5867511630058289,0.5867511630058289,0.5867511630058289,0.5867511630058289,0,2026-08-04 02:05:00+00:00
0.5868544578552246,0.5868544578552246,0.5868544578552246,0.5868544578552246,0,2026-08-04 02:07:00+00:00
0.5870267152786255,0.5870267152786255,0.5870267152786255,0.5870267152786255,0,2026-08-04 02:09:00+00:00
0.586923360824585,0.586923360824585,0.586923360824585,0.586923360824585,0,2026-08-04 02:11:00+00:00
0.5871301293373108,0.5871301293373108,0.5871301293373108,0.5871301293373108,0,2026-08-04 02:13:00+00:00
0.5871301293373108,0.5871301293373108,0.5871301293373108,0.5871301293373108,0,2026-08-04 02:15:00+00:00
0.5871301293373108,0.5871301293373108,0.5871301293373108,0.5871301293373108,0,2026-08-04 02:17:00+00:00
0.5870611667633057,0.5870611667633057,0.5870611667633057,0.5870611667633057,0,2026-08-04 02:19:00+00:00
0.5869922637939453,0.5869922637939453,0.5869922637939453,0.5869922637939453,0,2026-08-04 02:21:00+00:00
0.5869578123092651,0.5869578123092651,0.5869578123092651,0.5869578123092651,0,2026-08-04 02:23:00+00:00
0.5869578123092651,0.5869578123092651,0.5869578123092651,0.5869578123092651,0,2026-08-04 02:25:00+00:00
0.5867855548858643,0.5867855548858643,0.5867855548858643,0.5867855548858643,0,2026-08-04 02:27:00+00:00
0.5868889093399048,0.5868889093399048,0.5868889093399048,0.5868889093399048,0,2026-08-04 02:29:00+00:00
0.5869922637939453,0.5869922637939453,0.5869922637939453,0.5869922637939453,0,2026-08-04 02:31:00+00:00
0.5869922637939453,0.5869922637939453,0.5869922637939453,0.5869922637939453,0,2026-08-04 02:33:00+00:00
0.5870267152786255,0.5870267152786255,0.5870267152786255,0.5870267152786255,0,2026-08-04 02:35:00+00:00
0.5870267152786255,0.5870267152786255,0.5870267152786255,0.5870267152786255,0,2026-08-04 02:37:00+00:00
0.5870611667633057,0.5870611667633057,0.5870611667633057,0.5870611667633057,0,2026-08-04 02:39:00+00:00
0.5870611667633057,0.5870611667633057,0.5870611667633057,0.5870611667633057,0,2026-08-04 02:41:00+00:00
0.5870611667633057,0.5870611667633057,0.5870611667633057,0.5870611667633057,0,2026-08-04 02:43:00+00:00
0.5871301293373108,0.5871301293373108,0.5871301293373108,0.5871301293373108,0,2026-08-04 02:45:00+00:00
0.5871301293373108,0.5871301293373108,0.5871301293373108,0.5871301293373108,0,2026-08-04 02:47:00+00:00
0.587164580821991,0.587164580821991,0.587164580821991,0.587164580821991,0,2026-08-04 02:49:00+00:00
0.5871301293373108,0.5871301293373108,0.5871301293373108,0.5871301293373108,0,2026-08-04 02:51:00+00:00
0.5871990919113159,0.5871990919113159,0.5871990919113159,0.5871990919113159,0,2026-08-04 02:53:00+00:00
0.5870611667633057,0.5870611667633057,0.5870611667633057,0.5870611667633057,0,2026-08-04 02:55:00+00:00
0.5868889093399048,0.5868889093399048,0.5868889093399048,0.5868889093399048,0,2026-08-04 02:57:00+00:00
0.5867511630058289,0.5867511630058289,0.5867511630058289,0.5867511630058289,0,2026-08-04 02:59:00+00:00
0.586923360824585,0.586923360824585,0.586923360824585,0.586923360824585,0,2026-08-04 03:01:00+00:00
0.5867855548858643,0.5867855548858643,0.5867855548858643,0.5867855548858643,0,2026-08-04 03:03:00+00:00
0.5866823196411133,0.5866823196411133,0.5866823196411133,0.5866823196411133,0,2026-08-04 03:05:00+00:00
0.5867167711257935,0.5867167711257935,0.5867167711257935,0.5867167711257935,0,2026-08-04 03:07:00+00:00
0.5867167711257935,0.5867167711257935,0.5867167711257935,0.5867167711257935,0,2026-08-04 03:09:00+00:00
0.5868200063705444,0.5868200063705444,0.5868200063705444,0.5868200063705444,0,2026-08-04 03:11:00+00:00
0.5867167711257935,0.5867167711257935,0.5867167711257935,0.5867167711257935,0,2026-08-04 03:13:00+00:00
0.5867855548858643,0.5867855548858643,0.5867855548858643,0.5867855548858643,0,2026-08-04 03:15:00+00:00
0.5867511630058289,0.5867511630058289,0.5867511630058289,0.5867511630058289,0,2026-08-04 03:17:00+00:00
0.5867167711257935,0.5867167711257935,0.5867167711257935,0.5867167711257935,0,2026-08-04 03:19:00+00:00
0.5869578123092651,0.5869578123092651,0.5869578123092651,0.5869578123092651,0,2026-08-04 03:21:00+00:00
0.5870611667633057,0.5870611667633057,0.5870611667633057,0.5870611667633057,0,2026-08-04 03:23:00+00:00
0.5870267152786255,0.5870267152786255,0.5870267152786255,0.5870267152786255,0,2026-08-04 03:25:00+00:00
0.5869578123092651,0.5869578123092651,0.5869578123092651,0.5869578123092651,0,2026-08-04 03:27:00+00:00
0.5870267152786255,0.5870267152786255,0.5870267152786255,0.5870267152786255,0,2026-08-04 03:29:00+00:00
0.5870956182479858,0.5870956182479858,0.5870956182479858,0.5870956182479858,0,2026-08-04 03:31:00+00:00
0.5870611667633057,0.5870611667633057,0.5870611667633057,0.5870611667633057,0,2026-08-04 03:33:00+00:00
0.5870956182479858,0.5870956182479858,0.5870956182479858,0.5870956182479858,0,2026-08-04 03:35:00+00:00
0.5870267152786255,0.5870267152786255,0.5870267152786255,0.5870267152786255,0,2026-08-04 03:37:00+00:00
0.5868544578552246,0.5868544578552246,0.5868544578552246,0.5868544578552246,0,2026-08-04 03:39:00+00:00
0.5866479277610779,0.5866479277610779,0.5866479277610779,0.5866479277610779,0,2026-08-04 03:41:00+00:00
0.5867167711257935,0.5867167711257935,0.5867167711257935,0.5867167711257935,0,2026-08-04 03:43:00+00:00
0.5867167711257935,0.5867167711257935,0.5867167711257935,0.5867167711257935,0,2026-08-04 03:45:00+00:00
0.5867855548858643,0.5867855548858643,0.5867855548858643,0.5867855548858643,0,2026-08-04 03:47:00+00:00
0.5867855548858643,0.5867855548858643,0.5867855548858643,0.5867855548858643,0,2026-08-04 03:49:00+00:00
0.5869578123092651,0.5869578123092651,0.5869578123092651,0.5869578123092651,0,2026-08-04 03:51:00+00:00
0.5869922637939453,0.5869922637939453,0.5869922637939453,0.5869922637939453,0,2026-08-04 03:53:00+00:00
0.5870267152786255,0.5870267152786255,0.5870267152786255,0.5870267152786255,0,2026-08-04 03:55:00+00:00
0.5869578123092651,0.5869578123092651,0.5869578123092651,0.5869578123092651,0,2026-08-04 03:57:00+00:00
0.586923360824585,0.586923360824585,0.586923360824585,0.586923360824585,0,2026-08-04 03:59:00+00:00
0.586923360824585,0.586923360824585,0.586923360824585,0.586923360824585,0,2026-08-04 04:01:00+00:00
0.586923360824585,0.586923360824585,0.586923360824585,0.586923360824585,0,2026-08-04 04:03:00+00:00
0.5869578123092651,0.5869578123092651,0.5869578123092651,0.5869578123092651,0,2026-08-04 04:05:00+00:00
0.5869578123092651,0.5869578123092651,0.5869578123092651,0.5869578123092651,0,2026-08-04 04:07:00+00:00
0.586923360824585,0.586923360824585,0.586923360824585,0.586923360824585,0,2026-08-04 04:09:00+00:00
0.5868889093399048,0.5868889093399048,0.5868889093399048,0.5868889093399048,0,2026-08-04 04:11:00+00:00
0.5868544578552246,0.5868544578552246,0.5868544578552246,0.5868544578552246,0,2026-08-04 04:13:00+00:00
0.5868889093399048,0.5868889093399048,0.5868889093399048,0.5868889093399048,0,2026-08-04 04:15:00+00:00
0.586923360824585,0.586923360824585,0.586923360824585,0.586923360824585,0,2026-08-04 04:17:00+00:00
0.5869922637939453,0.5869922637939453,0.5869922637939453,0.5869922637939453,0,2026-08-04 04:19:00+00:00
0.5869578123092651,0.5869578123092651,0.5869578123092651,0.5869578123092651,0,2026-08-04 04:21:00+00:00
0.586923360824585,0.586923360824585,0.586923360824585,0.586923360824585,0,2026-08-04 04:23:00+00:00
0.5869578123092651,0.5869578123092651,0.5869578123092651,0.5869578123092651,0,2026-08-04 04:25:00+00:00
0.5869578123092651,0.5869578123092651,0.5869578123092651,0.5869578123092651,0,2026-08-04 04:27:00+00:00
0.5868889093399048,0.5868889093399048,0.5868889093399048,0.5868889093399048,0,2026-08-04 04:29:00+00:00
0.586923360824585,0.586923360824585,0.586923360824585,0.586923360824585,0,2026-08-04 04:31:00+00:00
0.5869578123092651,0.5869578123092651,0.5869578123092651,0.5869578123092651,0,2026-08-04 04:33:00+00:00
0.5868544578552246,0.5868544578552246,0.5868544578552246,0.5868544578552246,0,2026-08-04 04:35:00+00:00
0.5868889093399048,0.5868889093399048,0.5868889093399048,0.5868889093399048,0,2026-08-04 04:37:00+00:00
0.5870267152786255,0.5870267152786255,0.5870267152786255,0.5870267152786255,0,2026-08-04 04:39:00+00:00
0.5869922637939453,0.5869922637939453,0.5869922637939453,0.5869922637939453,0,2026-08-04 04:41:00+00:00
0.5869578123092651,0.5869578123092651,0.5869578123092651,0.5869578123092651,0,2026-08-04 04:43:00+00:00
0.5869578123092651,0.5869578123092651,0.5869578123092651,0.5869578123092651,0,2026-08-04 04:45:00+00:00
0.5869922637939453,0.5869922637939453,0.5869922637939453,0.5869922637939453,0,2026-08-04 04:47:00+00:00
0.5869922637939453,0.5869922637939453,0.5869922637939453,0.5869922637939453,0,2026-08-04 04:49:00+00:00
0.586923360824585,0.586923360824585,0.586923360824585,0.586923360824585,0,2026-08-04 04:51:00+00:00
0.586923360824585,0.586923360824585,0.586923360824585,0.586923360824585,0,2026-08-04 04:53:00+00:00
0.5870267152786255,0.5870267152786255,0.5870267152786255,0.5870267152786255,0,2026-08-04 04:55:00+00:00
0.5870267152786255,0.5870267152786255,0.5870267152786255,0.5870267152786255,0,2026-08-04 04:57:00+00:00
0.5869578123092651,0.5869578123092651,0.5869578123092651,0.5869578123092651,0,2026-08-04 04:59:00+00:00
0.5869578123092651,0.5869578123092651,0.5869578123092651,0.5869578123092651,0,2026-08-04 05:01:00+00:00
0.586923360824585,0.586923360824585,0.586923360824585,0.586923360824585,0,2026-08-04 05:03:00+00:00
0.586923360824585,0.586923360824585,0.586923360824585,0.586923360824585,0,2026-08-04 05:05:00+00:00
0.586923360824585,0.586923360824585,0.586923360824585,0.586923360824585,0,2026-08-04 05:07:00+00:00
0.5868544578552246,0.5868544578552246,0.5868544578552246,0.5868544578552246,0,2026-08-04 05:09:00+00:00
0.5867167711257935,0.5867167711257935,0.5867167711257935,0.5867167711257935,0,2026-08-04 05:11:00+00:00
0.5866134762763977,0.5866134762763977,0.5866134762763977,0.5866134762763977,0,2026-08-04 05:13:00+00:00
0.5866134762763977,0.5866134762763977,0.5866134762763977,0.5866134762763977,0,2026-08-04 05:15:00+00:00
0.5865790843963623,0.5865790843963623,0.5865790843963623,0.5865790843963623,0,2026-08-04 05:17:00+00:00
0.5866479277610779,0.5866479277610779,0.5866479277610779,0.5866479277610779,0,2026-08-04 05:19:00+00:00
0.5866823196411133,0.5866823196411133,0.5866823196411133,0.5866823196411133,0,2026-08-04 05:21:00+00:00
0.5866479277610779,0.5866479277610779,0.5866479277610779,0.5866479277610779,0,2026-08-04 05:23:00+00:00
0.5867511630058289,0.5867511630058289,0.5867511630058289,0.5867511630058289,0,2026-08-04 05:25:00+00:00
0.5867167711257935,0.5867167711257935,0.5867167711257935,0.5867167711257935,0,2026-08-04 05:27:00+00:00
0.5867511630058289,0.5867511630058289,0.5867511630058289,0.5867511630058289,0,2026-08-04 05:29:00+00:00
0.5867511630058289,0.5867511630058289,0.5867511630058289,0.5867511630058289,0,2026-08-04 05:31:00+00:00
0.5867167711257935,0.5867167711257935,0.5867167711257935,0.5867167711257935,0,2026-08-04 05:33:00+00:00
0.5866134762763977,0.5866134762763977,0.5866134762763977,0.5866134762763977,0,2026-08-04 05:35:00+00:00
0.5866134762763977,0.5866134762763977,0.5866134762763977,0.5866134762763977,0,2026-08-04 05:37:00+00:00
0.5865102410316467,0.5865102410316467,0.5865102410316467,0.5865102410316467,0,2026-08-04 05:39:00+00:00
0.5864758491516113,0.5864758491516113,0.5864758491516113,0.5864758491516113,0,2026-08-04 05:41:00+00:00
0.5865102410316467,0.5865102410316467,0.5865102410316467,0.5865102410316467,0,2026-08-04 05:43:00+00:00
0.5864758491516113,0.5864758491516113,0.5864758491516113,0.5864758491516113,0,2026-08-04 05:45:00+00:00
0.5864415168762207,0.5864415168762207,0.5864415168762207,0.5864415168762207,0,2026-08-04 05:47:00+00:00
0.5864415168762207,0.5864415168762207,0.5864415168762207,0.5864415168762207,0,2026-08-04 05:49:00+00:00
0.5866134762763977,0.5866134762763977,0.5866134762763977,0.5866134762763977,0,2026-08-04 05:51:00+00:00
0.5866134762763977,0.5866134762763977,0.5866134762763977,0.5866134762763977,0,2026-08-04 05:53:00+00:00
0.5866479277610779,0.5866479277610779,0.5866479277610779,0.5866479277610779,0,2026-08-04 05:55:00+00:00
0.5866479277610779,0.5866479277610779,0.5866479277610779,0.5866479277610779,0,2026-08-04 05:57:00+00:00
0.5866479277610779,0.5866479277610779,0.5866479277610779,0.5866479277610779,0,2026-08-04 05:59:00+00:00
0.5866134762763977,0.5866134762763977,0.5866134762763977,0.5866134762763977,0,2026-08-04 06:01:00+00:00
0.5867167711257935,0.5867167711257935,0.5867167711257935,0.5867167711257935,0,2026-08-04 06:03:00+00:00
0.5867855548858643,0.5867855548858643,0.5867855548858643,0.5867855548858643,0,2026-08-04 06:05:00+00:00
0.5866134762763977,0.5866134762763977,0.5866134762763977,0.5866134762763977,0,2026-08-04 06:07:00+00:00
0.5867167711257935,0.5867167711257935,0.5867167711257935,0.5867167711257935,0,2026-08-04 06:09:00+00:00
0.5865446329116821,0.5865446329116821,0.5865446329116821,0.5865446329116821,0,2026-08-04 06:11:00+00:00
0.5865790843963623,0.5865790843963623,0.5865790843963623,0.5865790843963623,0,2026-08-04 06:13:00+00:00
0.5868200063705444,0.5868200063705444,0.5868200063705444,0.5868200063705444,0,2026-08-04 06:15:00+00:00
0.5867167711257935,0.5867167711257935,0.5867167711257935,0.5867167711257935,0,2026-08-04 06:17:00+00:00
0.5867167711257935,0.5867167711257935,0.5867167711257935,0.5867167711257935,0,2026-08-04 06:19:00+00:00
0.5868544578552246,0.5868544578552246,0.5868544578552246,0.5868544578552246,0,2026-08-04 06:21:00+00:00
0.5869922637939453,0.5869922637939453,0.5869922637939453,0.5869922637939453,0,2026-08-04 06:23:00+00:00
0.5869578123092651,0.5869578123092651,0.5869578123092651,0.5869578123092651,0,2026-08-04 06:25:00+00:00
0.586923360824585,0.586923360824585,0.586923360824585,0.586923360824585,0,2026-08-04 06:27:00+00:00
0.5867855548858643,0.5867855548858643,0.5867855548858643,0.5867855548858643,0,2026-08-04 06:29:00+00:00
0.5868889093399048,0.5868889093399048,0.5868889093399048,0.5868889093399048,0,2026-08-04 06:31:00+00:00
0.586923360824585,0.586923360824585,0.586923360824585,0.586923360824585,0,2026-08-04 06:33:00+00:00
0.5867511630058289,0.5867511630058289,0.5867511630058289,0.5867511630058289,0,2026-08-04 06:35:00+00:00
0.5867855548858643,0.5867855548858643,0.5867855548858643,0.5867855548858643,0,2026-08-04 06:37:00+00:00
0.5866823196411133,0.5866823196411133,0.5866823196411133,0.5866823196411133,0,2026-08-04 06:39:00+00:00
0.5866479277610779,0.5866479277610779,0.5866479277610779,0.5866479277610779,0,2026-08-04 06:41:00+00:00
0.5866134762763977,0.5866134762763977,0.5866134762763977,0.5866134762763977,0,2026-08-04 06:43:00+00:00
0.5866479277610779,0.5866479277610779,0.5866479277610779,0.5866479277610779,0,2026-08-04 06:45:00+00:00
0.5867855548858643,0.5867855548858643,0.5867855548858643,0.5867855548858643,0,2026-08-04 06:47:00+00:00
0.5867511630058289,0.5867511630058289,0.5867511630058289,0.5867511630058289,0,2026-08-04 06:49:00+00:00
0.5867511630058289,0.5867511630058289,0.5867511630058289,0.5867511630058289,0,2026-08-04 06:51:00+00:00
0.5867167711257935,0.5867167711257935,0.5867167711257935,0.5867167711257935,0,2026-08-04 06:53:00+00:00
0.5867511630058289,0.5867511630058289,0.5867511630058289,0.5867511630058289,0,2026-08-04 06:55:00+00:00
0.5867855548858643,0.5867855548858643,0.5867855548858643,0.5867855548858643,0,2026-08-04 06:57:00+00:00
0.5867855548858643,0.5867855548858643,0.5867855548858643,0.5867855548858643,0,2026-08-04 06:59:00+00:00
0.5869578123092651,0.5869578123092651,0.5869578123092651,0.5869578123092651,0,2026-08-04 07:01:00+00:00
0.5870611667633057,0.5870611667633057,0.5870611667633057,0.5870611667633057,0,2026-08-04 07:03:00+00:00
0.5870267152786255,0.5870267152786255,0.5870267152786255,0.5870267152786255,0,2026-08-04 07:05:00+00:00
0.5870611667633057,0.5870611667633057,0.5870611667633057,0.5870611667633057,0,2026-08-04 07:07:00+00:00
0.587164580821991,0.587164580821991,0.587164580821991,0.587164580821991,0,2026-08-04 07:09:00+00:00
0.5871301293373108,0.5871301293373108,0.5871301293373108,0.5871301293373108,0,2026-08-04 07:11:00+00:00
0.5871301293373108,0.5871301293373108,0.5871301293373108,0.5871301293373108,0,2026-08-04 07:13:00+00:00
0.5872335433959961,0.5872335433959961,0.5872335433959961,0.5872335433959961,0,2026-08-04 07:15:00+00:00
0.5871990919113159,0.5871990919113159,0.5871990919113159,0.5871990919113159,0,2026-08-04 07:17:00+00:00
0.5872335433959961,0.5872335433959961,0.5872335433959961,0.5872335433959961,0,2026-08-04 07:19:00+00:00
0.5872679948806763,0.5872679948806763,0.5872679948806763,0.5872679948806763,0,2026-08-04 07:21:00+00:00
0.5873025059700012,0.5873025059700012,0.5873025059700012,0.5873025059700012,0,2026-08-04 07:23:00+00:00
0.5874060392379761,0.5874060392379761,0.5874060392379761,0.5874060392379761,0,2026-08-04 07:25:00+00:00
0.5873025059700012,0.5873025059700012,0.5873025059700012,0.5873025059700012,0,2026-08-04 07:27:00+00:00
0.5871990919113159,0.5871990919113159,0.5871990919113159,0.5871990919113159,0,2026-08-04 07:29:00+00:00
0.5870267152786255,0.5870267152786255,0.5870267152786255,0.5870267152786255,0,2026-08-04 07:31:00+00:00
0.5871301293373108,0.5871301293373108,0.5871301293373108,0.5871301293373108,0,2026-08-04 07:33:00+00:00
0.5870611667633057,0.5870611667633057,0.5870611667633057,0.5870611667633057,0,2026-08-04 07:35:00+00:00
0.5869578123092651,0.5869578123092651,0.5869578123092651,0.5869578123092651,0,2026-08-04 07:37:00+00:00
0.5870956182479858,0.5870956182479858,0.5870956182479858,0.5870956182479858,0,2026-08-04 07:39:00+00:00
0.5870956182479858,0.5870956182479858,0.5870956182479858,0.5870956182479858,0,2026-08-04 07:41:00+00:00
0.5869578123092651,0.5869578123092651,0.5869578123092651,0.5869578123092651,0,2026-08-04 07:43:00+00:00
0.5870267152786255,0.5870267152786255,0.5870267152786255,0.5870267152786255,0,2026-08-04 07:45:00+00:00
0.5870267152786255,0.5870267152786255,0.5870267152786255,0.5870267152786255,0,2026-08-04 07:47:00+00:00
0.5870611667633057,0.5870611667633057,0.5870611667633057,0.5870611667633057,0,2026-08-04 07:49:00+00:00
0.587164580821991,0.587164580821991,0.587164580821991,0.587164580821991,0,2026-08-04 07:51:00+00:00
0.587164580821991,0.587164580821991,0.587164580821991,0.587164580821991,0,2026-08-04 07:53:00+00:00
0.587164580821991,0.587164580821991,0.587164580821991,0.587164580821991,0,2026-08-04 07:55:00+00:00
0.5872335433959961,0.5872335433959961,0.5872335433959961,0.5872335433959961,0,2026-08-04 07:57:00+00:00
0.5871990919113159,0.5871990919113159,0.5871990919113159,0.5871990919113159,0,2026-08-04 07:59:00+00:00
0.5873715281486511,0.5873715281486511,0.5873715281486511,0.5873715281486511,0,2026-08-04 08:01:00+00:00
0.5874060392379761,0.5874060392379761,0.5874060392379761,0.5874060392379761,0,2026-08-04 08:03:00+00:00
0.5872679948806763,0.5872679948806763,0.5872679948806763,0.5872679948806763,0,2026-08-04 08:05:00+00:00
0.587440550327301,0.587440550327301,0.587440550327301,0.587440550327301,0,2026-08-04 08:07:00+00:00
0.5873715281486511,0.5873715281486511,0.5873715281486511,0.5873715281486511,0,2026-08-04 08:09:00+00:00
0.5872679948806763,0.5872679948806763,0.5872679948806763,0.5872679948806763,0,2026-08-04 08:11:00+00:00
0.5872679948806763,0.5872679948806763,0.5872679948806763,0.5872679948806763,0,2026-08-04 08:13:00+00:00
0.5872679948806763,0.5872679948806763,0.5872679948806763,0.5872679948806763,0,2026-08-04 08:15:00+00:00
0.5874060392379761,0.5874060392379761,0.5874060392379761,0.5874060392379761,0,2026-08-04 08:17:00+00:00
0.5873370170593262,0.5873370170593262,0.5873370170593262,0.5873370170593262,0,2026-08-04 08:19:00+00:00
0.5873715281486511,0.5873715281486511,0.5873715281486511,0.5873715281486511,0,2026-08-04 08:21:00+00:00
0.5872335433959961,0.5872335433959961,0.5872335433959961,0.5872335433959961,0,2026-08-04 08:23:00+00:00
0.5872335433959961,0.5872335433959961,0.5872335433959961,0.5872335433959961,0,2026-08-04 08:25:00+00:00
0.5872679948806763,0.5872679948806763,0.5872679948806763,0.5872679948806763,0,2026-08-04 08:27:00+00:00
0.5873715281486511,0.5873715281486511,0.5873715281486511,0.5873715281486511,0,2026-08-04 08:29:00+00:00
0.5873025059700012,0.5873025059700012,0.5873025059700012,0.5873025059700012,0,2026-08-04 08:31:00+00:00
0.5872335433959961,0.5872335433959961,0.5872335433959961,0.5872335433959961,0,2026-08-04 08:33:00+00:00
0.5873025059700012,0.5873025059700012,0.5873025059700012,0.5873025059700012,0,2026-08-04 08:35:00+00:00
0.5873025059700012,0.5873025059700012,0.5873025059700012,0.5873025059700012,0,2026-08-04 08:37:00+00:00
0.5873025059700012,0.5873025059700012,0.5873025059700012,0.5873025059700012,0,2026-08-04 08:39:00+00:00
0.5873025059700012,0.5873025059700012,0.5873025059700012,0.5873025059700012,0,2026-08-04 08:41:00+00:00
0.5873025059700012,0.5873025059700012,0.5873025059700012,0.5873025059700012,0,2026-08-04 08:43:00+00:00
0.5871990919113159,0.5871990919113159,0.5871990919113159,0.5871990919113159,0,2026-08-04 08:45:00+00:00
0.587164580821991,0.587164580821991,0.587164580821991,0.587164580821991,0,2026-08-04 08:47:00+00:00
0.5872679948806763,0.5872679948806763,0.5872679948806763,0.5872679948806763,0,2026-08-04 08:49:00+00:00
0.5872679948806763,0.5872679948806763,0.5872679948806763,0.5872679948806763,0,2026-08-04 08:51:00+00:00
0.5873025059700012,0.5873025059700012,0.5873025059700012,0.5873025059700012,0,2026-08-04 08:53:00+00:00
0.5872335433959961,0.5872335433959961,0.5872335433959961,0.5872335433959961,0,2026-08-04 08:55:00+00:00
0.5871990919113159,0.5871990919113159,0.5871990919113159,0.5871990919113159,0,2026-08-04 08:57:00+00:00
0.5872335433959961,0.5872335433959961,0.5872335433959961,0.5872335433959961,0,2026-08-04 08:59:00+00:00
0.587164580821991,0.587164580821991,0.587164580821991,0.587164580821991,0,2026-08-04 09:01:00+00:00
0.587164580821991,0.587164580821991,0.587164580821991,0.587164580821991,0,2026-08-04 09:03:00+00:00
0.5870956182479858,0.5870956182479858,0.5870956182479858,0.5870956182479858,0,2026-08-04 09:05:00+00:00
0.5870611667633057,0.5870611667633057,0.5870611667633057,0.5870611667633057,0,2026-08-04 09:07:00+00:00
0.5870956182479858,0.5870956182479858,0.5870956182479858,0.5870956182479858,0,2026-08-04 09:09:00+00:00
0.5869922637939453,0.5869922637939453,0.5869922637939453,0.5869922637939453,0,2026-08-04 09:11:00+00:00
0.5870611667633057,0.5870611667633057,0.5870611667633057,0.5870611667633057,0,2026-08-04 09:13:00+00:00
0.587164580821991,0.587164580821991,0.587164580821991,0.587164580821991,0,2026-08-04 09:15:00+00:00
0.5870956182479858,0.5870956182479858,0.5870956182479858,0.5870956182479858,0,2026-08-04 09:17:00+00:00
0.5871301293373108,0.5871301293373108,0.5871301293373108,0.5871301293373108,0,2026-08-04 09:19:00+00:00
0.5871301293373108,0.5871301293373108,0.5871301293373108,0.5871301293373108,0,2026-08-04 09:21:00+00:00
0.5873025059700012,0.5873025059700012,0.5873025059700012,0.5873025059700012,0,2026-08-04 09:23:00+00:00
0.5874060392379761,0.5874060392379761,0.5874060392379761,0.5874060392379761,0,2026-08-04 09:25:00+00:00
0.5874060392379761,0.5874060392379761,0.5874060392379761,0.5874060392379761,0,2026-08-04 09:27:00+00:00
0.5875440835952759,0.5875440835952759,0.5875440835952759,0.5875440835952759,0,2026-08-04 09:29:00+00:00
0.5874750018119812,0.5874750018119812,0.5874750018119812,0.5874750018119812,0,2026-08-04 09:31:00+00:00
0.587440550327301,0.587440550327301,0.587440550327301,0.587440550327301,0,2026-08-04 09:33:00+00:00
0.5874060392379761,0.5874060392379761,0.5874060392379761,0.5874060392379761,0,2026-08-04 09:35:00+00:00
0.5873370170593262,0.5873370170593262,0.5873370170593262,0.5873370170593262,0,2026-08-04 09:37:00+00:00
0.5873715281486511,0.5873715281486511,0.5873715281486511,0.5873715281486511,0,2026-08-04 09:39:00+00:00
0.5874750018119812,0.5874750018119812,0.5874750018119812,0.5874750018119812,0,2026-08-04 09:41:00+00:00
0.587440550327301,0.587440550327301,0.587440550327301,0.587440550327301,0,2026-08-04 09:43:00+00:00
0.5874060392379761,0.5874060392379761,0.5874060392379761,0.5874060392379761,0,2026-08-04 09:45:00+00:00
0.5874750018119812,0.5874750018119812,0.5874750018119812,0.5874750018119812,0,2026-08-04 09:47:00+00:00
0.5875440835952759,0.5875440835952759,0.5875440835952759,0.5875440835952759,0,2026-08-04 09:49:00+00:00
0.5874750018119812,0.5874750018119812,0.5874750018119812,0.5874750018119812,0,2026-08-04 09:51:00+00:00
0.5873715281486511,0.5873715281486511,0.5873715281486511,0.5873715281486511,0,2026-08-04 09:53:00+00:00
0.5873370170593262,0.5873370170593262,0.5873370170593262,0.5873370170593262,0,2026-08-04 09:55:00+00:00
0.5872679948806763,0.5872679948806763,0.5872679948806763,0.5872679948806763,0,2026-08-04 09:57:00+00:00
0.587440550327301,0.587440550327301,0.587440550327301,0.587440550327301,0,2026-08-04 09:59:00+00:00
0.5874060392379761,0.5874060392379761,0.5874060392379761,0.5874060392379761,0,2026-08-04 10:01:00+00:00
0.5875440835952759,0.5875440835952759,0.5875440835952759,0.5875440835952759,0,2026-08-04 10:03:00+00:00
0.5875785946846008,0.5875785946846008,0.5875785946846008,0.5875785946846008,0,2026-08-04 10:05:00+00:00
0.5876476764678955,0.5876476764678955,0.5876476764678955,0.5876476764678955,0,2026-08-04 10:07:00+00:00
0.5875095129013062,0.5875095129013062,0.5875095129013062,0.5875095129013062,0,2026-08-04 10:09:00+00:00
0.5875440835952759,0.5875440835952759,0.5875440835952759,0.5875440835952759,0,2026-08-04 10:11:00+00:00
0.5875440835952759,0.5875440835952759,0.5875440835952759,0.5875440835952759,0,2026-08-04 10:13:00+00:00
0.5874750018119812,0.5874750018119812,0.5874750018119812,0.5874750018119812,0,2026-08-04 10:15:00+00:00
0.5873370170593262,0.5873370170593262,0.5873370170593262,0.5873370170593262,0,2026-08-04 10:17:00+00:00
0.5874060392379761,0.5874060392379761,0.5874060392379761,0.5874060392379761,0,2026-08-04 10:19:00+00:00
0.5875095129013062,0.5875095129013062,0.5875095129013062,0.5875095129013062,0,2026-08-04 10:21:00+00:00
0.5875095129013062,0.5875095129013062,0.5875095129013062,0.5875095129013062,0,2026-08-04 10:23:00+00:00
0.5876476764678955,0.5876476764678955,0.5876476764678955,0.5876476764678955,0,2026-08-04 10:25:00+00:00
0.5876476764678955,0.5876476764678955,0.5876476764678955,0.5876476764678955,0,2026-08-04 10:27:00+00:00
0.5876131057739258,0.5876131057739258,0.5876131057739258,0.5876131057739258,0,2026-08-04 10:29:00+00:00
0.5875440835952759,0.5875440835952759,0.5875440835952759,0.5875440835952759,0,2026-08-04 10:31:00+00:00
0.5875095129013062,0.5875095129013062,0.5875095129013062,0.5875095129013062,0,2026-08-04 10:33:00+00:00
0.5875440835952759,0.5875440835952759,0.5875440835952759,0.5875440835952759,0,2026-08-04 10:35:00+00:00
0.5876476764678955,0.5876476764678955,0.5876476764678955,0.5876476764678955,0,2026-08-04 10:37:00+00:00
0.5876131057739258,0.5876131057739258,0.5876131057739258,0.5876131057739258,0,2026-08-04 10:39:00+00:00
0.5875095129013062,0.5875095129013062,0.5875095129013062,0.5875095129013062,0,2026-08-04 10:41:00+00:00
0.5875785946846008,0.5875785946846008,0.5875785946846008,0.5875785946846008,0,2026-08-04 10:43:00+00:00
0.5880623459815979,0.5880623459815979,0.5880623459815979,0.5880623459815979,0,2026-08-04 10:45:00+00:00
0.5883045196533203,0.5883045196533203,0.5883045196533203,0.5883045196533203,0,2026-08-04 10:47:00+00:00
0.5882006883621216,0.5882006883621216,0.5882006883621216,0.5882006883621216,0,2026-08-04 10:49:00+00:00
0.5880623459815979,0.5880623459815979,0.5880623459815979,0.5880623459815979,0,2026-08-04 10:51:00+00:00
0.5880623459815979,0.5880623459815979,0.5880623459815979,0.5880623459815979,0,2026-08-04 10:53:00+00:00
0.5881661176681519,0.5881661176681519,0.5881661176681519,0.5881661176681519,0,2026-08-04 10:55:00+00:00
0.5881661176681519,0.5881661176681519,0.5881661176681519,0.5881661176681519,0,2026-08-04 10:57:00+00:00
0.5880969166755676,0.5880969166755676,0.5880969166755676,0.5880969166755676,0,2026-08-04 10:59:00+00:00
0.5879931449890137,0.5879931449890137,0.5879931449890137,0.5879931449890137,0,2026-08-04 11:01:00+00:00
0.5879586338996887,0.5879586338996887,0.5879586338996887,0.5879586338996887,0,2026-08-04 11:03:00+00:00
0.5879931449890137,0.5879931449890137,0.5879931449890137,0.5879931449890137,0,2026-08-04 11:05:00+00:00
0.5880623459815979,0.5880623459815979,0.5880623459815979,0.5880623459815979,0,2026-08-04 11:07:00+00:00
0.5880969166755676,0.5880969166755676,0.5880969166755676,0.5880969166755676,0,2026-08-04 11:09:00+00:00
0.5882006883621216,0.5882006883621216,0.5882006883621216,0.5882006883621216,0,2026-08-04 11:11:00+00:00
0.5883045196533203,0.5883045196533203,0.5883045196533203,0.5883045196533203,0,2026-08-04 11:13:00+00:00
0.58833909034729,0.58833909034729,0.58833909034729,0.58833909034729,0,2026-08-04 11:15:00+00:00
0.58833909034729,0.58833909034729,0.58833909034729,0.58833909034729,0,2026-08-04 11:17:00+00:00
0.5883045196533203,0.5883045196533203,0.5883045196533203,0.5883045196533203,0,2026-08-04 11:19:00+00:00
0.588477611541748,0.588477611541748,0.588477611541748,0.588477611541748,0,2026-08-04 11:21:00+00:00
0.5883737206459045,0.5883737206459045,0.5883737206459045,0.5883737206459045,0,2026-08-04 11:23:00+00:00
0.588477611541748,0.588477611541748,0.588477611541748,0.588477611541748,0,2026-08-04 11:25:00+00:00
0.58833909034729,0.58833909034729,0.58833909034729,0.58833909034729,0,2026-08-04 11:27:00+00:00
0.588477611541748,0.588477611541748,0.588477611541748,0.588477611541748,0,2026-08-04 11:29:00+00:00
0.5885122418403625,0.5885122418403625,0.5885122418403625,0.5885122418403625,0,2026-08-04 11:31:00+00:00
0.5886161923408508,0.5886161923408508,0.5886161923408508,0.5886161923408508,0,2026-08-04 11:33:00+00:00
0.5886161923408508,0.5886161923408508,0.5886161923408508,0.5886161923408508,0,2026-08-04 11:35:00+00:00
0.5886161923408508,0.5886161923408508,0.5886161923408508,0.5886161923408508,0,2026-08-04 11:37:00+00:00
0.5886854529380798,0.5886854529380798,0.5886854529380798,0.5886854529380798,0,2026-08-04 11:39:00+00:00
0.588477611541748,0.588477611541748,0.588477611541748,0.588477611541748,0,2026-08-04 11:41:00+00:00
0.5886854529380798,0.5886854529380798,0.5886854529380798,0.5886854529380798,0,2026-08-04 11:43:00+00:00
0.5887200832366943,0.5887200832366943,0.5887200832366943,0.5887200832366943,0,2026-08-04 11:45:00+00:00
0.5886508226394653,0.5886508226394653,0.5886508226394653,0.5886508226394653,0,2026-08-04 11:47:00+00:00
0.5886161923408508,0.5886161923408508,0.5886161923408508,0.5886161923408508,0,2026-08-04 11:49:00+00:00
0.5887200832366943,0.5887200832366943,0.5887200832366943,0.5887200832366943,0,2026-08-04 11:51:00+00:00
0.5886161923408508,0.5886161923408508,0.5886161923408508,0.5886161923408508,0,2026-08-04 11:53:00+00:00
0.588546872138977,0.588546872138977,0.588546872138977,0.588546872138977,0,2026-08-04 11:55:00+00:00
0.5886854529380798,0.5886854529380798,0.5886854529380798,0.5886854529380798,0,2026-08-04 11:57:00+00:00
0.5886161923408508,0.5886161923408508,0.5886161923408508,0.5886161923408508,0,2026-08-04 11:59:00+00:00
0.5886161923408508,0.5886161923408508,0.5886161923408508,0.5886161923408508,0,2026-08-04 12:01:00+00:00
0.5888587832450867,0.5888587832450867,0.5888587832450867,0.5888587832450867,0,2026-08-04 12:03:00+00:00
0.5889281630516052,0.5889281630516052,0.5889281630516052,0.5889281630516052,0,2026-08-04 12:05:00+00:00
0.5887894630432129,0.5887894630432129,0.5887894630432129,0.5887894630432129,0,2026-08-04 12:07:00+00:00
0.5886161923408508,0.5886161923408508,0.5886161923408508,0.5886161923408508,0,2026-08-04 12:09:00+00:00
0.588408350944519,0.588408350944519,0.588408350944519,0.588408350944519,0,2026-08-04 12:11:00+00:00
0.5885122418403625,0.5885122418403625,0.5885122418403625,0.5885122418403625,0,2026-08-04 12:13:00+00:00
0.5884429812431335,0.5884429812431335,0.5884429812431335,0.5884429812431335,0,2026-08-04 12:15:00+00:00
0.5883737206459045,0.5883737206459045,0.5883737206459045,0.5883737206459045,0,2026-08-04 12:17:00+00:00
0.588477611541748,0.588477611541748,0.588477611541748,0.588477611541748,0,2026-08-04 12:19:00+00:00
0.588477611541748,0.588477611541748,0.588477611541748,0.588477611541748,0,2026-08-04 12:21:00+00:00
0.5885122418403625,0.5885122418403625,0.5885122418403625,0.5885122418403625,0,2026-08-04 12:23:00+00:00
0.588477611541748,0.588477611541748,0.588477611541748,0.588477611541748,0,2026-08-04 12:25:00+00:00
0.588408350944519,0.588408350944519,0.588408350944519,0.588408350944519,0,2026-08-04 12:27:00+00:00
0.58833909034729,0.58833909034729,0.58833909034729,0.58833909034729,0,2026-08-04 12:29:00+00:00
0.588408350944519,0.588408350944519,0.588408350944519,0.588408350944519,0,2026-08-04 12:31:00+00:00
0.5885122418403625,0.5885122418403625,0.5885122418403625,0.5885122418403625,0,2026-08-04 12:33:00+00:00
0.588893473148346,0.588893473148346,0.588893473148346,0.588893473148346,0,2026-08-04 12:35:00+00:00
0.588893473148346,0.588893473148346,0.588893473148346,0.588893473148346,0,2026-08-04 12:37:00+00:00
0.5889627933502197,0.5889627933502197,0.5889627933502197,0.5889627933502197,0,2026-08-04 12:39:00+00:00
0.5890669226646423,0.5890669226646423,0.5890669226646423,0.5890669226646423,0,2026-08-04 12:41:00+00:00
0.588997483253479,0.588997483253479,0.588997483253479,0.588997483253479,0,2026-08-04 12:43:00+00:00
0.5889281630516052,0.5889281630516052,0.5889281630516052,0.5889281630516052,0,2026-08-04 12:45:00+00:00
0.5890322327613831,0.5890322327613831,0.5890322327613831,0.5890322327613831,0,2026-08-04 12:47:00+00:00
0.5890669226646423,0.5890669226646423,0.5890669226646423,0.5890669226646423,0,2026-08-04 12:49:00+00:00
0.5890669226646423,0.5890669226646423,0.5890669226646423,0.5890669226646423,0,2026-08-04 12:51:00+00:00
0.5890322327613831,0.5890322327613831,0.5890322327613831,0.5890322327613831,0,2026-08-04 12:53:00+00:00
0.5889281630516052,0.5889281630516052,0.5889281630516052,0.5889281630516052,0,2026-08-04 12:55:00+00:00
0.5887894630432129,0.5887894630432129,0.5887894630432129,0.5887894630432129,0,2026-08-04 12:57:00+00:00
0.5887547731399536,0.5887547731399536,0.5887547731399536,0.5887547731399536,0,2026-08-04 12:59:00+00:00
0.588546872138977,0.588546872138977,0.588546872138977,0.588546872138977,0,2026-08-04 13:01:00+00:00
0.588477611541748,0.588477611541748,0.588477611541748,0.588477611541748,0,2026-08-04 13:03:00+00:00
0.5883737206459045,0.5883737206459045,0.5883737206459045,0.5883737206459045,0,2026-08-04 13:05:00+00:00
0.588477611541748,0.588477611541748,0.588477611541748,0.588477611541748,0,2026-08-04 13:07:00+00:00
0.588477611541748,0.588477611541748,0.588477611541748,0.588477611541748,0,2026-08-04 13:09:00+00:00
0.588546872138977,0.588546872138977,0.588546872138977,0.588546872138977,0,2026-08-04 13:11:00+00:00
0.5885815024375916,0.5885815024375916,0.5885815024375916,0.5885815024375916,0,2026-08-04 13:13:00+00:00
0.5885815024375916,0.5885815024375916,0.5885815024375916,0.5885815024375916,0,2026-08-04 13:15:00+00:00
0.5883737206459045,0.5883737206459045,0.5883737206459045,0.5883737206459045,0,2026-08-04 13:17:00+00:00
0.5884429812431335,0.5884429812431335,0.5884429812431335,0.5884429812431335,0,2026-08-04 13:19:00+00:00
0.5887200832366943,0.5887200832366943,0.5887200832366943,0.5887200832366943,0,2026-08-04 13:21:00+00:00
0.5892057418823242,0.5892057418823242,0.5892057418823242,0.5892057418823242,0,2026-08-04 13:23:00+00:00
0.5891363620758057,0.5891363620758057,0.5891363620758057,0.5891363620758057,0,2026-08-04 13:25:00+00:00
0.5891016125679016,0.5891016125679016,0.5891016125679016,0.5891016125679016,0,2026-08-04 13:27:00+00:00
0.5889281630516052,0.5889281630516052,0.5889281630516052,0.5889281630516052,0,2026-08-04 13:29:00+00:00
0.5887894630432129,0.5887894630432129,0.5887894630432129,0.5887894630432129,0,2026-08-04 13:31:00+00:00
0.5888240933418274,0.5888240933418274,0.5888240933418274,0.5888240933418274,0,2026-08-04 13:33:00+00:00
0.5889281630516052,0.5889281630516052,0.5889281630516052,0.5889281630516052,0,2026-08-04 13:35:00+00:00
0.5889627933502197,0.5889627933502197,0.5889627933502197,0.5889627933502197,0,2026-08-04 13:37:00+00:00
0.5891016125679016,0.5891016125679016,0.5891016125679016,0.5891016125679016,0,2026-08-04 13:39:00+00:00
0.5891363620758057,0.5891363620758057,0.5891363620758057,0.5891363620758057,0,2026-08-04 13:41:00+00:00
0.5890322327613831,0.5890322327613831,0.5890322327613831,0.5890322327613831,0,2026-08-04 13:43:00+00:00
0.588997483253479,0.588997483253479,0.588997483253479,0.588997483253479,0,2026-08-04 13:45:00+00:00
0.5891363620758057,0.5891363620758057,0.5891363620758057,0.5891363620758057,0,2026-08-04 13:47:00+00:00
0.5892404317855835,0.5892404317855835,0.5892404317855835,0.5892404317855835,0,2026-08-04 13:49:00+00:00
0.5890669226646423,0.5890669226646423,0.5890669226646423,0.5890669226646423,0,2026-08-04 13:51:00+00:00
0.5892057418823242,0.5892057418823242,0.5892057418823242,0.5892057418823242,0,2026-08-04 13:53:00+00:00
0.5891363620758057,0.5891363620758057,0.5891363620758057,0.5891363620758057,0,2026-08-04 13:55:00+00:00
0.5892404317855835,0.5892404317855835,0.5892404317855835,0.5892404317855835,0,2026-08-04 13:57:00+00:00
0.5892404317855835,0.5892404317855835,0.5892404317855835,0.5892404317855835,0,2026-08-04 13:59:00+00:00
0.5892404317855835,0.5892404317855835,0.5892404317855835,0.5892404317855835,0,2026-08-04 14:01:00+00:00
0.5894836187362671,0.5894836187362671,0.5894836187362671,0.5894836187362671,0,2026-08-04 14:03:00+00:00
0.5893446803092957,0.5893446803092957,0.5893446803092957,0.5893446803092957,0,2026-08-04 14:05:00+00:00
0.5894836187362671,0.5894836187362671,0.5894836187362671,0.5894836187362671,0,2026-08-04 14:07:00+00:00
0.589448869228363,0.589448869228363,0.589448869228363,0.589448869228363,0,2026-08-04 14:09:00+00:00
0.589414119720459,0.589414119720459,0.589414119720459,0.589414119720459,0,2026-08-04 14:11:00+00:00
0.589414119720459,0.589414119720459,0.589414119720459,0.589414119720459,0,2026-08-04 14:13:00+00:00
0.5894836187362671,0.5894836187362671,0.5894836187362671,0.5894836187362671,0,2026-08-04 14:15:00+00:00
0.589448869228363,0.589448869228363,0.589448869228363,0.589448869228363,0,2026-08-04 14:17:00+00:00
0.5892751812934875,0.5892751812934875,0.5892751812934875,0.5892751812934875,0,2026-08-04 14:19:00+00:00
0.5893099308013916,0.5893099308013916,0.5893099308013916,0.5893099308013916,0,2026-08-04 14:21:00+00:00
0.5893446803092957,0.5893446803092957,0.5893446803092957,0.5893446803092957,0,2026-08-04 14:23:00+00:00
0.5893446803092957,0.5893446803092957,0.5893446803092957,0.5893446803092957,0,2026-08-04 14:25:00+00:00
0.5895531177520752,0.5895531177520752,0.5895531177520752,0.5895531177520752,0,2026-08-04 14:27:00+00:00
0.589414119720459,0.589414119720459,0.589414119720459,0.589414119720459,0,2026-08-04 14:29:00+00:00
0.589414119720459,0.589414119720459,0.589414119720459,0.589414119720459,0,2026-08-04 14:31:00+00:00
0.5893446803092957,0.5893446803092957,0.5893446803092957,0.5893446803092957,0,2026-08-04 14:33:00+00:00
0.5891016125679016,0.5891016125679016,0.5891016125679016,0.5891016125679016,0,2026-08-04 14:35:00+00:00
0.588997483253479,0.588997483253479,0.588997483253479,0.588997483253479,0,2026-08-04 14:37:00+00:00
0.5891363620758057,0.5891363620758057,0.5891363620758057,0.5891363620758057,0,2026-08-04 14:39:00+00:00
0.5892057418823242,0.5892057418823242,0.5892057418823242,0.5892057418823242,0,2026-08-04 14:41:00+00:00
0.5890669226646423,0.5890669226646423,0.5890669226646423,0.5890669226646423,0,2026-08-04 14:43:00+00:00
0.588997483253479,0.588997483253479,0.588997483253479,0.588997483253479,0,2026-08-04 14:45:00+00:00
0.5888587832450867,0.5888587832450867,0.5888587832450867,0.5888587832450867,0,2026-08-04 14:47:00+00:00
0.588893473148346,0.588893473148346,0.588893473148346,0.588893473148346,0,2026-08-04 14:49:00+00:00
0.5889627933502197,0.5889627933502197,0.5889627933502197,0.5889627933502197,0,2026-08-04 14:51:00+00:00
0.5888587832450867,0.5888587832450867,0.5888587832450867,0.5888587832450867,0,2026-08-04 14:53:00+00:00
0.5886854529380798,0.5886854529380798,0.5886854529380798,0.5886854529380798,0,2026-08-04 14:55:00+00:00
0.5887547731399536,0.5887547731399536,0.5887547731399536,0.5887547731399536,0,2026-08-04 14:57:00+00:00
0.5887200832366943,0.5887200832366943,0.5887200832366943,0.5887200832366943,0,2026-08-04 14:59:00+00:00
0.5886854529380798,0.5886854529380798,0.5886854529380798,0.5886854529380798,0,2026-08-04 15:01:00+00:00
0.5887200832366943,0.5887200832366943,0.5887200832366943,0.5887200832366943,0,2026-08-04 15:03:00+00:00
0.5886161923408508,0.5886161923408508,0.5886161923408508,0.5886161923408508,0,2026-08-04 15:05:00+00:00
0.5886508226394653,0.5886508226394653,0.5886508226394653,0.5886508226394653,0,2026-08-04 15:07:00+00:00
0.5885815024375916,0.5885815024375916,0.5885815024375916,0.5885815024375916,0,2026-08-04 15:09:00+00:00
0.5885122418403625,0.5885122418403625,0.5885122418403625,0.5885122418403625,0,2026-08-04 15:11:00+00:00
0.588408350944519,0.588408350944519,0.588408350944519,0.588408350944519,0,2026-08-04 15:13:00+00:00
0.5883045196533203,0.5883045196533203,0.5883045196533203,0.5883045196533203,0,2026-08-04 15:15:00+00:00
0.5882352590560913,0.5882352590560913,0.5882352590560913,0.5882352590560913,0,2026-08-04 15:17:00+00:00
0.5882352590560913,0.5882352590560913,0.5882352590560913,0.5882352590560913,0,2026-08-04 15:19:00+00:00
0.5882352590560913,0.5882352590560913,0.5882352590560913,0.5882352590560913,0,2026-08-04 15:21:00+00:00
0.5882698893547058,0.5882698893547058,0.5882698893547058,0.5882698893547058,0,2026-08-04 15:23:00+00:00
0.58833909034729,0.58833909034729,0.58833909034729,0.58833909034729,0,2026-08-04 15:25:00+00:00
0.58833909034729,0.58833909034729,0.58833909034729,0.58833909034729,0,2026-08-04 15:27:00+00:00
0.588408350944519,0.588408350944519,0.588408350944519,0.588408350944519,0,2026-08-04 15:29:00+00:00
0.58833909034729,0.58833909034729,0.58833909034729,0.58833909034729,0,2026-08-04 15:31:00+00:00
0.5882698893547058,0.5882698893547058,0.5882698893547058,0.5882698893547058,0,2026-08-04 15:33:00+00:00
0.5882698893547058,0.5882698893547058,0.5882698893547058,0.5882698893547058,0,2026-08-04 15:35:00+00:00
0.5883045196533203,0.5883045196533203,0.5883045196533203,0.5883045196533203,0,2026-08-04 15:37:00+00:00
0.5885815024375916,0.5885815024375916,0.5885815024375916,0.5885815024375916,0,2026-08-04 15:39:00+00:00
0.588546872138977,0.588546872138977,0.588546872138977,0.588546872138977,0,2026-08-04 15:41:00+00:00
0.5885122418403625,0.5885122418403625,0.5885122418403625,0.5885122418403625,0,2026-08-04 15:43:00+00:00
0.5886161923408508,0.5886161923408508,0.5886161923408508,0.5886161923408508,0,2026-08-04 15:45:00+00:00
0.588546872138977,0.588546872138977,0.588546872138977,0.588546872138977,0,2026-08-04 15:47:00+00:00
0.5886161923408508,0.5886161923408508,0.5886161923408508,0.5886161923408508,0,2026-08-04 15:49:00+00:00
0.5887200832366943,0.5887200832366943,0.5887200832366943,0.5887200832366943,0,2026-08-04 15:51:00+00:00
0.5888240933418274,0.5888240933418274,0.5888240933418274,0.5888240933418274,0,2026-08-04 15:53:00+00:00
0.5888240933418274,0.5888240933418274,0.5888240933418274,0.5888240933418274,0,2026-08-04 15:55:00+00:00
0.588893473148346,0.588893473148346,0.588893473148346,0.588893473148346,0,2026-08-04 15:57:00+00:00
0.5889281630516052,0.5889281630516052,0.5889281630516052,0.5889281630516052,0,2026-08-04 15:59:00+00:00
0.5889627933502197,0.5889627933502197,0.5889627933502197,0.5889627933502197,0,2026-08-04 16:01:00+00:00
0.5888240933418274,0.5888240933418274,0.5888240933418274,0.5888240933418274,0,2026-08-04 16:03:00+00:00
0.5887894630432129,0.5887894630432129,0.5887894630432129,0.5887894630432129,0,2026-08-04 16:05:00+00:00
0.5887894630432129,0.5887894630432129,0.5887894630432129,0.5887894630432129,0,2026-08-04 16:07:00+00:00
0.5887894630432129,0.5887894630432129,0.5887894630432129,0.5887894630432129,0,2026-08-04 16:09:00+00:00
0.588893473148346,0.588893473148346,0.588893473148346,0.588893473148346,0,2026-08-04 16:11:00+00:00
0.5890322327613831,0.5890322327613831,0.5890322327613831,0.5890322327613831,0,2026-08-04 16:13:00+00:00
0.5888587832450867,0.5888587832450867,0.5888587832450867,0.5888587832450867,0,2026-08-04 16:15:00+00:00
0.5889281630516052,0.5889281630516052,0.5889281630516052,0.5889281630516052,0,2026-08-04 16:17:00+00:00
0.588893473148346,0.588893473148346,0.588893473148346,0.588893473148346,0,2026-08-04 16:19:00+00:00
0.5889627933502197,0.5889627933502197,0.5889627933502197,0.5889627933502197,0,2026-08-04 16:21:00+00:00
0.5890322327613831,0.5890322327613831,0.5890322327613831,0.5890322327613831,0,2026-08-04 16:23:00+00:00
0.5890322327613831,0.5890322327613831,0.5890322327613831,0.5890322327613831,0,2026-08-04 16:25:00+00:00
0.5891363620758057,0.5891363620758057,0.5891363620758057,0.5891363620758057,0,2026-08-04 16:27:00+00:00
0.5890322327613831,0.5890322327613831,0.5890322327613831,0.5890322327613831,0,2026-08-04 16:29:00+00:00
0.5890322327613831,0.5890322327613831,0.5890322327613831,0.5890322327613831,0,2026-08-04 16:31:00+00:00
0.588997483253479,0.588997483253479,0.588997483253479,0.588997483253479,0,2026-08-04 16:33:00+00:00
0.5889281630516052,0.5889281630516052,0.5889281630516052,0.5889281630516052,0,2026-08-04 16:35:00+00:00
0.5888240933418274,0.5888240933418274,0.5888240933418274,0.5888240933418274,0,2026-08-04 16:37:00+00:00
0.5888240933418274,0.5888240933418274,0.5888240933418274,0.5888240933418274,0,2026-08-04 16:39:00+00:00
0.5888587832450867,0.5888587832450867,0.5888587832450867,0.5888587832450867,0,2026-08-04 16:41:00+00:00
0.5888587832450867,0.5888587832450867,0.5888587832450867,0.5888587832450867,0,2026-08-04 16:43:00+00:00
0.5889627933502197,0.5889627933502197,0.5889627933502197,0.5889627933502197,0,2026-08-04 16:45:00+00:00
0.5889627933502197,0.5889627933502197,0.5889627933502197,0.5889627933502197,0,2026-08-04 16:47:00+00:00
0.5889627933502197,0.5889627933502197,0.5889627933502197,0.5889627933502197,0,2026-08-04 16:49:00+00:00
0.5889281630516052,0.5889281630516052,0.5889281630516052,0.5889281630516052,0,2026-08-04 16:51:00+00:00
0.5888587832450867,0.5888587832450867,0.5888587832450867,0.5888587832450867,0,2026-08-04 16:53:00+00:00
0.5888240933418274,0.5888240933418274,0.5888240933418274,0.5888240933418274,0,2026-08-04 16:55:00+00:00
0.588893473148346,0.588893473148346,0.588893473148346,0.588893473148346,0,2026-08-04 16:57:00+00:00
0.5888587832450867,0.5888587832450867,0.5888587832450867,0.5888587832450867,0,2026-08-04 16:59:00+00:00
0.5890669226646423,0.5890669226646423,0.5890669226646423,0.5890669226646423,0,2026-08-04 17:01:00+00:00
0.5890669226646423,0.5890669226646423,0.5890669226646423,0.5890669226646423,0,2026-08-04 17:03:00+00:00
0.5891016125679016,0.5891016125679016,0.5891016125679016,0.5891016125679016,0,2026-08-04 17:05:00+00:00
0.588997483253479,0.588997483253479,0.588997483253479,0.588997483253479,0,2026-08-04 17:07:00+00:00
0.5889627933502197,0.5889627933502197,0.5889627933502197,0.5889627933502197,0,2026-08-04 17:09:00+00:00
0.588997483253479,0.588997483253479,0.588997483253479,0.588997483253479,0,2026-08-04 17:11:00+00:00
0.5890322327613831,0.5890322327613831,0.5890322327613831,0.5890322327613831,0,2026-08-04 17:13:00+00:00
0.5890669226646423,0.5890669226646423,0.5890669226646423,0.5890669226646423,0,2026-08-04 17:15:00+00:00
0.5890322327613831,0.5890322327613831,0.5890322327613831,0.5890322327613831,0,2026-08-04 17:17:00+00:00
0.5889627933502197,0.5889627933502197,0.5889627933502197,0.5889627933502197,0,2026-08-04 17:19:00+00:00
0.5890322327613831,0.5890322327613831,0.5890322327613831,0.5890322327613831,0,2026-08-04 17:21:00+00:00
0.5890322327613831,0.5890322327613831,0.5890322327613831,0.5890322327613831,0,2026-08-04 17:23:00+00:00
0.5890669226646423,0.5890669226646423,0.5890669226646423,0.5890669226646423,0,2026-08-04 17:25:00+00:00
0.5891363620758057,0.5891363620758057,0.5891363620758057,0.5891363620758057,0,2026-08-04 17:27:00+00:00
0.5890669226646423,0.5890669226646423,0.5890669226646423,0.5890669226646423,0,2026-08-04 17:29:00+00:00
0.5890669226646423,0.5890669226646423,0.5890669226646423,0.5890669226646423,0,2026-08-04 17:31:00+00:00
0.5890669226646423,0.5890669226646423,0.5890669226646423,0.5890669226646423,0,2026-08-04 17:33:00+00:00
0.5891016125679016,0.5891016125679016,0.5891016125679016,0.5891016125679016,0,2026-08-04 17:35:00+00:00
0.5891363620758057,0.5891363620758057,0.5891363620758057,0.5891363620758057,0,2026-08-04 17:37:00+00:00
0.5892404317855835,0.5892404317855835,0.5892404317855835,0.5892404317855835,0,2026-08-04 17:39:00+00:00
0.5893446803092957,0.5893446803092957,0.5893446803092957,0.5893446803092957,0,2026-08-04 17:41:00+00:00
0.589414119720459,0.589414119720459,0.589414119720459,0.589414119720459,0,2026-08-04 17:43:00+00:00
0.589414119720459,0.589414119720459,0.589414119720459,0.589414119720459,0,2026-08-04 17:45:00+00:00
0.5893793702125549,0.5893793702125549,0.5893793702125549,0.5893793702125549,0,2026-08-04 17:47:00+00:00
0.5893446803092957,0.5893446803092957,0.5893446803092957,0.5893446803092957,0,2026-08-04 17:49:00+00:00
0.5892404317855835,0.5892404317855835,0.5892404317855835,0.5892404317855835,0,2026-08-04 17:51:00+00:00
0.5891710519790649,0.5891710519790649,0.5891710519790649,0.5891710519790649,0,2026-08-04 17:53:00+00:00
0.5892057418823242,0.5892057418823242,0.5892057418823242,0.5892057418823242,0,2026-08-04 17:55:00+00:00
0.5892057418823242,0.5892057418823242,0.5892057418823242,0.5892057418823242,0,2026-08-04 17:57:00+00:00
0.5891710519790649,0.5891710519790649,0.5891710519790649,0.5891710519790649,0,2026-08-04 17:59:00+00:00
0.5891710519790649,0.5891710519790649,0.5891710519790649,0.5891710519790649,0,2026-08-04 18:01:00+00:00
0.5891363620758057,0.5891363620758057,0.5891363620758057,0.5891363620758057,0,2026-08-04 18:03:00+00:00
0.5892404317855835,0.5892404317855835,0.5892404317855835,0.5892404317855835,0,2026-08-04 18:05:00+00:00
0.5892404317855835,0.5892404317855835,0.5892404317855835,0.5892404317855835,0,2026-08-04 18:07:00+00:00
0.5890669226646423,0.5890669226646423,0.5890669226646423,0.5890669226646423,0,2026-08-04 18:09:00+00:00
0.588997483253479,0.588997483253479,0.588997483253479,0.588997483253479,0,2026-08-04 18:11:00+00:00
0.5889627933502197,0.5889627933502197,0.5889627933502197,0.5889627933502197,0,2026-08-04 18:13:00+00:00
0.588997483253479,0.588997483253479,0.588997483253479,0.588997483253479,0,2026-08-04 18:15:00+00:00
0.588997483253479,0.588997483253479,0.588997483253479,0.588997483253479,0,2026-08-04 18:17:00+00:00
0.5890322327613831,0.5890322327613831,0.5890322327613831,0.5890322327613831,0,2026-08-04 18:19:00+00:00
0.5890669226646423,0.5890669226646423,0.5890669226646423,0.5890669226646423,0,2026-08-04 18:21:00+00:00
0.5891016125679016,0.5891016125679016,0.5891016125679016,0.5891016125679016,0,2026-08-04 18:23:00+00:00
0.5891016125679016,0.5891016125679016,0.5891016125679016,0.5891016125679016,0,2026-08-04 18:25:00+00:00
0.5890322327613831,0.5890322327613831,0.5890322327613831,0.5890322327613831,0,2026-08-04 18:27:00+00:00
0.588997483253479,0.588997483253479,0.588997483253479,0.588997483253479,0,2026-08-04 18:29:00+00:00
0.5890322327613831,0.5890322327613831,0.5890322327613831,0.5890322327613831,0,2026-08-04 18:31:00+00:00
0.5889281630516052,0.5889281630516052,0.5889281630516052,0.5889281630516052,0,2026-08-04 18:33:00+00:00
0.5889281630516052,0.5889281630516052,0.5889281630516052,0.5889281630516052,0,2026-08-04 18:35:00+00:00
0.588997483253479,0.588997483253479,0.588997483253479,0.588997483253479,0,2026-08-04 18:37:00+00:00
0.5890322327613831,0.5890322327613831,0.5890322327613831,0.5890322327613831,0,2026-08-04 18:39:00+00:00
0.5890322327613831,0.5890322327613831,0.5890322327613831,0.5890322327613831,0,2026-08-04 18:41:00+00:00
0.5891016125679016,0.5891016125679016,0.5891016125679016,0.5891016125679016,0,2026-08-04 18:43:00+00:00
0.5891710519790649,0.5891710519790649,0.5891710519790649,0.5891710519790649,0,2026-08-04 18:45:00+00:00
0.5891016125679016,0.5891016125679016,0.5891016125679016,0.5891016125679016,0,2026-08-04 18:47:00+00:00
0.5891710519790649,0.5891710519790649,0.5891710519790649,0.5891710519790649,0,2026-08-04 18:49:00+00:00
0.5893099308013916,0.5893099308013916,0.5893099308013916,0.5893099308013916,0,2026-08-04 18:51:00+00:00
0.589448869228363,0.589448869228363,0.589448869228363,0.589448869228363,0,2026-08-04 18:53:00+00:00
0.5895183682441711,0.5895183682441711,0.5895183682441711,0.5895183682441711,0,2026-08-04 18:55:00+00:00
0.5895183682441711,0.5895183682441711,0.5895183682441711,0.5895183682441711,0,2026-08-04 18:57:00+00:00
0.589448869228363,0.589448869228363,0.589448869228363,0.589448869228363,0,2026-08-04 18:59:00+00:00
0.5895183682441711,0.5895183682441711,0.5895183682441711,0.5895183682441711,0,2026-08-04 19:01:00+00:00
0.5894836187362671,0.5894836187362671,0.5894836187362671,0.5894836187362671,0,2026-08-04 19:03:00+00:00
0.5894836187362671,0.5894836187362671,0.5894836187362671,0.5894836187362671,0,2026-08-04 19:05:00+00:00
0.5895183682441711,0.5895183682441711,0.5895183682441711,0.5895183682441711,0,2026-08-04 19:07:00+00:00
0.5894836187362671,0.5894836187362671,0.5894836187362671,0.5894836187362671,0,2026-08-04 19:09:00+00:00
0.5894836187362671,0.5894836187362671,0.5894836187362671,0.5894836187362671,0,2026-08-04 19:11:00+00:00
0.589414119720459,0.589414119720459,0.589414119720459,0.589414119720459,0,2026-08-04 19:13:00+00:00
0.589414119720459,0.589414119720459,0.589414119720459,0.589414119720459,0,2026-08-04 19:15:00+00:00
0.589414119720459,0.589414119720459,0.589414119720459,0.589414119720459,0,2026-08-04 19:17:00+00:00
0.589414119720459,0.589414119720459,0.589414119720459,0.589414119720459,0,2026-08-04 19:19:00+00:00
0.589448869228363,0.589448869228363,0.589448869228363,0.589448869228363,0,2026-08-04 19:21:00+00:00
0.5894836187362671,0.5894836187362671,0.5894836187362671,0.5894836187362671,0,2026-08-04 19:23:00+00:00
0.589414119720459,0.589414119720459,0.589414119720459,0.589414119720459,0,2026-08-04 19:25:00+00:00
0.5895183682441711,0.5895183682441711,0.5895183682441711,0.5895183682441711,0,2026-08-04 19:27:00+00:00
0.5895531177520752,0.5895531177520752,0.5895531177520752,0.5895531177520752,0,2026-08-04 19:29:00+00:00
0.5895183682441711,0.5895183682441711,0.5895183682441711,0.5895183682441711,0,2026-08-04 19:31:00+00:00
0.589448869228363,0.589448869228363,0.589448869228363,0.589448869228363,0,2026-08-04 19:33:00+00:00
0.589448869228363,0.589448869228363,0.589448869228363,0.589448869228363,0,2026-08-04 19:35:00+00:00
0.5895183682441711,0.5895183682441711,0.5895183682441711,0.5895183682441711,0,2026-08-04 19:37:00+00:00
0.5895531177520752,0.5895531177520752,0.5895531177520752,0.5895531177520752,0,2026-08-04 19:39:00+00:00
0.5895878672599792,0.5895878672599792,0.5895878672599792,0.5895878672599792,0,2026-08-04 19:41:00+00:00
0.5895531177520752,0.5895531177520752,0.5895531177520752,0.5895531177520752,0,2026-08-04 19:43:00+00:00
0.5895531177520752,0.5895531177520752,0.5895531177520752,0.5895531177520752,0,2026-08-04 19:45:00+00:00
0.5895183682441711,0.5895183682441711,0.5895183682441711,0.5895183682441711,0,2026-08-04 19:47:00+00:00
0.5895531177520752,0.5895531177520752,0.5895531177520752,0.5895531177520752,0,2026-08-04 19:49:00+00:00
0.5894836187362671,0.5894836187362671,0.5894836187362671,0.5894836187362671,0,2026-08-04 19:51:00+00:00
0.5894836187362671,0.5894836187362671,0.5894836187362671,0.5894836187362671,0,2026-08-04 19:53:00+00:00
0.589448869228363,0.589448869228363,0.589448869228363,0.589448869228363,0,2026-08-04 19:55:00+00:00
0.5894836187362671,0.5894836187362671,0.5894836187362671,0.5894836187362671,0,2026-08-04 19:57:00+00:00
0.5895183682441711,0.5895183682441711,0.5895183682441711,0.5895183682441711,0,2026-08-04 19:59:00+00:00
0.5895878672599792,0.5895878672599792,0.5895878672599792,0.5895878672599792,0,2026-08-04 20:01:00+00:00
0.5895531177520752,0.5895531177520752,0.5895531177520752,0.5895531177520752,0,2026-08-04 20:03:00+00:00
0.5895878672599792,0.5895878672599792,0.5895878672599792,0.5895878672599792,0,2026-08-04 20:05:00+00:00
0.5896574258804321,0.5896574258804321,0.5896574258804321,0.5896574258804321,0,2026-08-04 20:07:00+00:00
0.5896574258804321,0.5896574258804321,0.5896574258804321,0.5896574258804321,0,2026-08-04 20:09:00+00:00
0.5897269248962402,0.5897269248962402,0.5897269248962402,0.5897269248962402,0,2026-08-04 20:11:00+00:00
0.5897269248962402,0.5897269248962402,0.5897269248962402,0.5897269248962402,0,2026-08-04 20:13:00+00:00
0.5897965431213379,0.5897965431213379,0.5897965431213379,0.5897965431213379,0,2026-08-04 20:15:00+00:00
0.5897617340087891,0.5897617340087891,0.5897617340087891,0.5897617340087891,0,2026-08-04 20:17:00+00:00
0.5897269248962402,0.5897269248962402,0.5897269248962402,0.5897269248962402,0,2026-08-04 20:19:00+00:00
0.5897269248962402,0.5897269248962402,0.5897269248962402,0.5897269248962402,0,2026-08-04 20:21:00+00:00
0.5897269248962402,0.5897269248962402,0.5897269248962402,0.5897269248962402,0,2026-08-04 20:23:00+00:00
0.5897269248962402,0.5897269248962402,0.5897269248962402,0.5897269248962402,0,2026-08-04 20:25:00+00:00
0.5896574258804321,0.5896574258804321,0.5896574258804321,0.5896574258804321,0,2026-08-04 20:27:00+00:00
0.5895878672599792,0.5895878672599792,0.5895878672599792,0.5895878672599792,0,2026-08-04 20:29:00+00:00
0.5895878672599792,0.5895878672599792,0.5895878672599792,0.5895878672599792,0,2026-08-04 20:31:00+00:00
0.5896226763725281,0.5896226763725281,0.5896226763725281,0.5896226763725281,0,2026-08-04 20:33:00+00:00
0.5896921753883362,0.5896921753883362,0.5896921753883362,0.5896921753883362,0,2026-08-04 20:35:00+00:00
0.5896574258804321,0.5896574258804321,0.5896574258804321,0.5896574258804321,0,2026-08-04 20:37:00+00:00
0.5895531177520752,0.5895531177520752,0.5895531177520752,0.5895531177520752,0,2026-08-04 20:39:00+00:00
0.5895183682441711,0.5895183682441711,0.5895183682441711,0.5895183682441711,0,2026-08-04 20:41:00+00:00
0.5896226763725281,0.5896226763725281,0.5896226763725281,0.5896226763725281,0,2026-08-04 20:43:00+00:00
0.5897269248962402,0.5897269248962402,0.5897269248962402,0.5897269248962402,0,2026-08-04 20:45:00+00:00
0.5897269248962402,0.5897269248962402,0.5897269248962402,0.5897269248962402,0,2026-08-04 20:47:00+00:00
0.5897617340087891,0.5897617340087891,0.5897617340087891,0.5897617340087891,0,2026-08-04 20:49:00+00:00
0.5897269248962402,0.5897269248962402,0.5897269248962402,0.5897269248962402,0,2026-08-04 20:51:00+00:00
0.5897269248962402,0.5897269248962402,0.5897269248962402,0.5897269248962402,0,2026-08-04 20:53:00+00:00
0.5896574258804321,0.5896574258804321,0.5896574258804321,0.5896574258804321,0,2026-08-04 20:55:00+00:00
0.5897269248962402,0.5897269248962402,0.5897269248962402,0.5897269248962402,0,2026-08-04 20:57:00+00:00
0.5895878672599792,0.5895878672599792,0.5895878672599792,0.5895878672599792,0,2026-08-04 20:59:00+00:00
0.5890669226646423,0.5890669226646423,0.5890669226646423,0.5890669226646423,0,2026-08-04 21:01:00+00:00
0.5890322327613831,0.5890322327613831,0.5890322327613831,0.5890322327613831,0,2026-08-04 21:03:00+00:00
0.5887200832366943,0.5887200832366943,0.5887200832366943,0.5887200832366943,0,2026-08-04 21:05:00+00:00
0.5887547731399536,0.5887547731399536,0.5887547731399536,0.5887547731399536,0,2026-08-04 21:07:00+00:00
0.5891363620758057,0.5891363620758057,0.5891363620758057,0.5891363620758057,0,2026-08-04 21:09:00+00:00
0.5888240933418274,0.5888240933418274,0.5888240933418274,0.5888240933418274,0,2026-08-04 21:11:00+00:00
0.5889627933502197,0.5889627933502197,0.5889627933502197,0.5889627933502197,0,2026-08-04 21:13:00+00:00
0.5887200832366943,0.5887200832366943,0.5887200832366943,0.5887200832366943,0,2026-08-04 21:15:00+00:00
0.5888587832450867,0.5888587832450867,0.5888587832450867,0.5888587832450867,0,2026-08-04 21:17:00+00:00
0.5891363620758057,0.5891363620758057,0.5891363620758057,0.5891363620758057,0,2026-08-04 21:19:00+00:00
0.5892404317855835,0.5892404317855835,0.5892404317855835,0.5892404317855835,0,2026-08-04 21:21:00+00:00
0.5893793702125549,0.5893793702125549,0.5893793702125549,0.5893793702125549,0,2026-08-04 21:23:00+00:00
0.5897965431213379,0.5897965431213379,0.5897965431213379,0.5897965431213379,0,2026-08-04 21:25:00+00:00
0.5897617340087891,0.5897617340087891,0.5897617340087891,0.5897617340087891,0,2026-08-04 21:27:00+00:00
0.5895531177520752,0.5895531177520752,0.5895531177520752,0.5895531177520752,0,2026-08-04 21:29:00+00:00
0.5896226763725281,0.5896226763725281,0.5896226763725281,0.5896226763725281,0,2026-08-04 21:31:00+00:00
0.5896226763725281,0.5896226763725281,0.5896226763725281,0.5896226763725281,0,2026-08-04 21:33:00+00:00
0.589448869228363,0.589448869228363,0.589448869228363,0.589448869228363,0,2026-08-04 21:35:00+00:00
0.5893446803092957,0.5893446803092957,0.5893446803092957,0.5893446803092957,0,2026-08-04 21:37:00+00:00
0.5893446803092957,0.5893446803092957,0.5893446803092957,0.5893446803092957,0,2026-08-04 21:39:00+00:00
0.5893446803092957,0.5893446803092957,0.5893446803092957,0.5893446803092957,0,2026-08-04 21:41:00+00:00
0.5892057418823242,0.5892057418823242,0.5892057418823242,0.5892057418823242,0,2026-08-04 21:43:00+00:00
0.5890669226646423,0.5890669226646423,0.5890669226646423,0.5890669226646423,0,2026-08-04 21:45:00+00:00
0.5892404317855835,0.5892404317855835,0.5892404317855835,0.5892404317855835,0,2026-08-04 21:47:00+00:00
0.5890669226646423,0.5890669226646423,0.5890669226646423,0.5890669226646423,0,2026-08-04 21:49:00+00:00
0.5893099308013916,0.5893099308013916,0.5893099308013916,0.5893099308013916,0,2026-08-04 21:51:00+00:00
0.5896921753883362,0.5896921753883362,0.5896921753883362,0.5896921753883362,0,2026-08-04 21:53:00+00:00
0.5897269248962402,0.5897269248962402,0.5897269248962402,0.5897269248962402,0,2026-08-04 21:55:00+00:00
0.5895878672599792,0.5895878672599792,0.5895878672599792,0.5895878672599792,0,2026-08-04 21:57:00+00:00
0.5897617340087891,0.5897617340087891,0.5897617340087891,0.5897617340087891,0,2026-08-04 21:59:00+00:00
0.5896226763725281,0.5896226763725281,0.5896226763725281,0.5896226763725281,0,2026-08-04 22:01:00+00:00
0.5895183682441711,0.5895183682441711,0.5895183682441711,0.5895183682441711,0,2026-08-04 22:03:00+00:00
0.5895531177520752,0.5895531177520752,0.5895531177520752,0.5895531177520752,0,2026-08-04 22:05:00+00:00
0.5895531177520752,0.5895531177520752,0.5895531177520752,0.5895531177520752,0,2026-08-04 22:07:00+00:00
0.5895878672599792,0.5895878672599792,0.5895878672599792,0.5895878672599792,0,2026-08-04 22:09:00+00:00
0.5895878672599792,0.5895878672599792,0.5895878672599792,0.5895878672599792,0,2026-08-04 22:11:00+00:00
0.5895531177520752,0.5895531177520752,0.5895531177520752,0.5895531177520752,0,2026-08-04 22:13:00+00:00
0.5895531177520752,0.5895531177520752,0.5895531177520752,0.5895531177520752,0,2026-08-04 22:15:00+00:00
0.5895531177520752,0.5895531177520752,0.5895531177520752,0.5895531177520752,0,2026-08-04 22:17:00+00:00
0.5895183682441711,0.5895183682441711,0.5895183682441711,0.5895183682441711,0,2026-08-04 22:19:00+00:00
0.5895183682441711,0.5895183682441711,0.5895183682441711,0.5895183682441711,0,2026-08-04 22:21:00+00:00
0.5895183682441711,0.5895183682441711,0.5895183682441711,0.5895183682441711,0,2026-08-04 22:23:00+00:00
0.5895878672599792,0.5895878672599792,0.5895878672599792,0.5895878672599792,0,2026-08-04 22:25:00+00:00
0.5896226763725281,0.5896226763725281,0.5896226763725281,0.5896226763725281,0,2026-08-04 22:27:00+00:00
0.5896921753883362,0.5896921753883362,0.5896921753883362,0.5896921753883362,0,2026-08-04 22:29:00+00:00
0.5896921753883362,0.5896921753883362,0.5896921753883362,0.5896921753883362,0,2026-08-04 22:31:00+00:00
0.5896574258804321,0.5896574258804321,0.5896574258804321,0.5896574258804321,0,2026-08-04 22:33:00+00:00
0.5896574258804321,0.5896574258804321,0.5896574258804321,0.5896574258804321,0,2026-08-04 22:35:00+00:00
0.5896921753883362,0.5896921753883362,0.5896921753883362,0.5896921753883362,0,2026-08-04 22:37:00+00:00
0.5897269248962402,0.5897269248962402,0.5897269248962402,0.5897269248962402,0,2026-08-04 22:39:00+00:00
0.5897269248962402,0.5897269248962402,0.5897269248962402,0.5897269248962402,0,2026-08-04 22:41:00+00:00
0.5896921753883362,0.5896921753883362,0.5896921753883362,0.5896921753883362,0,2026-08-04 22:43:00+00:00
0.5886161923408508,0.5886161923408508,0.5886161923408508,0.5886161923408508,0,2026-08-04 22:45:00+00:00
0.5884429812431335,0.5884429812431335,0.5884429812431335,0.5884429812431335,0,2026-08-04 22:47:00+00:00
0.5887547731399536,0.5887547731399536,0.5887547731399536,0.5887547731399536,0,2026-08-04 22:49:00+00:00
0.5889281630516052,0.5889281630516052,0.5889281630516052,0.5889281630516052,0,2026-08-04 22:51:00+00:00
0.5889281630516052,0.5889281630516052,0.5889281630516052,0.5889281630516052,0,2026-08-04 22:53:00+00:00
0.5887894630432129,0.5887894630432129,0.5887894630432129,0.5887894630432129,0,2026-08-04 22:55:00+00:00
0.588893473148346,0.588893473148346,0.588893473148346,0.588893473148346,0,2026-08-04 22:57:00+00:00
0.5888587832450867,0.5888587832450867,0.5888587832450867,0.5888587832450867,0,2026-08-04 23:01:00+00:00
0.5885815024375916,0.5885815024375916,0.5885815024375916,0.5885815024375916,0,2026-08-04 23:03:00+00:00
0.588477611541748,0.588477611541748,0.588477611541748,0.588477611541748,0,2026-08-04 23:05:00+00:00
0.5883737206459045,0.5883737206459045,0.5883737206459045,0.5883737206459045,0,2026-08-04 23:07:00+00:00
0.5880969166755676,0.5880969166755676,0.5880969166755676,0.5880969166755676,0,2026-08-04 23:09:00+00:00
0.5880277156829834,0.5880277156829834,0.5880277156829834,0.5880277156829834,0,2026-08-04 23:11:00+00:00
0.5880277156829834,0.5880277156829834,0.5880277156829834,0.5880277156829834,0,2026-08-04 23:13:00+00:00
0.5880277156829834,0.5880277156829834,0.5880277156829834,0.5880277156829834,0,2026-08-04 23:15:00+00:00
0.5879586338996887,0.5879586338996887,0.5879586338996887,0.5879586338996887,0,2026-08-04 23:17:00+00:00
0.5879586338996887,0.5879586338996887,0.5879586338996887,0.5879586338996887,0,2026-08-04 23:19:00+00:00
0.5880623459815979,0.5880623459815979,0.5880623459815979,0.5880623459815979,0,2026-08-04 23:21:00+00:00
0.5879931449890137,0.5879931449890137,0.5879931449890137,0.5879931449890137,0,2026-08-04 23:23:00+00:00
0.587924063205719,0.587924063205719,0.587924063205719,0.587924063205719,0,2026-08-04 23:25:00+00:00
0.5879931449890137,0.5879931449890137,0.5879931449890137,0.5879931449890137,0,2026-08-04 23:27:00+00:00
0.587924063205719,0.587924063205719,0.587924063205719,0.587924063205719,0,2026-08-04 23:29:00+00:00
0.5879586338996887,0.5879586338996887,0.5879586338996887,0.5879586338996887,0,2026-08-04 23:31:00+00:00
0.587924063205719,0.587924063205719,0.587924063205719,0.587924063205719,0,2026-08-04 23:33:00+00:00
0.5878203511238098,0.5878203511238098,0.5878203511238098,0.5878203511238098,0,2026-08-04 23:35:00+00:00
0.5875785946846008,0.5875785946846008,0.5875785946846008,0.5875785946846008,0,2026-08-04 23:37:00+00:00
0.5876131057739258,0.5876131057739258,0.5876131057739258,0.5876131057739258,0,2026-08-04 23:39:00+00:00
0.5875095129013062,0.5875095129013062,0.5875095129013062,0.5875095129013062,0,2026-08-04 23:41:00+00:00
0.5874750018119812,0.5874750018119812,0.5874750018119812,0.5874750018119812,0,2026-08-04 23:43:00+00:00
0.587440550327301,0.587440550327301,0.587440550327301,0.587440550327301,0,2026-08-04 23:45:00+00:00
0.5875785946846008,0.5875785946846008,0.5875785946846008,0.5875785946846008,0,2026-08-04 23:47:00+00:00
0.5874750018119812,0.5874750018119812,0.5874750018119812,0.5874750018119812,0,2026-08-04 23:49:00+00:00
0.5875095129013062,0.5875095129013062,0.5875095129013062,0.5875095129013062,0,2026-08-04 23:51:00+00:00
0.5874060392379761,0.5874060392379761,0.5874060392379761,0.5874060392379761,0,2026-08-04 23:53:00+00:00
0.5875095129013062,0.5875095129013062,0.5875095129013062,0.5875095129013062,0,2026-08-04 23:55:00+00:00
0.587440550327301,0.587440550327301,0.587440550327301,0.587440550327301,0,2026-08-04 23:57:00+00:00
0.5877166986465454,0.5877166986465454,0.5877166986465454,0.5877166986465454,0,2026-08-04 23:59:00+00:00
0.587924063205719,0.587924063205719,0.587924063205719,0.587924063205719,0,2026-08-05 00:01:00+00:00
0.5880277156829834,0.5880277156829834,0.5880277156829834,0.5880277156829834,0,2026-08-05 00:03:00+00:00
0.5881314873695374,0.5881314873695374,0.5881314873695374,0.5881314873695374,0,2026-08-05 00:05:00+00:00
0.5882352590560913,0.5882352590560913,0.5882352590560913,0.5882352590560913,0,2026-08-05 00:07:00+00:00
0.5881661176681519,0.5881661176681519,0.5881661176681519,0.5881661176681519,0,2026-08-05 00:09:00+00:00
0.5879586338996887,0.5879586338996887,0.5879586338996887,0.5879586338996887,0,2026-08-05 00:11:00+00:00
0.5880277156829834,0.5880277156829834,0.5880277156829834,0.5880277156829834,0,2026-08-05 00:13:00+00:00
0.5880969166755676,0.5880969166755676,0.5880969166755676,0.5880969166755676,0,2026-08-05 00:15:00+00:00
0.5880277156829834,0.5880277156829834,0.5880277156829834,0.5880277156829834,0,2026-08-05 00:17:00+00:00
0.5879931449890137,0.5879931449890137,0.5879931449890137,0.5879931449890137,0,2026-08-05 00:19:00+00:00
0.5879931449890137,0.5879931449890137,0.5879931449890137,0.5879931449890137,0,2026-08-05 00:21:00+00:00
0.5882698893547058,0.5882698893547058,0.5882698893547058,0.5882698893547058,0,2026-08-05 00:23:00+00:00
0.5882352590560913,0.5882352590560913,0.5882352590560913,0.5882352590560913,0,2026-08-05 00:25:00+00:00
0.5879586338996887,0.5879586338996887,0.5879586338996887,0.5879586338996887,0,2026-08-05 00:27:00+00:00
0.5880623459815979,0.5880623459815979,0.5880623459815979,0.5880623459815979,0,2026-08-05 00:29:00+00:00
0.5880623459815979,0.5880623459815979,0.5880623459815979,0.5880623459815979,0,2026-08-05 00:31:00+00:00
0.587924063205719,0.587924063205719,0.587924063205719,0.587924063205719,0,2026-08-05 00:33:00+00:00
0.5877512693405151,0.5877512693405151,0.5877512693405151,0.5877512693405151,0,2026-08-05 00:35:00+00:00
0.5879931449890137,0.5879931449890137,0.5879931449890137,0.5879931449890137,0,2026-08-05 00:37:00+00:00
0.5881661176681519,0.5881661176681519,0.5881661176681519,0.5881661176681519,0,2026-08-05 00:39:00+00:00
0.5883045196533203,0.5883045196533203,0.5883045196533203,0.5883045196533203,0,2026-08-05 00:41:00+00:00
0.5882698893547058,0.5882698893547058,0.5882698893547058,0.5882698893547058,0,2026-08-05 00:43:00+00:00
0.5879586338996887,0.5879586338996887,0.5879586338996887,0.5879586338996887,0,2026-08-05 00:45:00+00:00
0.5877512693405151,0.5877512693405151,0.5877512693405151,0.5877512693405151,0,2026-08-05 00:47:00+00:00
0.5876821875572205,0.5876821875572205,0.5876821875572205,0.5876821875572205,0,2026-08-05 00:49:00+00:00
0.5877857804298401,0.5877857804298401,0.5877857804298401,0.5877857804298401,0,2026-08-05 00:51:00+00:00
0.5880969166755676,0.5880969166755676,0.5880969166755676,0.5880969166755676,0,2026-08-05 00:53:00+00:00
0.5880277156829834,0.5880277156829834,0.5880277156829834,0.5880277156829834,0,2026-08-05 00:55:00+00:00
0.5879586338996887,0.5879586338996887,0.5879586338996887,0.5879586338996887,0,2026-08-05 00:57:00+00:00
0.5878894925117493,0.5878894925117493,0.5878894925117493,0.5878894925117493,0,2026-08-05 00:59:00+00:00
0.5876476764678955,0.5876476764678955,0.5876476764678955,0.5876476764678955,0,2026-08-05 01:01:00+00:00
0.5876131057739258,0.5876131057739258,0.5876131057739258,0.5876131057739258,0,2026-08-05 01:03:00+00:00
0.5877512693405151,0.5877512693405151,0.5877512693405151,0.5877512693405151,0,2026-08-05 01:05:00+00:00
0.5878549218177795,0.5878549218177795,0.5878549218177795,0.5878549218177795,0,2026-08-05 01:07:00+00:00
0.587924063205719,0.587924063205719,0.587924063205719,0.587924063205719,0,2026-08-05 01:09:00+00:00
0.587924063205719,0.587924063205719,0.587924063205719,0.587924063205719,0,2026-08-05 01:11:00+00:00
0.5877512693405151,0.5877512693405151,0.5877512693405151,0.5877512693405151,0,2026-08-05 01:13:00+00:00
0.5878894925117493,0.5878894925117493,0.5878894925117493,0.5878894925117493,0,2026-08-05 01:15:00+00:00
0.5879586338996887,0.5879586338996887,0.5879586338996887,0.5879586338996887,0,2026-08-05 01:17:00+00:00
0.5879931449890137,0.5879931449890137,0.5879931449890137,0.5879931449890137,0,2026-08-05 01:19:00+00:00
0.5878203511238098,0.5878203511238098,0.5878203511238098,0.5878203511238098,0,2026-08-05 01:21:00+00:00
0.5875095129013062,0.5875095129013062,0.5875095129013062,0.5875095129013062,0,2026-08-05 01:23:00+00:00
0.587440550327301,0.587440550327301,0.587440550327301,0.587440550327301,0,2026-08-05 01:25:00+00:00
0.587440550327301,0.587440550327301,0.587440550327301,0.587440550327301,0,2026-08-05 01:27:00+00:00
0.5876131057739258,0.5876131057739258,0.5876131057739258,0.5876131057739258,0,2026-08-05 01:29:00+00:00
0.5873025059700012,0.5873025059700012,0.5873025059700012,0.5873025059700012,0,2026-08-05 01:31:00+00:00
0.5872335433959961,0.5872335433959961,0.5872335433959961,0.5872335433959961,0,2026-08-05 01:33:00+00:00
0.5872335433959961,0.5872335433959961,0.5872335433959961,0.5872335433959961,0,2026-08-05 01:35:00+00:00
0.5872679948806763,0.5872679948806763,0.5872679948806763,0.5872679948806763,0,2026-08-05 01:37:00+00:00
0.5871301293373108,0.5871301293373108,0.5871301293373108,0.5871301293373108,0,2026-08-05 01:39:00+00:00
0.5871301293373108,0.5871301293373108,0.5871301293373108,0.5871301293373108,0,2026-08-05 01:41:00+00:00
0.5871301293373108,0.5871301293373108,0.5871301293373108,0.5871301293373108,0,2026-08-05 01:43:00+00:00
0.587164580821991,0.587164580821991,0.587164580821991,0.587164580821991,0,2026-08-05 01:45:00+00:00
0.5869922637939453,0.5869922637939453,0.5869922637939453,0.5869922637939453,0,2026-08-05 01:47:00+00:00
0.5870611667633057,0.5870611667633057,0.5870611667633057,0.5870611667633057,0,2026-08-05 01:49:00+00:00
0.5870956182479858,0.5870956182479858,0.5870956182479858,0.5870956182479858,0,2026-08-05 01:51:00+00:00
0.5871301293373108,0.5871301293373108,0.5871301293373108,0.5871301293373108,0,2026-08-05 01:53:00+00:00
0.5870956182479858,0.5870956182479858,0.5870956182479858,0.5870956182479858,0,2026-08-05 01:55:00+00:00
0.5871301293373108,0.5871301293373108,0.5871301293373108,0.5871301293373108,0,2026-08-05 01:57:00+00:00
0.5871301293373108,0.5871301293373108,0.5871301293373108,0.5871301293373108,0,2026-08-05 01:59:00+00:00
0.587164580821991,0.587164580821991,0.587164580821991,0.587164580821991,0,2026-08-05 02:01:00+00:00
0.5871301293373108,0.5871301293373108,0.5871301293373108,0.5871301293373108,0,2026-08-05 02:03:00+00:00
0.587164580821991,0.587164580821991,0.587164580821991,0.587164580821991,0,2026-08-05 02:05:00+00:00
0.5871990919113159,0.5871990919113159,0.5871990919113159,0.5871990919113159,0,2026-08-05 02:07:00+00:00
0.5871990919113159,0.5871990919113159,0.5871990919113159,0.5871990919113159,0,2026-08-05 02:09:00+00:00
0.5869922637939453,0.5869922637939453,0.5869922637939453,0.5869922637939453,0,2026-08-05 02:11:00+00:00
0.5868889093399048,0.5868889093399048,0.5868889093399048,0.5868889093399048,0,2026-08-05 02:13:00+00:00
0.586923360824585,0.586923360824585,0.586923360824585,0.586923360824585,0,2026-08-05 02:15:00+00:00
0.5868889093399048,0.5868889093399048,0.5868889093399048,0.5868889093399048,0,2026-08-05 02:17:00+00:00
0.586923360824585,0.586923360824585,0.586923360824585,0.586923360824585,0,2026-08-05 02:19:00+00:00
0.5871301293373108,0.5871301293373108,0.5871301293373108,0.5871301293373108,0,2026-08-05 02:21:00+00:00
0.5871301293373108,0.5871301293373108,0.5871301293373108,0.5871301293373108,0,2026-08-05 02:23:00+00:00
0.587164580821991,0.587164580821991,0.587164580821991,0.587164580821991,0,2026-08-05 02:25:00+00:00
0.5873025059700012,0.5873025059700012,0.5873025059700012,0.5873025059700012,0,2026-08-05 02:27:00+00:00
0.5872335433959961,0.5872335433959961,0.5872335433959961,0.5872335433959961,0,2026-08-05 02:29:00+00:00
0.5872335433959961,0.5872335433959961,0.5872335433959961,0.5872335433959961,0,2026-08-05 02:31:00+00:00
0.5873025059700012,0.5873025059700012,0.5873025059700012,0.5873025059700012,0,2026-08-05 02:33:00+00:00
0.587440550327301,0.587440550327301,0.587440550327301,0.587440550327301,0,2026-08-05 02:35:00+00:00
0.5875785946846008,0.5875785946846008,0.5875785946846008,0.5875785946846008,0,2026-08-05 02:37:00+00:00
0.5875440835952759,0.5875440835952759,0.5875440835952759,0.5875440835952759,0,2026-08-05 02:39:00+00:00
0.5877512693405151,0.5877512693405151,0.5877512693405151,0.5877512693405151,0,2026-08-05 02:41:00+00:00
0.5878203511238098,0.5878203511238098,0.5878203511238098,0.5878203511238098,0,2026-08-05 02:43:00+00:00
0.5879586338996887,0.5879586338996887,0.5879586338996887,0.5879586338996887,0,2026-08-05 02:45:00+00:00
0.5879586338996887,0.5879586338996887,0.5879586338996887,0.5879586338996887,0,2026-08-05 02:47:00+00:00
0.5878549218177795,0.5878549218177795,0.5878549218177795,0.5878549218177795,0,2026-08-05 02:49:00+00:00
0.5878894925117493,0.5878894925117493,0.5878894925117493,0.5878894925117493,0,2026-08-05 02:51:00+00:00
0.5877166986465454,0.5877166986465454,0.5877166986465454,0.5877166986465454,0,2026-08-05 02:53:00+00:00
0.5878549218177795,0.5878549218177795,0.5878549218177795,0.5878549218177795,0,2026-08-05 02:55:00+00:00
0.5878894925117493,0.5878894925117493,0.5878894925117493,0.5878894925117493,0,2026-08-05 02:57:00+00:00
0.5877166986465454,0.5877166986465454,0.5877166986465454,0.5877166986465454,0,2026-08-05 02:59:00+00:00
0.5878203511238098,0.5878203511238098,0.5878203511238098,0.5878203511238098,0,2026-08-05 03:01:00+00:00
0.5880277156829834,0.5880277156829834,0.5880277156829834,0.5880277156829834,0,2026-08-05 03:03:00+00:00
0.5881314873695374,0.5881314873695374,0.5881314873695374,0.5881314873695374,0,2026-08-05 03:05:00+00:00
0.5882006883621216,0.5882006883621216,0.5882006883621216,0.5882006883621216,0,2026-08-05 03:07:00+00:00
0.5883045196533203,0.5883045196533203,0.5883045196533203,0.5883045196533203,0,2026-08-05 03:09:00+00:00
0.5883045196533203,0.5883045196533203,0.5883045196533203,0.5883045196533203,0,2026-08-05 03:11:00+00:00
0.5882698893547058,0.5882698893547058,0.5882698893547058,0.5882698893547058,0,2026-08-05 03:13:00+00:00
0.5882006883621216,0.5882006883621216,0.5882006883621216,0.5882006883621216,0,2026-08-05 03:15:00+00:00
0.5881661176681519,0.5881661176681519,0.5881661176681519,0.5881661176681519,0,2026-08-05 03:17:00+00:00
0.5880277156829834,0.5880277156829834,0.5880277156829834,0.5880277156829834,0,2026-08-05 03:19:00+00:00
0.587924063205719,0.587924063205719,0.587924063205719,0.587924063205719,0,2026-08-05 03:21:00+00:00
0.5879586338996887,0.5879586338996887,0.5879586338996887,0.5879586338996887,0,2026-08-05 03:23:00+00:00
0.5879586338996887,0.5879586338996887,0.5879586338996887,0.5879586338996887,0,2026-08-05 03:25:00+00:00
0.587924063205719,0.587924063205719,0.587924063205719,0.587924063205719,0,2026-08-05 03:27:00+00:00
0.5878549218177795,0.5878549218177795,0.5878549218177795,0.5878549218177795,0,2026-08-05 03:29:00+00:00
0.5877512693405151,0.5877512693405151,0.5877512693405151,0.5877512693405151,0,2026-08-05 03:31:00+00:00
0.5877166986465454,0.5877166986465454,0.5877166986465454,0.5877166986465454,0,2026-08-05 03:33:00+00:00
0.5876476764678955,0.5876476764678955,0.5876476764678955,0.5876476764678955,0,2026-08-05 03:35:00+00:00
0.5877512693405151,0.5877512693405151,0.5877512693405151,0.5877512693405151,0,2026-08-05 03:37:00+00:00
0.5877166986465454,0.5877166986465454,0.5877166986465454,0.5877166986465454,0,2026-08-05 03:39:00+00:00
0.5876821875572205,0.5876821875572205,0.5876821875572205,0.5876821875572205,0,2026-08-05 03:41:00+00:00
0.5877166986465454,0.5877166986465454,0.5877166986465454,0.5877166986465454,0,2026-08-05 03:43:00+00:00
0.5877512693405151,0.5877512693405151,0.5877512693405151,0.5877512693405151,0,2026-08-05 03:45:00+00:00
0.5876131057739258,0.5876131057739258,0.5876131057739258,0.5876131057739258,0,2026-08-05 03:47:00+00:00
0.5875785946846008,0.5875785946846008,0.5875785946846008,0.5875785946846008,0,2026-08-05 03:49:00+00:00
0.5876131057739258,0.5876131057739258,0.5876131057739258,0.5876131057739258,0,2026-08-05 03:51:00+00:00
0.5875785946846008,0.5875785946846008,0.5875785946846008,0.5875785946846008,0,2026-08-05 03:53:00+00:00
0.587440550327301,0.587440550327301,0.587440550327301,0.587440550327301,0,2026-08-05 03:55:00+00:00
0.5874060392379761,0.5874060392379761,0.5874060392379761,0.5874060392379761,0,2026-08-05 03:57:00+00:00
0.5873715281486511,0.5873715281486511,0.5873715281486511,0.5873715281486511,0,2026-08-05 03:59:00+00:00
0.5874750018119812,0.5874750018119812,0.5874750018119812,0.5874750018119812,0,2026-08-05 04:01:00+00:00
0.5875095129013062,0.5875095129013062,0.5875095129013062,0.5875095129013062,0,2026-08-05 04:03:00+00:00
0.5877166986465454,0.5877166986465454,0.5877166986465454,0.5877166986465454,0,2026-08-05 04:05:00+00:00
0.5877512693405151,0.5877512693405151,0.5877512693405151,0.5877512693405151,0,2026-08-05 04:07:00+00:00
0.5876821875572205,0.5876821875572205,0.5876821875572205,0.5876821875572205,0,2026-08-05 04:09:00+00:00
0.5876131057739258,0.5876131057739258,0.5876131057739258,0.5876131057739258,0,2026-08-05 04:11:00+00:00
0.5877166986465454,0.5877166986465454,0.5877166986465454,0.5877166986465454,0,2026-08-05 04:13:00+00:00
0.5876476764678955,0.5876476764678955,0.5876476764678955,0.5876476764678955,0,2026-08-05 04:15:00+00:00
0.5877857804298401,0.5877857804298401,0.5877857804298401,0.5877857804298401,0,2026-08-05 04:17:00+00:00
0.5877857804298401,0.5877857804298401,0.5877857804298401,0.5877857804298401,0,2026-08-05 04:19:00+00:00
0.5878203511238098,0.5878203511238098,0.5878203511238098,0.5878203511238098,0,2026-08-05 04:21:00+00:00
0.5878203511238098,0.5878203511238098,0.5878203511238098,0.5878203511238098,0,2026-08-05 04:23:00+00:00
0.5877512693405151,0.5877512693405151,0.5877512693405151,0.5877512693405151,0,2026-08-05 04:25:00+00:00
0.5877166986465454,0.5877166986465454,0.5877166986465454,0.5877166986465454,0,2026-08-05 04:27:00+00:00
0.5877166986465454,0.5877166986465454,0.5877166986465454,0.5877166986465454,0,2026-08-05 04:29:00+00:00
0.5877857804298401,0.5877857804298401,0.5877857804298401,0.5877857804298401,0,2026-08-05 04:31:00+00:00
0.5877512693405151,0.5877512693405151,0.5877512693405151,0.5877512693405151,0,2026-08-05 04:33:00+00:00
0.5877166986465454,0.5877166986465454,0.5877166986465454,0.5877166986465454,0,2026-08-05 04:35:00+00:00
0.5876476764678955,0.5876476764678955,0.5876476764678955,0.5876476764678955,0,2026-08-05 04:37:00+00:00
0.5875440835952759,0.5875440835952759,0.5875440835952759,0.5875440835952759,0,2026-08-05 04:39:00+00:00
0.5874750018119812,0.5874750018119812,0.5874750018119812,0.5874750018119812,0,2026-08-05 04:41:00+00:00
0.587440550327301,0.587440550327301,0.587440550327301,0.587440550327301,0,2026-08-05 04:43:00+00:00
0.5874750018119812,0.5874750018119812,0.5874750018119812,0.5874750018119812,0,2026-08-05 04:45:00+00:00
0.5875785946846008,0.5875785946846008,0.5875785946846008,0.5875785946846008,0,2026-08-05 04:47:00+00:00
0.5874750018119812,0.5874750018119812,0.5874750018119812,0.5874750018119812,0,2026-08-05 04:49:00+00:00
0.587440550327301,0.587440550327301,0.587440550327301,0.587440550327301,0,2026-08-05 04:51:00+00:00
0.5873370170593262,0.5873370170593262,0.5873370170593262,0.5873370170593262,0,2026-08-05 04:53:00+00:00
0.5873025059700012,0.5873025059700012,0.5873025059700012,0.5873025059700012,0,2026-08-05 04:55:00+00:00
0.5873025059700012,0.5873025059700012,0.5873025059700012,0.5873025059700012,0,2026-08-05 04:57:00+00:00
0.5873370170593262,0.5873370170593262,0.5873370170593262,0.5873370170593262,0,2026-08-05 04:59:00+00:00
0.5872335433959961,0.5872335433959961,0.5872335433959961,0.5872335433959961,0,2026-08-05 05:01:00+00:00
0.5870956182479858,0.5870956182479858,0.5870956182479858,0.5870956182479858,0,2026-08-05 05:03:00+00:00
0.5870956182479858,0.5870956182479858,0.5870956182479858,0.5870956182479858,0,2026-08-05 05:05:00+00:00
0.5870956182479858,0.5870956182479858,0.5870956182479858,0.5870956182479858,0,2026-08-05 05:07:00+00:00
0.587164580821991,0.587164580821991,0.587164580821991,0.587164580821991,0,2026-08-05 05:09:00+00:00
0.5871301293373108,0.5871301293373108,0.5871301293373108,0.5871301293373108,0,2026-08-05 05:11:00+00:00
0.5871990919113159,0.5871990919113159,0.5871990919113159,0.5871990919113159,0,2026-08-05 05:13:00+00:00
0.5872679948806763,0.5872679948806763,0.5872679948806763,0.5872679948806763,0,2026-08-05 05:15:00+00:00
0.5872679948806763,0.5872679948806763,0.5872679948806763,0.5872679948806763,0,2026-08-05 05:17:00+00:00
0.5873025059700012,0.5873025059700012,0.5873025059700012,0.5873025059700012,0,2026-08-05 05:19:00+00:00
0.5872679948806763,0.5872679948806763,0.5872679948806763,0.5872679948806763,0,2026-08-05 05:21:00+00:00
0.5872679948806763,0.5872679948806763,0.5872679948806763,0.5872679948806763,0,2026-08-05 05:23:00+00:00
0.5872679948806763,0.5872679948806763,0.5872679948806763,0.5872679948806763,0,2026-08-05 05:25:00+00:00
0.5872335433959961,0.5872335433959961,0.5872335433959961,0.5872335433959961,0,2026-08-05 05:27:00+00:00
0.5870956182479858,0.5870956182479858,0.5870956182479858,0.5870956182479858,0,2026-08-05 05:29:00+00:00
0.5872679948806763,0.5872679948806763,0.5872679948806763,0.5872679948806763,0,2026-08-05 05:31:00+00:00
0.5873370170593262,0.5873370170593262,0.5873370170593262,0.5873370170593262,0,2026-08-05 05:33:00+00:00
0.5873025059700012,0.5873025059700012,0.5873025059700012,0.5873025059700012,0,2026-08-05 05:35:00+00:00
0.5873715281486511,0.5873715281486511,0.5873715281486511,0.5873715281486511,0,2026-08-05 05:37:00+00:00
0.5874060392379761,0.5874060392379761,0.5874060392379761,0.5874060392379761,0,2026-08-05 05:39:00+00:00
0.5873370170593262,0.5873370170593262,0.5873370170593262,0.5873370170593262,0,2026-08-05 05:41:00+00:00
0.5873370170593262,0.5873370170593262,0.5873370170593262,0.5873370170593262,0,2026-08-05 05:43:00+00:00
0.5872679948806763,0.5872679948806763,0.5872679948806763,0.5872679948806763,0,2026-08-05 05:45:00+00:00
0.5873715281486511,0.5873715281486511,0.5873715281486511,0.5873715281486511,0,2026-08-05 05:47:00+00:00
0.5873715281486511,0.5873715281486511,0.5873715281486511,0.5873715281486511,0,2026-08-05 05:49:00+00:00
0.5873715281486511,0.5873715281486511,0.5873715281486511,0.5873715281486511,0,2026-08-05 05:51:00+00:00
0.5872335433959961,0.5872335433959961,0.5872335433959961,0.5872335433959961,0,2026-08-05 05:53:00+00:00
0.5873370170593262,0.5873370170593262,0.5873370170593262,0.5873370170593262,0,2026-08-05 05:55:00+00:00
0.587440550327301,0.587440550327301,0.587440550327301,0.587440550327301,0,2026-08-05 05:57:00+00:00
0.5873715281486511,0.5873715281486511,0.5873715281486511,0.5873715281486511,0,2026-08-05 05:59:00+00:00
0.5874060392379761,0.5874060392379761,0.5874060392379761,0.5874060392379761,0,2026-08-05 06:01:00+00:00
0.5873370170593262,0.5873370170593262,0.5873370170593262,0.5873370170593262,0,2026-08-05 06:03:00+00:00
0.5874060392379761,0.5874060392379761,0.5874060392379761,0.5874060392379761,0,2026-08-05 06:05:00+00:00
0.5874750018119812,0.5874750018119812,0.5874750018119812,0.5874750018119812,0,2026-08-05 06:07:00+00:00
0.587440550327301,0.587440550327301,0.587440550327301,0.587440550327301,0,2026-08-05 06:09:00+00:00
0.5875095129013062,0.5875095129013062,0.5875095129013062,0.5875095129013062,0,2026-08-05 06:11:00+00:00
0.587440550327301,0.587440550327301,0.587440550327301,0.587440550327301,0,2026-08-05 06:13:00+00:00
0.5871990919113159,0.5871990919113159,0.5871990919113159,0.5871990919113159,0,2026-08-05 06:15:00+00:00
0.5871301293373108,0.5871301293373108,0.5871301293373108,0.5871301293373108,0,2026-08-05 06:17:00+00:00
0.5871301293373108,0.5871301293373108,0.5871301293373108,0.5871301293373108,0,2026-08-05 06:19:00+00:00
0.5870611667633057,0.5870611667633057,0.5870611667633057,0.5870611667633057,0,2026-08-05 06:21:00+00:00
0.5870611667633057,0.5870611667633057,0.5870611667633057,0.5870611667633057,0,2026-08-05 06:23:00+00:00
0.5869922637939453,0.5869922637939453,0.5869922637939453,0.5869922637939453,0,2026-08-05 06:25:00+00:00
0.5868889093399048,0.5868889093399048,0.5868889093399048,0.5868889093399048,0,2026-08-05 06:27:00+00:00
0.5868544578552246,0.5868544578552246,0.5868544578552246,0.5868544578552246,0,2026-08-05 06:29:00+00:00
0.5868544578552246,0.5868544578552246,0.5868544578552246,0.5868544578552246,0,2026-08-05 06:31:00+00:00
0.5868889093399048,0.5868889093399048,0.5868889093399048,0.5868889093399048,0,2026-08-05 06:33:00+00:00
0.5869922637939453,0.5869922637939453,0.5869922637939453,0.5869922637939453,0,2026-08-05 06:35:00+00:00
0.587164580821991,0.587164580821991,0.587164580821991,0.587164580821991,0,2026-08-05 06:37:00+00:00
0.5873370170593262,0.5873370170593262,0.5873370170593262,0.5873370170593262,0,2026-08-05 06:39:00+00:00
0.5873370170593262,0.5873370170593262,0.5873370170593262,0.5873370170593262,0,2026-08-05 06:41:00+00:00
0.5872679948806763,0.5872679948806763,0.5872679948806763,0.5872679948806763,0,2026-08-05 06:43:00+00:00
0.5873370170593262,0.5873370170593262,0.5873370170593262,0.5873370170593262,0,2026-08-05 06:45:00+00:00
0.587440550327301,0.587440550327301,0.587440550327301,0.587440550327301,0,2026-08-05 06:47:00+00:00
0.5875440835952759,0.5875440835952759,0.5875440835952759,0.5875440835952759,0,2026-08-05 06:49:00+00:00
0.5875095129013062,0.5875095129013062,0.5875095129013062,0.5875095129013062,0,2026-08-05 06:51:00+00:00
0.587440550327301,0.587440550327301,0.587440550327301,0.587440550327301,0,2026-08-05 06:53:00+00:00
0.587440550327301,0.587440550327301,0.587440550327301,0.587440550327301,0,2026-08-05 06:55:00+00:00
0.5875440835952759,0.5875440835952759,0.5875440835952759,0.5875440835952759,0,2026-08-05 06:57:00+00:00
0.5876476764678955,0.5876476764678955,0.5876476764678955,0.5876476764678955,0,2026-08-05 06:59:00+00:00
0.5876476764678955,0.5876476764678955,0.5876476764678955,0.5876476764678955,0,2026-08-05 07:01:00+00:00
0.587440550327301,0.587440550327301,0.587440550327301,0.587440550327301,0,2026-08-05 07:03:00+00:00
0.5873370170593262,0.5873370170593262,0.5873370170593262,0.5873370170593262,0,2026-08-05 07:05:00+00:00
0.5873715281486511,0.5873715281486511,0.5873715281486511,0.5873715281486511,0,2026-08-05 07:07:00+00:00
0.5872679948806763,0.5872679948806763,0.5872679948806763,0.5872679948806763,0,2026-08-05 07:09:00+00:00
0.5869578123092651,0.5869578123092651,0.5869578123092651,0.5869578123092651,0,2026-08-05 07:11:00+00:00
0.5870267152786255,0.5870267152786255,0.5870267152786255,0.5870267152786255,0,2026-08-05 07:13:00+00:00
0.5870611667633057,0.5870611667633057,0.5870611667633057,0.5870611667633057,0,2026-08-05 07:15:00+00:00
0.5869922637939453,0.5869922637939453,0.5869922637939453,0.5869922637939453,0,2026-08-05 07:17:00+00:00
0.586923360824585,0.586923360824585,0.586923360824585,0.586923360824585,0,2026-08-05 07:19:00+00:00
0.5870611667633057,0.5870611667633057,0.5870611667633057,0.5870611667633057,0,2026-08-05 07:21:00+00:00
0.5869922637939453,0.5869922637939453,0.5869922637939453,0.5869922637939453,0,2026-08-05 07:23:00+00:00
0.5868544578552246,0.5868544578552246,0.5868544578552246,0.5868544578552246,0,2026-08-05 07:25:00+00:00
0.5866823196411133,0.5866823196411133,0.5866823196411133,0.5866823196411133,0,2026-08-05 07:27:00+00:00
0.5866134762763977,0.5866134762763977,0.5866134762763977,0.5866134762763977,0,2026-08-05 07:29:00+00:00
0.5866479277610779,0.5866479277610779,0.5866479277610779,0.5866479277610779,0,2026-08-05 07:31:00+00:00
0.5866134762763977,0.5866134762763977,0.5866134762763977,0.5866134762763977,0,2026-08-05 07:33:00+00:00
0.5864415168762207,0.5864415168762207,0.5864415168762207,0.5864415168762207,0,2026-08-05 07:35:00+00:00
0.5864415168762207,0.5864415168762207,0.5864415168762207,0.5864415168762207,0,2026-08-05 07:37:00+00:00
0.5865790843963623,0.5865790843963623,0.5865790843963623,0.5865790843963623,0,2026-08-05 07:39:00+00:00
0.5865446329116821,0.5865446329116821,0.5865446329116821,0.5865446329116821,0,2026-08-05 07:41:00+00:00
0.5865446329116821,0.5865446329116821,0.5865446329116821,0.5865446329116821,0,2026-08-05 07:43:00+00:00
0.5866134762763977,0.5866134762763977,0.5866134762763977,0.5866134762763977,0,2026-08-05 07:45:00+00:00
0.5867511630058289,0.5867511630058289,0.5867511630058289,0.5867511630058289,0,2026-08-05 07:47:00+00:00
0.5867855548858643,0.5867855548858643,0.5867855548858643,0.5867855548858643,0,2026-08-05 07:49:00+00:00
0.5868200063705444,0.5868200063705444,0.5868200063705444,0.5868200063705444,0,2026-08-05 07:51:00+00:00
0.5868200063705444,0.5868200063705444,0.5868200063705444,0.5868200063705444,0,2026-08-05 07:53:00+00:00
0.586923360824585,0.586923360824585,0.586923360824585,0.586923360824585,0,2026-08-05 07:55:00+00:00
0.5870611667633057,0.5870611667633057,0.5870611667633057,0.5870611667633057,0,2026-08-05 07:57:00+00:00
0.5871301293373108,0.5871301293373108,0.5871301293373108,0.5871301293373108,0,2026-08-05 07:59:00+00:00
0.5872335433959961,0.5872335433959961,0.5872335433959961,0.5872335433959961,0,2026-08-05 08:01:00+00:00
0.5871990919113159,0.5871990919113159,0.5871990919113159,0.5871990919113159,0,2026-08-05 08:03:00+00:00
0.5869922637939453,0.5869922637939453,0.5869922637939453,0.5869922637939453,0,2026-08-05 08:05:00+00:00
0.586923360824585,0.586923360824585,0.586923360824585,0.586923360824585,0,2026-08-05 08:07:00+00:00
0.586923360824585,0.586923360824585,0.586923360824585,0.586923360824585,0,2026-08-05 08:09:00+00:00
0.5869578123092651,0.5869578123092651,0.5869578123092651,0.5869578123092651,0,2026-08-05 08:11:00+00:00
0.5869578123092651,0.5869578123092651,0.5869578123092651,0.5869578123092651,0,2026-08-05 08:13:00+00:00
0.5869578123092651,0.5869578123092651,0.5869578123092651,0.5869578123092651,0,2026-08-05 08:17:00+00:00
0.586923360824585,0.586923360824585,0.586923360824585,0.586923360824585,0,2026-08-05 08:19:00+00:00
0.5870267152786255,0.5870267152786255,0.5870267152786255,0.5870267152786255,0,2026-08-05 08:21:00+00:00
0.5867855548858643,0.5867855548858643,0.5867855548858643,0.5867855548858643,0,2026-08-05 08:23:00+00:00
0.5867855548858643,0.5867855548858643,0.5867855548858643,0.5867855548858643,0,2026-08-05 08:25:00+00:00
0.5868889093399048,0.5868889093399048,0.5868889093399048,0.5868889093399048,0,2026-08-05 08:27:00+00:00
0.5869578123092651,0.5869578123092651,0.5869578123092651,0.5869578123092651,0,2026-08-05 08:29:00+00:00
0.5869578123092651,0.5869578123092651,0.5869578123092651,0.5869578123092651,0,2026-08-05 08:31:00+00:00
0.5867167711257935,0.5867167711257935,0.5867167711257935,0.5867167711257935,0,2026-08-05 08:33:00+00:00
0.5867855548858643,0.5867855548858643,0.5867855548858643,0.5867855548858643,0,2026-08-05 08:35:00+00:00
0.5868200063705444,0.5868200063705444,0.5868200063705444,0.5868200063705444,0,2026-08-05 08:37:00+00:00
0.5866479277610779,0.5866479277610779,0.5866479277610779,0.5866479277610779,0,2026-08-05 08:39:00+00:00
0.5864070653915405,0.5864070653915405,0.5864070653915405,0.5864070653915405,0,2026-08-05 08:41:00+00:00
0.5865446329116821,0.5865446329116821,0.5865446329116821,0.5865446329116821,0,2026-08-05 08:43:00+00:00
0.5862351655960083,0.5862351655960083,0.5862351655960083,0.5862351655960083,0,2026-08-05 08:45:00+00:00
0.5863383412361145,0.5863383412361145,0.5863383412361145,0.5863383412361145,0,2026-08-05 08:47:00+00:00
0.5863383412361145,0.5863383412361145,0.5863383412361145,0.5863383412361145,0,2026-08-05 08:49:00+00:00
0.5863383412361145,0.5863383412361145,0.5863383412361145,0.5863383412361145,0,2026-08-05 08:51:00+00:00
0.5862351655960083,0.5862351655960083,0.5862351655960083,0.5862351655960083,0,2026-08-05 08:53:00+00:00
0.5863039493560791,0.5863039493560791,0.5863039493560791,0.5863039493560791,0,2026-08-05 08:55:00+00:00
0.5863039493560791,0.5863039493560791,0.5863039493560791,0.5863039493560791,0,2026-08-05 08:57:00+00:00
0.5862008333206177,0.5862008333206177,0.5862008333206177,0.5862008333206177,0,2026-08-05 08:59:00+00:00
0.5862695574760437,0.5862695574760437,0.5862695574760437,0.5862695574760437,0,2026-08-05 09:01:00+00:00
0.586166501045227,0.586166501045227,0.586166501045227,0.586166501045227,0,2026-08-05 09:03:00+00:00
0.5863726735115051,0.5863726735115051,0.5863726735115051,0.5863726735115051,0,2026-08-05 09:05:00+00:00
0.5864415168762207,0.5864415168762207,0.5864415168762207,0.5864415168762207,0,2026-08-05 09:07:00+00:00
0.5865102410316467,0.5865102410316467,0.5865102410316467,0.5865102410316467,0,2026-08-05 09:09:00+00:00
0.5864415168762207,0.5864415168762207,0.5864415168762207,0.5864415168762207,0,2026-08-05 09:11:00+00:00
0.5864070653915405,0.5864070653915405,0.5864070653915405,0.5864070653915405,0,2026-08-05 09:13:00+00:00
0.5863383412361145,0.5863383412361145,0.5863383412361145,0.5863383412361145,0,2026-08-05 09:15:00+00:00
0.5864070653915405,0.5864070653915405,0.5864070653915405,0.5864070653915405,0,2026-08-05 09:17:00+00:00
0.5864758491516113,0.5864758491516113,0.5864758491516113,0.5864758491516113,0,2026-08-05 09:19:00+00:00
0.5865446329116821,0.5865446329116821,0.5865446329116821,0.5865446329116821,0,2026-08-05 09:21:00+00:00
0.5866134762763977,0.5866134762763977,0.5866134762763977,0.5866134762763977,0,2026-08-05 09:23:00+00:00
0.5865790843963623,0.5865790843963623,0.5865790843963623,0.5865790843963623,0,2026-08-05 09:25:00+00:00
0.5866134762763977,0.5866134762763977,0.5866134762763977,0.5866134762763977,0,2026-08-05 09:27:00+00:00
0.5864758491516113,0.5864758491516113,0.5864758491516113,0.5864758491516113,0,2026-08-05 09:29:00+00:00
0.5864415168762207,0.5864415168762207,0.5864415168762207,0.5864415168762207,0,2026-08-05 09:31:00+00:00
0.5865446329116821,0.5865446329116821,0.5865446329116821,0.5865446329116821,0,2026-08-05 09:33:00+00:00
0.5865446329116821,0.5865446329116821,0.5865446329116821,0.5865446329116821,0,2026-08-05 09:35:00+00:00
0.5865790843963623,0.5865790843963623,0.5865790843963623,0.5865790843963623,0,2026-08-05 09:37:00+00:00
0.5866479277610779,0.5866479277610779,0.5866479277610779,0.5866479277610779,0,2026-08-05 09:39:00+00:00
0.5866479277610779,0.5866479277610779,0.5866479277610779,0.5866479277610779,0,2026-08-05 09:41:00+00:00
0.5865790843963623,0.5865790843963623,0.5865790843963623,0.5865790843963623,0,2026-08-05 09:43:00+00:00
0.5866479277610779,0.5866479277610779,0.5866479277610779,0.5866479277610779,0,2026-08-05 09:45:00+00:00
0.5866823196411133,0.5866823196411133,0.5866823196411133,0.5866823196411133,0,2026-08-05 09:47:00+00:00
0.5866823196411133,0.5866823196411133,0.5866823196411133,0.5866823196411133,0,2026-08-05 09:49:00+00:00
0.5867167711257935,0.5867167711257935,0.5867167711257935,0.5867167711257935,0,2026-08-05 09:51:00+00:00
0.5866479277610779,0.5866479277610779,0.5866479277610779,0.5866479277610779,0,2026-08-05 09:53:00+00:00
0.5866134762763977,0.5866134762763977,0.5866134762763977,0.5866134762763977,0,2026-08-05 09:55:00+00:00
0.5865446329116821,0.5865446329116821,0.5865446329116821,0.5865446329116821,0,2026-08-05 09:57:00+00:00
0.5865790843963623,0.5865790843963623,0.5865790843963623,0.5865790843963623,0,2026-08-05 09:59:00+00:00
0.5865102410316467,0.5865102410316467,0.5865102410316467,0.5865102410316467,0,2026-08-05 10:01:00+00:00
0.5865102410316467,0.5865102410316467,0.5865102410316467,0.5865102410316467,0,2026-08-05 10:03:00+00:00
0.5864758491516113,0.5864758491516113,0.5864758491516113,0.5864758491516113,0,2026-08-05 10:05:00+00:00
0.5863726735115051,0.5863726735115051,0.5863726735115051,0.5863726735115051,0,2026-08-05 10:07:00+00:00
0.5864415168762207,0.5864415168762207,0.5864415168762207,0.5864415168762207,0,2026-08-05 10:09:00+00:00
0.5863726735115051,0.5863726735115051,0.5863726735115051,0.5863726735115051,0,2026-08-05 10:11:00+00:00
0.5862351655960083,0.5862351655960083,0.5862351655960083,0.5862351655960083,0,2026-08-05 10:13:00+00:00
0.5863383412361145,0.5863383412361145,0.5863383412361145,0.5863383412361145,0,2026-08-05 10:15:00+00:00
0.5865102410316467,0.5865102410316467,0.5865102410316467,0.5865102410316467,0,2026-08-05 10:17:00+00:00
0.5865790843963623,0.5865790843963623,0.5865790843963623,0.5865790843963623,0,2026-08-05 10:19:00+00:00
0.5864758491516113,0.5864758491516113,0.5864758491516113,0.5864758491516113,0,2026-08-05 10:21:00+00:00
0.5864070653915405,0.5864070653915405,0.5864070653915405,0.5864070653915405,0,2026-08-05 10:23:00+00:00
0.5864415168762207,0.5864415168762207,0.5864415168762207,0.5864415168762207,0,2026-08-05 10:25:00+00:00
0.5863383412361145,0.5863383412361145,0.5863383412361145,0.5863383412361145,0,2026-08-05 10:27:00+00:00
0.5864070653915405,0.5864070653915405,0.5864070653915405,0.5864070653915405,0,2026-08-05 10:29:00+00:00
0.5862695574760437,0.5862695574760437,0.5862695574760437,0.5862695574760437,0,2026-08-05 10:31:00+00:00
0.5863039493560791,0.5863039493560791,0.5863039493560791,0.5863039493560791,0,2026-08-05 10:33:00+00:00
0.5863726735115051,0.5863726735115051,0.5863726735115051,0.5863726735115051,0,2026-08-05 10:35:00+00:00
0.5864415168762207,0.5864415168762207,0.5864415168762207,0.5864415168762207,0,2026-08-05 10:37:00+00:00
0.5864070653915405,0.5864070653915405,0.5864070653915405,0.5864070653915405,0,2026-08-05 10:39:00+00:00
0.5864415168762207,0.5864415168762207,0.5864415168762207,0.5864415168762207,0,2026-08-05 10:41:00+00:00
0.5864070653915405,0.5864070653915405,0.5864070653915405,0.5864070653915405,0,2026-08-05 10:43:00+00:00
0.5864758491516113,0.5864758491516113,0.5864758491516113,0.5864758491516113,0,2026-08-05 10:45:00+00:00
0.5864415168762207,0.5864415168762207,0.5864415168762207,0.5864415168762207,0,2026-08-05 10:47:00+00:00
0.5864415168762207,0.5864415168762207,0.5864415168762207,0.5864415168762207,0,2026-08-05 10:49:00+00:00
0.5864415168762207,0.5864415168762207,0.5864415168762207,0.5864415168762207,0,2026-08-05 10:51:00+00:00
0.5864758491516113,0.5864758491516113,0.5864758491516113,0.5864758491516113,0,2026-08-05 10:53:00+00:00
0.5865790843963623,0.5865790843963623,0.5865790843963623,0.5865790843963623,0,2026-08-05 10:55:00+00:00
0.5866823196411133,0.5866823196411133,0.5866823196411133,0.5866823196411133,0,2026-08-05 10:57:00+00:00
0.5866823196411133,0.5866823196411133,0.5866823196411133,0.5866823196411133,0,2026-08-05 10:59:00+00:00
0.5867855548858643,0.5867855548858643,0.5867855548858643,0.5867855548858643,0,2026-08-05 11:01:00+00:00
0.5868200063705444,0.5868200063705444,0.5868200063705444,0.5868200063705444,0,2026-08-05 11:03:00+00:00
0.5869578123092651,0.5869578123092651,0.5869578123092651,0.5869578123092651,0,2026-08-05 11:05:00+00:00
0.5868889093399048,0.5868889093399048,0.5868889093399048,0.5868889093399048,0,2026-08-05 11:07:00+00:00
0.5869578123092651,0.5869578123092651,0.5869578123092651,0.5869578123092651,0,2026-08-05 11:09:00+00:00
0.5870267152786255,0.5870267152786255,0.5870267152786255,0.5870267152786255,0,2026-08-05 11:11:00+00:00
0.5870956182479858,0.5870956182479858,0.5870956182479858,0.5870956182479858,0,2026-08-05 11:13:00+00:00
0.5870267152786255,0.5870267152786255,0.5870267152786255,0.5870267152786255,0,2026-08-05 11:15:00+00:00
0.5870267152786255,0.5870267152786255,0.5870267152786255,0.5870267152786255,0,2026-08-05 11:17:00+00:00
0.5869922637939453,0.5869922637939453,0.5869922637939453,0.5869922637939453,0,2026-08-05 11:19:00+00:00
0.5870267152786255,0.5870267152786255,0.5870267152786255,0.5870267152786255,0,2026-08-05 11:21:00+00:00
0.5868889093399048,0.5868889093399048,0.5868889093399048,0.5868889093399048,0,2026-08-05 11:23:00+00:00
0.5870267152786255,0.5870267152786255,0.5870267152786255,0.5870267152786255,0,2026-08-05 11:25:00+00:00
0.5871301293373108,0.5871301293373108,0.5871301293373108,0.5871301293373108,0,2026-08-05 11:27:00+00:00
0.5869922637939453,0.5869922637939453,0.5869922637939453,0.5869922637939453,0,2026-08-05 11:29:00+00:00
0.5872335433959961,0.5872335433959961,0.5872335433959961,0.5872335433959961,0,2026-08-05 11:31:00+00:00
0.5871301293373108,0.5871301293373108,0.5871301293373108,0.5871301293373108,0,2026-08-05 11:33:00+00:00
0.5871301293373108,0.5871301293373108,0.5871301293373108,0.5871301293373108,0,2026-08-05 11:35:00+00:00
0.5871301293373108,0.5871301293373108,0.5871301293373108,0.5871301293373108,0,2026-08-05 11:37:00+00:00
0.5871301293373108,0.5871301293373108,0.5871301293373108,0.5871301293373108,0,2026-08-05 11:39:00+00:00
0.5871990919113159,0.5871990919113159,0.5871990919113159,0.5871990919113159,0,2026-08-05 11:41:00+00:00
0.5870611667633057,0.5870611667633057,0.5870611667633057,0.5870611667633057,0,2026-08-05 11:43:00+00:00
0.5871301293373108,0.5871301293373108,0.5871301293373108,0.5871301293373108,0,2026-08-05 11:45:00+00:00
0.5870267152786255,0.5870267152786255,0.5870267152786255,0.5870267152786255,0,2026-08-05 11:47:00+00:00
0.5870267152786255,0.5870267152786255,0.5870267152786255,0.5870267152786255,0,2026-08-05 11:49:00+00:00
0.5871301293373108,0.5871301293373108,0.5871301293373108,0.5871301293373108,0,2026-08-05 11:51:00+00:00
0.5871301293373108,0.5871301293373108,0.5871301293373108,0.5871301293373108,0,2026-08-05 11:53:00+00:00
0.5870611667633057,0.5870611667633057,0.5870611667633057,0.5870611667633057,0,2026-08-05 11:55:00+00:00
0.5870956182479858,0.5870956182479858,0.5870956182479858,0.5870956182479858,0,2026-08-05 11:57:00+00:00
0.5870956182479858,0.5870956182479858,0.5870956182479858,0.5870956182479858,0,2026-08-05 11:59:00+00:00
0.5871301293373108,0.5871301293373108,0.5871301293373108,0.5871301293373108,0,2026-08-05 12:01:00+00:00
0.5872335433959961,0.5872335433959961,0.5872335433959961,0.5872335433959961,0,2026-08-05 12:03:00+00:00
0.5872679948806763,0.5872679948806763,0.5872679948806763,0.5872679948806763,0,2026-08-05 12:05:00+00:00
0.5874060392379761,0.5874060392379761,0.5874060392379761,0.5874060392379761,0,2026-08-05 12:07:00+00:00
0.5873025059700012,0.5873025059700012,0.5873025059700012,0.5873025059700012,0,2026-08-05 12:09:00+00:00
0.5871990919113159,0.5871990919113159,0.5871990919113159,0.5871990919113159,0,2026-08-05 12:11:00+00:00
0.5871990919113159,0.5871990919113159,0.5871990919113159,0.5871990919113159,0,2026-08-05 12:13:00+00:00
0.5873370170593262,0.5873370170593262,0.5873370170593262,0.5873370170593262,0,2026-08-05 12:15:00+00:00
0.5875785946846008,0.5875785946846008,0.5875785946846008,0.5875785946846008,0,2026-08-05 12:17:00+00:00
0.5876821875572205,0.5876821875572205,0.5876821875572205,0.5876821875572205,0,2026-08-05 12:19:00+00:00
0.5877166986465454,0.5877166986465454,0.5877166986465454,0.5877166986465454,0,2026-08-05 12:21:00+00:00
0.5877857804298401,0.5877857804298401,0.5877857804298401,0.5877857804298401,0,2026-08-05 12:23:00+00:00
0.5878203511238098,0.5878203511238098,0.5878203511238098,0.5878203511238098,0,2026-08-05 12:25:00+00:00
0.5877166986465454,0.5877166986465454,0.5877166986465454,0.5877166986465454,0,2026-08-05 12:27:00+00:00
0.5876131057739258,0.5876131057739258,0.5876131057739258,0.5876131057739258,0,2026-08-05 12:29:00+00:00
0.5874750018119812,0.5874750018119812,0.5874750018119812,0.5874750018119812,0,2026-08-05 12:31:00+00:00
0.5875095129013062,0.5875095129013062,0.5875095129013062,0.5875095129013062,0,2026-08-05 12:33:00+00:00
0.5875440835952759,0.5875440835952759,0.5875440835952759,0.5875440835952759,0,2026-08-05 12:35:00+00:00
0.5877166986465454,0.5877166986465454,0.5877166986465454,0.5877166986465454,0,2026-08-05 12:37:00+00:00
0.5876821875572205,0.5876821875572205,0.5876821875572205,0.5876821875572205,0,2026-08-05 12:39:00+00:00
0.5875785946846008,0.5875785946846008,0.5875785946846008,0.5875785946846008,0,2026-08-05 12:41:00+00:00
0.5873370170593262,0.5873370170593262,0.5873370170593262,0.5873370170593262,0,2026-08-05 12:43:00+00:00
0.5872335433959961,0.5872335433959961,0.5872335433959961,0.5872335433959961,0,2026-08-05 12:45:00+00:00
0.5871990919113159,0.5871990919113159,0.5871990919113159,0.5871990919113159,0,2026-08-05 12:47:00+00:00
0.5872335433959961,0.5872335433959961,0.5872335433959961,0.5872335433959961,0,2026-08-05 12:49:00+00:00
0.5870956182479858,0.5870956182479858,0.5870956182479858,0.5870956182479858,0,2026-08-05 12:51:00+00:00
0.5870267152786255,0.5870267152786255,0.5870267152786255,0.5870267152786255,0,2026-08-05 12:53:00+00:00
0.5868200063705444,0.5868200063705444,0.5868200063705444,0.5868200063705444,0,2026-08-05 12:55:00+00:00
0.5869922637939453,0.5869922637939453,0.5869922637939453,0.5869922637939453,0,2026-08-05 12:57:00+00:00
0.5869578123092651,0.5869578123092651,0.5869578123092651,0.5869578123092651,0,2026-08-05 12:59:00+00:00
0.5870956182479858,0.5870956182479858,0.5870956182479858,0.5870956182479858,0,2026-08-05 13:01:00+00:00
0.5871990919113159,0.5871990919113159,0.5871990919113159,0.5871990919113159,0,2026-08-05 13:03:00+00:00
0.5873025059700012,0.5873025059700012,0.5873025059700012,0.5873025059700012,0,2026-08-05 13:05:00+00:00
0.5873715281486511,0.5873715281486511,0.5873715281486511,0.5873715281486511,0,2026-08-05 13:07:00+00:00
0.5873025059700012,0.5873025059700012,0.5873025059700012,0.5873025059700012,0,2026-08-05 13:09:00+00:00
0.5874060392379761,0.5874060392379761,0.5874060392379761,0.5874060392379761,0,2026-08-05 13:11:00+00:00
0.5873025059700012,0.5873025059700012,0.5873025059700012,0.5873025059700012,0,2026-08-05 13:13:00+00:00
0.5874060392379761,0.5874060392379761,0.5874060392379761,0.5874060392379761,0,2026-08-05 13:15:00+00:00
0.5871301293373108,0.5871301293373108,0.5871301293373108,0.5871301293373108,0,2026-08-05 13:17:00+00:00
0.587164580821991,0.587164580821991,0.587164580821991,0.587164580821991,0,2026-08-05 13:19:00+00:00
0.587164580821991,0.587164580821991,0.587164580821991,0.587164580821991,0,2026-08-05 13:21:00+00:00
0.5872335433959961,0.5872335433959961,0.5872335433959961,0.5872335433959961,0,2026-08-05 13:23:00+00:00
0.5873370170593262,0.5873370170593262,0.5873370170593262,0.5873370170593262,0,2026-08-05 13:25:00+00:00
0.5873370170593262,0.5873370170593262,0.5873370170593262,0.5873370170593262,0,2026-08-05 13:27:00+00:00
0.5875095129013062,0.5875095129013062,0.5875095129013062,0.5875095129013062,0,2026-08-05 13:29:00+00:00
0.587440550327301,0.587440550327301,0.587440550327301,0.587440550327301,0,2026-08-05 13:31:00+00:00
0.587440550327301,0.587440550327301,0.587440550327301,0.587440550327301,0,2026-08-05 13:33:00+00:00
0.5873025059700012,0.5873025059700012,0.5873025059700012,0.5873025059700012,0,2026-08-05 13:35:00+00:00
0.5870611667633057,0.5870611667633057,0.5870611667633057,0.5870611667633057,0,2026-08-05 13:37:00+00:00
0.5875785946846008,0.5875785946846008,0.5875785946846008,0.5875785946846008,0,2026-08-05 13:39:00+00:00
0.5873715281486511,0.5873715281486511,0.5873715281486511,0.5873715281486511,0,2026-08-05 13:41:00+00:00
0.5876821875572205,0.5876821875572205,0.5876821875572205,0.5876821875572205,0,2026-08-05 13:43:00+00:00
0.5874750018119812,0.5874750018119812,0.5874750018119812,0.5874750018119812,0,2026-08-05 13:45:00+00:00
0.5875095129013062,0.5875095129013062,0.5875095129013062,0.5875095129013062,0,2026-08-05 13:47:00+00:00
0.5875785946846008,0.5875785946846008,0.5875785946846008,0.5875785946846008,0,2026-08-05 13:49:00+00:00
0.5876476764678955,0.5876476764678955,0.5876476764678955,0.5876476764678955,0,2026-08-05 13:51:00+00:00
0.5878894925117493,0.5878894925117493,0.5878894925117493,0.5878894925117493,0,2026-08-05 13:53:00+00:00
0.5880969166755676,0.5880969166755676,0.5880969166755676,0.5880969166755676,0,2026-08-05 13:55:00+00:00
0.5878894925117493,0.5878894925117493,0.5878894925117493,0.5878894925117493,0,2026-08-05 13:57:00+00:00
0.5878894925117493,0.5878894925117493,0.5878894925117493,0.5878894925117493,0,2026-08-05 13:59:00+00:00
0.5880623459815979,0.5880623459815979,0.5880623459815979,0.5880623459815979,0,2026-08-05 14:01:00+00:00
0.5882006883621216,0.5882006883621216,0.5882006883621216,0.5882006883621216,0,2026-08-05 14:03:00+00:00
0.5885122418403625,0.5885122418403625,0.5885122418403625,0.5885122418403625,0,2026-08-05 14:05:00+00:00
0.5887894630432129,0.5887894630432129,0.5887894630432129,0.5887894630432129,0,2026-08-05 14:07:00+00:00
0.588546872138977,0.588546872138977,0.588546872138977,0.588546872138977,0,2026-08-05 14:09:00+00:00
0.5886161923408508,0.5886161923408508,0.5886161923408508,0.5886161923408508,0,2026-08-05 14:11:00+00:00
0.5883737206459045,0.5883737206459045,0.5883737206459045,0.5883737206459045,0,2026-08-05 14:13:00+00:00
0.5886161923408508,0.5886161923408508,0.5886161923408508,0.5886161923408508,0,2026-08-05 14:15:00+00:00
0.5885815024375916,0.5885815024375916,0.5885815024375916,0.5885815024375916,0,2026-08-05 14:17:00+00:00
0.5886508226394653,0.5886508226394653,0.5886508226394653,0.5886508226394653,0,2026-08-05 14:19:00+00:00
0.588546872138977,0.588546872138977,0.588546872138977,0.588546872138977,0,2026-08-05 14:21:00+00:00
0.5884429812431335,0.5884429812431335,0.5884429812431335,0.5884429812431335,0,2026-08-05 14:23:00+00:00
0.5886508226394653,0.5886508226394653,0.5886508226394653,0.5886508226394653,0,2026-08-05 14:25:00+00:00
0.5886161923408508,0.5886161923408508,0.5886161923408508,0.5886161923408508,0,2026-08-05 14:27:00+00:00
0.588546872138977,0.588546872138977,0.588546872138977,0.588546872138977,0,2026-08-05 14:29:00+00:00
0.5884429812431335,0.5884429812431335,0.5884429812431335,0.5884429812431335,0,2026-08-05 14:31:00+00:00
0.588546872138977,0.588546872138977,0.588546872138977,0.588546872138977,0,2026-08-05 14:33:00+00:00
0.588408350944519,0.588408350944519,0.588408350944519,0.588408350944519,0,2026-08-05 14:35:00+00:00
0.588408350944519,0.588408350944519,0.588408350944519,0.588408350944519,0,2026-08-05 14:37:00+00:00
0.58833909034729,0.58833909034729,0.58833909034729,0.58833909034729,0,2026-08-05 14:39:00+00:00
0.5883045196533203,0.5883045196533203,0.5883045196533203,0.5883045196533203,0,2026-08-05 14:41:00+00:00
0.588477611541748,0.588477611541748,0.588477611541748,0.588477611541748,0,2026-08-05 14:43:00+00:00
0.588408350944519,0.588408350944519,0.588408350944519,0.588408350944519,0,2026-08-05 14:45:00+00:00
0.588408350944519,0.588408350944519,0.588408350944519,0.588408350944519,0,2026-08-05 14:47:00+00:00
0.5885122418403625,0.5885122418403625,0.5885122418403625,0.5885122418403625,0,2026-08-05 14:49:00+00:00
0.5883737206459045,0.5883737206459045,0.5883737206459045,0.5883737206459045,0,2026-08-05 14:51:00+00:00
0.5881661176681519,0.5881661176681519,0.5881661176681519,0.5881661176681519,0,2026-08-05 14:53:00+00:00
0.5883045196533203,0.5883045196533203,0.5883045196533203,0.5883045196533203,0,2026-08-05 14:55:00+00:00
0.5884429812431335,0.5884429812431335,0.5884429812431335,0.5884429812431335,0,2026-08-05 14:57:00+00:00
0.5885122418403625,0.5885122418403625,0.5885122418403625,0.5885122418403625,0,2026-08-05 14:59:00+00:00
0.5885122418403625,0.5885122418403625,0.5885122418403625,0.5885122418403625,0,2026-08-05 15:01:00+00:00
0.588408350944519,0.588408350944519,0.588408350944519,0.588408350944519,0,2026-08-05 15:03:00+00:00
0.5885815024375916,0.5885815024375916,0.5885815024375916,0.5885815024375916,0,2026-08-05 15:05:00+00:00
0.588546872138977,0.588546872138977,0.588546872138977,0.588546872138977,0,2026-08-05 15:07:00+00:00
0.5886508226394653,0.5886508226394653,0.5886508226394653,0.5886508226394653,0,2026-08-05 15:09:00+00:00
0.5886854529380798,0.5886854529380798,0.5886854529380798,0.5886854529380798,0,2026-08-05 15:11:00+00:00
0.5885815024375916,0.5885815024375916,0.5885815024375916,0.5885815024375916,0,2026-08-05 15:13:00+00:00
0.588477611541748,0.588477611541748,0.588477611541748,0.588477611541748,0,2026-08-05 15:15:00+00:00
0.5884429812431335,0.5884429812431335,0.5884429812431335,0.5884429812431335,0,2026-08-05 15:17:00+00:00
0.588477611541748,0.588477611541748,0.588477611541748,0.588477611541748,0,2026-08-05 15:19:00+00:00
0.5886161923408508,0.5886161923408508,0.5886161923408508,0.5886161923408508,0,2026-08-05 15:21:00+00:00
0.5885815024375916,0.5885815024375916,0.5885815024375916,0.5885815024375916,0,2026-08-05 15:23:00+00:00
0.5885122418403625,0.5885122418403625,0.5885122418403625,0.5885122418403625,0,2026-08-05 15:25:00+00:00
0.5886161923408508,0.5886161923408508,0.5886161923408508,0.5886161923408508,0,2026-08-05 15:27:00+00:00
0.588477611541748,0.588477611541748,0.588477611541748,0.588477611541748,0,2026-08-05 15:29:00+00:00
0.5884429812431335,0.5884429812431335,0.5884429812431335,0.5884429812431335,0,2026-08-05 15:31:00+00:00
0.5883737206459045,0.5883737206459045,0.5883737206459045,0.5883737206459045,0,2026-08-05 15:33:00+00:00
0.58833909034729,0.58833909034729,0.58833909034729,0.58833909034729,0,2026-08-05 15:35:00+00:00
0.588477611541748,0.588477611541748,0.588477611541748,0.588477611541748,0,2026-08-05 15:37:00+00:00
0.5885122418403625,0.5885122418403625,0.5885122418403625,0.5885122418403625,0,2026-08-05 15:39:00+00:00
0.5885122418403625,0.5885122418403625,0.5885122418403625,0.5885122418403625,0,2026-08-05 15:41:00+00:00
0.588546872138977,0.588546872138977,0.588546872138977,0.588546872138977,0,2026-08-05 15:43:00+00:00
0.5883737206459045,0.5883737206459045,0.5883737206459045,0.5883737206459045,0,2026-08-05 15:45:00+00:00
0.5883045196533203,0.5883045196533203,0.5883045196533203,0.5883045196533203,0,2026-08-05 15:47:00+00:00
0.5881314873695374,0.5881314873695374,0.5881314873695374,0.5881314873695374,0,2026-08-05 15:49:00+00:00
0.5880969166755676,0.5880969166755676,0.5880969166755676,0.5880969166755676,0,2026-08-05 15:51:00+00:00
0.5881314873695374,0.5881314873695374,0.5881314873695374,0.5881314873695374,0,2026-08-05 15:53:00+00:00
0.5881314873695374,0.5881314873695374,0.5881314873695374,0.5881314873695374,0,2026-08-05 15:55:00+00:00
0.5880277156829834,0.5880277156829834,0.5880277156829834,0.5880277156829834,0,2026-08-05 15:57:00+00:00
0.5879586338996887,0.5879586338996887,0.5879586338996887,0.5879586338996887,0,2026-08-05 15:59:00+00:00
0.5880277156829834,0.5880277156829834,0.5880277156829834,0.5880277156829834,0,2026-08-05 16:01:00+00:00
0.5879586338996887,0.5879586338996887,0.5879586338996887,0.5879586338996887,0,2026-08-05 16:03:00+00:00
0.5878894925117493,0.5878894925117493,0.5878894925117493,0.5878894925117493,0,2026-08-05 16:05:00+00:00
0.5879586338996887,0.5879586338996887,0.5879586338996887,0.5879586338996887,0,2026-08-05 16:07:00+00:00
0.5880969166755676,0.5880969166755676,0.5880969166755676,0.5880969166755676,0,2026-08-05 16:09:00+00:00
0.5880969166755676,0.5880969166755676,0.5880969166755676,0.5880969166755676,0,2026-08-05 16:11:00+00:00
0.5881314873695374,0.5881314873695374,0.5881314873695374,0.5881314873695374,0,2026-08-05 16:13:00+00:00
0.5881314873695374,0.5881314873695374,0.5881314873695374,0.5881314873695374,0,2026-08-05 16:15:00+00:00
0.5881314873695374,0.5881314873695374,0.5881314873695374,0.5881314873695374,0,2026-08-05 16:17:00+00:00
0.5881314873695374,0.5881314873695374,0.5881314873695374,0.5881314873695374,0,2026-08-05 16:19:00+00:00
0.5882006883621216,0.5882006883621216,0.5882006883621216,0.5882006883621216,0,2026-08-05 16:21:00+00:00
0.5882698893547058,0.5882698893547058,0.5882698893547058,0.5882698893547058,0,2026-08-05 16:23:00+00:00
0.5882006883621216,0.5882006883621216,0.5882006883621216,0.5882006883621216,0,2026-08-05 16:25:00+00:00
0.5882006883621216,0.5882006883621216,0.5882006883621216,0.5882006883621216,0,2026-08-05 16:27:00+00:00
0.5881661176681519,0.5881661176681519,0.5881661176681519,0.5881661176681519,0,2026-08-05 16:29:00+00:00
0.5881661176681519,0.5881661176681519,0.5881661176681519,0.5881661176681519,0,2026-08-05 16:31:00+00:00
0.5880623459815979,0.5880623459815979,0.5880623459815979,0.5880623459815979,0,2026-08-05 16:33:00+00:00
0.5880969166755676,0.5880969166755676,0.5880969166755676,0.5880969166755676,0,2026-08-05 16:35:00+00:00
0.5881314873695374,0.5881314873695374,0.5881314873695374,0.5881314873695374,0,2026-08-05 16:37:00+00:00
0.5881314873695374,0.5881314873695374,0.5881314873695374,0.5881314873695374,0,2026-08-05 16:39:00+00:00
0.5880969166755676,0.5880969166755676,0.5880969166755676,0.5880969166755676,0,2026-08-05 16:41:00+00:00
0.5880277156829834,0.5880277156829834,0.5880277156829834,0.5880277156829834,0,2026-08-05 16:43:00+00:00
0.5880623459815979,0.5880623459815979,0.5880623459815979,0.5880623459815979,0,2026-08-05 16:45:00+00:00
0.5879586338996887,0.5879586338996887,0.5879586338996887,0.5879586338996887,0,2026-08-05 16:47:00+00:00
0.5879931449890137,0.5879931449890137,0.5879931449890137,0.5879931449890137,0,2026-08-05 16:49:00+00:00
0.5880277156829834,0.5880277156829834,0.5880277156829834,0.5880277156829834,0,2026-08-05 16:51:00+00:00
0.5880969166755676,0.5880969166755676,0.5880969166755676,0.5880969166755676,0,2026-08-05 16:53:00+00:00
0.5881314873695374,0.5881314873695374,0.5881314873695374,0.5881314873695374,0,2026-08-05 16:55:00+00:00
0.5880969166755676,0.5880969166755676,0.5880969166755676,0.5880969166755676,0,2026-08-05 16:57:00+00:00
0.5880277156829834,0.5880277156829834,0.5880277156829834,0.5880277156829834,0,2026-08-05 16:59:00+00:00
0.5881661176681519,0.5881661176681519,0.5881661176681519,0.5881661176681519,0,2026-08-05 17:01:00+00:00
0.5880277156829834,0.5880277156829834,0.5880277156829834,0.5880277156829834,0,2026-08-05 17:03:00+00:00
0.5880969166755676,0.5880969166755676,0.5880969166755676,0.5880969166755676,0,2026-08-05 17:05:00+00:00
0.5880277156829834,0.5880277156829834,0.5880277156829834,0.5880277156829834,0,2026-08-05 17:07:00+00:00
0.5879931449890137,0.5879931449890137,0.5879931449890137,0.5879931449890137,0,2026-08-05 17:09:00+00:00
0.5880623459815979,0.5880623459815979,0.5880623459815979,0.5880623459815979,0,2026-08-05 17:11:00+00:00
0.5881314873695374,0.5881314873695374,0.5881314873695374,0.5881314873695374,0,2026-08-05 17:13:00+00:00
0.5881661176681519,0.5881661176681519,0.5881661176681519,0.5881661176681519,0,2026-08-05 17:15:00+00:00
0.5881661176681519,0.5881661176681519,0.5881661176681519,0.5881661176681519,0,2026-08-05 17:17:00+00:00
0.5882352590560913,0.5882352590560913,0.5882352590560913,0.5882352590560913,0,2026-08-05 17:19:00+00:00
0.5882352590560913,0.5882352590560913,0.5882352590560913,0.5882352590560913,0,2026-08-05 17:21:00+00:00
0.5882352590560913,0.5882352590560913,0.5882352590560913,0.5882352590560913,0,2026-08-05 17:23:00+00:00
0.58833909034729,0.58833909034729,0.58833909034729,0.58833909034729,0,2026-08-05 17:25:00+00:00
0.5884429812431335,0.5884429812431335,0.5884429812431335,0.5884429812431335,0,2026-08-05 17:27:00+00:00
0.588477611541748,0.588477611541748,0.588477611541748,0.588477611541748,0,2026-08-05 17:29:00+00:00
0.5883737206459045,0.5883737206459045,0.5883737206459045,0.5883737206459045,0,2026-08-05 17:31:00+00:00
0.5885122418403625,0.5885122418403625,0.5885122418403625,0.5885122418403625,0,2026-08-05 17:33:00+00:00
0.5885815024375916,0.5885815024375916,0.5885815024375916,0.5885815024375916,0,2026-08-05 17:35:00+00:00
0.5886161923408508,0.5886161923408508,0.5886161923408508,0.5886161923408508,0,2026-08-05 17:37:00+00:00
0.5886854529380798,0.5886854529380798,0.5886854529380798,0.5886854529380798,0,2026-08-05 17:39:00+00:00
0.5886161923408508,0.5886161923408508,0.5886161923408508,0.5886161923408508,0,2026-08-05 17:41:00+00:00
0.5887547731399536,0.5887547731399536,0.5887547731399536,0.5887547731399536,0,2026-08-05 17:43:00+00:00
0.5889281630516052,0.5889281630516052,0.5889281630516052,0.5889281630516052,0,2026-08-05 17:45:00+00:00
0.588997483253479,0.588997483253479,0.588997483253479,0.588997483253479,0,2026-08-05 17:47:00+00:00
0.5889281630516052,0.5889281630516052,0.5889281630516052,0.5889281630516052,0,2026-08-05 17:49:00+00:00
0.588893473148346,0.588893473148346,0.588893473148346,0.588893473148346,0,2026-08-05 17:51:00+00:00
0.588997483253479,0.588997483253479,0.588997483253479,0.588997483253479,0,2026-08-05 17:53:00+00:00
0.5890322327613831,0.5890322327613831,0.5890322327613831,0.5890322327613831,0,2026-08-05 17:55:00+00:00
0.5892404317855835,0.5892404317855835,0.5892404317855835,0.5892404317855835,0,2026-08-05 17:57:00+00:00
0.5891363620758057,0.5891363620758057,0.5891363620758057,0.5891363620758057,0,2026-08-05 17:59:00+00:00
0.5891710519790649,0.5891710519790649,0.5891710519790649,0.5891710519790649,0,2026-08-05 18:01:00+00:00
0.5892751812934875,0.5892751812934875,0.5892751812934875,0.5892751812934875,0,2026-08-05 18:03:00+00:00
0.5893099308013916,0.5893099308013916,0.5893099308013916,0.5893099308013916,0,2026-08-05 18:05:00+00:00
0.5892751812934875,0.5892751812934875,0.5892751812934875,0.5892751812934875,0,2026-08-05 18:07:00+00:00
0.5892404317855835,0.5892404317855835,0.5892404317855835,0.5892404317855835,0,2026-08-05 18:09:00+00:00
0.5893099308013916,0.5893099308013916,0.5893099308013916,0.5893099308013916,0,2026-08-05 18:11:00+00:00
0.5892404317855835,0.5892404317855835,0.5892404317855835,0.5892404317855835,0,2026-08-05 18:13:00+00:00
0.5891710519790649,0.5891710519790649,0.5891710519790649,0.5891710519790649,0,2026-08-05 18:15:00+00:00
0.5891016125679016,0.5891016125679016,0.5891016125679016,0.5891016125679016,0,2026-08-05 18:17:00+00:00
0.5891710519790649,0.5891710519790649,0.5891710519790649,0.5891710519790649,0,2026-08-05 18:19:00+00:00
0.5892751812934875,0.5892751812934875,0.5892751812934875,0.5892751812934875,0,2026-08-05 18:21:00+00:00
0.5893099308013916,0.5893099308013916,0.5893099308013916,0.5893099308013916,0,2026-08-05 18:23:00+00:00
0.5892751812934875,0.5892751812934875,0.5892751812934875,0.5892751812934875,0,2026-08-05 18:25:00+00:00
0.5893793702125549,0.5893793702125549,0.5893793702125549,0.5893793702125549,0,2026-08-05 18:27:00+00:00
0.589414119720459,0.589414119720459,0.589414119720459,0.589414119720459,0,2026-08-05 18:29:00+00:00
0.5892751812934875,0.5892751812934875,0.5892751812934875,0.5892751812934875,0,2026-08-05 18:31:00+00:00
0.5891710519790649,0.5891710519790649,0.5891710519790649,0.5891710519790649,0,2026-08-05 18:33:00+00:00
0.5891363620758057,0.5891363620758057,0.5891363620758057,0.5891363620758057,0,2026-08-05 18:35:00+00:00
0.5891710519790649,0.5891710519790649,0.5891710519790649,0.5891710519790649,0,2026-08-05 18:37:00+00:00
0.5892057418823242,0.5892057418823242,0.5892057418823242,0.5892057418823242,0,2026-08-05 18:39:00+00:00
0.5891363620758057,0.5891363620758057,0.5891363620758057,0.5891363620758057,0,2026-08-05 18:41:00+00:00
0.5891363620758057,0.5891363620758057,0.5891363620758057,0.5891363620758057,0,2026-08-05 18:43:00+00:00
0.5891363620758057,0.5891363620758057,0.5891363620758057,0.5891363620758057,0,2026-08-05 18:45:00+00:00
0.5891363620758057,0.5891363620758057,0.5891363620758057,0.5891363620758057,0,2026-08-05 18:47:00+00:00
0.5891363620758057,0.5891363620758057,0.5891363620758057,0.5891363620758057,0,2026-08-05 18:49:00+00:00
0.5891363620758057,0.5891363620758057,0.5891363620758057,0.5891363620758057,0,2026-08-05 18:51:00+00:00
0.5892404317855835,0.5892404317855835,0.5892404317855835,0.5892404317855835,0,2026-08-05 18:53:00+00:00
0.5892751812934875,0.5892751812934875,0.5892751812934875,0.5892751812934875,0,2026-08-05 18:55:00+00:00
0.5891710519790649,0.5891710519790649,0.5891710519790649,0.5891710519790649,0,2026-08-05 18:57:00+00:00
0.5891363620758057,0.5891363620758057,0.5891363620758057,0.5891363620758057,0,2026-08-05 18:59:00+00:00
0.5892404317855835,0.5892404317855835,0.5892404317855835,0.5892404317855835,0,2026-08-05 19:01:00+00:00
0.5893099308013916,0.5893099308013916,0.5893099308013916,0.5893099308013916,0,2026-08-05 19:03:00+00:00
0.5892751812934875,0.5892751812934875,0.5892751812934875,0.5892751812934875,0,2026-08-05 19:05:00+00:00
0.5893446803092957,0.5893446803092957,0.5893446803092957,0.5893446803092957,0,2026-08-05 19:07:00+00:00
0.5892751812934875,0.5892751812934875,0.5892751812934875,0.5892751812934875,0,2026-08-05 19:09:00+00:00
0.5892057418823242,0.5892057418823242,0.5892057418823242,0.5892057418823242,0,2026-08-05 19:11:00+00:00
0.5891710519790649,0.5891710519790649,0.5891710519790649,0.5891710519790649,0,2026-08-05 19:13:00+00:00
0.5891363620758057,0.5891363620758057,0.5891363620758057,0.5891363620758057,0,2026-08-05 19:15:00+00:00
0.5890322327613831,0.5890322327613831,0.5890322327613831,0.5890322327613831,0,2026-08-05 19:17:00+00:00
0.5889281630516052,0.5889281630516052,0.5889281630516052,0.5889281630516052,0,2026-08-05 19:19:00+00:00
0.5888587832450867,0.5888587832450867,0.5888587832450867,0.5888587832450867,0,2026-08-05 19:21:00+00:00
0.588893473148346,0.588893473148346,0.588893473148346,0.588893473148346,0,2026-08-05 19:23:00+00:00
0.5889281630516052,0.5889281630516052,0.5889281630516052,0.5889281630516052,0,2026-08-05 19:25:00+00:00
0.588893473148346,0.588893473148346,0.588893473148346,0.588893473148346,0,2026-08-05 19:27:00+00:00
0.5887894630432129,0.5887894630432129,0.5887894630432129,0.5887894630432129,0,2026-08-05 19:29:00+00:00
0.5888587832450867,0.5888587832450867,0.5888587832450867,0.5888587832450867,0,2026-08-05 19:31:00+00:00
0.588997483253479,0.588997483253479,0.588997483253479,0.588997483253479,0,2026-08-05 19:33:00+00:00
0.5889627933502197,0.5889627933502197,0.5889627933502197,0.5889627933502197,0,2026-08-05 19:35:00+00:00
0.5889281630516052,0.5889281630516052,0.5889281630516052,0.5889281630516052,0,2026-08-05 19:37:00+00:00
0.5889627933502197,0.5889627933502197,0.5889627933502197,0.5889627933502197,0,2026-08-05 19:39:00+00:00
0.5889627933502197,0.5889627933502197,0.5889627933502197,0.5889627933502197,0,2026-08-05 19:41:00+00:00
0.5889627933502197,0.5889627933502197,0.5889627933502197,0.5889627933502197,0,2026-08-05 19:43:00+00:00
0.5889627933502197,0.5889627933502197,0.5889627933502197,0.5889627933502197,0,2026-08-05 19:45:00+00:00
0.5888587832450867,0.5888587832450867,0.5888587832450867,0.5888587832450867,0,2026-08-05 19:47:00+00:00
0.5888240933418274,0.5888240933418274,0.5888240933418274,0.5888240933418274,0,2026-08-05 19:49:00+00:00
0.5888240933418274,0.5888240933418274,0.5888240933418274,0.5888240933418274,0,2026-08-05 19:51:00+00:00
0.5888587832450867,0.5888587832450867,0.5888587832450867,0.5888587832450867,0,2026-08-05 19:53:00+00:00
0.588893473148346,0.588893473148346,0.588893473148346,0.588893473148346,0,2026-08-05 19:55:00+00:00
0.588893473148346,0.588893473148346,0.588893473148346,0.588893473148346,0,2026-08-05 19:57:00+00:00
0.5888240933418274,0.5888240933418274,0.5888240933418274,0.5888240933418274,0,2026-08-05 19:59:00+00:00
0.588893473148346,0.588893473148346,0.588893473148346,0.588893473148346,0,2026-08-05 20:01:00+00:00
0.588893473148346,0.588893473148346,0.588893473148346,0.588893473148346,0,2026-08-05 20:03:00+00:00
0.588893473148346,0.588893473148346,0.588893473148346,0.588893473148346,0,2026-08-05 20:05:00+00:00
0.5887894630432129,0.5887894630432129,0.5887894630432129,0.5887894630432129,0,2026-08-05 20:07:00+00:00
0.5887894630432129,0.5887894630432129,0.5887894630432129,0.5887894630432129,0,2026-08-05 20:09:00+00:00
0.5887200832366943,0.5887200832366943,0.5887200832366943,0.5887200832366943,0,2026-08-05 20:11:00+00:00
0.5887547731399536,0.5887547731399536,0.5887547731399536,0.5887547731399536,0,2026-08-05 20:13:00+00:00
0.5887200832366943,0.5887200832366943,0.5887200832366943,0.5887200832366943,0,2026-08-05 20:15:00+00:00
0.5886854529380798,0.5886854529380798,0.5886854529380798,0.5886854529380798,0,2026-08-05 20:17:00+00:00
0.5886854529380798,0.5886854529380798,0.5886854529380798,0.5886854529380798,0,2026-08-05 20:19:00+00:00
0.5886161923408508,0.5886161923408508,0.5886161923408508,0.5886161923408508,0,2026-08-05 20:21:00+00:00
0.5886854529380798,0.5886854529380798,0.5886854529380798,0.5886854529380798,0,2026-08-05 20:23:00+00:00
0.5886508226394653,0.5886508226394653,0.5886508226394653,0.5886508226394653,0,2026-08-05 20:25:00+00:00
0.5886854529380798,0.5886854529380798,0.5886854529380798,0.5886854529380798,0,2026-08-05 20:27:00+00:00
0.5887200832366943,0.5887200832366943,0.5887200832366943,0.5887200832366943,0,2026-08-05 20:29:00+00:00
0.5887894630432129,0.5887894630432129,0.5887894630432129,0.5887894630432129,0,2026-08-05 20:31:00+00:00
0.5888587832450867,0.5888587832450867,0.5888587832450867,0.5888587832450867,0,2026-08-05 20:33:00+00:00
0.5888587832450867,0.5888587832450867,0.5888587832450867,0.5888587832450867,0,2026-08-05 20:35:00+00:00
0.588893473148346,0.588893473148346,0.588893473148346,0.588893473148346,0,2026-08-05 20:37:00+00:00
0.588893473148346,0.588893473148346,0.588893473148346,0.588893473148346,0,2026-08-05 20:39:00+00:00
0.5888587832450867,0.5888587832450867,0.5888587832450867,0.5888587832450867,0,2026-08-05 20:41:00+00:00
0.5888240933418274,0.5888240933418274,0.5888240933418274,0.5888240933418274,0,2026-08-05 20:43:00+00:00
0.5888587832450867,0.5888587832450867,0.5888587832450867,0.5888587832450867,0,2026-08-05 20:45:00+00:00
0.5888240933418274,0.5888240933418274,0.5888240933418274,0.5888240933418274,0,2026-08-05 20:47:00+00:00
0.588893473148346,0.588893473148346,0.588893473148346,0.588893473148346,0,2026-08-05 20:49:00+00:00
0.588997483253479,0.588997483253479,0.588997483253479,0.588997483253479,0,2026-08-05 20:51:00+00:00
0.5889627933502197,0.5889627933502197,0.5889627933502197,0.5889627933502197,0,2026-08-05 20:53:00+00:00
0.5889627933502197,0.5889627933502197,0.5889627933502197,0.5889627933502197,0,2026-08-05 20:55:00+00:00
0.5889281630516052,0.5889281630516052,0.5889281630516052,0.5889281630516052,0,2026-08-05 20:57:00+00:00
0.5889281630516052,0.5889281630516052,0.5889281630516052,0.5889281630516052,0,2026-08-05 20:59:00+00:00
0.5889281630516052,0.5889281630516052,0.5889281630516052,0.5889281630516052,0,2026-08-05 21:01:00+00:00
0.5888587832450867,0.5888587832450867,0.5888587832450867,0.5888587832450867,0,2026-08-05 21:03:00+00:00
0.5886854529380798,0.5886854529380798,0.5886854529380798,0.5886854529380798,0,2026-08-05 21:05:00+00:00
0.5885815024375916,0.5885815024375916,0.5885815024375916,0.5885815024375916,0,2026-08-05 21:07:00+00:00
0.5891016125679016,0.5891016125679016,0.5891016125679016,0.5891016125679016,0,2026-08-05 21:09:00+00:00
0.5887894630432129,0.5887894630432129,0.5887894630432129,0.5887894630432129,0,2026-08-05 21:11:00+00:00
0.5888240933418274,0.5888240933418274,0.5888240933418274,0.5888240933418274,0,2026-08-05 21:13:00+00:00
0.5887547731399536,0.5887547731399536,0.5887547731399536,0.5887547731399536,0,2026-08-05 21:15:00+00:00
0.5888587832450867,0.5888587832450867,0.5888587832450867,0.5888587832450867,0,2026-08-05 21:17:00+00:00
0.5888240933418274,0.5888240933418274,0.5888240933418274,0.5888240933418274,0,2026-08-05 21:19:00+00:00
0.5887894630432129,0.5887894630432129,0.5887894630432129,0.5887894630432129,0,2026-08-05 21:21:00+00:00
0.5888587832450867,0.5888587832450867,0.5888587832450867,0.5888587832450867,0,2026-08-05 21:23:00+00:00
0.5887547731399536,0.5887547731399536,0.5887547731399536,0.5887547731399536,0,2026-08-05 21:25:00+00:00
0.5892404317855835,0.5892404317855835,0.5892404317855835,0.5892404317855835,0,2026-08-05 21:27:00+00:00
0.5888240933418274,0.5888240933418274,0.5888240933418274,0.5888240933418274,0,2026-08-05 21:29:00+00:00
0.5886854529380798,0.5886854529380798,0.5886854529380798,0.5886854529380798,0,2026-08-05 21:31:00+00:00
0.5888240933418274,0.5888240933418274,0.5888240933418274,0.5888240933418274,0,2026-08-05 21:33:00+00:00
0.5887200832366943,0.5887200832366943,0.5887200832366943,0.5887200832366943,0,2026-08-05 21:35:00+00:00
0.5887200832366943,0.5887200832366943,0.5887200832366943,0.5887200832366943,0,2026-08-05 21:37:00+00:00
0.5887547731399536,0.5887547731399536,0.5887547731399536,0.5887547731399536,0,2026-08-05 21:39:00+00:00
0.5888587832450867,0.5888587832450867,0.5888587832450867,0.5888587832450867,0,2026-08-05 21:41:00+00:00
0.588893473148346,0.588893473148346,0.588893473148346,0.588893473148346,0,2026-08-05 21:43:00+00:00
0.5890322327613831,0.5890322327613831,0.5890322327613831,0.5890322327613831,0,2026-08-05 21:45:00+00:00
0.5887894630432129,0.5887894630432129,0.5887894630432129,0.5887894630432129,0,2026-08-05 21:47:00+00:00
0.5887894630432129,0.5887894630432129,0.5887894630432129,0.5887894630432129,0,2026-08-05 21:49:00+00:00
0.5887894630432129,0.5887894630432129,0.5887894630432129,0.5887894630432129,0,2026-08-05 21:51:00+00:00
0.5887894630432129,0.5887894630432129,0.5887894630432129,0.5887894630432129,0,2026-08-05 21:53:00+00:00
0.5888587832450867,0.5888587832450867,0.5888587832450867,0.5888587832450867,0,2026-08-05 21:55:00+00:00
0.5887200832366943,0.5887200832366943,0.5887200832366943,0.5887200832366943,0,2026-08-05 21:57:00+00:00
0.5886854529380798,0.5886854529380798,0.5886854529380798,0.5886854529380798,0,2026-08-05 21:59:00+00:00
0.5888240933418274,0.5888240933418274,0.5888240933418274,0.5888240933418274,0,2026-08-05 22:01:00+00:00
0.5887894630432129,0.5887894630432129,0.5887894630432129,0.5887894630432129,0,2026-08-05 22:03:00+00:00
0.5887200832366943,0.5887200832366943,0.5887200832366943,0.5887200832366943,0,2026-08-05 22:05:00+00:00
0.5886854529380798,0.5886854529380798,0.5886854529380798,0.5886854529380798,0,2026-08-05 22:07:00+00:00
0.5887200832366943,0.5887200832366943,0.5887200832366943,0.5887200832366943,0,2026-08-05 22:09:00+00:00
0.5886161923408508,0.5886161923408508,0.5886161923408508,0.5886161923408508,0,2026-08-05 22:11:00+00:00
0.588546872138977,0.588546872138977,0.588546872138977,0.588546872138977,0,2026-08-05 22:13:00+00:00
0.5886508226394653,0.5886508226394653,0.5886508226394653,0.5886508226394653,0,2026-08-05 22:15:00+00:00
0.5887547731399536,0.5887547731399536,0.5887547731399536,0.5887547731399536,0,2026-08-05 22:17:00+00:00
0.5887547731399536,0.5887547731399536,0.5887547731399536,0.5887547731399536,0,2026-08-05 22:19:00+00:00
0.5887547731399536,0.5887547731399536,0.5887547731399536,0.5887547731399536,0,2026-08-05 22:21:00+00:00
0.5886854529380798,0.5886854529380798,0.5886854529380798,0.5886854529380798,0,2026-08-05 22:23:00+00:00
0.5886161923408508,0.5886161923408508,0.5886161923408508,0.5886161923408508,0,2026-08-05 22:25:00+00:00
0.5886508226394653,0.5886508226394653,0.5886508226394653,0.5886508226394653,0,2026-08-05 22:27:00+00:00
0.5886508226394653,0.5886508226394653,0.5886508226394653,0.5886508226394653,0,2026-08-05 22:29:00+00:00
0.5886161923408508,0.5886161923408508,0.5886161923408508,0.5886161923408508,0,2026-08-05 22:31:00+00:00
0.5887547731399536,0.5887547731399536,0.5887547731399536,0.5887547731399536,0,2026-08-05 22:33:00+00:00
0.5887200832366943,0.5887200832366943,0.5887200832366943,0.5887200832366943,0,2026-08-05 22:35:00+00:00
0.5886854529380798,0.5886854529380798,0.5886854529380798,0.5886854529380798,0,2026-08-05 22:37:00+00:00
0.5886854529380798,0.5886854529380798,0.5886854529380798,0.5886854529380798,0,2026-08-05 22:39:00+00:00
0.5886854529380798,0.5886854529380798,0.5886854529380798,0.5886854529380798,0,2026-08-05 22:41:00+00:00
0.5887200832366943,0.5887200832366943,0.5887200832366943,0.5887200832366943,0,2026-08-05 22:43:00+00:00
0.588893473148346,0.588893473148346,0.588893473148346,0.588893473148346,0,2026-08-05 22:45:00+00:00
0.5888587832450867,0.5888587832450867,0.5888587832450867,0.5888587832450867,0,2026-08-05 22:47:00+00:00
0.5888240933418274,0.5888240933418274,0.5888240933418274,0.5888240933418274,0,2026-08-05 22:49:00+00:00
0.5888240933418274,0.5888240933418274,0.5888240933418274,0.5888240933418274,0,2026-08-05 22:51:00+00:00
0.5887200832366943,0.5887200832366943,0.5887200832366943,0.5887200832366943,0,2026-08-05 22:53:00+00:00
0.5886854529380798,0.5886854529380798,0.5886854529380798,0.5886854529380798,0,2026-08-05 22:55:00+00:00
0.5887200832366943,0.5887200832366943,0.5887200832366943,0.5887200832366943,0,2026-08-05 22:57:00+00:00
0.5888240933418274,0.5888240933418274,0.5888240933418274,0.5888240933418274,0,2026-08-05 23:01:00+00:00
0.5887894630432129,0.5887894630432129,0.5887894630432129,0.5887894630432129,0,2026-08-05 23:03:00+00:00
0.5888240933418274,0.5888240933418274,0.5888240933418274,0.5888240933418274,0,2026-08-05 23:05:00+00:00
0.5888240933418274,0.5888240933418274,0.5888240933418274,0.5888240933418274,0,2026-08-05 23:07:00+00:00
0.5888240933418274,0.5888240933418274,0.5888240933418274,0.5888240933418274,0,2026-08-05 23:09:00+00:00
0.5888587832450867,0.5888587832450867,0.5888587832450867,0.5888587832450867,0,2026-08-05 23:11:00+00:00
0.5889281630516052,0.5889281630516052,0.5889281630516052,0.5889281630516052,0,2026-08-05 23:13:00+00:00
0.5889281630516052,0.5889281630516052,0.5889281630516052,0.5889281630516052,0,2026-08-05 23:15:00+00:00
0.5889281630516052,0.5889281630516052,0.5889281630516052,0.5889281630516052,0,2026-08-05 23:17:00+00:00
0.588893473148346,0.588893473148346,0.588893473148346,0.588893473148346,0,2026-08-05 23:19:00+00:00
0.5887894630432129,0.5887894630432129,0.5887894630432129,0.5887894630432129,0,2026-08-05 23:21:00+00:00
0.5888587832450867,0.5888587832450867,0.5888587832450867,0.5888587832450867,0,2026-08-05 23:23:00+00:00
0.5887547731399536,0.5887547731399536,0.5887547731399536,0.5887547731399536,0,2026-08-05 23:25:00+00:00
0.5887894630432129,0.5887894630432129,0.5887894630432129,0.5887894630432129,0,2026-08-05 23:27:00+00:00
0.5887547731399536,0.5887547731399536,0.5887547731399536,0.5887547731399536,0,2026-08-05 23:29:00+00:00
0.5886854529380798,0.5886854529380798,0.5886854529380798,0.5886854529380798,0,2026-08-05 23:31:00+00:00
0.5886161923408508,0.5886161923408508,0.5886161923408508,0.5886161923408508,0,2026-08-05 23:33:00+00:00
0.5886854529380798,0.5886854529380798,0.5886854529380798,0.5886854529380798,0,2026-08-05 23:35:00+00:00
0.5887200832366943,0.5887200832366943,0.5887200832366943,0.5887200832366943,0,2026-08-05 23:37:00+00:00
0.5887894630432129,0.5887894630432129,0.5887894630432129,0.5887894630432129,0,2026-08-05 23:39:00+00:00
0.5886508226394653,0.5886508226394653,0.5886508226394653,0.5886508226394653,0,2026-08-05 23:41:00+00:00
0.5886854529380798,0.5886854529380798,0.5886854529380798,0.5886854529380798,0,2026-08-05 23:43:00+00:00
0.5888240933418274,0.5888240933418274,0.5888240933418274,0.5888240933418274,0,2026-08-05 23:45:00+00:00
0.5888240933418274,0.5888240933418274,0.5888240933418274,0.5888240933418274,0,2026-08-05 23:47:00+00:00
0.588893473148346,0.588893473148346,0.588893473148346,0.588893473148346,0,2026-08-05 23:49:00+00:00
0.5889281630516052,0.5889281630516052,0.5889281630516052,0.5889281630516052,0,2026-08-05 23:51:00+00:00
0.5889627933502197,0.5889627933502197,0.5889627933502197,0.5889627933502197,0,2026-08-05 23:53:00+00:00
0.5888587832450867,0.5888587832450867,0.5888587832450867,0.5888587832450867,0,2026-08-05 23:55:00+00:00
0.5887894630432129,0.5887894630432129,0.5887894630432129,0.5887894630432129,0,2026-08-05 23:57:00+00:00
0.5888587832450867,0.5888587832450867,0.5888587832450867,0.5888587832450867,0,2026-08-05 23:59:00+00:00
0.5886854529380798,0.5886854529380798,0.5886854529380798,0.5886854529380798,0,2026-08-06 00:01:00+00:00
0.5888240933418274,0.5888240933418274,0.5888240933418274,0.5888240933418274,0,2026-08-06 00:03:00+00:00
0.5888240933418274,0.5888240933418274,0.5888240933418274,0.5888240933418274,0,2026-08-06 00:05:00+00:00
0.5888587832450867,0.5888587832450867,0.5888587832450867,0.5888587832450867,0,2026-08-06 00:07:00+00:00
0.5887894630432129,0.5887894630432129,0.5887894630432129,0.5887894630432129,0,2026-08-06 00:09:00+00:00
0.5887547731399536,0.5887547731399536,0.5887547731399536,0.5887547731399536,0,2026-08-06 00:11:00+00:00
0.5885122418403625,0.5885122418403625,0.5885122418403625,0.5885122418403625,0,2026-08-06 00:13:00+00:00
0.5885815024375916,0.5885815024375916,0.5885815024375916,0.5885815024375916,0,2026-08-06 00:15:00+00:00
0.5886854529380798,0.5886854529380798,0.5886854529380798,0.5886854529380798,0,2026-08-06 00:17:00+00:00
0.5886854529380798,0.5886854529380798,0.5886854529380798,0.5886854529380798,0,2026-08-06 00:19:00+00:00
0.5887200832366943,0.5887200832366943,0.5887200832366943,0.5887200832366943,0,2026-08-06 00:21:00+00:00
0.5887200832366943,0.5887200832366943,0.5887200832366943,0.5887200832366943,0,2026-08-06 00:23:00+00:00
0.5886854529380798,0.5886854529380798,0.5886854529380798,0.5886854529380798,0,2026-08-06 00:25:00+00:00
0.588546872138977,0.588546872138977,0.588546872138977,0.588546872138977,0,2026-08-06 00:27:00+00:00
0.5883045196533203,0.5883045196533203,0.5883045196533203,0.5883045196533203,0,2026-08-06 00:29:00+00:00
0.58833909034729,0.58833909034729,0.58833909034729,0.58833909034729,0,2026-08-06 00:31:00+00:00
0.588408350944519,0.588408350944519,0.588408350944519,0.588408350944519,0,2026-08-06 00:33:00+00:00
0.588546872138977,0.588546872138977,0.588546872138977,0.588546872138977,0,2026-08-06 00:35:00+00:00
0.5884429812431335,0.5884429812431335,0.5884429812431335,0.5884429812431335,0,2026-08-06 00:37:00+00:00
0.5884429812431335,0.5884429812431335,0.5884429812431335,0.5884429812431335,0,2026-08-06 00:39:00+00:00
0.5884429812431335,0.5884429812431335,0.5884429812431335,0.5884429812431335,0,2026-08-06 00:41:00+00:00
0.5883737206459045,0.5883737206459045,0.5883737206459045,0.5883737206459045,0,2026-08-06 00:43:00+00:00
0.588546872138977,0.588546872138977,0.588546872138977,0.588546872138977,0,2026-08-06 00:45:00+00:00
0.5885815024375916,0.5885815024375916,0.5885815024375916,0.5885815024375916,0,2026-08-06 00:47:00+00:00
0.5884429812431335,0.5884429812431335,0.5884429812431335,0.5884429812431335,0,2026-08-06 00:49:00+00:00
0.5885122418403625,0.5885122418403625,0.5885122418403625,0.5885122418403625,0,2026-08-06 00:51:00+00:00
0.5885815024375916,0.5885815024375916,0.5885815024375916,0.5885815024375916,0,2026-08-06 00:53:00+00:00
0.5885122418403625,0.5885122418403625,0.5885122418403625,0.5885122418403625,0,2026-08-06 00:55:00+00:00
0.5883737206459045,0.5883737206459045,0.5883737206459045,0.5883737206459045,0,2026-08-06 00:57:00+00:00
0.588408350944519,0.588408350944519,0.588408350944519,0.588408350944519,0,2026-08-06 00:59:00+00:00
0.5884429812431335,0.5884429812431335,0.5884429812431335,0.5884429812431335,0,2026-08-06 01:01:00+00:00
0.588408350944519,0.588408350944519,0.588408350944519,0.588408350944519,0,2026-08-06 01:03:00+00:00
0.5883737206459045,0.5883737206459045,0.5883737206459045,0.5883737206459045,0,2026-08-06 01:05:00+00:00
0.58833909034729,0.58833909034729,0.58833909034729,0.58833909034729,0,2026-08-06 01:07:00+00:00
0.5883737206459045,0.5883737206459045,0.5883737206459045,0.5883737206459045,0,2026-08-06 01:09:00+00:00
0.5882006883621216,0.5882006883621216,0.5882006883621216,0.5882006883621216,0,2026-08-06 01:11:00+00:00
0.58833909034729,0.58833909034729,0.58833909034729,0.58833909034729,0,2026-08-06 01:13:00+00:00
0.5884429812431335,0.5884429812431335,0.5884429812431335,0.5884429812431335,0,2026-08-06 01:15:00+00:00
0.5885122418403625,0.5885122418403625,0.5885122418403625,0.5885122418403625,0,2026-08-06 01:17:00+00:00
0.588546872138977,0.588546872138977,0.588546872138977,0.588546872138977,0,2026-08-06 01:19:00+00:00
0.5887547731399536,0.5887547731399536,0.5887547731399536,0.5887547731399536,0,2026-08-06 01:21:00+00:00
0.5888240933418274,0.5888240933418274,0.5888240933418274,0.5888240933418274,0,2026-08-06 01:23:00+00:00
0.5889281630516052,0.5889281630516052,0.5889281630516052,0.5889281630516052,0,2026-08-06 01:25:00+00:00
0.5887894630432129,0.5887894630432129,0.5887894630432129,0.5887894630432129,0,2026-08-06 01:27:00+00:00
0.5887547731399536,0.5887547731399536,0.5887547731399536,0.5887547731399536,0,2026-08-06 01:29:00+00:00
0.5888240933418274,0.5888240933418274,0.5888240933418274,0.5888240933418274,0,2026-08-06 01:31:00+00:00
0.5887200832366943,0.5887200832366943,0.5887200832366943,0.5887200832366943,0,2026-08-06 01:33:00+00:00
0.5887547731399536,0.5887547731399536,0.5887547731399536,0.5887547731399536,0,2026-08-06 01:35:00+00:00
0.588997483253479,0.588997483253479,0.588997483253479,0.588997483253479,0,2026-08-06 01:37:00+00:00
0.5889627933502197,0.5889627933502197,0.5889627933502197,0.5889627933502197,0,2026-08-06 01:39:00+00:00
0.588893473148346,0.588893473148346,0.588893473148346,0.588893473148346,0,2026-08-06 01:41:00+00:00
0.5889281630516052,0.5889281630516052,0.5889281630516052,0.5889281630516052,0,2026-08-06 01:43:00+00:00
0.5889281630516052,0.5889281630516052,0.5889281630516052,0.5889281630516052,0,2026-08-06 01:45:00+00:00
0.588997483253479,0.588997483253479,0.588997483253479,0.588997483253479,0,2026-08-06 01:47:00+00:00
0.588997483253479,0.588997483253479,0.588997483253479,0.588997483253479,0,2026-08-06 01:49:00+00:00
0.5891363620758057,0.5891363620758057,0.5891363620758057,0.5891363620758057,0,2026-08-06 01:51:00+00:00
0.5893099308013916,0.5893099308013916,0.5893099308013916,0.5893099308013916,0,2026-08-06 01:53:00+00:00
0.5893793702125549,0.5893793702125549,0.5893793702125549,0.5893793702125549,0,2026-08-06 01:55:00+00:00
0.5893099308013916,0.5893099308013916,0.5893099308013916,0.5893099308013916,0,2026-08-06 01:57:00+00:00
0.5893446803092957,0.5893446803092957,0.5893446803092957,0.5893446803092957,0,2026-08-06 01:59:00+00:00
0.589414119720459,0.589414119720459,0.589414119720459,0.589414119720459,0,2026-08-06 02:01:00+00:00
0.589448869228363,0.589448869228363,0.589448869228363,0.589448869228363,0,2026-08-06 02:03:00+00:00
0.5896226763725281,0.5896226763725281,0.5896226763725281,0.5896226763725281,0,2026-08-06 02:05:00+00:00
0.5896574258804321,0.5896574258804321,0.5896574258804321,0.5896574258804321,0,2026-08-06 02:07:00+00:00
0.5896921753883362,0.5896921753883362,0.5896921753883362,0.5896921753883362,0,2026-08-06 02:09:00+00:00
0.5894836187362671,0.5894836187362671,0.5894836187362671,0.5894836187362671,0,2026-08-06 02:11:00+00:00
0.5895183682441711,0.5895183682441711,0.5895183682441711,0.5895183682441711,0,2026-08-06 02:13:00+00:00
0.5893446803092957,0.5893446803092957,0.5893446803092957,0.5893446803092957,0,2026-08-06 02:15:00+00:00
0.589448869228363,0.589448869228363,0.589448869228363,0.589448869228363,0,2026-08-06 02:17:00+00:00
0.589414119720459,0.589414119720459,0.589414119720459,0.589414119720459,0,2026-08-06 02:19:00+00:00
0.5894836187362671,0.5894836187362671,0.5894836187362671,0.5894836187362671,0,2026-08-06 02:21:00+00:00
0.5895183682441711,0.5895183682441711,0.5895183682441711,0.5895183682441711,0,2026-08-06 02:23:00+00:00
0.5893793702125549,0.5893793702125549,0.5893793702125549,0.5893793702125549,0,2026-08-06 02:25:00+00:00
0.5893446803092957,0.5893446803092957,0.5893446803092957,0.5893446803092957,0,2026-08-06 02:27:00+00:00
0.589448869228363,0.589448869228363,0.589448869228363,0.589448869228363,0,2026-08-06 02:29:00+00:00
0.589448869228363,0.589448869228363,0.589448869228363,0.589448869228363,0,2026-08-06 02:31:00+00:00
0.5893793702125549,0.5893793702125549,0.5893793702125549,0.5893793702125549,0,2026-08-06 02:33:00+00:00
0.589448869228363,0.589448869228363,0.589448869228363,0.589448869228363,0,2026-08-06 02:35:00+00:00
0.5895183682441711,0.5895183682441711,0.5895183682441711,0.5895183682441711,0,2026-08-06 02:37:00+00:00
0.5894836187362671,0.5894836187362671,0.5894836187362671,0.5894836187362671,0,2026-08-06 02:39:00+00:00
0.5895183682441711,0.5895183682441711,0.5895183682441711,0.5895183682441711,0,2026-08-06 02:41:00+00:00
0.5895531177520752,0.5895531177520752,0.5895531177520752,0.5895531177520752,0,2026-08-06 02:43:00+00:00
0.5894836187362671,0.5894836187362671,0.5894836187362671,0.5894836187362671,0,2026-08-06 02:45:00+00:00
0.5894836187362671,0.5894836187362671,0.5894836187362671,0.5894836187362671,0,2026-08-06 02:47:00+00:00
0.5893446803092957,0.5893446803092957,0.5893446803092957,0.5893446803092957,0,2026-08-06 02:49:00+00:00
0.5893793702125549,0.5893793702125549,0.5893793702125549,0.5893793702125549,0,2026-08-06 02:51:00+00:00
0.5893793702125549,0.5893793702125549,0.5893793702125549,0.5893793702125549,0,2026-08-06 02:53:00+00:00
0.5893099308013916,0.5893099308013916,0.5893099308013916,0.5893099308013916,0,2026-08-06 02:55:00+00:00
0.5892751812934875,0.5892751812934875,0.5892751812934875,0.5892751812934875,0,2026-08-06 02:57:00+00:00
0.5892057418823242,0.5892057418823242,0.5892057418823242,0.5892057418823242,0,2026-08-06 02:59:00+00:00
0.5891363620758057,0.5891363620758057,0.5891363620758057,0.5891363620758057,0,2026-08-06 03:01:00+00:00
0.5891363620758057,0.5891363620758057,0.5891363620758057,0.5891363620758057,0,2026-08-06 03:03:00+00:00
0.5892404317855835,0.5892404317855835,0.5892404317855835,0.5892404317855835,0,2026-08-06 03:05:00+00:00
0.5892057418823242,0.5892057418823242,0.5892057418823242,0.5892057418823242,0,2026-08-06 03:07:00+00:00
0.5891710519790649,0.5891710519790649,0.5891710519790649,0.5891710519790649,0,2026-08-06 03:09:00+00:00
0.5890669226646423,0.5890669226646423,0.5890669226646423,0.5890669226646423,0,2026-08-06 03:11:00+00:00
0.5890322327613831,0.5890322327613831,0.5890322327613831,0.5890322327613831,0,2026-08-06 03:13:00+00:00
0.5889627933502197,0.5889627933502197,0.5889627933502197,0.5889627933502197,0,2026-08-06 03:15:00+00:00
0.5888587832450867,0.5888587832450867,0.5888587832450867,0.5888587832450867,0,2026-08-06 03:17:00+00:00
0.5888587832450867,0.5888587832450867,0.5888587832450867,0.5888587832450867,0,2026-08-06 03:19:00+00:00
0.5888587832450867,0.5888587832450867,0.5888587832450867,0.5888587832450867,0,2026-08-06 03:21:00+00:00
0.5887547731399536,0.5887547731399536,0.5887547731399536,0.5887547731399536,0,2026-08-06 03:23:00+00:00
0.5887547731399536,0.5887547731399536,0.5887547731399536,0.5887547731399536,0,2026-08-06 03:25:00+00:00
0.5887200832366943,0.5887200832366943,0.5887200832366943,0.5887200832366943,0,2026-08-06 03:27:00+00:00
0.5887547731399536,0.5887547731399536,0.5887547731399536,0.5887547731399536,0,2026-08-06 03:29:00+00:00
0.5888587832450867,0.5888587832450867,0.5888587832450867,0.5888587832450867,0,2026-08-06 03:31:00+00:00
0.5888240933418274,0.5888240933418274,0.5888240933418274,0.5888240933418274,0,2026-08-06 03:33:00+00:00
0.5888240933418274,0.5888240933418274,0.5888240933418274,0.5888240933418274,0,2026-08-06 03:35:00+00:00
0.5887547731399536,0.5887547731399536,0.5887547731399536,0.5887547731399536,0,2026-08-06 03:37:00+00:00
0.5887200832366943,0.5887200832366943,0.5887200832366943,0.5887200832366943,0,2026-08-06 03:39:00+00:00
0.5886508226394653,0.5886508226394653,0.5886508226394653,0.5886508226394653,0,2026-08-06 03:41:00+00:00
0.5886161923408508,0.5886161923408508,0.5886161923408508,0.5886161923408508,0,2026-08-06 03:43:00+00:00
0.5885122418403625,0.5885122418403625,0.5885122418403625,0.5885122418403625,0,2026-08-06 03:45:00+00:00
0.5885815024375916,0.5885815024375916,0.5885815024375916,0.5885815024375916,0,2026-08-06 03:47:00+00:00
0.588546872138977,0.588546872138977,0.588546872138977,0.588546872138977,0,2026-08-06 03:49:00+00:00
0.5885815024375916,0.5885815024375916,0.5885815024375916,0.5885815024375916,0,2026-08-06 03:51:00+00:00
0.588546872138977,0.588546872138977,0.588546872138977,0.588546872138977,0,2026-08-06 03:53:00+00:00
0.5884429812431335,0.5884429812431335,0.5884429812431335,0.5884429812431335,0,2026-08-06 03:55:00+00:00
0.5885122418403625,0.5885122418403625,0.5885122418403625,0.5885122418403625,0,2026-08-06 03:57:00+00:00
0.5886161923408508,0.5886161923408508,0.5886161923408508,0.5886161923408508,0,2026-08-06 03:59:00+00:00
0.5886161923408508,0.5886161923408508,0.5886161923408508,0.5886161923408508,0,2026-08-06 04:01:00+00:00
0.5886161923408508,0.5886161923408508,0.5886161923408508,0.5886161923408508,0,2026-08-06 04:03:00+00:00
0.5886508226394653,0.5886508226394653,0.5886508226394653,0.5886508226394653,0,2026-08-06 04:05:00+00:00
0.5886508226394653,0.5886508226394653,0.5886508226394653,0.5886508226394653,0,2026-08-06 04:07:00+00:00
0.5886508226394653,0.5886508226394653,0.5886508226394653,0.5886508226394653,0,2026-08-06 04:09:00+00:00
0.5886161923408508,0.5886161923408508,0.5886161923408508,0.5886161923408508,0,2026-08-06 04:11:00+00:00
0.5886161923408508,0.5886161923408508,0.5886161923408508,0.5886161923408508,0,2026-08-06 04:13:00+00:00
0.588546872138977,0.588546872138977,0.588546872138977,0.588546872138977,0,2026-08-06 04:15:00+00:00
0.588546872138977,0.588546872138977,0.588546872138977,0.588546872138977,0,2026-08-06 04:17:00+00:00
0.5885122418403625,0.5885122418403625,0.5885122418403625,0.5885122418403625,0,2026-08-06 04:19:00+00:00
0.588408350944519,0.588408350944519,0.588408350944519,0.588408350944519,0,2026-08-06 04:21:00+00:00
0.5883737206459045,0.5883737206459045,0.5883737206459045,0.5883737206459045,0,2026-08-06 04:23:00+00:00
0.588408350944519,0.588408350944519,0.588408350944519,0.588408350944519,0,2026-08-06 04:25:00+00:00
0.588408350944519,0.588408350944519,0.588408350944519,0.588408350944519,0,2026-08-06 04:27:00+00:00
0.5883737206459045,0.5883737206459045,0.5883737206459045,0.5883737206459045,0,2026-08-06 04:29:00+00:00
0.588477611541748,0.588477611541748,0.588477611541748,0.588477611541748,0,2026-08-06 04:31:00+00:00
0.588408350944519,0.588408350944519,0.588408350944519,0.588408350944519,0,2026-08-06 04:33:00+00:00
0.5883737206459045,0.5883737206459045,0.5883737206459045,0.5883737206459045,0,2026-08-06 04:35:00+00:00
0.5883045196533203,0.5883045196533203,0.5883045196533203,0.5883045196533203,0,2026-08-06 04:37:00+00:00
0.5882352590560913,0.5882352590560913,0.5882352590560913,0.5882352590560913,0,2026-08-06 04:39:00+00:00
0.5882698893547058,0.5882698893547058,0.5882698893547058,0.5882698893547058,0,2026-08-06 04:41:00+00:00
0.5882352590560913,0.5882352590560913,0.5882352590560913,0.5882352590560913,0,2026-08-06 04:43:00+00:00
0.5881314873695374,0.5881314873695374,0.5881314873695374,0.5881314873695374,0,2026-08-06 04:45:00+00:00
0.5881314873695374,0.5881314873695374,0.5881314873695374,0.5881314873695374,0,2026-08-06 04:47:00+00:00
0.5881661176681519,0.5881661176681519,0.5881661176681519,0.5881661176681519,0,2026-08-06 04:49:00+00:00
0.5882006883621216,0.5882006883621216,0.5882006883621216,0.5882006883621216,0,2026-08-06 04:51:00+00:00
0.5880969166755676,0.5880969166755676,0.5880969166755676,0.5880969166755676,0,2026-08-06 04:53:00+00:00
0.5880969166755676,0.5880969166755676,0.5880969166755676,0.5880969166755676,0,2026-08-06 04:55:00+00:00
0.5881661176681519,0.5881661176681519,0.5881661176681519,0.5881661176681519,0,2026-08-06 04:57:00+00:00
0.5882006883621216,0.5882006883621216,0.5882006883621216,0.5882006883621216,0,2026-08-06 04:59:00+00:00
0.5882006883621216,0.5882006883621216,0.5882006883621216,0.5882006883621216,0,2026-08-06 05:01:00+00:00
0.5881314873695374,0.5881314873695374,0.5881314873695374,0.5881314873695374,0,2026-08-06 05:03:00+00:00
0.5880623459815979,0.5880623459815979,0.5880623459815979,0.5880623459815979,0,2026-08-06 05:05:00+00:00
0.5880623459815979,0.5880623459815979,0.5880623459815979,0.5880623459815979,0,2026-08-06 05:07:00+00:00
0.5879931449890137,0.5879931449890137,0.5879931449890137,0.5879931449890137,0,2026-08-06 05:09:00+00:00
0.587924063205719,0.587924063205719,0.587924063205719,0.587924063205719,0,2026-08-06 05:11:00+00:00
0.5878203511238098,0.5878203511238098,0.5878203511238098,0.5878203511238098,0,2026-08-06 05:13:00+00:00
0.5878203511238098,0.5878203511238098,0.5878203511238098,0.5878203511238098,0,2026-08-06 05:15:00+00:00
0.5877857804298401,0.5877857804298401,0.5877857804298401,0.5877857804298401,0,2026-08-06 05:17:00+00:00
0.5877512693405151,0.5877512693405151,0.5877512693405151,0.5877512693405151,0,2026-08-06 05:19:00+00:00
0.5876821875572205,0.5876821875572205,0.5876821875572205,0.5876821875572205,0,2026-08-06 05:21:00+00:00
0.5877512693405151,0.5877512693405151,0.5877512693405151,0.5877512693405151,0,2026-08-06 05:23:00+00:00
0.5877512693405151,0.5877512693405151,0.5877512693405151,0.5877512693405151,0,2026-08-06 05:25:00+00:00
0.5877857804298401,0.5877857804298401,0.5877857804298401,0.5877857804298401,0,2026-08-06 05:27:00+00:00
0.5878203511238098,0.5878203511238098,0.5878203511238098,0.5878203511238098,0,2026-08-06 05:29:00+00:00
0.5877857804298401,0.5877857804298401,0.5877857804298401,0.5877857804298401,0,2026-08-06 05:31:00+00:00
0.5878203511238098,0.5878203511238098,0.5878203511238098,0.5878203511238098,0,2026-08-06 05:33:00+00:00
0.5878894925117493,0.5878894925117493,0.5878894925117493,0.5878894925117493,0,2026-08-06 05:35:00+00:00
0.587924063205719,0.587924063205719,0.587924063205719,0.587924063205719,0,2026-08-06 05:37:00+00:00
0.5879931449890137,0.5879931449890137,0.5879931449890137,0.5879931449890137,0,2026-08-06 05:39:00+00:00
0.5881314873695374,0.5881314873695374,0.5881314873695374,0.5881314873695374,0,2026-08-06 05:41:00+00:00
0.5881314873695374,0.5881314873695374,0.5881314873695374,0.5881314873695374,0,2026-08-06 05:43:00+00:00
0.5881661176681519,0.5881661176681519,0.5881661176681519,0.5881661176681519,0,2026-08-06 05:45:00+00:00
0.5881314873695374,0.5881314873695374,0.5881314873695374,0.5881314873695374,0,2026-08-06 05:47:00+00:00
0.5881314873695374,0.5881314873695374,0.5881314873695374,0.5881314873695374,0,2026-08-06 05:49:00+00:00
0.5882006883621216,0.5882006883621216,0.5882006883621216,0.5882006883621216,0,2026-08-06 05:51:00+00:00
0.5883045196533203,0.5883045196533203,0.5883045196533203,0.5883045196533203,0,2026-08-06 05:53:00+00:00
0.5882698893547058,0.5882698893547058,0.5882698893547058,0.5882698893547058,0,2026-08-06 05:55:00+00:00
0.5882698893547058,0.5882698893547058,0.5882698893547058,0.5882698893547058,0,2026-08-06 05:57:00+00:00
0.5882698893547058,0.5882698893547058,0.5882698893547058,0.5882698893547058,0,2026-08-06 05:59:00+00:00
0.5883737206459045,0.5883737206459045,0.5883737206459045,0.5883737206459045,0,2026-08-06 06:01:00+00:00
0.5883737206459045,0.5883737206459045,0.5883737206459045,0.5883737206459045,0,2026-08-06 06:03:00+00:00
0.5882352590560913,0.5882352590560913,0.5882352590560913,0.5882352590560913,0,2026-08-06 06:05:00+00:00
0.5881314873695374,0.5881314873695374,0.5881314873695374,0.5881314873695374,0,2026-08-06 06:07:00+00:00
0.5880623459815979,0.5880623459815979,0.5880623459815979,0.5880623459815979,0,2026-08-06 06:09:00+00:00
0.5879586338996887,0.5879586338996887,0.5879586338996887,0.5879586338996887,0,2026-08-06 06:11:00+00:00
0.587924063205719,0.587924063205719,0.587924063205719,0.587924063205719,0,2026-08-06 06:13:00+00:00
0.5878549218177795,0.5878549218177795,0.5878549218177795,0.5878549218177795,0,2026-08-06 06:15:00+00:00
0.5878203511238098,0.5878203511238098,0.5878203511238098,0.5878203511238098,0,2026-08-06 06:17:00+00:00
0.587924063205719,0.587924063205719,0.587924063205719,0.587924063205719,0,2026-08-06 06:19:00+00:00
0.587924063205719,0.587924063205719,0.587924063205719,0.587924063205719,0,2026-08-06 06:21:00+00:00
0.587924063205719,0.587924063205719,0.587924063205719,0.587924063205719,0,2026-08-06 06:23:00+00:00
0.5877857804298401,0.5877857804298401,0.5877857804298401,0.5877857804298401,0,2026-08-06 06:25:00+00:00
0.5877512693405151,0.5877512693405151,0.5877512693405151,0.5877512693405151,0,2026-08-06 06:27:00+00:00
0.5876821875572205,0.5876821875572205,0.5876821875572205,0.5876821875572205,0,2026-08-06 06:29:00+00:00
0.5875095129013062,0.5875095129013062,0.5875095129013062,0.5875095129013062,0,2026-08-06 06:31:00+00:00
0.5874060392379761,0.5874060392379761,0.5874060392379761,0.5874060392379761,0,2026-08-06 06:33:00+00:00
0.5874060392379761,0.5874060392379761,0.5874060392379761,0.5874060392379761,0,2026-08-06 06:35:00+00:00
0.5873370170593262,0.5873370170593262,0.5873370170593262,0.5873370170593262,0,2026-08-06 06:37:00+00:00
0.5873025059700012,0.5873025059700012,0.5873025059700012,0.5873025059700012,0,2026-08-06 06:39:00+00:00
0.5871990919113159,0.5871990919113159,0.5871990919113159,0.5871990919113159,0,2026-08-06 06:41:00+00:00
0.5872335433959961,0.5872335433959961,0.5872335433959961,0.5872335433959961,0,2026-08-06 06:43:00+00:00
0.5874060392379761,0.5874060392379761,0.5874060392379761,0.5874060392379761,0,2026-08-06 06:45:00+00:00
0.5873715281486511,0.5873715281486511,0.5873715281486511,0.5873715281486511,0,2026-08-06 06:47:00+00:00
0.5871990919113159,0.5871990919113159,0.5871990919113159,0.5871990919113159,0,2026-08-06 06:49:00+00:00
0.5871990919113159,0.5871990919113159,0.5871990919113159,0.5871990919113159,0,2026-08-06 06:51:00+00:00
0.5872679948806763,0.5872679948806763,0.5872679948806763,0.5872679948806763,0,2026-08-06 06:53:00+00:00
0.5872335433959961,0.5872335433959961,0.5872335433959961,0.5872335433959961,0,2026-08-06 06:55:00+00:00
0.5872679948806763,0.5872679948806763,0.5872679948806763,0.5872679948806763,0,2026-08-06 06:57:00+00:00
0.5874060392379761,0.5874060392379761,0.5874060392379761,0.5874060392379761,0,2026-08-06 06:59:00+00:00
0.5874750018119812,0.5874750018119812,0.5874750018119812,0.5874750018119812,0,2026-08-06 07:01:00+00:00
0.5874060392379761,0.5874060392379761,0.5874060392379761,0.5874060392379761,0,2026-08-06 07:03:00+00:00
0.587440550327301,0.587440550327301,0.587440550327301,0.587440550327301,0,2026-08-06 07:05:00+00:00
0.5874060392379761,0.5874060392379761,0.5874060392379761,0.5874060392379761,0,2026-08-06 07:07:00+00:00
0.5874060392379761,0.5874060392379761,0.5874060392379761,0.5874060392379761,0,2026-08-06 07:09:00+00:00
0.5875785946846008,0.5875785946846008,0.5875785946846008,0.5875785946846008,0,2026-08-06 07:11:00+00:00
0.5876131057739258,0.5876131057739258,0.5876131057739258,0.5876131057739258,0,2026-08-06 07:13:00+00:00
0.5876131057739258,0.5876131057739258,0.5876131057739258,0.5876131057739258,0,2026-08-06 07:15:00+00:00
0.5875785946846008,0.5875785946846008,0.5875785946846008,0.5875785946846008,0,2026-08-06 07:17:00+00:00
0.5876131057739258,0.5876131057739258,0.5876131057739258,0.5876131057739258,0,2026-08-06 07:19:00+00:00
0.5875785946846008,0.5875785946846008,0.5875785946846008,0.5875785946846008,0,2026-08-06 07:21:00+00:00
0.5875440835952759,0.5875440835952759,0.5875440835952759,0.5875440835952759,0,2026-08-06 07:23:00+00:00
0.5875440835952759,0.5875440835952759,0.5875440835952759,0.5875440835952759,0,2026-08-06 07:25:00+00:00
0.5876131057739258,0.5876131057739258,0.5876131057739258,0.5876131057739258,0,2026-08-06 07:27:00+00:00
0.5875785946846008,0.5875785946846008,0.5875785946846008,0.5875785946846008,0,2026-08-06 07:29:00+00:00
0.5875095129013062,0.5875095129013062,0.5875095129013062,0.5875095129013062,0,2026-08-06 07:31:00+00:00
0.5874750018119812,0.5874750018119812,0.5874750018119812,0.5874750018119812,0,2026-08-06 07:33:00+00:00
0.587440550327301,0.587440550327301,0.587440550327301,0.587440550327301,0,2026-08-06 07:35:00+00:00
0.587440550327301,0.587440550327301,0.587440550327301,0.587440550327301,0,2026-08-06 07:37:00+00:00
0.5873025059700012,0.5873025059700012,0.5873025059700012,0.5873025059700012,0,2026-08-06 07:39:00+00:00
0.587440550327301,0.587440550327301,0.587440550327301,0.587440550327301,0,2026-08-06 07:41:00+00:00
0.5874060392379761,0.5874060392379761,0.5874060392379761,0.5874060392379761,0,2026-08-06 07:43:00+00:00
0.5872679948806763,0.5872679948806763,0.5872679948806763,0.5872679948806763,0,2026-08-06 07:45:00+00:00
0.5872679948806763,0.5872679948806763,0.5872679948806763,0.5872679948806763,0,2026-08-06 07:47:00+00:00
0.5873370170593262,0.5873370170593262,0.5873370170593262,0.5873370170593262,0,2026-08-06 07:49:00+00:00
0.5873715281486511,0.5873715281486511,0.5873715281486511,0.5873715281486511,0,2026-08-06 07:51:00+00:00
0.5875440835952759,0.5875440835952759,0.5875440835952759,0.5875440835952759,0,2026-08-06 07:53:00+00:00
0.5875785946846008,0.5875785946846008,0.5875785946846008,0.5875785946846008,0,2026-08-06 07:55:00+00:00
0.5876821875572205,0.5876821875572205,0.5876821875572205,0.5876821875572205,0,2026-08-06 07:57:00+00:00
0.5875095129013062,0.5875095129013062,0.5875095129013062,0.5875095129013062,0,2026-08-06 07:59:00+00:00
0.5873370170593262,0.5873370170593262,0.5873370170593262,0.5873370170593262,0,2026-08-06 08:01:00+00:00
0.5873715281486511,0.5873715281486511,0.5873715281486511,0.5873715281486511,0,2026-08-06 08:03:00+00:00
0.5874750018119812,0.5874750018119812,0.5874750018119812,0.5874750018119812,0,2026-08-06 08:05:00+00:00
0.5875095129013062,0.5875095129013062,0.5875095129013062,0.5875095129013062,0,2026-08-06 08:07:00+00:00
0.5877512693405151,0.5877512693405151,0.5877512693405151,0.5877512693405151,0,2026-08-06 08:11:00+00:00
0.5877166986465454,0.5877166986465454,0.5877166986465454,0.5877166986465454,0,2026-08-06 08:13:00+00:00
0.5876821875572205,0.5876821875572205,0.5876821875572205,0.5876821875572205,0,2026-08-06 08:15:00+00:00
0.5876821875572205,0.5876821875572205,0.5876821875572205,0.5876821875572205,0,2026-08-06 08:17:00+00:00
0.5877857804298401,0.5877857804298401,0.5877857804298401,0.5877857804298401,0,2026-08-06 08:19:00+00:00
0.5877166986465454,0.5877166986465454,0.5877166986465454,0.5877166986465454,0,2026-08-06 08:21:00+00:00
0.5877166986465454,0.5877166986465454,0.5877166986465454,0.5877166986465454,0,2026-08-06 08:23:00+00:00
0.5877512693405151,0.5877512693405151,0.5877512693405151,0.5877512693405151,0,2026-08-06 08:25:00+00:00
0.5877857804298401,0.5877857804298401,0.5877857804298401,0.5877857804298401,0,2026-08-06 08:27:00+00:00
0.5877166986465454,0.5877166986465454,0.5877166986465454,0.5877166986465454,0,2026-08-06 08:29:00+00:00
0.5878894925117493,0.5878894925117493,0.5878894925117493,0.5878894925117493,0,2026-08-06 08:31:00+00:00
0.5877857804298401,0.5877857804298401,0.5877857804298401,0.5877857804298401,0,2026-08-06 08:33:00+00:00
0.5879586338996887,0.5879586338996887,0.5879586338996887,0.5879586338996887,0,2026-08-06 08:35:00+00:00
0.587924063205719,0.587924063205719,0.587924063205719,0.587924063205719,0,2026-08-06 08:37:00+00:00
0.5878203511238098,0.5878203511238098,0.5878203511238098,0.5878203511238098,0,2026-08-06 08:39:00+00:00
0.587924063205719,0.587924063205719,0.587924063205719,0.587924063205719,0,2026-08-06 08:41:00+00:00
0.5878894925117493,0.5878894925117493,0.5878894925117493,0.5878894925117493,0,2026-08-06 08:43:00+00:00
0.5879586338996887,0.5879586338996887,0.5879586338996887,0.5879586338996887,0,2026-08-06 08:45:00+00:00
0.587924063205719,0.587924063205719,0.587924063205719,0.587924063205719,0,2026-08-06 08:47:00+00:00
0.587924063205719,0.587924063205719,0.587924063205719,0.587924063205719,0,2026-08-06 08:49:00+00:00
0.5878894925117493,0.5878894925117493,0.5878894925117493,0.5878894925117493,0,2026-08-06 08:51:00+00:00
0.5880623459815979,0.5880623459815979,0.5880623459815979,0.5880623459815979,0,2026-08-06 08:53:00+00:00
0.5880277156829834,0.5880277156829834,0.5880277156829834,0.5880277156829834,0,2026-08-06 08:55:00+00:00
0.5880623459815979,0.5880623459815979,0.5880623459815979,0.5880623459815979,0,2026-08-06 08:57:00+00:00
0.5879931449890137,0.5879931449890137,0.5879931449890137,0.5879931449890137,0,2026-08-06 08:59:00+00:00
0.5878894925117493,0.5878894925117493,0.5878894925117493,0.5878894925117493,0,2026-08-06 09:01:00+00:00
0.5879586338996887,0.5879586338996887,0.5879586338996887,0.5879586338996887,0,2026-08-06 09:03:00+00:00
0.5879586338996887,0.5879586338996887,0.5879586338996887,0.5879586338996887,0,2026-08-06 09:05:00+00:00
0.587924063205719,0.587924063205719,0.587924063205719,0.587924063205719,0,2026-08-06 09:07:00+00:00
0.5877857804298401,0.5877857804298401,0.5877857804298401,0.5877857804298401,0,2026-08-06 09:09:00+00:00
0.587924063205719,0.587924063205719,0.587924063205719,0.587924063205719,0,2026-08-06 09:11:00+00:00
0.5879931449890137,0.5879931449890137,0.5879931449890137,0.5879931449890137,0,2026-08-06 09:13:00+00:00
0.5879931449890137,0.5879931449890137,0.5879931449890137,0.5879931449890137,0,2026-08-06 09:15:00+00:00
0.5879586338996887,0.5879586338996887,0.5879586338996887,0.5879586338996887,0,2026-08-06 09:17:00+00:00
0.5880623459815979,0.5880623459815979,0.5880623459815979,0.5880623459815979,0,2026-08-06 09:19:00+00:00
0.5881314873695374,0.5881314873695374,0.5881314873695374,0.5881314873695374,0,2026-08-06 09:21:00+00:00
0.5882352590560913,0.5882352590560913,0.5882352590560913,0.5882352590560913,0,2026-08-06 09:23:00+00:00
0.5881661176681519,0.5881661176681519,0.5881661176681519,0.5881661176681519,0,2026-08-06 09:25:00+00:00
0.5881314873695374,0.5881314873695374,0.5881314873695374,0.5881314873695374,0,2026-08-06 09:27:00+00:00
0.5881661176681519,0.5881661176681519,0.5881661176681519,0.5881661176681519,0,2026-08-06 09:29:00+00:00
0.5882006883621216,0.5882006883621216,0.5882006883621216,0.5882006883621216,0,2026-08-06 09:31:00+00:00
0.5880969166755676,0.5880969166755676,0.5880969166755676,0.5880969166755676,0,2026-08-06 09:33:00+00:00
0.5881314873695374,0.5881314873695374,0.5881314873695374,0.5881314873695374,0,2026-08-06 09:35:00+00:00
0.5879931449890137,0.5879931449890137,0.5879931449890137,0.5879931449890137,0,2026-08-06 09:37:00+00:00
0.5880277156829834,0.5880277156829834,0.5880277156829834,0.5880277156829834,0,2026-08-06 09:39:00+00:00
0.5878894925117493,0.5878894925117493,0.5878894925117493,0.5878894925117493,0,2026-08-06 09:41:00+00:00
0.587924063205719,0.587924063205719,0.587924063205719,0.587924063205719,0,2026-08-06 09:43:00+00:00
0.5878549218177795,0.5878549218177795,0.5878549218177795,0.5878549218177795,0,2026-08-06 09:45:00+00:00
0.5878894925117493,0.5878894925117493,0.5878894925117493,0.5878894925117493,0,2026-08-06 09:47:00+00:00
0.5880969166755676,0.5880969166755676,0.5880969166755676,0.5880969166755676,0,2026-08-06 09:49:00+00:00
0.5880969166755676,0.5880969166755676,0.5880969166755676,0.5880969166755676,0,2026-08-06 09:51:00+00:00
0.5881314873695374,0.5881314873695374,0.5881314873695374,0.5881314873695374,0,2026-08-06 09:53:00+00:00
0.5881314873695374,0.5881314873695374,0.5881314873695374,0.5881314873695374,0,2026-08-06 09:55:00+00:00
0.5881661176681519,0.5881661176681519,0.5881661176681519,0.5881661176681519,0,2026-08-06 09:57:00+00:00
0.5881314873695374,0.5881314873695374,0.5881314873695374,0.5881314873695374,0,2026-08-06 09:59:00+00:00
0.5881661176681519,0.5881661176681519,0.5881661176681519,0.5881661176681519,0,2026-08-06 10:01:00+00:00
0.5881661176681519,0.5881661176681519,0.5881661176681519,0.5881661176681519,0,2026-08-06 10:03:00+00:00
0.5880969166755676,0.5880969166755676,0.5880969166755676,0.5880969166755676,0,2026-08-06 10:05:00+00:00
0.5880969166755676,0.5880969166755676,0.5880969166755676,0.5880969166755676,0,2026-08-06 10:07:00+00:00
0.5881661176681519,0.5881661176681519,0.5881661176681519,0.5881661176681519,0,2026-08-06 10:09:00+00:00
0.5880969166755676,0.5880969166755676,0.5880969166755676,0.5880969166755676,0,2026-08-06 10:11:00+00:00
0.5879586338996887,0.5879586338996887,0.5879586338996887,0.5879586338996887,0,2026-08-06 10:13:00+00:00
0.5878549218177795,0.5878549218177795,0.5878549218177795,0.5878549218177795,0,2026-08-06 10:15:00+00:00
0.5879586338996887,0.5879586338996887,0.5879586338996887,0.5879586338996887,0,2026-08-06 10:17:00+00:00
0.5879931449890137,0.5879931449890137,0.5879931449890137,0.5879931449890137,0,2026-08-06 10:19:00+00:00
0.5880969166755676,0.5880969166755676,0.5880969166755676,0.5880969166755676,0,2026-08-06 10:21:00+00:00
0.5881661176681519,0.5881661176681519,0.5881661176681519,0.5881661176681519,0,2026-08-06 10:23:00+00:00
0.5884429812431335,0.5884429812431335,0.5884429812431335,0.5884429812431335,0,2026-08-06 10:25:00+00:00
0.588477611541748,0.588477611541748,0.588477611541748,0.588477611541748,0,2026-08-06 10:27:00+00:00
0.588546872138977,0.588546872138977,0.588546872138977,0.588546872138977,0,2026-08-06 10:29:00+00:00
0.588477611541748,0.588477611541748,0.588477611541748,0.588477611541748,0,2026-08-06 10:31:00+00:00
0.588477611541748,0.588477611541748,0.588477611541748,0.588477611541748,0,2026-08-06 10:33:00+00:00
0.588408350944519,0.588408350944519,0.588408350944519,0.588408350944519,0,2026-08-06 10:35:00+00:00
0.588408350944519,0.588408350944519,0.588408350944519,0.588408350944519,0,2026-08-06 10:37:00+00:00
0.5883737206459045,0.5883737206459045,0.5883737206459045,0.5883737206459045,0,2026-08-06 10:39:00+00:00
0.5883737206459045,0.5883737206459045,0.5883737206459045,0.5883737206459045,0,2026-08-06 10:41:00+00:00
0.5882698893547058,0.5882698893547058,0.5882698893547058,0.5882698893547058,0,2026-08-06 10:43:00+00:00
0.58833909034729,0.58833909034729,0.58833909034729,0.58833909034729,0,2026-08-06 10:45:00+00:00
0.588408350944519,0.588408350944519,0.588408350944519,0.588408350944519,0,2026-08-06 10:47:00+00:00
0.588477611541748,0.588477611541748,0.588477611541748,0.588477611541748,0,2026-08-06 10:49:00+00:00
0.588408350944519,0.588408350944519,0.588408350944519,0.588408350944519,0,2026-08-06 10:51:00+00:00
0.58833909034729,0.58833909034729,0.58833909034729,0.58833909034729,0,2026-08-06 10:53:00+00:00
0.58833909034729,0.58833909034729,0.58833909034729,0.58833909034729,0,2026-08-06 10:55:00+00:00
0.588477611541748,0.588477611541748,0.588477611541748,0.588477611541748,0,2026-08-06 10:57:00+00:00
0.5884429812431335,0.5884429812431335,0.5884429812431335,0.5884429812431335,0,2026-08-06 10:59:00+00:00
0.5884429812431335,0.5884429812431335,0.5884429812431335,0.5884429812431335,0,2026-08-06 11:01:00+00:00
0.588408350944519,0.588408350944519,0.588408350944519,0.588408350944519,0,2026-08-06 11:03:00+00:00
0.5882698893547058,0.5882698893547058,0.5882698893547058,0.5882698893547058,0,2026-08-06 11:05:00+00:00
0.588408350944519,0.588408350944519,0.588408350944519,0.588408350944519,0,2026-08-06 11:07:00+00:00
0.5884429812431335,0.5884429812431335,0.5884429812431335,0.5884429812431335,0,2026-08-06 11:09:00+00:00
0.5883737206459045,0.5883737206459045,0.5883737206459045,0.5883737206459045,0,2026-08-06 11:11:00+00:00
0.5883737206459045,0.5883737206459045,0.5883737206459045,0.5883737206459045,0,2026-08-06 11:13:00+00:00
0.5883737206459045,0.5883737206459045,0.5883737206459045,0.5883737206459045,0,2026-08-06 11:15:00+00:00
0.5883737206459045,0.5883737206459045,0.5883737206459045,0.5883737206459045,0,2026-08-06 11:17:00+00:00
0.588408350944519,0.588408350944519,0.588408350944519,0.588408350944519,0,2026-08-06 11:19:00+00:00
0.5881661176681519,0.5881661176681519,0.5881661176681519,0.5881661176681519,0,2026-08-06 11:21:00+00:00
0.5880969166755676,0.5880969166755676,0.5880969166755676,0.5880969166755676,0,2026-08-06 11:23:00+00:00
0.5881661176681519,0.5881661176681519,0.5881661176681519,0.5881661176681519,0,2026-08-06 11:25:00+00:00
0.58833909034729,0.58833909034729,0.58833909034729,0.58833909034729,0,2026-08-06 11:27:00+00:00
0.5882006883621216,0.5882006883621216,0.5882006883621216,0.5882006883621216,0,2026-08-06 11:29:00+00:00
0.5882698893547058,0.5882698893547058,0.5882698893547058,0.5882698893547058,0,2026-08-06 11:31:00+00:00
0.5882006883621216,0.5882006883621216,0.5882006883621216,0.5882006883621216,0,2026-08-06 11:33:00+00:00
0.5882352590560913,0.5882352590560913,0.5882352590560913,0.5882352590560913,0,2026-08-06 11:35:00+00:00
0.5880969166755676,0.5880969166755676,0.5880969166755676,0.5880969166755676,0,2026-08-06 11:37:00+00:00
0.5880969166755676,0.5880969166755676,0.5880969166755676,0.5880969166755676,0,2026-08-06 11:39:00+00:00
0.5879931449890137,0.5879931449890137,0.5879931449890137,0.5879931449890137,0,2026-08-06 11:41:00+00:00
0.587924063205719,0.587924063205719,0.587924063205719,0.587924063205719,0,2026-08-06 11:43:00+00:00
0.5879931449890137,0.5879931449890137,0.5879931449890137,0.5879931449890137,0,2026-08-06 11:45:00+00:00
0.5880277156829834,0.5880277156829834,0.5880277156829834,0.5880277156829834,0,2026-08-06 11:47:00+00:00
0.5880969166755676,0.5880969166755676,0.5880969166755676,0.5880969166755676,0,2026-08-06 11:49:00+00:00
0.5882006883621216,0.5882006883621216,0.5882006883621216,0.5882006883621216,0,2026-08-06 11:51:00+00:00
0.5883045196533203,0.5883045196533203,0.5883045196533203,0.5883045196533203,0,2026-08-06 11:53:00+00:00
0.5883045196533203,0.5883045196533203,0.5883045196533203,0.5883045196533203,0,2026-08-06 11:55:00+00:00
0.588408350944519,0.588408350944519,0.588408350944519,0.588408350944519,0,2026-08-06 11:57:00+00:00
0.588477611541748,0.588477611541748,0.588477611541748,0.588477611541748,0,2026-08-06 11:59:00+00:00
0.5885122418403625,0.5885122418403625,0.5885122418403625,0.5885122418403625,0,2026-08-06 12:01:00+00:00
0.5886508226394653,0.5886508226394653,0.5886508226394653,0.5886508226394653,0,2026-08-06 12:03:00+00:00
0.5885815024375916,0.5885815024375916,0.5885815024375916,0.5885815024375916,0,2026-08-06 12:05:00+00:00
0.5886508226394653,0.5886508226394653,0.5886508226394653,0.5886508226394653,0,2026-08-06 12:07:00+00:00
0.588477611541748,0.588477611541748,0.588477611541748,0.588477611541748,0,2026-08-06 12:09:00+00:00
0.5885122418403625,0.5885122418403625,0.5885122418403625,0.5885122418403625,0,2026-08-06 12:11:00+00:00
0.5885122418403625,0.5885122418403625,0.5885122418403625,0.5885122418403625,0,2026-08-06 12:13:00+00:00
0.5885122418403625,0.5885122418403625,0.5885122418403625,0.5885122418403625,0,2026-08-06 12:15:00+00:00
0.5885815024375916,0.5885815024375916,0.5885815024375916,0.5885815024375916,0,2026-08-06 12:17:00+00:00
0.588477611541748,0.588477611541748,0.588477611541748,0.588477611541748,0,2026-08-06 12:19:00+00:00
0.588546872138977,0.588546872138977,0.588546872138977,0.588546872138977,0,2026-08-06 12:21:00+00:00
0.5885815024375916,0.5885815024375916,0.5885815024375916,0.5885815024375916,0,2026-08-06 12:23:00+00:00
0.5886161923408508,0.5886161923408508,0.5886161923408508,0.5886161923408508,0,2026-08-06 12:25:00+00:00
0.5885815024375916,0.5885815024375916,0.5885815024375916,0.5885815024375916,0,2026-08-06 12:27:00+00:00
0.588546872138977,0.588546872138977,0.588546872138977,0.588546872138977,0,2026-08-06 12:29:00+00:00
0.5885815024375916,0.5885815024375916,0.5885815024375916,0.5885815024375916,0,2026-08-06 12:31:00+00:00
0.5885815024375916,0.5885815024375916,0.5885815024375916,0.5885815024375916,0,2026-08-06 12:33:00+00:00
0.5885122418403625,0.5885122418403625,0.5885122418403625,0.5885122418403625,0,2026-08-06 12:35:00+00:00
0.5884429812431335,0.5884429812431335,0.5884429812431335,0.5884429812431335,0,2026-08-06 12:37:00+00:00
0.588408350944519,0.588408350944519,0.588408350944519,0.588408350944519,0,2026-08-06 12:39:00+00:00
0.5882698893547058,0.5882698893547058,0.5882698893547058,0.5882698893547058,0,2026-08-06 12:41:00+00:00
0.58833909034729,0.58833909034729,0.58833909034729,0.58833909034729,0,2026-08-06 12:43:00+00:00
0.58833909034729,0.58833909034729,0.58833909034729,0.58833909034729,0,2026-08-06 12:45:00+00:00
0.5882006883621216,0.5882006883621216,0.5882006883621216,0.5882006883621216,0,2026-08-06 12:47:00+00:00
0.5879931449890137,0.5879931449890137,0.5879931449890137,0.5879931449890137,0,2026-08-06 12:49:00+00:00
0.5880969166755676,0.5880969166755676,0.5880969166755676,0.5880969166755676,0,2026-08-06 12:51:00+00:00
0.5881314873695374,0.5881314873695374,0.5881314873695374,0.5881314873695374,0,2026-08-06 12:53:00+00:00
0.5881314873695374,0.5881314873695374,0.5881314873695374,0.5881314873695374,0,2026-08-06 12:55:00+00:00
0.5881661176681519,0.5881661176681519,0.5881661176681519,0.5881661176681519,0,2026-08-06 12:57:00+00:00
0.5880969166755676,0.5880969166755676,0.5880969166755676,0.5880969166755676,0,2026-08-06 12:59:00+00:00
0.5882352590560913,0.5882352590560913,0.5882352590560913,0.5882352590560913,0,2026-08-06 13:01:00+00:00
0.5883045196533203,0.5883045196533203,0.5883045196533203,0.5883045196533203,0,2026-08-06 13:03:00+00:00
0.5881314873695374,0.5881314873695374,0.5881314873695374,0.5881314873695374,0,2026-08-06 13:05:00+00:00
0.5882006883621216,0.5882006883621216,0.5882006883621216,0.5882006883621216,0,2026-08-06 13:07:00+00:00
0.587924063205719,0.587924063205719,0.587924063205719,0.587924063205719,0,2026-08-06 13:09:00+00:00
0.5877512693405151,0.5877512693405151,0.5877512693405151,0.5877512693405151,0,2026-08-06 13:11:00+00:00
0.5877857804298401,0.5877857804298401,0.5877857804298401,0.5877857804298401,0,2026-08-06 13:13:00+00:00
0.587924063205719,0.587924063205719,0.587924063205719,0.587924063205719,0,2026-08-06 13:15:00+00:00
0.5879586338996887,0.5879586338996887,0.5879586338996887,0.5879586338996887,0,2026-08-06 13:17:00+00:00
0.5880969166755676,0.5880969166755676,0.5880969166755676,0.5880969166755676,0,2026-08-06 13:19:00+00:00
0.5881314873695374,0.5881314873695374,0.5881314873695374,0.5881314873695374,0,2026-08-06 13:21:00+00:00
0.5880277156829834,0.5880277156829834,0.5880277156829834,0.5880277156829834,0,2026-08-06 13:23:00+00:00
0.5879931449890137,0.5879931449890137,0.5879931449890137,0.5879931449890137,0,2026-08-06 13:25:00+00:00
0.5880969166755676,0.5880969166755676,0.5880969166755676,0.5880969166755676,0,2026-08-06 13:27:00+00:00
0.5880623459815979,0.5880623459815979,0.5880623459815979,0.5880623459815979,0,2026-08-06 13:29:00+00:00
0.5879586338996887,0.5879586338996887,0.5879586338996887,0.5879586338996887,0,2026-08-06 13:31:00+00:00
0.5879586338996887,0.5879586338996887,0.5879586338996887,0.5879586338996887,0,2026-08-06 13:33:00+00:00
0.5879931449890137,0.5879931449890137,0.5879931449890137,0.5879931449890137,0,2026-08-06 13:35:00+00:00
0.5878549218177795,0.5878549218177795,0.5878549218177795,0.5878549218177795,0,2026-08-06 13:37:00+00:00
0.5879931449890137,0.5879931449890137,0.5879931449890137,0.5879931449890137,0,2026-08-06 13:39:00+00:00
0.5880277156829834,0.5880277156829834,0.5880277156829834,0.5880277156829834,0,2026-08-06 13:41:00+00:00
0.5879586338996887,0.5879586338996887,0.5879586338996887,0.5879586338996887,0,2026-08-06 13:43:00+00:00
0.5879586338996887,0.5879586338996887,0.5879586338996887,0.5879586338996887,0,2026-08-06 13:45:00+00:00
0.5880277156829834,0.5880277156829834,0.5880277156829834,0.5880277156829834,0,2026-08-06 13:47:00+00:00
0.5878203511238098,0.5878203511238098,0.5878203511238098,0.5878203511238098,0,2026-08-06 13:49:00+00:00
0.5879931449890137,0.5879931449890137,0.5879931449890137,0.5879931449890137,0,2026-08-06 13:51:00+00:00
0.5880623459815979,0.5880623459815979,0.5880623459815979,0.5880623459815979,0,2026-08-06 13:53:00+00:00
0.5881314873695374,0.5881314873695374,0.5881314873695374,0.5881314873695374,0,2026-08-06 13:55:00+00:00
0.5882698893547058,0.5882698893547058,0.5882698893547058,0.5882698893547058,0,2026-08-06 13:57:00+00:00
0.5883045196533203,0.5883045196533203,0.5883045196533203,0.5883045196533203,0,2026-08-06 13:59:00+00:00
0.58833909034729,0.58833909034729,0.58833909034729,0.58833909034729,0,2026-08-06 14:01:00+00:00
0.58833909034729,0.58833909034729,0.58833909034729,0.58833909034729,0,2026-08-06 14:03:00+00:00
0.5882352590560913,0.5882352590560913,0.5882352590560913,0.5882352590560913,0,2026-08-06 14:05:00+00:00
0.5881314873695374,0.5881314873695374,0.5881314873695374,0.5881314873695374,0,2026-08-06 14:07:00+00:00
0.587924063205719,0.587924063205719,0.587924063205719,0.587924063205719,0,2026-08-06 14:09:00+00:00
0.5880623459815979,0.5880623459815979,0.5880623459815979,0.5880623459815979,0,2026-08-06 14:11:00+00:00
0.5879931449890137,0.5879931449890137,0.5879931449890137,0.5879931449890137,0,2026-08-06 14:13:00+00:00
0.5879931449890137,0.5879931449890137,0.5879931449890137,0.5879931449890137,0,2026-08-06 14:15:00+00:00
0.5880969166755676,0.5880969166755676,0.5880969166755676,0.5880969166755676,0,2026-08-06 14:17:00+00:00
0.5882352590560913,0.5882352590560913,0.5882352590560913,0.5882352590560913,0,2026-08-06 14:19:00+00:00
0.5880277156829834,0.5880277156829834,0.5880277156829834,0.5880277156829834,0,2026-08-06 14:21:00+00:00
0.5881314873695374,0.5881314873695374,0.5881314873695374,0.5881314873695374,0,2026-08-06 14:23:00+00:00
0.5881661176681519,0.5881661176681519,0.5881661176681519,0.5881661176681519,0,2026-08-06 14:25:00+00:00
0.5881661176681519,0.5881661176681519,0.5881661176681519,0.5881661176681519,0,2026-08-06 14:27:00+00:00
0.5881661176681519,0.5881661176681519,0.5881661176681519,0.5881661176681519,0,2026-08-06 14:29:00+00:00
0.5881661176681519,0.5881661176681519,0.5881661176681519,0.5881661176681519,0,2026-08-06 14:31:00+00:00
0.5881314873695374,0.5881314873695374,0.5881314873695374,0.5881314873695374,0,2026-08-06 14:33:00+00:00
0.5882006883621216,0.5882006883621216,0.5882006883621216,0.5882006883621216,0,2026-08-06 14:35:00+00:00
0.58833909034729,0.58833909034729,0.58833909034729,0.58833909034729,0,2026-08-06 14:37:00+00:00
0.5881661176681519,0.5881661176681519,0.5881661176681519,0.5881661176681519,0,2026-08-06 14:39:00+00:00
0.5882006883621216,0.5882006883621216,0.5882006883621216,0.5882006883621216,0,2026-08-06 14:41:00+00:00
0.5883045196533203,0.5883045196533203,0.5883045196533203,0.5883045196533203,0,2026-08-06 14:43:00+00:00
0.5882352590560913,0.5882352590560913,0.5882352590560913,0.5882352590560913,0,2026-08-06 14:45:00+00:00
0.5880969166755676,0.5880969166755676,0.5880969166755676,0.5880969166755676,0,2026-08-06 14:47:00+00:00
0.587924063205719,0.587924063205719,0.587924063205719,0.587924063205719,0,2026-08-06 14:49:00+00:00
0.5879586338996887,0.5879586338996887,0.5879586338996887,0.5879586338996887,0,2026-08-06 14:51:00+00:00
0.5880277156829834,0.5880277156829834,0.5880277156829834,0.5880277156829834,0,2026-08-06 14:53:00+00:00
0.5879931449890137,0.5879931449890137,0.5879931449890137,0.5879931449890137,0,2026-08-06 14:55:00+00:00
0.5878894925117493,0.5878894925117493,0.5878894925117493,0.5878894925117493,0,2026-08-06 14:57:00+00:00
0.5879931449890137,0.5879931449890137,0.5879931449890137,0.5879931449890137,0,2026-08-06 14:59:00+00:00
0.5879586338996887,0.5879586338996887,0.5879586338996887,0.5879586338996887,0,2026-08-06 15:01:00+00:00
0.5878203511238098,0.5878203511238098,0.5878203511238098,0.5878203511238098,0,2026-08-06 15:03:00+00:00
0.587924063205719,0.587924063205719,0.587924063205719,0.587924063205719,0,2026-08-06 15:05:00+00:00
0.5879931449890137,0.5879931449890137,0.5879931449890137,0.5879931449890137,0,2026-08-06 15:07:00+00:00
0.5877512693405151,0.5877512693405151,0.5877512693405151,0.5877512693405151,0,2026-08-06 15:09:00+00:00
0.5877512693405151,0.5877512693405151,0.5877512693405151,0.5877512693405151,0,2026-08-06 15:11:00+00:00
0.5876476764678955,0.5876476764678955,0.5876476764678955,0.5876476764678955,0,2026-08-06 15:13:00+00:00
0.5876131057739258,0.5876131057739258,0.5876131057739258,0.5876131057739258,0,2026-08-06 15:15:00+00:00
0.5873715281486511,0.5873715281486511,0.5873715281486511,0.5873715281486511,0,2026-08-06 15:17:00+00:00
0.587164580821991,0.587164580821991,0.587164580821991,0.587164580821991,0,2026-08-06 15:19:00+00:00
0.5872335433959961,0.5872335433959961,0.5872335433959961,0.5872335433959961,0,2026-08-06 15:21:00+00:00
0.5873025059700012,0.5873025059700012,0.5873025059700012,0.5873025059700012,0,2026-08-06 15:23:00+00:00
0.5873715281486511,0.5873715281486511,0.5873715281486511,0.5873715281486511,0,2026-08-06 15:25:00+00:00
0.5874060392379761,0.5874060392379761,0.5874060392379761,0.5874060392379761,0,2026-08-06 15:27:00+00:00
0.587440550327301,0.587440550327301,0.587440550327301,0.587440550327301,0,2026-08-06 15:29:00+00:00
0.5873025059700012,0.5873025059700012,0.5873025059700012,0.5873025059700012,0,2026-08-06 15:31:00+00:00
0.5871301293373108,0.5871301293373108,0.5871301293373108,0.5871301293373108,0,2026-08-06 15:33:00+00:00
0.5870956182479858,0.5870956182479858,0.5870956182479858,0.5870956182479858,0,2026-08-06 15:35:00+00:00
0.5870267152786255,0.5870267152786255,0.5870267152786255,0.5870267152786255,0,2026-08-06 15:37:00+00:00
0.5870267152786255,0.5870267152786255,0.5870267152786255,0.5870267152786255,0,2026-08-06 15:39:00+00:00
0.5870267152786255,0.5870267152786255,0.5870267152786255,0.5870267152786255,0,2026-08-06 15:41:00+00:00
0.5870267152786255,0.5870267152786255,0.5870267152786255,0.5870267152786255,0,2026-08-06 15:43:00+00:00
0.587164580821991,0.587164580821991,0.587164580821991,0.587164580821991,0,2026-08-06 15:45:00+00:00
0.5872335433959961,0.5872335433959961,0.5872335433959961,0.5872335433959961,0,2026-08-06 15:47:00+00:00
0.5873025059700012,0.5873025059700012,0.5873025059700012,0.5873025059700012,0,2026-08-06 15:49:00+00:00
0.587164580821991,0.587164580821991,0.587164580821991,0.587164580821991,0,2026-08-06 15:51:00+00:00
0.586923360824585,0.586923360824585,0.586923360824585,0.586923360824585,0,2026-08-06 15:53:00+00:00
0.5867167711257935,0.5867167711257935,0.5867167711257935,0.5867167711257935,0,2026-08-06 15:55:00+00:00
0.5868544578552246,0.5868544578552246,0.5868544578552246,0.5868544578552246,0,2026-08-06 15:57:00+00:00
0.5867167711257935,0.5867167711257935,0.5867167711257935,0.5867167711257935,0,2026-08-06 15:59:00+00:00
0.5866479277610779,0.5866479277610779,0.5866479277610779,0.5866479277610779,0,2026-08-06 16:01:00+00:00
0.5866134762763977,0.5866134762763977,0.5866134762763977,0.5866134762763977,0,2026-08-06 16:03:00+00:00
0.5867511630058289,0.5867511630058289,0.5867511630058289,0.5867511630058289,0,2026-08-06 16:05:00+00:00
0.5867511630058289,0.5867511630058289,0.5867511630058289,0.5867511630058289,0,2026-08-06 16:07:00+00:00
0.5866823196411133,0.5866823196411133,0.5866823196411133,0.5866823196411133,0,2026-08-06 16:09:00+00:00
0.5866134762763977,0.5866134762763977,0.5866134762763977,0.5866134762763977,0,2026-08-06 16:11:00+00:00
0.5865102410316467,0.5865102410316467,0.5865102410316467,0.5865102410316467,0,2026-08-06 16:13:00+00:00
0.5864415168762207,0.5864415168762207,0.5864415168762207,0.5864415168762207,0,2026-08-06 16:15:00+00:00
0.5864070653915405,0.5864070653915405,0.5864070653915405,0.5864070653915405,0,2026-08-06 16:17:00+00:00
0.5864415168762207,0.5864415168762207,0.5864415168762207,0.5864415168762207,0,2026-08-06 16:19:00+00:00
0.5864415168762207,0.5864415168762207,0.5864415168762207,0.5864415168762207,0,2026-08-06 16:21:00+00:00
0.5864415168762207,0.5864415168762207,0.5864415168762207,0.5864415168762207,0,2026-08-06 16:23:00+00:00
0.5865102410316467,0.5865102410316467,0.5865102410316467,0.5865102410316467,0,2026-08-06 16:25:00+00:00
0.5866134762763977,0.5866134762763977,0.5866134762763977,0.5866134762763977,0,2026-08-06 16:27:00+00:00
0.5866479277610779,0.5866479277610779,0.5866479277610779,0.5866479277610779,0,2026-08-06 16:29:00+00:00
0.5866823196411133,0.5866823196411133,0.5866823196411133,0.5866823196411133,0,2026-08-06 16:31:00+00:00
0.5866134762763977,0.5866134762763977,0.5866134762763977,0.5866134762763977,0,2026-08-06 16:33:00+00:00
0.5866134762763977,0.5866134762763977,0.5866134762763977,0.5866134762763977,0,2026-08-06 16:35:00+00:00
0.5866134762763977,0.5866134762763977,0.5866134762763977,0.5866134762763977,0,2026-08-06 16:37:00+00:00
0.5866823196411133,0.5866823196411133,0.5866823196411133,0.5866823196411133,0,2026-08-06 16:39:00+00:00
0.5865790843963623,0.5865790843963623,0.5865790843963623,0.5865790843963623,0,2026-08-06 16:41:00+00:00
0.5864758491516113,0.5864758491516113,0.5864758491516113,0.5864758491516113,0,2026-08-06 16:43:00+00:00
0.5865102410316467,0.5865102410316467,0.5865102410316467,0.5865102410316467,0,2026-08-06 16:45:00+00:00
0.5865790843963623,0.5865790843963623,0.5865790843963623,0.5865790843963623,0,2026-08-06 16:47:00+00:00
0.5865446329116821,0.5865446329116821,0.5865446329116821,0.5865446329116821,0,2026-08-06 16:49:00+00:00
0.5867167711257935,0.5867167711257935,0.5867167711257935,0.5867167711257935,0,2026-08-06 16:51:00+00:00
0.5867855548858643,0.5867855548858643,0.5867855548858643,0.5867855548858643,0,2026-08-06 16:53:00+00:00
0.5868200063705444,0.5868200063705444,0.5868200063705444,0.5868200063705444,0,2026-08-06 16:55:00+00:00
0.5868889093399048,0.5868889093399048,0.5868889093399048,0.5868889093399048,0,2026-08-06 16:57:00+00:00
0.5868889093399048,0.5868889093399048,0.5868889093399048,0.5868889093399048,0,2026-08-06 16:59:00+00:00
0.5869922637939453,0.5869922637939453,0.5869922637939453,0.5869922637939453,0,2026-08-06 17:01:00+00:00
0.5869578123092651,0.5869578123092651,0.5869578123092651,0.5869578123092651,0,2026-08-06 17:03:00+00:00
0.5870267152786255,0.5870267152786255,0.5870267152786255,0.5870267152786255,0,2026-08-06 17:05:00+00:00
0.5868889093399048,0.5868889093399048,0.5868889093399048,0.5868889093399048,0,2026-08-06 17:07:00+00:00
0.586923360824585,0.586923360824585,0.586923360824585,0.586923360824585,0,2026-08-06 17:09:00+00:00
0.5868889093399048,0.5868889093399048,0.5868889093399048,0.5868889093399048,0,2026-08-06 17:11:00+00:00
0.5868544578552246,0.5868544578552246,0.5868544578552246,0.5868544578552246,0,2026-08-06 17:13:00+00:00
0.5867511630058289,0.5867511630058289,0.5867511630058289,0.5867511630058289,0,2026-08-06 17:15:00+00:00
0.5867511630058289,0.5867511630058289,0.5867511630058289,0.5867511630058289,0,2026-08-06 17:17:00+00:00
0.5868200063705444,0.5868200063705444,0.5868200063705444,0.5868200063705444,0,2026-08-06 17:19:00+00:00
0.5868544578552246,0.5868544578552246,0.5868544578552246,0.5868544578552246,0,2026-08-06 17:21:00+00:00
0.586923360824585,0.586923360824585,0.586923360824585,0.586923360824585,0,2026-08-06 17:23:00+00:00
0.586923360824585,0.586923360824585,0.586923360824585,0.586923360824585,0,2026-08-06 17:25:00+00:00
0.5868889093399048,0.5868889093399048,0.5868889093399048,0.5868889093399048,0,2026-08-06 17:27:00+00:00
0.586923360824585,0.586923360824585,0.586923360824585,0.586923360824585,0,2026-08-06 17:29:00+00:00
0.5868889093399048,0.5868889093399048,0.5868889093399048,0.5868889093399048,0,2026-08-06 17:31:00+00:00
0.5868889093399048,0.5868889093399048,0.5868889093399048,0.5868889093399048,0,2026-08-06 17:33:00+00:00
0.586923360824585,0.586923360824585,0.586923360824585,0.586923360824585,0,2026-08-06 17:35:00+00:00
0.5868200063705444,0.5868200063705444,0.5868200063705444,0.5868200063705444,0,2026-08-06 17:37:00+00:00
0.586923360824585,0.586923360824585,0.586923360824585,0.586923360824585,0,2026-08-06 17:39:00+00:00
0.5868889093399048,0.5868889093399048,0.5868889093399048,0.5868889093399048,0,2026-08-06 17:41:00+00:00
0.5868544578552246,0.5868544578552246,0.5868544578552246,0.5868544578552246,0,2026-08-06 17:43:00+00:00
0.586923360824585,0.586923360824585,0.586923360824585,0.586923360824585,0,2026-08-06 17:45:00+00:00
0.5869578123092651,0.5869578123092651,0.5869578123092651,0.5869578123092651,0,2026-08-06 17:47:00+00:00
0.586923360824585,0.586923360824585,0.586923360824585,0.586923360824585,0,2026-08-06 17:49:00+00:00
0.5870611667633057,0.5870611667633057,0.5870611667633057,0.5870611667633057,0,2026-08-06 17:51:00+00:00
0.5871301293373108,0.5871301293373108,0.5871301293373108,0.5871301293373108,0,2026-08-06 17:53:00+00:00
0.5871990919113159,0.5871990919113159,0.5871990919113159,0.5871990919113159,0,2026-08-06 17:55:00+00:00
0.587164580821991,0.587164580821991,0.587164580821991,0.587164580821991,0,2026-08-06 17:57:00+00:00
0.5871301293373108,0.5871301293373108,0.5871301293373108,0.5871301293373108,0,2026-08-06 17:59:00+00:00
0.587164580821991,0.587164580821991,0.587164580821991,0.587164580821991,0,2026-08-06 18:01:00+00:00
0.5871990919113159,0.5871990919113159,0.5871990919113159,0.5871990919113159,0,2026-08-06 18:03:00+00:00
0.5872679948806763,0.5872679948806763,0.5872679948806763,0.5872679948806763,0,2026-08-06 18:05:00+00:00
0.5872679948806763,0.5872679948806763,0.5872679948806763,0.5872679948806763,0,2026-08-06 18:07:00+00:00
0.5872679948806763,0.5872679948806763,0.5872679948806763,0.5872679948806763,0,2026-08-06 18:09:00+00:00
0.5873370170593262,0.5873370170593262,0.5873370170593262,0.5873370170593262,0,2026-08-06 18:11:00+00:00
0.5873715281486511,0.5873715281486511,0.5873715281486511,0.5873715281486511,0,2026-08-06 18:13:00+00:00
0.5873370170593262,0.5873370170593262,0.5873370170593262,0.5873370170593262,0,2026-08-06 18:15:00+00:00
0.5873715281486511,0.5873715281486511,0.5873715281486511,0.5873715281486511,0,2026-08-06 18:17:00+00:00
0.5874060392379761,0.5874060392379761,0.5874060392379761,0.5874060392379761,0,2026-08-06 18:19:00+00:00
0.5873370170593262,0.5873370170593262,0.5873370170593262,0.5873370170593262,0,2026-08-06 18:21:00+00:00
0.5873715281486511,0.5873715281486511,0.5873715281486511,0.5873715281486511,0,2026-08-06 18:23:00+00:00
0.5873715281486511,0.5873715281486511,0.5873715281486511,0.5873715281486511,0,2026-08-06 18:25:00+00:00
0.5873715281486511,0.5873715281486511,0.5873715281486511,0.5873715281486511,0,2026-08-06 18:27:00+00:00
0.5873370170593262,0.5873370170593262,0.5873370170593262,0.5873370170593262,0,2026-08-06 18:29:00+00:00
0.5873715281486511,0.5873715281486511,0.5873715281486511,0.5873715281486511,0,2026-08-06 18:31:00+00:00
0.5873025059700012,0.5873025059700012,0.5873025059700012,0.5873025059700012,0,2026-08-06 18:33:00+00:00
0.5873025059700012,0.5873025059700012,0.5873025059700012,0.5873025059700012,0,2026-08-06 18:35:00+00:00
0.5873370170593262,0.5873370170593262,0.5873370170593262,0.5873370170593262,0,2026-08-06 18:37:00+00:00
0.5872679948806763,0.5872679948806763,0.5872679948806763,0.5872679948806763,0,2026-08-06 18:39:00+00:00
0.5872679948806763,0.5872679948806763,0.5872679948806763,0.5872679948806763,0,2026-08-06 18:41:00+00:00
0.5873025059700012,0.5873025059700012,0.5873025059700012,0.5873025059700012,0,2026-08-06 18:43:00+00:00
0.5873715281486511,0.5873715281486511,0.5873715281486511,0.5873715281486511,0,2026-08-06 18:45:00+00:00
0.5873715281486511,0.5873715281486511,0.5873715281486511,0.5873715281486511,0,2026-08-06 18:47:00+00:00
0.5873370170593262,0.5873370170593262,0.5873370170593262,0.5873370170593262,0,2026-08-06 18:49:00+00:00
0.5873370170593262,0.5873370170593262,0.5873370170593262,0.5873370170593262,0,2026-08-06 18:51:00+00:00
0.5873025059700012,0.5873025059700012,0.5873025059700012,0.5873025059700012,0,2026-08-06 18:53:00+00:00
0.5873370170593262,0.5873370170593262,0.5873370170593262,0.5873370170593262,0,2026-08-06 18:55:00+00:00
0.5873715281486511,0.5873715281486511,0.5873715281486511,0.5873715281486511,0,2026-08-06 18:57:00+00:00
0.5873715281486511,0.5873715281486511,0.5873715281486511,0.5873715281486511,0,2026-08-06 18:59:00+00:00
0.5874750018119812,0.5874750018119812,0.5874750018119812,0.5874750018119812,0,2026-08-06 19:01:00+00:00
0.5875095129013062,0.5875095129013062,0.5875095129013062,0.5875095129013062,0,2026-08-06 19:03:00+00:00
0.5875440835952759,0.5875440835952759,0.5875440835952759,0.5875440835952759,0,2026-08-06 19:05:00+00:00
0.5875440835952759,0.5875440835952759,0.5875440835952759,0.5875440835952759,0,2026-08-06 19:07:00+00:00
0.5875785946846008,0.5875785946846008,0.5875785946846008,0.5875785946846008,0,2026-08-06 19:09:00+00:00
0.5875440835952759,0.5875440835952759,0.5875440835952759,0.5875440835952759,0,2026-08-06 19:11:00+00:00
0.5875095129013062,0.5875095129013062,0.5875095129013062,0.5875095129013062,0,2026-08-06 19:13:00+00:00
0.5874750018119812,0.5874750018119812,0.5874750018119812,0.5874750018119812,0,2026-08-06 19:15:00+00:00
0.5875440835952759,0.5875440835952759,0.5875440835952759,0.5875440835952759,0,2026-08-06 19:17:00+00:00
0.5875785946846008,0.5875785946846008,0.5875785946846008,0.5875785946846008,0,2026-08-06 19:19:00+00:00
0.5875785946846008,0.5875785946846008,0.5875785946846008,0.5875785946846008,0,2026-08-06 19:21:00+00:00
0.5875440835952759,0.5875440835952759,0.5875440835952759,0.5875440835952759,0,2026-08-06 19:23:00+00:00
0.5873370170593262,0.5873370170593262,0.5873370170593262,0.5873370170593262,0,2026-08-06 19:25:00+00:00
0.5871301293373108,0.5871301293373108,0.5871301293373108,0.5871301293373108,0,2026-08-06 19:27:00+00:00
0.5871301293373108,0.5871301293373108,0.5871301293373108,0.5871301293373108,0,2026-08-06 19:29:00+00:00
0.5872335433959961,0.5872335433959961,0.5872335433959961,0.5872335433959961,0,2026-08-06 19:31:00+00:00
0.5872335433959961,0.5872335433959961,0.5872335433959961,0.5872335433959961,0,2026-08-06 19:33:00+00:00
0.5872335433959961,0.5872335433959961,0.5872335433959961,0.5872335433959961,0,2026-08-06 19:35:00+00:00
0.587164580821991,0.587164580821991,0.587164580821991,0.587164580821991,0,2026-08-06 19:37:00+00:00
0.5870956182479858,0.5870956182479858,0.5870956182479858,0.5870956182479858,0,2026-08-06 19:39:00+00:00
0.5869922637939453,0.5869922637939453,0.5869922637939453,0.5869922637939453,0,2026-08-06 19:41:00+00:00
0.5869578123092651,0.5869578123092651,0.5869578123092651,0.5869578123092651,0,2026-08-06 19:43:00+00:00
0.5869578123092651,0.5869578123092651,0.5869578123092651,0.5869578123092651,0,2026-08-06 19:45:00+00:00
0.5869922637939453,0.5869922637939453,0.5869922637939453,0.5869922637939453,0,2026-08-06 19:47:00+00:00
0.5870267152786255,0.5870267152786255,0.5870267152786255,0.5870267152786255,0,2026-08-06 19:49:00+00:00
0.5871301293373108,0.5871301293373108,0.5871301293373108,0.5871301293373108,0,2026-08-06 19:51:00+00:00
0.5874060392379761,0.5874060392379761,0.5874060392379761,0.5874060392379761,0,2026-08-06 19:53:00+00:00
0.5872335433959961,0.5872335433959961,0.5872335433959961,0.5872335433959961,0,2026-08-06 19:55:00+00:00
0.5871990919113159,0.5871990919113159,0.5871990919113159,0.5871990919113159,0,2026-08-06 19:57:00+00:00
0.5872679948806763,0.5872679948806763,0.5872679948806763,0.5872679948806763,0,2026-08-06 19:59:00+00:00
0.5871990919113159,0.5871990919113159,0.5871990919113159,0.5871990919113159,0,2026-08-06 20:01:00+00:00
0.587164580821991,0.587164580821991,0.587164580821991,0.587164580821991,0,2026-08-06 20:03:00+00:00
0.5871990919113159,0.5871990919113159,0.5871990919113159,0.5871990919113159,0,2026-08-06 20:05:00+00:00
0.5870956182479858,0.5870956182479858,0.5870956182479858,0.5870956182479858,0,2026-08-06 20:07:00+00:00
0.5870267152786255,0.5870267152786255,0.5870267152786255,0.5870267152786255,0,2026-08-06 20:09:00+00:00
0.5870267152786255,0.5870267152786255,0.5870267152786255,0.5870267152786255,0,2026-08-06 20:11:00+00:00
0.5870267152786255,0.5870267152786255,0.5870267152786255,0.5870267152786255,0,2026-08-06 20:13:00+00:00
0.5869578123092651,0.5869578123092651,0.5869578123092651,0.5869578123092651,0,2026-08-06 20:15:00+00:00
0.5869922637939453,0.5869922637939453,0.5869922637939453,0.5869922637939453,0,2026-08-06 20:17:00+00:00
0.5869578123092651,0.5869578123092651,0.5869578123092651,0.5869578123092651,0,2026-08-06 20:19:00+00:00
0.5870267152786255,0.5870267152786255,0.5870267152786255,0.5870267152786255,0,2026-08-06 20:21:00+00:00
0.5869922637939453,0.5869922637939453,0.5869922637939453,0.5869922637939453,0,2026-08-06 20:23:00+00:00
0.5869578123092651,0.5869578123092651,0.5869578123092651,0.5869578123092651,0,2026-08-06 20:25:00+00:00
0.5870267152786255,0.5870267152786255,0.5870267152786255,0.5870267152786255,0,2026-08-06 20:27:00+00:00
0.5870956182479858,0.5870956182479858,0.5870956182479858,0.5870956182479858,0,2026-08-06 20:29:00+00:00
0.5869922637939453,0.5869922637939453,0.5869922637939453,0.5869922637939453,0,2026-08-06 20:31:00+00:00
0.5870267152786255,0.5870267152786255,0.5870267152786255,0.5870267152786255,0,2026-08-06 20:33:00+00:00
0.5870611667633057,0.5870611667633057,0.5870611667633057,0.5870611667633057,0,2026-08-06 20:35:00+00:00
0.5870611667633057,0.5870611667633057,0.5870611667633057,0.5870611667633057,0,2026-08-06 20:37:00+00:00
0.5869922637939453,0.5869922637939453,0.5869922637939453,0.5869922637939453,0,2026-08-06 20:39:00+00:00
0.5869922637939453,0.5869922637939453,0.5869922637939453,0.5869922637939453,0,2026-08-06 20:41:00+00:00
0.5869922637939453,0.5869922637939453,0.5869922637939453,0.5869922637939453,0,2026-08-06 20:43:00+00:00
0.5869922637939453,0.5869922637939453,0.5869922637939453,0.5869922637939453,0,2026-08-06 20:45:00+00:00
0.5870267152786255,0.5870267152786255,0.5870267152786255,0.5870267152786255,0,2026-08-06 20:47:00+00:00
0.5870611667633057,0.5870611667633057,0.5870611667633057,0.5870611667633057,0,2026-08-06 20:49:00+00:00
0.5870611667633057,0.5870611667633057,0.5870611667633057,0.5870611667633057,0,2026-08-06 20:51:00+00:00
0.5870611667633057,0.5870611667633057,0.5870611667633057,0.5870611667633057,0,2026-08-06 20:53:00+00:00
0.5870267152786255,0.5870267152786255,0.5870267152786255,0.5870267152786255,0,2026-08-06 20:55:00+00:00
0.5870611667633057,0.5870611667633057,0.5870611667633057,0.5870611667633057,0,2026-08-06 20:57:00+00:00
0.5870956182479858,0.5870956182479858,0.5870956182479858,0.5870956182479858,0,2026-08-06 20:59:00+00:00
0.5873370170593262,0.5873370170593262,0.5873370170593262,0.5873370170593262,0,2026-08-06 21:01:00+00:00
0.5873370170593262,0.5873370170593262,0.5873370170593262,0.5873370170593262,0,2026-08-06 21:03:00+00:00
0.5873715281486511,0.5873715281486511,0.5873715281486511,0.5873715281486511,0,2026-08-06 21:05:00+00:00
0.5871301293373108,0.5871301293373108,0.5871301293373108,0.5871301293373108,0,2026-08-06 21:07:00+00:00
0.587164580821991,0.587164580821991,0.587164580821991,0.587164580821991,0,2026-08-06 21:09:00+00:00
0.5871301293373108,0.5871301293373108,0.5871301293373108,0.5871301293373108,0,2026-08-06 21:11:00+00:00
0.5871301293373108,0.5871301293373108,0.5871301293373108,0.5871301293373108,0,2026-08-06 21:13:00+00:00
0.5870956182479858,0.5870956182479858,0.5870956182479858,0.5870956182479858,0,2026-08-06 21:15:00+00:00
0.5871990919113159,0.5871990919113159,0.5871990919113159,0.5871990919113159,0,2026-08-06 21:17:00+00:00
0.5872335433959961,0.5872335433959961,0.5872335433959961,0.5872335433959961,0,2026-08-06 21:19:00+00:00
0.5873025059700012,0.5873025059700012,0.5873025059700012,0.5873025059700012,0,2026-08-06 21:21:00+00:00
0.5872679948806763,0.5872679948806763,0.5872679948806763,0.5872679948806763,0,2026-08-06 21:23:00+00:00
0.5872335433959961,0.5872335433959961,0.5872335433959961,0.5872335433959961,0,2026-08-06 21:25:00+00:00
0.5872335433959961,0.5872335433959961,0.5872335433959961,0.5872335433959961,0,2026-08-06 21:27:00+00:00
0.5871301293373108,0.5871301293373108,0.5871301293373108,0.5871301293373108,0,2026-08-06 21:29:00+00:00
0.5871301293373108,0.5871301293373108,0.5871301293373108,0.5871301293373108,0,2026-08-06 21:31:00+00:00
0.5870267152786255,0.5870267152786255,0.5870267152786255,0.5870267152786255,0,2026-08-06 21:33:00+00:00
0.5868889093399048,0.5868889093399048,0.5868889093399048,0.5868889093399048,0,2026-08-06 21:35:00+00:00
0.5868200063705444,0.5868200063705444,0.5868200063705444,0.5868200063705444,0,2026-08-06 21:37:00+00:00
0.5868200063705444,0.5868200063705444,0.5868200063705444,0.5868200063705444,0,2026-08-06 21:39:00+00:00
0.5868200063705444,0.5868200063705444,0.5868200063705444,0.5868200063705444,0,2026-08-06 21:41:00+00:00
0.5867855548858643,0.5867855548858643,0.5867855548858643,0.5867855548858643,0,2026-08-06 21:43:00+00:00
0.5866134762763977,0.5866134762763977,0.5866134762763977,0.5866134762763977,0,2026-08-06 21:45:00+00:00
0.5866823196411133,0.5866823196411133,0.5866823196411133,0.5866823196411133,0,2026-08-06 21:47:00+00:00
0.5866823196411133,0.5866823196411133,0.5866823196411133,0.5866823196411133,0,2026-08-06 21:49:00+00:00
0.5867167711257935,0.5867167711257935,0.5867167711257935,0.5867167711257935,0,2026-08-06 21:51:00+00:00
0.5866134762763977,0.5866134762763977,0.5866134762763977,0.5866134762763977,0,2026-08-06 21:53:00+00:00
0.5866134762763977,0.5866134762763977,0.5866134762763977,0.5866134762763977,0,2026-08-06 21:55:00+00:00
0.5867167711257935,0.5867167711257935,0.5867167711257935,0.5867167711257935,0,2026-08-06 21:57:00+00:00
0.5868200063705444,0.5868200063705444,0.5868200063705444,0.5868200063705444,0,2026-08-06 21:59:00+00:00
0.5868544578552246,0.5868544578552246,0.5868544578552246,0.5868544578552246,0,2026-08-06 22:01:00+00:00
0.5868544578552246,0.5868544578552246,0.5868544578552246,0.5868544578552246,0,2026-08-06 22:03:00+00:00
0.5867855548858643,0.5867855548858643,0.5867855548858643,0.5867855548858643,0,2026-08-06 22:05:00+00:00
0.5868889093399048,0.5868889093399048,0.5868889093399048,0.5868889093399048,0,2026-08-06 22:07:00+00:00
0.586923360824585,0.586923360824585,0.586923360824585,0.586923360824585,0,2026-08-06 22:09:00+00:00
0.586923360824585,0.586923360824585,0.586923360824585,0.586923360824585,0,2026-08-06 22:11:00+00:00
0.5869578123092651,0.5869578123092651,0.5869578123092651,0.5869578123092651,0,2026-08-06 22:13:00+00:00
0.5869922637939453,0.5869922637939453,0.5869922637939453,0.5869922637939453,0,2026-08-06 22:15:00+00:00
0.5869922637939453,0.5869922637939453,0.5869922637939453,0.5869922637939453,0,2026-08-06 22:17:00+00:00
0.5869922637939453,0.5869922637939453,0.5869922637939453,0.5869922637939453,0,2026-08-06 22:19:00+00:00
0.5869578123092651,0.5869578123092651,0.5869578123092651,0.5869578123092651,0,2026-08-06 22:21:00+00:00
0.586923360824585,0.586923360824585,0.586923360824585,0.586923360824585,0,2026-08-06 22:23:00+00:00
0.5869578123092651,0.5869578123092651,0.5869578123092651,0.5869578123092651,0,2026-08-06 22:25:00+00:00
0.586923360824585,0.586923360824585,0.586923360824585,0.586923360824585,0,2026-08-06 22:27:00+00:00
0.5869578123092651,0.5869578123092651,0.5869578123092651,0.5869578123092651,0,2026-08-06 22:29:00+00:00
0.5869922637939453,0.5869922637939453,0.5869922637939453,0.5869922637939453,0,2026-08-06 22:31:00+00:00
0.586923360824585,0.586923360824585,0.586923360824585,0.586923360824585,0,2026-08-06 22:33:00+00:00
0.5869922637939453,0.5869922637939453,0.5869922637939453,0.5869922637939453,0,2026-08-06 22:35:00+00:00
0.5869922637939453,0.5869922637939453,0.5869922637939453,0.5869922637939453,0,2026-08-06 22:37:00+00:00
0.5869922637939453,0.5869922637939453,0.5869922637939453,0.5869922637939453,0,2026-08-06 22:41:00+00:00
0.5869578123092651,0.5869578123092651,0.5869578123092651,0.5869578123092651,0,2026-08-06 22:43:00+00:00
0.5870267152786255,0.5870267152786255,0.5870267152786255,0.5870267152786255,0,2026-08-06 22:45:00+00:00
0.5869922637939453,0.5869922637939453,0.5869922637939453,0.5869922637939453,0,2026-08-06 22:47:00+00:00
0.5869578123092651,0.5869578123092651,0.5869578123092651,0.5869578123092651,0,2026-08-06 22:49:00+00:00
0.5869578123092651,0.5869578123092651,0.5869578123092651,0.5869578123092651,0,2026-08-06 22:51:00+00:00
0.5869922637939453,0.5869922637939453,0.5869922637939453,0.5869922637939453,0,2026-08-06 22:53:00+00:00
0.5869578123092651,0.5869578123092651,0.5869578123092651,0.5869578123092651,0,2026-08-06 22:55:00+00:00
0.586923360824585,0.586923360824585,0.586923360824585,0.586923360824585,0,2026-08-06 22:57:00+00:00
0.586923360824585,0.586923360824585,0.586923360824585,0.586923360824585,0,2026-08-06 23:01:00+00:00
0.5869578123092651,0.5869578123092651,0.5869578123092651,0.5869578123092651,0,2026-08-06 23:05:00+00:00
0.5868544578552246,0.5868544578552246,0.5868544578552246,0.5868544578552246,0,2026-08-06 23:07:00+00:00
0.5868889093399048,0.5868889093399048,0.5868889093399048,0.5868889093399048,0,2026-08-06 23:09:00+00:00
0.586923360824585,0.586923360824585,0.586923360824585,0.586923360824585,0,2026-08-06 23:11:00+00:00
0.586923360824585,0.586923360824585,0.586923360824585,0.586923360824585,0,2026-08-06 23:13:00+00:00
0.5869578123092651,0.5869578123092651,0.5869578123092651,0.5869578123092651,0,2026-08-06 23:15:00+00:00
0.586923360824585,0.586923360824585,0.586923360824585,0.586923360824585,0,2026-08-06 23:17:00+00:00
0.586923360824585,0.586923360824585,0.586923360824585,0.586923360824585,0,2026-08-06 23:19:00+00:00
0.5869578123092651,0.5869578123092651,0.5869578123092651,0.5869578123092651,0,2026-08-06 23:21:00+00:00
0.5869578123092651,0.5869578123092651,0.5869578123092651,0.5869578123092651,0,2026-08-06 23:23:00+00:00
0.5869922637939453,0.5869922637939453,0.5869922637939453,0.5869922637939453,0,2026-08-06 23:25:00+00:00
0.5869922637939453,0.5869922637939453,0.5869922637939453,0.5869922637939453,0,2026-08-06 23:27:00+00:00
0.5869922637939453,0.5869922637939453,0.5869922637939453,0.5869922637939453,0,2026-08-06 23:29:00+00:00
0.5869578123092651,0.5869578123092651,0.5869578123092651,0.5869578123092651,0,2026-08-06 23:31:00+00:00
0.5868200063705444,0.5868200063705444,0.5868200063705444,0.5868200063705444,0,2026-08-06 23:33:00+00:00
0.5867855548858643,0.5867855548858643,0.5867855548858643,0.5867855548858643,0,2026-08-06 23:35:00+00:00
0.5867511630058289,0.5867511630058289,0.5867511630058289,0.5867511630058289,0,2026-08-06 23:37:00+00:00
0.5867167711257935,0.5867167711257935,0.5867167711257935,0.5867167711257935,0,2026-08-06 23:39:00+00:00
0.5867855548858643,0.5867855548858643,0.5867855548858643,0.5867855548858643,0,2026-08-06 23:41:00+00:00
0.5868889093399048,0.5868889093399048,0.5868889093399048,0.5868889093399048,0,2026-08-06 23:43:00+00:00
0.5868889093399048,0.5868889093399048,0.5868889093399048,0.5868889093399048,0,2026-08-06 23:45:00+00:00
0.5870267152786255,0.5870267152786255,0.5870267152786255,0.5870267152786255,0,2026-08-06 23:47:00+00:00
0.5869922637939453,0.5869922637939453,0.5869922637939453,0.5869922637939453,0,2026-08-06 23:49:00+00:00
0.586923360824585,0.586923360824585,0.586923360824585,0.586923360824585,0,2026-08-06 23:51:00+00:00
0.5868889093399048,0.5868889093399048,0.5868889093399048,0.5868889093399048,0,2026-08-06 23:53:00+00:00
0.5869578123092651,0.5869578123092651,0.5869578123092651,0.5869578123092651,0,2026-08-06 23:55:00+00:00
0.586923360824585,0.586923360824585,0.586923360824585,0.586923360824585,0,2026-08-06 23:57:00+00:00
0.586923360824585,0.586923360824585,0.586923360824585,0.586923360824585,0,2026-08-06 23:59:00+00:00
0.5869578123092651,0.5869578123092651,0.5869578123092651,0.5869578123092651,0,2026-08-07 00:01:00+00:00
0.5869922637939453,0.5869922637939453,0.5869922637939453,0.5869922637939453,0,2026-08-07 00:03:00+00:00
0.5870611667633057,0.5870611667633057,0.5870611667633057,0.5870611667633057,0,2026-08-07 00:05:00+00:00
0.5869578123092651,0.5869578123092651,0.5869578123092651,0.5869578123092651,0,2026-08-07 00:07:00+00:00
0.5869578123092651,0.5869578123092651,0.5869578123092651,0.5869578123092651,0,2026-08-07 00:09:00+00:00
0.5868544578552246,0.5868544578552246,0.5868544578552246,0.5868544578552246,0,2026-08-07 00:11:00+00:00
0.5867511630058289,0.5867511630058289,0.5867511630058289,0.5867511630058289,0,2026-08-07 00:13:00+00:00
0.5866479277610779,0.5866479277610779,0.5866479277610779,0.5866479277610779,0,2026-08-07 00:15:00+00:00
0.5867855548858643,0.5867855548858643,0.5867855548858643,0.5867855548858643,0,2026-08-07 00:17:00+00:00
0.5867167711257935,0.5867167711257935,0.5867167711257935,0.5867167711257935,0,2026-08-07 00:19:00+00:00
0.5866823196411133,0.5866823196411133,0.5866823196411133,0.5866823196411133,0,2026-08-07 00:21:00+00:00
0.5866479277610779,0.5866479277610779,0.5866479277610779,0.5866479277610779,0,2026-08-07 00:23:00+00:00
0.5867167711257935,0.5867167711257935,0.5867167711257935,0.5867167711257935,0,2026-08-07 00:25:00+00:00
0.5866823196411133,0.5866823196411133,0.5866823196411133,0.5866823196411133,0,2026-08-07 00:27:00+00:00
0.5866479277610779,0.5866479277610779,0.5866479277610779,0.5866479277610779,0,2026-08-07 00:29:00+00:00
0.5867855548858643,0.5867855548858643,0.5867855548858643,0.5867855548858643,0,2026-08-07 00:31:00+00:00
0.5867855548858643,0.5867855548858643,0.5867855548858643,0.5867855548858643,0,2026-08-07 00:33:00+00:00
0.5867855548858643,0.5867855548858643,0.5867855548858643,0.5867855548858643,0,2026-08-07 00:35:00+00:00
0.5866479277610779,0.5866479277610779,0.5866479277610779,0.5866479277610779,0,2026-08-07 00:37:00+00:00
0.5865446329116821,0.5865446329116821,0.5865446329116821,0.5865446329116821,0,2026-08-07 00:39:00+00:00
0.5865446329116821,0.5865446329116821,0.5865446329116821,0.5865446329116821,0,2026-08-07 00:41:00+00:00
0.5865790843963623,0.5865790843963623,0.5865790843963623,0.5865790843963623,0,2026-08-07 00:43:00+00:00
0.5866479277610779,0.5866479277610779,0.5866479277610779,0.5866479277610779,0,2026-08-07 00:45:00+00:00
0.5865446329116821,0.5865446329116821,0.5865446329116821,0.5865446329116821,0,2026-08-07 00:47:00+00:00
0.5865790843963623,0.5865790843963623,0.5865790843963623,0.5865790843963623,0,2026-08-07 00:49:00+00:00
0.5866823196411133,0.5866823196411133,0.5866823196411133,0.5866823196411133,0,2026-08-07 00:51:00+00:00
0.5866134762763977,0.5866134762763977,0.5866134762763977,0.5866134762763977,0,2026-08-07 00:53:00+00:00
0.5866134762763977,0.5866134762763977,0.5866134762763977,0.5866134762763977,0,2026-08-07 00:55:00+00:00
0.5866823196411133,0.5866823196411133,0.5866823196411133,0.5866823196411133,0,2026-08-07 00:57:00+00:00
0.5867855548858643,0.5867855548858643,0.5867855548858643,0.5867855548858643,0,2026-08-07 00:59:00+00:00
0.5868544578552246,0.5868544578552246,0.5868544578552246,0.5868544578552246,0,2026-08-07 01:01:00+00:00
0.5868200063705444,0.5868200063705444,0.5868200063705444,0.5868200063705444,0,2026-08-07 01:03:00+00:00
0.5868200063705444,0.5868200063705444,0.5868200063705444,0.5868200063705444,0,2026-08-07 01:05:00+00:00
0.5869922637939453,0.5869922637939453,0.5869922637939453,0.5869922637939453,0,2026-08-07 01:07:00+00:00
0.5869922637939453,0.5869922637939453,0.5869922637939453,0.5869922637939453,0,2026-08-07 01:09:00+00:00
0.5870267152786255,0.5870267152786255,0.5870267152786255,0.5870267152786255,0,2026-08-07 01:11:00+00:00
0.5870611667633057,0.5870611667633057,0.5870611667633057,0.5870611667633057,0,2026-08-07 01:13:00+00:00
0.586923360824585,0.586923360824585,0.586923360824585,0.586923360824585,0,2026-08-07 01:15:00+00:00
0.5868889093399048,0.5868889093399048,0.5868889093399048,0.5868889093399048,0,2026-08-07 01:17:00+00:00
0.5868889093399048,0.5868889093399048,0.5868889093399048,0.5868889093399048,0,2026-08-07 01:19:00+00:00
0.5869578123092651,0.5869578123092651,0.5869578123092651,0.5869578123092651,0,2026-08-07 01:21:00+00:00
0.5868889093399048,0.5868889093399048,0.5868889093399048,0.5868889093399048,0,2026-08-07 01:23:00+00:00
0.5868889093399048,0.5868889093399048,0.5868889093399048,0.5868889093399048,0,2026-08-07 01:25:00+00:00
0.5869578123092651,0.5869578123092651,0.5869578123092651,0.5869578123092651,0,2026-08-07 01:27:00+00:00
0.5869578123092651,0.5869578123092651,0.5869578123092651,0.5869578123092651,0,2026-08-07 01:29:00+00:00
0.5866823196411133,0.5866823196411133,0.5866823196411133,0.5866823196411133,0,2026-08-07 01:31:00+00:00
0.5868200063705444,0.5868200063705444,0.5868200063705444,0.5868200063705444,0,2026-08-07 01:33:00+00:00
0.5868544578552246,0.5868544578552246,0.5868544578552246,0.5868544578552246,0,2026-08-07 01:35:00+00:00
0.5868889093399048,0.5868889093399048,0.5868889093399048,0.5868889093399048,0,2026-08-07 01:37:00+00:00
0.5868200063705444,0.5868200063705444,0.5868200063705444,0.5868200063705444,0,2026-08-07 01:39:00+00:00
0.5869922637939453,0.5869922637939453,0.5869922637939453,0.5869922637939453,0,2026-08-07 01:41:00+00:00
0.5870956182479858,0.5870956182479858,0.5870956182479858,0.5870956182479858,0,2026-08-07 01:43:00+00:00
0.5871301293373108,0.5871301293373108,0.5871301293373108,0.5871301293373108,0,2026-08-07 01:45:00+00:00
0.5869922637939453,0.5869922637939453,0.5869922637939453,0.5869922637939453,0,2026-08-07 01:47:00+00:00
0.5869578123092651,0.5869578123092651,0.5869578123092651,0.5869578123092651,0,2026-08-07 01:49:00+00:00
0.586923360824585,0.586923360824585,0.586923360824585,0.586923360824585,0,2026-08-07 01:51:00+00:00
0.5868544578552246,0.5868544578552246,0.5868544578552246,0.5868544578552246,0,2026-08-07 01:53:00+00:00
0.5868889093399048,0.5868889093399048,0.5868889093399048,0.5868889093399048,0,2026-08-07 01:55:00+00:00
0.5869578123092651,0.5869578123092651,0.5869578123092651,0.5869578123092651,0,2026-08-07 01:57:00+00:00
0.5868889093399048,0.5868889093399048,0.5868889093399048,0.5868889093399048,0,2026-08-07 01:59:00+00:00
0.5869578123092651,0.5869578123092651,0.5869578123092651,0.5869578123092651,0,2026-08-07 02:01:00+00:00
0.5869578123092651,0.5869578123092651,0.5869578123092651,0.5869578123092651,0,2026-08-07 02:03:00+00:00
0.586923360824585,0.586923360824585,0.586923360824585,0.586923360824585,0,2026-08-07 02:05:00+00:00
0.5868200063705444,0.5868200063705444,0.5868200063705444,0.5868200063705444,0,2026-08-07 02:07:00+00:00
0.5867855548858643,0.5867855548858643,0.5867855548858643,0.5867855548858643,0,2026-08-07 02:09:00+00:00
0.5868544578552246,0.5868544578552246,0.5868544578552246,0.5868544578552246,0,2026-08-07 02:11:00+00:00
0.586923360824585,0.586923360824585,0.586923360824585,0.586923360824585,0,2026-08-07 02:13:00+00:00
0.586923360824585,0.586923360824585,0.586923360824585,0.586923360824585,0,2026-08-07 02:15:00+00:00
0.5869578123092651,0.5869578123092651,0.5869578123092651,0.5869578123092651,0,2026-08-07 02:17:00+00:00
0.586923360824585,0.586923360824585,0.586923360824585,0.586923360824585,0,2026-08-07 02:19:00+00:00
0.5869578123092651,0.5869578123092651,0.5869578123092651,0.5869578123092651,0,2026-08-07 02:21:00+00:00
0.586923360824585,0.586923360824585,0.586923360824585,0.586923360824585,0,2026-08-07 02:23:00+00:00
0.5869578123092651,0.5869578123092651,0.5869578123092651,0.5869578123092651,0,2026-08-07 02:25:00+00:00
0.586923360824585,0.586923360824585,0.586923360824585,0.586923360824585,0,2026-08-07 02:27:00+00:00
0.586923360824585,0.586923360824585,0.586923360824585,0.586923360824585,0,2026-08-07 02:29:00+00:00
0.5868200063705444,0.5868200063705444,0.5868200063705444,0.5868200063705444,0,2026-08-07 02:31:00+00:00
0.5868200063705444,0.5868200063705444,0.5868200063705444,0.5868200063705444,0,2026-08-07 02:33:00+00:00
0.5867167711257935,0.5867167711257935,0.5867167711257935,0.5867167711257935,0,2026-08-07 02:35:00+00:00
0.5866134762763977,0.5866134762763977,0.5866134762763977,0.5866134762763977,0,2026-08-07 02:37:00+00:00
0.5866823196411133,0.5866823196411133,0.5866823196411133,0.5866823196411133,0,2026-08-07 02:39:00+00:00
0.5867167711257935,0.5867167711257935,0.5867167711257935,0.5867167711257935,0,2026-08-07 02:41:00+00:00
0.5867167711257935,0.5867167711257935,0.5867167711257935,0.5867167711257935,0,2026-08-07 02:43:00+00:00
0.5866134762763977,0.5866134762763977,0.5866134762763977,0.5866134762763977,0,2026-08-07 02:45:00+00:00
0.5866823196411133,0.5866823196411133,0.5866823196411133,0.5866823196411133,0,2026-08-07 02:47:00+00:00
0.5867511630058289,0.5867511630058289,0.5867511630058289,0.5867511630058289,0,2026-08-07 02:49:00+00:00
0.5867511630058289,0.5867511630058289,0.5867511630058289,0.5867511630058289,0,2026-08-07 02:51:00+00:00
0.5866823196411133,0.5866823196411133,0.5866823196411133,0.5866823196411133,0,2026-08-07 02:53:00+00:00
0.5866479277610779,0.5866479277610779,0.5866479277610779,0.5866479277610779,0,2026-08-07 02:55:00+00:00
0.5866134762763977,0.5866134762763977,0.5866134762763977,0.5866134762763977,0,2026-08-07 02:57:00+00:00
0.5865446329116821,0.5865446329116821,0.5865446329116821,0.5865446329116821,0,2026-08-07 02:59:00+00:00
0.5865790843963623,0.5865790843963623,0.5865790843963623,0.5865790843963623,0,2026-08-07 03:01:00+00:00
0.5866479277610779,0.5866479277610779,0.5866479277610779,0.5866479277610779,0,2026-08-07 03:03:00+00:00
0.5866134762763977,0.5866134762763977,0.5866134762763977,0.5866134762763977,0,2026-08-07 03:05:00+00:00
0.5866479277610779,0.5866479277610779,0.5866479277610779,0.5866479277610779,0,2026-08-07 03:07:00+00:00
0.5865790843963623,0.5865790843963623,0.5865790843963623,0.5865790843963623,0,2026-08-07 03:09:00+00:00
0.5865790843963623,0.5865790843963623,0.5865790843963623,0.5865790843963623,0,2026-08-07 03:11:00+00:00
0.5865446329116821,0.5865446329116821,0.5865446329116821,0.5865446329116821,0,2026-08-07 03:13:00+00:00
0.5865446329116821,0.5865446329116821,0.5865446329116821,0.5865446329116821,0,2026-08-07 03:15:00+00:00
0.5866134762763977,0.5866134762763977,0.5866134762763977,0.5866134762763977,0,2026-08-07 03:17:00+00:00
0.5866134762763977,0.5866134762763977,0.5866134762763977,0.5866134762763977,0,2026-08-07 03:19:00+00:00
0.5866479277610779,0.5866479277610779,0.5866479277610779,0.5866479277610779,0,2026-08-07 03:21:00+00:00
0.5866134762763977,0.5866134762763977,0.5866134762763977,0.5866134762763977,0,2026-08-07 03:23:00+00:00
0.5866134762763977,0.5866134762763977,0.5866134762763977,0.5866134762763977,0,2026-08-07 03:25:00+00:00
0.5865790843963623,0.5865790843963623,0.5865790843963623,0.5865790843963623,0,2026-08-07 03:27:00+00:00
0.5865102410316467,0.5865102410316467,0.5865102410316467,0.5865102410316467,0,2026-08-07 03:29:00+00:00
0.5865102410316467,0.5865102410316467,0.5865102410316467,0.5865102410316467,0,2026-08-07 03:31:00+00:00
0.5865790843963623,0.5865790843963623,0.5865790843963623,0.5865790843963623,0,2026-08-07 03:33:00+00:00
0.5865790843963623,0.5865790843963623,0.5865790843963623,0.5865790843963623,0,2026-08-07 03:35:00+00:00
0.5866479277610779,0.5866479277610779,0.5866479277610779,0.5866479277610779,0,2026-08-07 03:37:00+00:00
0.5866479277610779,0.5866479277610779,0.5866479277610779,0.5866479277610779,0,2026-08-07 03:39:00+00:00
0.5865790843963623,0.5865790843963623,0.5865790843963623,0.5865790843963623,0,2026-08-07 03:41:00+00:00
0.5864758491516113,0.5864758491516113,0.5864758491516113,0.5864758491516113,0,2026-08-07 03:43:00+00:00
0.5865446329116821,0.5865446329116821,0.5865446329116821,0.5865446329116821,0,2026-08-07 03:45:00+00:00
0.5865446329116821,0.5865446329116821,0.5865446329116821,0.5865446329116821,0,2026-08-07 03:47:00+00:00
0.5866134762763977,0.5866134762763977,0.5866134762763977,0.5866134762763977,0,2026-08-07 03:49:00+00:00
0.5866134762763977,0.5866134762763977,0.5866134762763977,0.5866134762763977,0,2026-08-07 03:51:00+00:00
0.5865446329116821,0.5865446329116821,0.5865446329116821,0.5865446329116821,0,2026-08-07 03:53:00+00:00
0.5866134762763977,0.5866134762763977,0.5866134762763977,0.5866134762763977,0,2026-08-07 03:55:00+00:00
0.5866134762763977,0.5866134762763977,0.5866134762763977,0.5866134762763977,0,2026-08-07 03:57:00+00:00
0.5866479277610779,0.5866479277610779,0.5866479277610779,0.5866479277610779,0,2026-08-07 03:59:00+00:00
0.5866134762763977,0.5866134762763977,0.5866134762763977,0.5866134762763977,0,2026-08-07 04:01:00+00:00
0.5865446329116821,0.5865446329116821,0.5865446329116821,0.5865446329116821,0,2026-08-07 04:03:00+00:00
0.5865790843963623,0.5865790843963623,0.5865790843963623,0.5865790843963623,0,2026-08-07 04:05:00+00:00
0.5865790843963623,0.5865790843963623,0.5865790843963623,0.5865790843963623,0,2026-08-07 04:07:00+00:00
0.5865446329116821,0.5865446329116821,0.5865446329116821,0.5865446329116821,0,2026-08-07 04:09:00+00:00
0.5865446329116821,0.5865446329116821,0.5865446329116821,0.5865446329116821,0,2026-08-07 04:11:00+00:00
0.5865446329116821,0.5865446329116821,0.5865446329116821,0.5865446329116821,0,2026-08-07 04:13:00+00:00
0.5865102410316467,0.5865102410316467,0.5865102410316467,0.5865102410316467,0,2026-08-07 04:15:00+00:00
0.5865102410316467,0.5865102410316467,0.5865102410316467,0.5865102410316467,0,2026-08-07 04:17:00+00:00
0.5865102410316467,0.5865102410316467,0.5865102410316467,0.5865102410316467,0,2026-08-07 04:19:00+00:00
0.5866479277610779,0.5866479277610779,0.5866479277610779,0.5866479277610779,0,2026-08-07 04:21:00+00:00
0.5866479277610779,0.5866479277610779,0.5866479277610779,0.5866479277610779,0,2026-08-07 04:23:00+00:00
0.5866479277610779,0.5866479277610779,0.5866479277610779,0.5866479277610779,0,2026-08-07 04:25:00+00:00
0.5866479277610779,0.5866479277610779,0.5866479277610779,0.5866479277610779,0,2026-08-07 04:27:00+00:00
0.5866823196411133,0.5866823196411133,0.5866823196411133,0.5866823196411133,0,2026-08-07 04:29:00+00:00
0.5867167711257935,0.5867167711257935,0.5867167711257935,0.5867167711257935,0,2026-08-07 04:31:00+00:00
0.5866823196411133,0.5866823196411133,0.5866823196411133,0.5866823196411133,0,2026-08-07 04:33:00+00:00
0.5866134762763977,0.5866134762763977,0.5866134762763977,0.5866134762763977,0,2026-08-07 04:35:00+00:00
0.5865102410316467,0.5865102410316467,0.5865102410316467,0.5865102410316467,0,2026-08-07 04:37:00+00:00
0.5864758491516113,0.5864758491516113,0.5864758491516113,0.5864758491516113,0,2026-08-07 04:39:00+00:00
0.5865102410316467,0.5865102410316467,0.5865102410316467,0.5865102410316467,0,2026-08-07 04:41:00+00:00
0.5865102410316467,0.5865102410316467,0.5865102410316467,0.5865102410316467,0,2026-08-07 04:43:00+00:00
0.5865790843963623,0.5865790843963623,0.5865790843963623,0.5865790843963623,0,2026-08-07 04:45:00+00:00
0.5865446329116821,0.5865446329116821,0.5865446329116821,0.5865446329116821,0,2026-08-07 04:47:00+00:00
0.5865790843963623,0.5865790843963623,0.5865790843963623,0.5865790843963623,0,2026-08-07 04:49:00+00:00
0.5866134762763977,0.5866134762763977,0.5866134762763977,0.5866134762763977,0,2026-08-07 04:51:00+00:00
0.5865790843963623,0.5865790843963623,0.5865790843963623,0.5865790843963623,0,2026-08-07 04:53:00+00:00
0.5866134762763977,0.5866134762763977,0.5866134762763977,0.5866134762763977,0,2026-08-07 04:55:00+00:00
0.5866134762763977,0.5866134762763977,0.5866134762763977,0.5866134762763977,0,2026-08-07 04:57:00+00:00
0.5866134762763977,0.5866134762763977,0.5866134762763977,0.5866134762763977,0,2026-08-07 04:59:00+00:00
0.5865790843963623,0.5865790843963623,0.5865790843963623,0.5865790843963623,0,2026-08-07 05:01:00+00:00
0.5866479277610779,0.5866479277610779,0.5866479277610779,0.5866479277610779,0,2026-08-07 05:03:00+00:00
0.5866479277610779,0.5866479277610779,0.5866479277610779,0.5866479277610779,0,2026-08-07 05:05:00+00:00
0.5866134762763977,0.5866134762763977,0.5866134762763977,0.5866134762763977,0,2026-08-07 05:07:00+00:00
0.5866134762763977,0.5866134762763977,0.5866134762763977,0.5866134762763977,0,2026-08-07 05:09:00+00:00
0.5866479277610779,0.5866479277610779,0.5866479277610779,0.5866479277610779,0,2026-08-07 05:11:00+00:00
0.5866823196411133,0.5866823196411133,0.5866823196411133,0.5866823196411133,0,2026-08-07 05:13:00+00:00
0.5865446329116821,0.5865446329116821,0.5865446329116821,0.5865446329116821,0,2026-08-07 05:15:00+00:00
0.5865102410316467,0.5865102410316467,0.5865102410316467,0.5865102410316467,0,2026-08-07 05:17:00+00:00
0.5865790843963623,0.5865790843963623,0.5865790843963623,0.5865790843963623,0,2026-08-07 05:19:00+00:00
0.5865102410316467,0.5865102410316467,0.5865102410316467,0.5865102410316467,0,2026-08-07 05:21:00+00:00
0.5864758491516113,0.5864758491516113,0.5864758491516113,0.5864758491516113,0,2026-08-07 05:23:00+00:00
0.5865446329116821,0.5865446329116821,0.5865446329116821,0.5865446329116821,0,2026-08-07 05:25:00+00:00
0.5865446329116821,0.5865446329116821,0.5865446329116821,0.5865446329116821,0,2026-08-07 05:27:00+00:00
0.5865102410316467,0.5865102410316467,0.5865102410316467,0.5865102410316467,0,2026-08-07 05:29:00+00:00
0.5865102410316467,0.5865102410316467,0.5865102410316467,0.5865102410316467,0,2026-08-07 05:31:00+00:00
0.5865790843963623,0.5865790843963623,0.5865790843963623,0.5865790843963623,0,2026-08-07 05:33:00+00:00
0.5866479277610779,0.5866479277610779,0.5866479277610779,0.5866479277610779,0,2026-08-07 05:35:00+00:00
0.5866479277610779,0.5866479277610779,0.5866479277610779,0.5866479277610779,0,2026-08-07 05:37:00+00:00
0.5866479277610779,0.5866479277610779,0.5866479277610779,0.5866479277610779,0,2026-08-07 05:39:00+00:00
0.5865102410316467,0.5865102410316467,0.5865102410316467,0.5865102410316467,0,2026-08-07 05:41:00+00:00
0.5864758491516113,0.5864758491516113,0.5864758491516113,0.5864758491516113,0,2026-08-07 05:43:00+00:00
0.5865446329116821,0.5865446329116821,0.5865446329116821,0.5865446329116821,0,2026-08-07 05:45:00+00:00
0.5864758491516113,0.5864758491516113,0.5864758491516113,0.5864758491516113,0,2026-08-07 05:47:00+00:00
0.5865790843963623,0.5865790843963623,0.5865790843963623,0.5865790843963623,0,2026-08-07 05:49:00+00:00
0.5866823196411133,0.5866823196411133,0.5866823196411133,0.5866823196411133,0,2026-08-07 05:51:00+00:00
0.5866134762763977,0.5866134762763977,0.5866134762763977,0.5866134762763977,0,2026-08-07 05:53:00+00:00
0.5865790843963623,0.5865790843963623,0.5865790843963623,0.5865790843963623,0,2026-08-07 05:55:00+00:00
0.5866134762763977,0.5866134762763977,0.5866134762763977,0.5866134762763977,0,2026-08-07 05:57:00+00:00
0.5865446329116821,0.5865446329116821,0.5865446329116821,0.5865446329116821,0,2026-08-07 05:59:00+00:00
0.5866134762763977,0.5866134762763977,0.5866134762763977,0.5866134762763977,0,2026-08-07 06:01:00+00:00
0.5865446329116821,0.5865446329116821,0.5865446329116821,0.5865446329116821,0,2026-08-07 06:03:00+00:00
0.5865446329116821,0.5865446329116821,0.5865446329116821,0.5865446329116821,0,2026-08-07 06:05:00+00:00
0.5865446329116821,0.5865446329116821,0.5865446329116821,0.5865446329116821,0,2026-08-07 06:07:00+00:00
0.5866134762763977,0.5866134762763977,0.5866134762763977,0.5866134762763977,0,2026-08-07 06:09:00+00:00
0.5866823196411133,0.5866823196411133,0.5866823196411133,0.5866823196411133,0,2026-08-07 06:11:00+00:00
0.5866823196411133,0.5866823196411133,0.5866823196411133,0.5866823196411133,0,2026-08-07 06:13:00+00:00
0.5867167711257935,0.5867167711257935,0.5867167711257935,0.5867167711257935,0,2026-08-07 06:15:00+00:00
0.5866823196411133,0.5866823196411133,0.5866823196411133,0.5866823196411133,0,2026-08-07 06:17:00+00:00
0.5867511630058289,0.5867511630058289,0.5867511630058289,0.5867511630058289,0,2026-08-07 06:19:00+00:00
0.5866823196411133,0.5866823196411133,0.5866823196411133,0.5866823196411133,0,2026-08-07 06:21:00+00:00
0.5867167711257935,0.5867167711257935,0.5867167711257935,0.5867167711257935,0,2026-08-07 06:23:00+00:00
0.5868200063705444,0.5868200063705444,0.5868200063705444,0.5868200063705444,0,2026-08-07 06:25:00+00:00
0.5867511630058289,0.5867511630058289,0.5867511630058289,0.5867511630058289,0,2026-08-07 06:27:00+00:00
0.5868544578552246,0.5868544578552246,0.5868544578552246,0.5868544578552246,0,2026-08-07 06:29:00+00:00
0.5867511630058289,0.5867511630058289,0.5867511630058289,0.5867511630058289,0,2026-08-07 06:31:00+00:00
0.5868200063705444,0.5868200063705444,0.5868200063705444,0.5868200063705444,0,2026-08-07 06:33:00+00:00
0.5868200063705444,0.5868200063705444,0.5868200063705444,0.5868200063705444,0,2026-08-07 06:35:00+00:00
0.5869578123092651,0.5869578123092651,0.5869578123092651,0.5869578123092651,0,2026-08-07 06:37:00+00:00
0.5868889093399048,0.5868889093399048,0.5868889093399048,0.5868889093399048,0,2026-08-07 06:39:00+00:00
0.5868200063705444,0.5868200063705444,0.5868200063705444,0.5868200063705444,0,2026-08-07 06:41:00+00:00
0.5868200063705444,0.5868200063705444,0.5868200063705444,0.5868200063705444,0,2026-08-07 06:43:00+00:00
0.5868200063705444,0.5868200063705444,0.5868200063705444,0.5868200063705444,0,2026-08-07 06:45:00+00:00
0.5868200063705444,0.5868200063705444,0.5868200063705444,0.5868200063705444,0,2026-08-07 06:47:00+00:00
0.5866823196411133,0.5866823196411133,0.5866823196411133,0.5866823196411133,0,2026-08-07 06:49:00+00:00
0.5867167711257935,0.5867167711257935,0.5867167711257935,0.5867167711257935,0,2026-08-07 06:51:00+00:00
0.5867511630058289,0.5867511630058289,0.5867511630058289,0.5867511630058289,0,2026-08-07 06:53:00+00:00
0.5867511630058289,0.5867511630058289,0.5867511630058289,0.5867511630058289,0,2026-08-07 06:55:00+00:00
0.5868200063705444,0.5868200063705444,0.5868200063705444,0.5868200063705444,0,2026-08-07 06:57:00+00:00
0.5867855548858643,0.5867855548858643,0.5867855548858643,0.5867855548858643,0,2026-08-07 06:59:00+00:00
0.5867511630058289,0.5867511630058289,0.5867511630058289,0.5867511630058289,0,2026-08-07 07:01:00+00:00
0.5868889093399048,0.5868889093399048,0.5868889093399048,0.5868889093399048,0,2026-08-07 07:03:00+00:00
0.5867167711257935,0.5867167711257935,0.5867167711257935,0.5867167711257935,0,2026-08-07 07:05:00+00:00
0.5868889093399048,0.5868889093399048,0.5868889093399048,0.5868889093399048,0,2026-08-07 07:07:00+00:00
0.5868544578552246,0.5868544578552246,0.5868544578552246,0.5868544578552246,0,2026-08-07 07:09:00+00:00
0.5870611667633057,0.5870611667633057,0.5870611667633057,0.5870611667633057,0,2026-08-07 07:11:00+00:00
0.5870956182479858,0.5870956182479858,0.5870956182479858,0.5870956182479858,0,2026-08-07 07:13:00+00:00
0.587164580821991,0.587164580821991,0.587164580821991,0.587164580821991,0,2026-08-07 07:15:00+00:00
0.587164580821991,0.587164580821991,0.587164580821991,0.587164580821991,0,2026-08-07 07:17:00+00:00
0.5870611667633057,0.5870611667633057,0.5870611667633057,0.5870611667633057,0,2026-08-07 07:19:00+00:00
0.5870267152786255,0.5870267152786255,0.5870267152786255,0.5870267152786255,0,2026-08-07 07:21:00+00:00
0.5869578123092651,0.5869578123092651,0.5869578123092651,0.5869578123092651,0,2026-08-07 07:23:00+00:00
0.5870267152786255,0.5870267152786255,0.5870267152786255,0.5870267152786255,0,2026-08-07 07:25:00+00:00
0.5869922637939453,0.5869922637939453,0.5869922637939453,0.5869922637939453,0,2026-08-07 07:27:00+00:00
0.5869578123092651,0.5869578123092651,0.5869578123092651,0.5869578123092651,0,2026-08-07 07:29:00+00:00
0.5870267152786255,0.5870267152786255,0.5870267152786255,0.5870267152786255,0,2026-08-07 07:31:00+00:00
0.5869578123092651,0.5869578123092651,0.5869578123092651,0.5869578123092651,0,2026-08-07 07:33:00+00:00
0.5869922637939453,0.5869922637939453,0.5869922637939453,0.5869922637939453,0,2026-08-07 07:35:00+00:00
0.5869922637939453,0.5869922637939453,0.5869922637939453,0.5869922637939453,0,2026-08-07 07:37:00+00:00
0.5869578123092651,0.5869578123092651,0.5869578123092651,0.5869578123092651,0,2026-08-07 07:39:00+00:00
0.5870267152786255,0.5870267152786255,0.5870267152786255,0.5870267152786255,0,2026-08-07 07:41:00+00:00
0.5869578123092651,0.5869578123092651,0.5869578123092651,0.5869578123092651,0,2026-08-07 07:43:00+00:00
0.5870267152786255,0.5870267152786255,0.5870267152786255,0.5870267152786255,0,2026-08-07 07:45:00+00:00
0.5870611667633057,0.5870611667633057,0.5870611667633057,0.5870611667633057,0,2026-08-07 07:47:00+00:00
0.5870611667633057,0.5870611667633057,0.5870611667633057,0.5870611667633057,0,2026-08-07 07:49:00+00:00
0.5870956182479858,0.5870956182479858,0.5870956182479858,0.5870956182479858,0,2026-08-07 07:51:00+00:00
0.5870611667633057,0.5870611667633057,0.5870611667633057,0.5870611667633057,0,2026-08-07 07:53:00+00:00
0.5871301293373108,0.5871301293373108,0.5871301293373108,0.5871301293373108,0,2026-08-07 07:55:00+00:00
0.5870956182479858,0.5870956182479858,0.5870956182479858,0.5870956182479858,0,2026-08-07 07:57:00+00:00
0.5870611667633057,0.5870611667633057,0.5870611667633057,0.5870611667633057,0,2026-08-07 07:59:00+00:00
0.5870611667633057,0.5870611667633057,0.5870611667633057,0.5870611667633057,0,2026-08-07 08:01:00+00:00
0.5871301293373108,0.5871301293373108,0.5871301293373108,0.5871301293373108,0,2026-08-07 08:03:00+00:00
0.587164580821991,0.587164580821991,0.587164580821991,0.587164580821991,0,2026-08-07 08:05:00+00:00
0.587164580821991,0.587164580821991,0.587164580821991,0.587164580821991,0,2026-08-07 08:07:00+00:00
0.5871301293373108,0.5871301293373108,0.5871301293373108,0.5871301293373108,0,2026-08-07 08:09:00+00:00
0.5870611667633057,0.5870611667633057,0.5870611667633057,0.5870611667633057,0,2026-08-07 08:11:00+00:00
0.5870956182479858,0.5870956182479858,0.5870956182479858,0.5870956182479858,0,2026-08-07 08:13:00+00:00
0.5871301293373108,0.5871301293373108,0.5871301293373108,0.5871301293373108,0,2026-08-07 08:15:00+00:00
0.5870611667633057,0.5870611667633057,0.5870611667633057,0.5870611667633057,0,2026-08-07 08:17:00+00:00
0.5870611667633057,0.5870611667633057,0.5870611667633057,0.5870611667633057,0,2026-08-07 08:19:00+00:00
0.5869922637939453,0.5869922637939453,0.5869922637939453,0.5869922637939453,0,2026-08-07 08:21:00+00:00
0.5869922637939453,0.5869922637939453,0.5869922637939453,0.5869922637939453,0,2026-08-07 08:23:00+00:00
0.5869578123092651,0.5869578123092651,0.5869578123092651,0.5869578123092651,0,2026-08-07 08:25:00+00:00
0.5869578123092651,0.5869578123092651,0.5869578123092651,0.5869578123092651,0,2026-08-07 08:27:00+00:00
0.5868889093399048,0.5868889093399048,0.5868889093399048,0.5868889093399048,0,2026-08-07 08:29:00+00:00
0.5868889093399048,0.5868889093399048,0.5868889093399048,0.5868889093399048,0,2026-08-07 08:31:00+00:00
0.5871301293373108,0.5871301293373108,0.5871301293373108,0.5871301293373108,0,2026-08-07 08:33:00+00:00
0.5869922637939453,0.5869922637939453,0.5869922637939453,0.5869922637939453,0,2026-08-07 08:35:00+00:00
0.586923360824585,0.586923360824585,0.586923360824585,0.586923360824585,0,2026-08-07 08:37:00+00:00
0.5870611667633057,0.5870611667633057,0.5870611667633057,0.5870611667633057,0,2026-08-07 08:39:00+00:00
0.5870956182479858,0.5870956182479858,0.5870956182479858,0.5870956182479858,0,2026-08-07 08:41:00+00:00
0.5871301293373108,0.5871301293373108,0.5871301293373108,0.5871301293373108,0,2026-08-07 08:43:00+00:00
0.587164580821991,0.587164580821991,0.587164580821991,0.587164580821991,0,2026-08-07 08:45:00+00:00
0.587164580821991,0.587164580821991,0.587164580821991,0.587164580821991,0,2026-08-07 08:47:00+00:00
0.587164580821991,0.587164580821991,0.587164580821991,0.587164580821991,0,2026-08-07 08:49:00+00:00
0.587164580821991,0.587164580821991,0.587164580821991,0.587164580821991,0,2026-08-07 08:51:00+00:00
0.587164580821991,0.587164580821991,0.587164580821991,0.587164580821991,0,2026-08-07 08:53:00+00:00
0.5873370170593262,0.5873370170593262,0.5873370170593262,0.5873370170593262,0,2026-08-07 08:55:00+00:00
0.5872679948806763,0.5872679948806763,0.5872679948806763,0.5872679948806763,0,2026-08-07 08:57:00+00:00
0.5873025059700012,0.5873025059700012,0.5873025059700012,0.5873025059700012,0,2026-08-07 08:59:00+00:00
0.5874060392379761,0.5874060392379761,0.5874060392379761,0.5874060392379761,0,2026-08-07 09:01:00+00:00
0.5874060392379761,0.5874060392379761,0.5874060392379761,0.5874060392379761,0,2026-08-07 09:03:00+00:00
0.5873715281486511,0.5873715281486511,0.5873715281486511,0.5873715281486511,0,2026-08-07 09:05:00+00:00
0.5874060392379761,0.5874060392379761,0.5874060392379761,0.5874060392379761,0,2026-08-07 09:07:00+00:00
0.5874060392379761,0.5874060392379761,0.5874060392379761,0.5874060392379761,0,2026-08-07 09:09:00+00:00
0.5874750018119812,0.5874750018119812,0.5874750018119812,0.5874750018119812,0,2026-08-07 09:11:00+00:00
0.5876131057739258,0.5876131057739258,0.5876131057739258,0.5876131057739258,0,2026-08-07 09:13:00+00:00
0.5876131057739258,0.5876131057739258,0.5876131057739258,0.5876131057739258,0,2026-08-07 09:15:00+00:00
0.5876131057739258,0.5876131057739258,0.5876131057739258,0.5876131057739258,0,2026-08-07 09:17:00+00:00
0.5875785946846008,0.5875785946846008,0.5875785946846008,0.5875785946846008,0,2026-08-07 09:19:00+00:00
0.5876131057739258,0.5876131057739258,0.5876131057739258,0.5876131057739258,0,2026-08-07 09:21:00+00:00
0.5876821875572205,0.5876821875572205,0.5876821875572205,0.5876821875572205,0,2026-08-07 09:23:00+00:00
0.5878203511238098,0.5878203511238098,0.5878203511238098,0.5878203511238098,0,2026-08-07 09:25:00+00:00
0.5877512693405151,0.5877512693405151,0.5877512693405151,0.5877512693405151,0,2026-08-07 09:27:00+00:00
0.5877166986465454,0.5877166986465454,0.5877166986465454,0.5877166986465454,0,2026-08-07 09:29:00+00:00
0.5877166986465454,0.5877166986465454,0.5877166986465454,0.5877166986465454,0,2026-08-07 09:31:00+00:00
0.5877166986465454,0.5877166986465454,0.5877166986465454,0.5877166986465454,0,2026-08-07 09:33:00+00:00
0.5877166986465454,0.5877166986465454,0.5877166986465454,0.5877166986465454,0,2026-08-07 09:35:00+00:00
0.5876821875572205,0.5876821875572205,0.5876821875572205,0.5876821875572205,0,2026-08-07 09:37:00+00:00
0.5876131057739258,0.5876131057739258,0.5876131057739258,0.5876131057739258,0,2026-08-07 09:39:00+00:00
0.5876131057739258,0.5876131057739258,0.5876131057739258,0.5876131057739258,0,2026-08-07 09:41:00+00:00
0.5876131057739258,0.5876131057739258,0.5876131057739258,0.5876131057739258,0,2026-08-07 09:43:00+00:00
0.5876476764678955,0.5876476764678955,0.5876476764678955,0.5876476764678955,0,2026-08-07 09:45:00+00:00
0.5876131057739258,0.5876131057739258,0.5876131057739258,0.5876131057739258,0,2026-08-07 09:47:00+00:00
0.5876131057739258,0.5876131057739258,0.5876131057739258,0.5876131057739258,0,2026-08-07 09:49:00+00:00
0.5876131057739258,0.5876131057739258,0.5876131057739258,0.5876131057739258,0,2026-08-07 09:51:00+00:00
0.5876476764678955,0.5876476764678955,0.5876476764678955,0.5876476764678955,0,2026-08-07 09:53:00+00:00
0.5876476764678955,0.5876476764678955,0.5876476764678955,0.5876476764678955,0,2026-08-07 09:55:00+00:00
0.5876131057739258,0.5876131057739258,0.5876131057739258,0.5876131057739258,0,2026-08-07 09:57:00+00:00
0.5876131057739258,0.5876131057739258,0.5876131057739258,0.5876131057739258,0,2026-08-07 09:59:00+00:00
0.5875440835952759,0.5875440835952759,0.5875440835952759,0.5875440835952759,0,2026-08-07 10:01:00+00:00
0.5875095129013062,0.5875095129013062,0.5875095129013062,0.5875095129013062,0,2026-08-07 10:03:00+00:00
0.5875440835952759,0.5875440835952759,0.5875440835952759,0.5875440835952759,0,2026-08-07 10:05:00+00:00
0.5875095129013062,0.5875095129013062,0.5875095129013062,0.5875095129013062,0,2026-08-07 10:07:00+00:00
0.587440550327301,0.587440550327301,0.587440550327301,0.587440550327301,0,2026-08-07 10:09:00+00:00
0.5873715281486511,0.5873715281486511,0.5873715281486511,0.5873715281486511,0,2026-08-07 10:11:00+00:00
0.5873715281486511,0.5873715281486511,0.5873715281486511,0.5873715281486511,0,2026-08-07 10:13:00+00:00
0.5872679948806763,0.5872679948806763,0.5872679948806763,0.5872679948806763,0,2026-08-07 10:15:00+00:00
0.5872335433959961,0.5872335433959961,0.5872335433959961,0.5872335433959961,0,2026-08-07 10:17:00+00:00
0.5872679948806763,0.5872679948806763,0.5872679948806763,0.5872679948806763,0,2026-08-07 10:19:00+00:00
0.5873025059700012,0.5873025059700012,0.5873025059700012,0.5873025059700012,0,2026-08-07 10:21:00+00:00
0.5872335433959961,0.5872335433959961,0.5872335433959961,0.5872335433959961,0,2026-08-07 10:23:00+00:00
0.5872679948806763,0.5872679948806763,0.5872679948806763,0.5872679948806763,0,2026-08-07 10:25:00+00:00
0.587164580821991,0.587164580821991,0.587164580821991,0.587164580821991,0,2026-08-07 10:27:00+00:00
0.587164580821991,0.587164580821991,0.587164580821991,0.587164580821991,0,2026-08-07 10:29:00+00:00
0.5870611667633057,0.5870611667633057,0.5870611667633057,0.5870611667633057,0,2026-08-07 10:31:00+00:00
0.5870611667633057,0.5870611667633057,0.5870611667633057,0.5870611667633057,0,2026-08-07 10:33:00+00:00
0.5870611667633057,0.5870611667633057,0.5870611667633057,0.5870611667633057,0,2026-08-07 10:35:00+00:00
0.5870956182479858,0.5870956182479858,0.5870956182479858,0.5870956182479858,0,2026-08-07 10:37:00+00:00
0.5870611667633057,0.5870611667633057,0.5870611667633057,0.5870611667633057,0,2026-08-07 10:39:00+00:00
0.5870611667633057,0.5870611667633057,0.5870611667633057,0.5870611667633057,0,2026-08-07 10:41:00+00:00
0.586923360824585,0.586923360824585,0.586923360824585,0.586923360824585,0,2026-08-07 10:43:00+00:00
0.586923360824585,0.586923360824585,0.586923360824585,0.586923360824585,0,2026-08-07 10:45:00+00:00
0.5868889093399048,0.5868889093399048,0.5868889093399048,0.5868889093399048,0,2026-08-07 10:47:00+00:00
0.5868544578552246,0.5868544578552246,0.5868544578552246,0.5868544578552246,0,2026-08-07 10:49:00+00:00
0.586923360824585,0.586923360824585,0.586923360824585,0.586923360824585,0,2026-08-07 10:51:00+00:00
0.5868200063705444,0.5868200063705444,0.5868200063705444,0.5868200063705444,0,2026-08-07 10:53:00+00:00
0.5868200063705444,0.5868200063705444,0.5868200063705444,0.5868200063705444,0,2026-08-07 10:55:00+00:00
0.5868889093399048,0.5868889093399048,0.5868889093399048,0.5868889093399048,0,2026-08-07 10:57:00+00:00
0.5868200063705444,0.5868200063705444,0.5868200063705444,0.5868200063705444,0,2026-08-07 10:59:00+00:00
0.5869578123092651,0.5869578123092651,0.5869578123092651,0.5869578123092651,0,2026-08-07 11:01:00+00:00
0.5870267152786255,0.5870267152786255,0.5870267152786255,0.5870267152786255,0,2026-08-07 11:03:00+00:00
0.5869578123092651,0.5869578123092651,0.5869578123092651,0.5869578123092651,0,2026-08-07 11:05:00+00:00
0.5869922637939453,0.5869922637939453,0.5869922637939453,0.5869922637939453,0,2026-08-07 11:07:00+00:00
0.5870956182479858,0.5870956182479858,0.5870956182479858,0.5870956182479858,0,2026-08-07 11:09:00+00:00
0.5870267152786255,0.5870267152786255,0.5870267152786255,0.5870267152786255,0,2026-08-07 11:11:00+00:00
0.5869922637939453,0.5869922637939453,0.5869922637939453,0.5869922637939453,0,2026-08-07 11:13:00+00:00
0.5869922637939453,0.5869922637939453,0.5869922637939453,0.5869922637939453,0,2026-08-07 11:15:00+00:00
0.5869578123092651,0.5869578123092651,0.5869578123092651,0.5869578123092651,0,2026-08-07 11:17:00+00:00
0.5869578123092651,0.5869578123092651,0.5869578123092651,0.5869578123092651,0,2026-08-07 11:19:00+00:00
0.586923360824585,0.586923360824585,0.586923360824585,0.586923360824585,0,2026-08-07 11:21:00+00:00
0.5868200063705444,0.5868200063705444,0.5868200063705444,0.5868200063705444,0,2026-08-07 11:23:00+00:00
0.5868200063705444,0.5868200063705444,0.5868200063705444,0.5868200063705444,0,2026-08-07 11:25:00+00:00
0.5868544578552246,0.5868544578552246,0.5868544578552246,0.5868544578552246,0,2026-08-07 11:27:00+00:00
0.5867855548858643,0.5867855548858643,0.5867855548858643,0.5867855548858643,0,2026-08-07 11:29:00+00:00
0.5868544578552246,0.5868544578552246,0.5868544578552246,0.5868544578552246,0,2026-08-07 11:31:00+00:00
0.5869922637939453,0.5869922637939453,0.5869922637939453,0.5869922637939453,0,2026-08-07 11:33:00+00:00
0.5870267152786255,0.5870267152786255,0.5870267152786255,0.5870267152786255,0,2026-08-07 11:35:00+00:00
0.5869922637939453,0.5869922637939453,0.5869922637939453,0.5869922637939453,0,2026-08-07 11:37:00+00:00
0.5870611667633057,0.5870611667633057,0.5870611667633057,0.5870611667633057,0,2026-08-07 11:39:00+00:00
0.5871301293373108,0.5871301293373108,0.5871301293373108,0.5871301293373108,0,2026-08-07 11:41:00+00:00
0.5871990919113159,0.5871990919113159,0.5871990919113159,0.5871990919113159,0,2026-08-07 11:43:00+00:00
0.587164580821991,0.587164580821991,0.587164580821991,0.587164580821991,0,2026-08-07 11:45:00+00:00
0.587164580821991,0.587164580821991,0.587164580821991,0.587164580821991,0,2026-08-07 11:47:00+00:00
0.5871301293373108,0.5871301293373108,0.5871301293373108,0.5871301293373108,0,2026-08-07 11:49:00+00:00
0.5871990919113159,0.5871990919113159,0.5871990919113159,0.5871990919113159,0,2026-08-07 11:51:00+00:00
0.5872335433959961,0.5872335433959961,0.5872335433959961,0.5872335433959961,0,2026-08-07 11:53:00+00:00
0.587164580821991,0.587164580821991,0.587164580821991,0.587164580821991,0,2026-08-07 11:55:00+00:00
0.5872335433959961,0.5872335433959961,0.5872335433959961,0.5872335433959961,0,2026-08-07 11:57:00+00:00
0.5872679948806763,0.5872679948806763,0.5872679948806763,0.5872679948806763,0,2026-08-07 11:59:00+00:00
0.5873025059700012,0.5873025059700012,0.5873025059700012,0.5873025059700012,0,2026-08-07 12:01:00+00:00
0.5873370170593262,0.5873370170593262,0.5873370170593262,0.5873370170593262,0,2026-08-07 12:03:00+00:00
0.5872679948806763,0.5872679948806763,0.5872679948806763,0.5872679948806763,0,2026-08-07 12:05:00+00:00
0.5872679948806763,0.5872679948806763,0.5872679948806763,0.5872679948806763,0,2026-08-07 12:07:00+00:00
0.5872679948806763,0.5872679948806763,0.5872679948806763,0.5872679948806763,0,2026-08-07 12:09:00+00:00
0.5875095129013062,0.5875095129013062,0.5875095129013062,0.5875095129013062,0,2026-08-07 12:11:00+00:00
0.5874060392379761,0.5874060392379761,0.5874060392379761,0.5874060392379761,0,2026-08-07 12:13:00+00:00
0.5872335433959961,0.5872335433959961,0.5872335433959961,0.5872335433959961,0,2026-08-07 12:15:00+00:00
0.5872679948806763,0.5872679948806763,0.5872679948806763,0.5872679948806763,0,2026-08-07 12:17:00+00:00
0.5871990919113159,0.5871990919113159,0.5871990919113159,0.5871990919113159,0,2026-08-07 12:19:00+00:00
0.5872335433959961,0.5872335433959961,0.5872335433959961,0.5872335433959961,0,2026-08-07 12:21:00+00:00
0.5872335433959961,0.5872335433959961,0.5872335433959961,0.5872335433959961,0,2026-08-07 12:23:00+00:00
0.5871301293373108,0.5871301293373108,0.5871301293373108,0.5871301293373108,0,2026-08-07 12:25:00+00:00
0.5871301293373108,0.5871301293373108,0.5871301293373108,0.5871301293373108,0,2026-08-07 12:27:00+00:00
0.5870956182479858,0.5870956182479858,0.5870956182479858,0.5870956182479858,0,2026-08-07 12:29:00+00:00
0.5895183682441711,0.5895183682441711,0.5895183682441711,0.5895183682441711,0,2026-08-07 12:31:00+00:00
0.5897269248962402,0.5897269248962402,0.5897269248962402,0.5897269248962402,0,2026-08-07 12:33:00+00:00
0.5899704694747925,0.5899704694747925,0.5899704694747925,0.5899704694747925,0,2026-08-07 12:35:00+00:00
0.5896921753883362,0.5896921753883362,0.5896921753883362,0.5896921753883362,0,2026-08-07 12:37:00+00:00
0.5899704694747925,0.5899704694747925,0.5899704694747925,0.5899704694747925,0,2026-08-07 12:39:00+00:00
0.5904581546783447,0.5904581546783447,0.5904581546783447,0.5904581546783447,0,2026-08-07 12:41:00+00:00
0.5904930233955383,0.5904930233955383,0.5904930233955383,0.5904930233955383,0,2026-08-07 12:43:00+00:00
0.5907721519470215,0.5907721519470215,0.5907721519470215,0.5907721519470215,0,2026-08-07 12:45:00+00:00
0.5906325578689575,0.5906325578689575,0.5906325578689575,0.5906325578689575,0,2026-08-07 12:47:00+00:00
0.5905976891517639,0.5905976891517639,0.5905976891517639,0.5905976891517639,0,2026-08-07 12:49:00+00:00
0.5904581546783447,0.5904581546783447,0.5904581546783447,0.5904581546783447,0,2026-08-07 12:51:00+00:00
0.5904581546783447,0.5904581546783447,0.5904581546783447,0.5904581546783447,0,2026-08-07 12:53:00+00:00
0.590179443359375,0.590179443359375,0.590179443359375,0.590179443359375,0,2026-08-07 12:55:00+00:00
0.5899704694747925,0.5899704694747925,0.5899704694747925,0.5899704694747925,0,2026-08-07 12:57:00+00:00
0.5899357199668884,0.5899357199668884,0.5899357199668884,0.5899357199668884,0,2026-08-07 12:59:00+00:00
0.5899009108543396,0.5899009108543396,0.5899009108543396,0.5899009108543396,0,2026-08-07 13:01:00+00:00
0.5897617340087891,0.5897617340087891,0.5897617340087891,0.5897617340087891,0,2026-08-07 13:03:00+00:00
0.5896226763725281,0.5896226763725281,0.5896226763725281,0.5896226763725281,0,2026-08-07 13:05:00+00:00
0.5897269248962402,0.5897269248962402,0.5897269248962402,0.5897269248962402,0,2026-08-07 13:07:00+00:00
0.5897269248962402,0.5897269248962402,0.5897269248962402,0.5897269248962402,0,2026-08-07 13:09:00+00:00
0.5895531177520752,0.5895531177520752,0.5895531177520752,0.5895531177520752,0,2026-08-07 13:11:00+00:00
0.5897965431213379,0.5897965431213379,0.5897965431213379,0.5897965431213379,0,2026-08-07 13:13:00+00:00
0.5896921753883362,0.5896921753883362,0.5896921753883362,0.5896921753883362,0,2026-08-07 13:15:00+00:00
0.5895183682441711,0.5895183682441711,0.5895183682441711,0.5895183682441711,0,2026-08-07 13:17:00+00:00
0.5895183682441711,0.5895183682441711,0.5895183682441711,0.5895183682441711,0,2026-08-07 13:19:00+00:00
0.589448869228363,0.589448869228363,0.589448869228363,0.589448869228363,0,2026-08-07 13:21:00+00:00
0.5895531177520752,0.5895531177520752,0.5895531177520752,0.5895531177520752,0,2026-08-07 13:23:00+00:00
0.5895531177520752,0.5895531177520752,0.5895531177520752,0.5895531177520752,0,2026-08-07 13:25:00+00:00
0.589414119720459,0.589414119720459,0.589414119720459,0.589414119720459,0,2026-08-07 13:27:00+00:00
0.5892404317855835,0.5892404317855835,0.5892404317855835,0.5892404317855835,0,2026-08-07 13:29:00+00:00
0.5891710519790649,0.5891710519790649,0.5891710519790649,0.5891710519790649,0,2026-08-07 13:31:00+00:00
0.5887894630432129,0.5887894630432129,0.5887894630432129,0.5887894630432129,0,2026-08-07 13:33:00+00:00
0.588997483253479,0.588997483253479,0.588997483253479,0.588997483253479,0,2026-08-07 13:35:00+00:00
0.5891016125679016,0.5891016125679016,0.5891016125679016,0.5891016125679016,0,2026-08-07 13:37:00+00:00
0.5893446803092957,0.5893446803092957,0.5893446803092957,0.5893446803092957,0,2026-08-07 13:39:00+00:00
0.5893446803092957,0.5893446803092957,0.5893446803092957,0.5893446803092957,0,2026-08-07 13:41:00+00:00
0.5893793702125549,0.5893793702125549,0.5893793702125549,0.5893793702125549,0,2026-08-07 13:43:00+00:00
0.5893446803092957,0.5893446803092957,0.5893446803092957,0.5893446803092957,0,2026-08-07 13:45:00+00:00
0.5892404317855835,0.5892404317855835,0.5892404317855835,0.5892404317855835,0,2026-08-07 13:47:00+00:00
0.5889281630516052,0.5889281630516052,0.5889281630516052,0.5889281630516052,0,2026-08-07 13:49:00+00:00
0.5888587832450867,0.5888587832450867,0.5888587832450867,0.5888587832450867,0,2026-08-07 13:51:00+00:00
0.5889281630516052,0.5889281630516052,0.5889281630516052,0.5889281630516052,0,2026-08-07 13:53:00+00:00
0.5889627933502197,0.5889627933502197,0.5889627933502197,0.5889627933502197,0,2026-08-07 13:55:00+00:00
0.5886854529380798,0.5886854529380798,0.5886854529380798,0.5886854529380798,0,2026-08-07 13:57:00+00:00
0.5885815024375916,0.5885815024375916,0.5885815024375916,0.5885815024375916,0,2026-08-07 13:59:00+00:00
0.5886508226394653,0.5886508226394653,0.5886508226394653,0.5886508226394653,0,2026-08-07 14:01:00+00:00
0.5887200832366943,0.5887200832366943,0.5887200832366943,0.5887200832366943,0,2026-08-07 14:03:00+00:00
0.5885122418403625,0.5885122418403625,0.5885122418403625,0.5885122418403625,0,2026-08-07 14:05:00+00:00
0.588546872138977,0.588546872138977,0.588546872138977,0.588546872138977,0,2026-08-07 14:07:00+00:00
0.5887200832366943,0.5887200832366943,0.5887200832366943,0.5887200832366943,0,2026-08-07 14:09:00+00:00
0.5886854529380798,0.5886854529380798,0.5886854529380798,0.5886854529380798,0,2026-08-07 14:11:00+00:00
0.5885815024375916,0.5885815024375916,0.5885815024375916,0.5885815024375916,0,2026-08-07 14:13:00+00:00
0.588477611541748,0.588477611541748,0.588477611541748,0.588477611541748,0,2026-08-07 14:15:00+00:00
0.5889281630516052,0.5889281630516052,0.5889281630516052,0.5889281630516052,0,2026-08-07 14:17:00+00:00
0.5891363620758057,0.5891363620758057,0.5891363620758057,0.5891363620758057,0,2026-08-07 14:19:00+00:00
0.5892751812934875,0.5892751812934875,0.5892751812934875,0.5892751812934875,0,2026-08-07 14:21:00+00:00
0.5893099308013916,0.5893099308013916,0.5893099308013916,0.5893099308013916,0,2026-08-07 14:23:00+00:00
0.5892751812934875,0.5892751812934875,0.5892751812934875,0.5892751812934875,0,2026-08-07 14:25:00+00:00
0.5893793702125549,0.5893793702125549,0.5893793702125549,0.5893793702125549,0,2026-08-07 14:27:00+00:00
0.5893099308013916,0.5893099308013916,0.5893099308013916,0.5893099308013916,0,2026-08-07 14:29:00+00:00
0.5891363620758057,0.5891363620758057,0.5891363620758057,0.5891363620758057,0,2026-08-07 14:31:00+00:00
0.5892751812934875,0.5892751812934875,0.5892751812934875,0.5892751812934875,0,2026-08-07 14:33:00+00:00
0.5893446803092957,0.5893446803092957,0.5893446803092957,0.5893446803092957,0,2026-08-07 14:35:00+00:00
0.5891016125679016,0.5891016125679016,0.5891016125679016,0.5891016125679016,0,2026-08-07 14:37:00+00:00
0.5891710519790649,0.5891710519790649,0.5891710519790649,0.5891710519790649,0,2026-08-07 14:39:00+00:00
0.5891016125679016,0.5891016125679016,0.5891016125679016,0.5891016125679016,0,2026-08-07 14:41:00+00:00
0.588997483253479,0.588997483253479,0.588997483253479,0.588997483253479,0,2026-08-07 14:43:00+00:00
0.5889627933502197,0.5889627933502197,0.5889627933502197,0.5889627933502197,0,2026-08-07 14:45:00+00:00
0.5889627933502197,0.5889627933502197,0.5889627933502197,0.5889627933502197,0,2026-08-07 14:47:00+00:00
0.5887547731399536,0.5887547731399536,0.5887547731399536,0.5887547731399536,0,2026-08-07 14:49:00+00:00
0.5886161923408508,0.5886161923408508,0.5886161923408508,0.5886161923408508,0,2026-08-07 14:51:00+00:00
0.5886508226394653,0.5886508226394653,0.5886508226394653,0.5886508226394653,0,2026-08-07 14:53:00+00:00
0.5887200832366943,0.5887200832366943,0.5887200832366943,0.5887200832366943,0,2026-08-07 14:55:00+00:00
0.5886161923408508,0.5886161923408508,0.5886161923408508,0.5886161923408508,0,2026-08-07 14:57:00+00:00
0.5885815024375916,0.5885815024375916,0.5885815024375916,0.5885815024375916,0,2026-08-07 14:59:00+00:00
0.5885815024375916,0.5885815024375916,0.5885815024375916,0.5885815024375916,0,2026-08-07 15:01:00+00:00
0.588477611541748,0.588477611541748,0.588477611541748,0.588477611541748,0,2026-08-07 15:03:00+00:00
0.588408350944519,0.588408350944519,0.588408350944519,0.588408350944519,0,2026-08-07 15:05:00+00:00
0.5886161923408508,0.5886161923408508,0.5886161923408508,0.5886161923408508,0,2026-08-07 15:07:00+00:00
0.5887200832366943,0.5887200832366943,0.5887200832366943,0.5887200832366943,0,2026-08-07 15:09:00+00:00
0.5888240933418274,0.5888240933418274,0.5888240933418274,0.5888240933418274,0,2026-08-07 15:11:00+00:00
0.5888240933418274,0.5888240933418274,0.5888240933418274,0.5888240933418274,0,2026-08-07 15:13:00+00:00
0.5890322327613831,0.5890322327613831,0.5890322327613831,0.5890322327613831,0,2026-08-07 15:15:00+00:00
0.5892057418823242,0.5892057418823242,0.5892057418823242,0.5892057418823242,0,2026-08-07 15:17:00+00:00
0.5893099308013916,0.5893099308013916,0.5893099308013916,0.5893099308013916,0,2026-08-07 15:19:00+00:00
0.5892751812934875,0.5892751812934875,0.5892751812934875,0.5892751812934875,0,2026-08-07 15:21:00+00:00
0.5891710519790649,0.5891710519790649,0.5891710519790649,0.5891710519790649,0,2026-08-07 15:23:00+00:00
0.5892404317855835,0.5892404317855835,0.5892404317855835,0.5892404317855835,0,2026-08-07 15:25:00+00:00
0.5891710519790649,0.5891710519790649,0.5891710519790649,0.5891710519790649,0,2026-08-07 15:27:00+00:00
0.5891016125679016,0.5891016125679016,0.5891016125679016,0.5891016125679016,0,2026-08-07 15:29:00+00:00
0.5889281630516052,0.5889281630516052,0.5889281630516052,0.5889281630516052,0,2026-08-07 15:31:00+00:00
0.5889627933502197,0.5889627933502197,0.5889627933502197,0.5889627933502197,0,2026-08-07 15:33:00+00:00
0.5891363620758057,0.5891363620758057,0.5891363620758057,0.5891363620758057,0,2026-08-07 15:35:00+00:00
0.5892057418823242,0.5892057418823242,0.5892057418823242,0.5892057418823242,0,2026-08-07 15:37:00+00:00
0.5892057418823242,0.5892057418823242,0.5892057418823242,0.5892057418823242,0,2026-08-07 15:39:00+00:00
0.5891016125679016,0.5891016125679016,0.5891016125679016,0.5891016125679016,0,2026-08-07 15:41:00+00:00
0.5891363620758057,0.5891363620758057,0.5891363620758057,0.5891363620758057,0,2026-08-07 15:43:00+00:00
0.5892404317855835,0.5892404317855835,0.5892404317855835,0.5892404317855835,0,2026-08-07 15:45:00+00:00
0.5891363620758057,0.5891363620758057,0.5891363620758057,0.5891363620758057,0,2026-08-07 15:47:00+00:00
0.5891363620758057,0.5891363620758057,0.5891363620758057,0.5891363620758057,0,2026-08-07 15:49:00+00:00
0.5889627933502197,0.5889627933502197,0.5889627933502197,0.5889627933502197,0,2026-08-07 15:51:00+00:00
0.5890669226646423,0.5890669226646423,0.5890669226646423,0.5890669226646423,0,2026-08-07 15:53:00+00:00
0.5891710519790649,0.5891710519790649,0.5891710519790649,0.5891710519790649,0,2026-08-07 15:55:00+00:00
0.5892057418823242,0.5892057418823242,0.5892057418823242,0.5892057418823242,0,2026-08-07 15:57:00+00:00
0.5892404317855835,0.5892404317855835,0.5892404317855835,0.5892404317855835,0,2026-08-07 15:59:00+00:00
0.5891363620758057,0.5891363620758057,0.5891363620758057,0.5891363620758057,0,2026-08-07 16:01:00+00:00
0.5892404317855835,0.5892404317855835,0.5892404317855835,0.5892404317855835,0,2026-08-07 16:03:00+00:00
0.589414119720459,0.589414119720459,0.589414119720459,0.589414119720459,0,2026-08-07 16:05:00+00:00
0.5895531177520752,0.5895531177520752,0.5895531177520752,0.5895531177520752,0,2026-08-07 16:07:00+00:00
0.589448869228363,0.589448869228363,0.589448869228363,0.589448869228363,0,2026-08-07 16:09:00+00:00
0.5896226763725281,0.5896226763725281,0.5896226763725281,0.5896226763725281,0,2026-08-07 16:11:00+00:00
0.5896921753883362,0.5896921753883362,0.5896921753883362,0.5896921753883362,0,2026-08-07 16:13:00+00:00
0.5897269248962402,0.5897269248962402,0.5897269248962402,0.5897269248962402,0,2026-08-07 16:15:00+00:00
0.5896226763725281,0.5896226763725281,0.5896226763725281,0.5896226763725281,0,2026-08-07 16:17:00+00:00
0.5894836187362671,0.5894836187362671,0.5894836187362671,0.5894836187362671,0,2026-08-07 16:19:00+00:00
0.5894836187362671,0.5894836187362671,0.5894836187362671,0.5894836187362671,0,2026-08-07 16:21:00+00:00
0.589448869228363,0.589448869228363,0.589448869228363,0.589448869228363,0,2026-08-07 16:23:00+00:00
0.5896226763725281,0.5896226763725281,0.5896226763725281,0.5896226763725281,0,2026-08-07 16:25:00+00:00
0.5894836187362671,0.5894836187362671,0.5894836187362671,0.5894836187362671,0,2026-08-07 16:27:00+00:00
0.589448869228363,0.589448869228363,0.589448869228363,0.589448869228363,0,2026-08-07 16:29:00+00:00
0.589414119720459,0.589414119720459,0.589414119720459,0.589414119720459,0,2026-08-07 16:31:00+00:00
0.589448869228363,0.589448869228363,0.589448869228363,0.589448869228363,0,2026-08-07 16:33:00+00:00
0.5893793702125549,0.5893793702125549,0.5893793702125549,0.5893793702125549,0,2026-08-07 16:35:00+00:00
0.5894836187362671,0.5894836187362671,0.5894836187362671,0.5894836187362671,0,2026-08-07 16:37:00+00:00
0.5895183682441711,0.5895183682441711,0.5895183682441711,0.5895183682441711,0,2026-08-07 16:39:00+00:00
0.5895183682441711,0.5895183682441711,0.5895183682441711,0.5895183682441711,0,2026-08-07 16:41:00+00:00
0.5895183682441711,0.5895183682441711,0.5895183682441711,0.5895183682441711,0,2026-08-07 16:43:00+00:00
0.5895878672599792,0.5895878672599792,0.5895878672599792,0.5895878672599792,0,2026-08-07 16:45:00+00:00
0.5895531177520752,0.5895531177520752,0.5895531177520752,0.5895531177520752,0,2026-08-07 16:47:00+00:00
0.5896574258804321,0.5896574258804321,0.5896574258804321,0.5896574258804321,0,2026-08-07 16:49:00+00:00
0.5895531177520752,0.5895531177520752,0.5895531177520752,0.5895531177520752,0,2026-08-07 16:51:00+00:00
0.589414119720459,0.589414119720459,0.589414119720459,0.589414119720459,0,2026-08-07 16:53:00+00:00
0.5893793702125549,0.5893793702125549,0.5893793702125549,0.5893793702125549,0,2026-08-07 16:55:00+00:00
0.5893446803092957,0.5893446803092957,0.5893446803092957,0.5893446803092957,0,2026-08-07 16:57:00+00:00
0.5893446803092957,0.5893446803092957,0.5893446803092957,0.5893446803092957,0,2026-08-07 16:59:00+00:00
0.5893446803092957,0.5893446803092957,0.5893446803092957,0.5893446803092957,0,2026-08-07 17:01:00+00:00
0.589414119720459,0.589414119720459,0.589414119720459,0.589414119720459,0,2026-08-07 17:03:00+00:00
0.5893793702125549,0.5893793702125549,0.5893793702125549,0.5893793702125549,0,2026-08-07 17:05:00+00:00
0.589448869228363,0.589448869228363,0.589448869228363,0.589448869228363,0,2026-08-07 17:07:00+00:00
0.589448869228363,0.589448869228363,0.589448869228363,0.589448869228363,0,2026-08-07 17:09:00+00:00
0.589448869228363,0.589448869228363,0.589448869228363,0.589448869228363,0,2026-08-07 17:11:00+00:00
0.589448869228363,0.589448869228363,0.589448869228363,0.589448869228363,0,2026-08-07 17:13:00+00:00
0.589448869228363,0.589448869228363,0.589448869228363,0.589448869228363,0,2026-08-07 17:15:00+00:00
0.589414119720459,0.589414119720459,0.589414119720459,0.589414119720459,0,2026-08-07 17:17:00+00:00
0.5894836187362671,0.5894836187362671,0.5894836187362671,0.5894836187362671,0,2026-08-07 17:19:00+00:00
0.5895183682441711,0.5895183682441711,0.5895183682441711,0.5895183682441711,0,2026-08-07 17:21:00+00:00
0.5895531177520752,0.5895531177520752,0.5895531177520752,0.5895531177520752,0,2026-08-07 17:23:00+00:00
0.5895878672599792,0.5895878672599792,0.5895878672599792,0.5895878672599792,0,2026-08-07 17:25:00+00:00
0.5896226763725281,0.5896226763725281,0.5896226763725281,0.5896226763725281,0,2026-08-07 17:27:00+00:00
0.5895531177520752,0.5895531177520752,0.5895531177520752,0.5895531177520752,0,2026-08-07 17:29:00+00:00
0.5895183682441711,0.5895183682441711,0.5895183682441711,0.5895183682441711,0,2026-08-07 17:31:00+00:00
0.5896226763725281,0.5896226763725281,0.5896226763725281,0.5896226763725281,0,2026-08-07 17:33:00+00:00
0.589448869228363,0.589448869228363,0.589448869228363,0.589448869228363,0,2026-08-07 17:35:00+00:00
0.5895878672599792,0.5895878672599792,0.5895878672599792,0.5895878672599792,0,2026-08-07 17:37:00+00:00
0.5897269248962402,0.5897269248962402,0.5897269248962402,0.5897269248962402,0,2026-08-07 17:39:00+00:00
0.5897269248962402,0.5897269248962402,0.5897269248962402,0.5897269248962402,0,2026-08-07 17:41:00+00:00
0.5897269248962402,0.5897269248962402,0.5897269248962402,0.5897269248962402,0,2026-08-07 17:43:00+00:00
0.5897617340087891,0.5897617340087891,0.5897617340087891,0.5897617340087891,0,2026-08-07 17:45:00+00:00
0.5897269248962402,0.5897269248962402,0.5897269248962402,0.5897269248962402,0,2026-08-07 17:47:00+00:00
0.5896921753883362,0.5896921753883362,0.5896921753883362,0.5896921753883362,0,2026-08-07 17:49:00+00:00
0.5897269248962402,0.5897269248962402,0.5897269248962402,0.5897269248962402,0,2026-08-07 17:51:00+00:00
0.5897269248962402,0.5897269248962402,0.5897269248962402,0.5897269248962402,0,2026-08-07 17:53:00+00:00
0.5897269248962402,0.5897269248962402,0.5897269248962402,0.5897269248962402,0,2026-08-07 17:55:00+00:00
0.5896226763725281,0.5896226763725281,0.5896226763725281,0.5896226763725281,0,2026-08-07 17:57:00+00:00
0.5895878672599792,0.5895878672599792,0.5895878672599792,0.5895878672599792,0,2026-08-07 17:59:00+00:00
0.5894836187362671,0.5894836187362671,0.5894836187362671,0.5894836187362671,0,2026-08-07 18:01:00+00:00
0.589448869228363,0.589448869228363,0.589448869228363,0.589448869228363,0,2026-08-07 18:03:00+00:00
0.5894836187362671,0.5894836187362671,0.5894836187362671,0.5894836187362671,0,2026-08-07 18:05:00+00:00
0.5895531177520752,0.5895531177520752,0.5895531177520752,0.5895531177520752,0,2026-08-07 18:07:00+00:00
0.5896574258804321,0.5896574258804321,0.5896574258804321,0.5896574258804321,0,2026-08-07 18:09:00+00:00
0.5896226763725281,0.5896226763725281,0.5896226763725281,0.5896226763725281,0,2026-08-07 18:11:00+00:00
0.5895531177520752,0.5895531177520752,0.5895531177520752,0.5895531177520752,0,2026-08-07 18:13:00+00:00
0.5895531177520752,0.5895531177520752,0.5895531177520752,0.5895531177520752,0,2026-08-07 18:15:00+00:00
0.5895878672599792,0.5895878672599792,0.5895878672599792,0.5895878672599792,0,2026-08-07 18:17:00+00:00
0.5895183682441711,0.5895183682441711,0.5895183682441711,0.5895183682441711,0,2026-08-07 18:19:00+00:00
0.589448869228363,0.589448869228363,0.589448869228363,0.589448869228363,0,2026-08-07 18:21:00+00:00
0.589448869228363,0.589448869228363,0.589448869228363,0.589448869228363,0,2026-08-07 18:23:00+00:00
0.589448869228363,0.589448869228363,0.589448869228363,0.589448869228363,0,2026-08-07 18:25:00+00:00
0.5895183682441711,0.5895183682441711,0.5895183682441711,0.5895183682441711,0,2026-08-07 18:27:00+00:00
0.589448869228363,0.589448869228363,0.589448869228363,0.589448869228363,0,2026-08-07 18:29:00+00:00
0.5895183682441711,0.5895183682441711,0.5895183682441711,0.5895183682441711,0,2026-08-07 18:31:00+00:00
0.5895878672599792,0.5895878672599792,0.5895878672599792,0.5895878672599792,0,2026-08-07 18:33:00+00:00
0.5895531177520752,0.5895531177520752,0.5895531177520752,0.5895531177520752,0,2026-08-07 18:35:00+00:00
0.5895531177520752,0.5895531177520752,0.5895531177520752,0.5895531177520752,0,2026-08-07 18:37:00+00:00
0.5895531177520752,0.5895531177520752,0.5895531177520752,0.5895531177520752,0,2026-08-07 18:39:00+00:00
0.5895531177520752,0.5895531177520752,0.5895531177520752,0.5895531177520752,0,2026-08-07 18:41:00+00:00
0.5895878672599792,0.5895878672599792,0.5895878672599792,0.5895878672599792,0,2026-08-07 18:43:00+00:00
0.5896226763725281,0.5896226763725281,0.5896226763725281,0.5896226763725281,0,2026-08-07 18:45:00+00:00
0.5897617340087891,0.5897617340087891,0.5897617340087891,0.5897617340087891,0,2026-08-07 18:47:00+00:00
0.5898661017417908,0.5898661017417908,0.5898661017417908,0.5898661017417908,0,2026-08-07 18:49:00+00:00
0.5897965431213379,0.5897965431213379,0.5897965431213379,0.5897965431213379,0,2026-08-07 18:51:00+00:00
0.5897965431213379,0.5897965431213379,0.5897965431213379,0.5897965431213379,0,2026-08-07 18:53:00+00:00
0.5897269248962402,0.5897269248962402,0.5897269248962402,0.5897269248962402,0,2026-08-07 18:55:00+00:00
0.5897617340087891,0.5897617340087891,0.5897617340087891,0.5897617340087891,0,2026-08-07 18:57:00+00:00
0.5896921753883362,0.5896921753883362,0.5896921753883362,0.5896921753883362,0,2026-08-07 18:59:00+00:00
0.5899009108543396,0.5899009108543396,0.5899009108543396,0.5899009108543396,0,2026-08-07 19:01:00+00:00
0.5898312926292419,0.5898312926292419,0.5898312926292419,0.5898312926292419,0,2026-08-07 19:03:00+00:00
0.5899009108543396,0.5899009108543396,0.5899009108543396,0.5899009108543396,0,2026-08-07 19:05:00+00:00
0.5899357199668884,0.5899357199668884,0.5899357199668884,0.5899357199668884,0,2026-08-07 19:07:00+00:00
0.5899704694747925,0.5899704694747925,0.5899704694747925,0.5899704694747925,0,2026-08-07 19:09:00+00:00
0.5899704694747925,0.5899704694747925,0.5899704694747925,0.5899704694747925,0,2026-08-07 19:11:00+00:00
0.5898312926292419,0.5898312926292419,0.5898312926292419,0.5898312926292419,0,2026-08-07 19:13:00+00:00
0.5899009108543396,0.5899009108543396,0.5899009108543396,0.5899009108543396,0,2026-08-07 19:15:00+00:00
0.5900052785873413,0.5900052785873413,0.5900052785873413,0.5900052785873413,0,2026-08-07 19:17:00+00:00
0.5900052785873413,0.5900052785873413,0.5900052785873413,0.5900052785873413,0,2026-08-07 19:19:00+00:00
0.590179443359375,0.590179443359375,0.590179443359375,0.590179443359375,0,2026-08-07 19:21:00+00:00
0.5902490615844727,0.5902490615844727,0.5902490615844727,0.5902490615844727,0,2026-08-07 19:23:00+00:00
0.5902142524719238,0.5902142524719238,0.5902142524719238,0.5902142524719238,0,2026-08-07 19:25:00+00:00
0.5902142524719238,0.5902142524719238,0.5902142524719238,0.5902142524719238,0,2026-08-07 19:27:00+00:00
0.5902490615844727,0.5902490615844727,0.5902490615844727,0.5902490615844727,0,2026-08-07 19:29:00+00:00
0.5903187990188599,0.5903187990188599,0.5903187990188599,0.5903187990188599,0,2026-08-07 19:31:00+00:00
0.5902839303016663,0.5902839303016663,0.5902839303016663,0.5902839303016663,0,2026-08-07 19:33:00+00:00
0.5902490615844727,0.5902490615844727,0.5902490615844727,0.5902490615844727,0,2026-08-07 19:35:00+00:00
0.590179443359375,0.590179443359375,0.590179443359375,0.590179443359375,0,2026-08-07 19:37:00+00:00
0.5901097655296326,0.5901097655296326,0.5901097655296326,0.5901097655296326,0,2026-08-07 19:39:00+00:00
0.5900749564170837,0.5900749564170837,0.5900749564170837,0.5900749564170837,0,2026-08-07 19:41:00+00:00
0.5901097655296326,0.5901097655296326,0.5901097655296326,0.5901097655296326,0,2026-08-07 19:43:00+00:00
0.5900749564170837,0.5900749564170837,0.5900749564170837,0.5900749564170837,0,2026-08-07 19:45:00+00:00
0.5901097655296326,0.5901097655296326,0.5901097655296326,0.5901097655296326,0,2026-08-07 19:47:00+00:00
0.5900749564170837,0.5900749564170837,0.5900749564170837,0.5900749564170837,0,2026-08-07 19:49:00+00:00
0.5900749564170837,0.5900749564170837,0.5900749564170837,0.5900749564170837,0,2026-08-07 19:51:00+00:00
0.5899704694747925,0.5899704694747925,0.5899704694747925,0.5899704694747925,0,2026-08-07 19:53:00+00:00
0.5899357199668884,0.5899357199668884,0.5899357199668884,0.5899357199668884,0,2026-08-07 19:55:00+00:00
0.5898312926292419,0.5898312926292419,0.5898312926292419,0.5898312926292419,0,2026-08-07 19:57:00+00:00
0.5897965431213379,0.5897965431213379,0.5897965431213379,0.5897965431213379,0,2026-08-07 19:59:00+00:00
0.5898312926292419,0.5898312926292419,0.5898312926292419,0.5898312926292419,0,2026-08-07 20:01:00+00:00
0.5897269248962402,0.5897269248962402,0.5897269248962402,0.5897269248962402,0,2026-08-07 20:03:00+00:00
0.5897269248962402,0.5897269248962402,0.5897269248962402,0.5897269248962402,0,2026-08-07 20:05:00+00:00
0.5895878672599792,0.5895878672599792,0.5895878672599792,0.5895878672599792,0,2026-08-07 20:07:00+00:00
0.5895878672599792,0.5895878672599792,0.5895878672599792,0.5895878672599792,0,2026-08-07 20:09:00+00:00
0.5895531177520752,0.5895531177520752,0.5895531177520752,0.5895531177520752,0,2026-08-07 20:11:00+00:00
0.5895183682441711,0.5895183682441711,0.5895183682441711,0.5895183682441711,0,2026-08-07 20:13:00+00:00
0.589448869228363,0.589448869228363,0.589448869228363,0.589448869228363,0,2026-08-07 20:15:00+00:00
0.5894836187362671,0.5894836187362671,0.5894836187362671,0.5894836187362671,0,2026-08-07 20:17:00+00:00
0.5894836187362671,0.5894836187362671,0.5894836187362671,0.5894836187362671,0,2026-08-07 20:19:00+00:00
0.5895183682441711,0.5895183682441711,0.5895183682441711,0.5895183682441711,0,2026-08-07 20:21:00+00:00
0.589448869228363,0.589448869228363,0.589448869228363,0.589448869228363,0,2026-08-07 20:23:00+00:00
0.5894836187362671,0.5894836187362671,0.5894836187362671,0.5894836187362671,0,2026-08-07 20:25:00+00:00
0.5893793702125549,0.5893793702125549,0.5893793702125549,0.5893793702125549,0,2026-08-07 20:27:00+00:00
0.5893446803092957,0.5893446803092957,0.5893446803092957,0.5893446803092957,0,2026-08-07 20:29:00+00:00
0.5892404317855835,0.5892404317855835,0.5892404317855835,0.5892404317855835,0,2026-08-07 20:31:00+00:00
0.5892751812934875,0.5892751812934875,0.5892751812934875,0.5892751812934875,0,2026-08-07 20:33:00+00:00
0.5892404317855835,0.5892404317855835,0.5892404317855835,0.5892404317855835,0,2026-08-07 20:35:00+00:00
0.5893099308013916,0.5893099308013916,0.5893099308013916,0.5893099308013916,0,2026-08-07 20:37:00+00:00
0.5893099308013916,0.5893099308013916,0.5893099308013916,0.5893099308013916,0,2026-08-07 20:39:00+00:00
0.5893099308013916,0.5893099308013916,0.5893099308013916,0.5893099308013916,0,2026-08-07 20:41:00+00:00
0.5893446803092957,0.5893446803092957,0.5893446803092957,0.5893446803092957,0,2026-08-07 20:43:00+00:00
0.5893793702125549,0.5893793702125549,0.5893793702125549,0.5893793702125549,0,2026-08-07 20:45:00+00:00
0.5893793702125549,0.5893793702125549,0.5893793702125549,0.5893793702125549,0,2026-08-07 20:47:00+00:00
0.5893446803092957,0.5893446803092957,0.5893446803092957,0.5893446803092957,0,2026-08-07 20:49:00+00:00
0.589414119720459,0.589414119720459,0.589414119720459,0.589414119720459,0,2026-08-07 20:51:00+00:00
0.589414119720459,0.589414119720459,0.589414119720459,0.589414119720459,0,2026-08-07 20:53:00+00:00
0.5894836187362671,0.5894836187362671,0.5894836187362671,0.5894836187362671,0,2026-08-07 20:55:00+00:00
0.5896921753883362,0.5896921753883362,0.5896921753883362,0.5896921753883362,0,2026-08-07 20:57:00+00:00
0.589448869228363,0.589448869228363,0.589448869228363,0.589448869228363,0,2026-08-07 20:59:00+00:00
0.5895183682441711,0.5895183682441711,0.5895183682441711,0.5895183682441711,0,2026-08-07 21:01:00+00:00
0.5895183682441711,0.5895183682441711,0.5895183682441711,0.5895183682441711,0,2026-08-07 21:03:00+00:00
0.5895183682441711,0.5895183682441711,0.5895183682441711,0.5895183682441711,0,2026-08-07 21:05:00+00:00
0.5895183682441711,0.5895183682441711,0.5895183682441711,0.5895183682441711,0,2026-08-07 21:07:00+00:00
0.5895183682441711,0.5895183682441711,0.5895183682441711,0.5895183682441711,0,2026-08-07 21:09:00+00:00
0.5895183682441711,0.5895183682441711,0.5895183682441711,0.5895183682441711,0,2026-08-07 21:11:00+00:00
0.5895183682441711,0.5895183682441711,0.5895183682441711,0.5895183682441711,0,2026-08-07 21:13:00+00:00
0.5895183682441711,0.5895183682441711,0.5895183682441711,0.5895183682441711,0,2026-08-07 21:15:00+00:00
0.5895183682441711,0.5895183682441711,0.5895183682441711,0.5895183682441711,0,2026-08-07 21:17:00+00:00
0.5895183682441711,0.5895183682441711,0.5895183682441711,0.5895183682441711,0,2026-08-07 21:19:00+00:00
0.5895183682441711,0.5895183682441711,0.5895183682441711,0.5895183682441711,0,2026-08-07 21:21:00+00:00
0.5895183682441711,0.5895183682441711,0.5895183682441711,0.5895183682441711,0,2026-08-07 21:23:00+00:00
0.5895183682441711,0.5895183682441711,0.5895183682441711,0.5895183682441711,0,2026-08-07 21:25:00+00:00
0.5895183682441711,0.5895183682441711,0.5895183682441711,0.5895183682441711,0,2026-08-07 21:27:00+00:00
0.5895183682441711,0.5895183682441711,0.5895183682441711,0.5895183682441711,0,2026-08-07 21:29:00+00:00
